symbol,date,time,frequency,open,high,low,close,volume,value,kind,source,productionUsage
CPIAUCSL,1947-01-01,1947-01-01T00:00:00Z,monthly,21.48,21.48,21.48,21.48,,21.48,factor_candle,FRED CSV Gateway mirror of BLS/FRED,learning_only_mirror
CPIAUCSL,1947-02-01,1947-02-01T00:00:00Z,monthly,21.62,21.62,21.62,21.62,,21.62,factor_candle,FRED CSV Gateway mirror of BLS/FRED,learning_only_mirror
CPIAUCSL,1947-03-01,1947-03-01T00:00:00Z,monthly,22.0,22.0,22.0,22.0,,22.0,factor_candle,FRED CSV Gateway mirror of BLS/FRED,learning_only_mirror
CPIAUCSL,1947-04-01,1947-04-01T00:00:00Z,monthly,22.0,22.0,22.0,22.0,,22.0,factor_candle,FRED CSV Gateway mirror of BLS/FRED,learning_only_mirror
CPIAUCSL,1947-05-01,1947-05-01T00:00:00Z,monthly,21.95,21.95,21.95,21.95,,21.95,factor_candle,FRED CSV Gateway mirror of BLS/FRED,learning_only_mirror
CPIAUCSL,1947-06-01,1947-06-01T00:00:00Z,monthly,22.08,22.08,22.08,22.08,,22.08,factor_candle,FRED CSV Gateway mirror of BLS/FRED,learning_only_mirror
CPIAUCSL,1947-07-01,1947-07-01T00:00:00Z,monthly,22.23,22.23,22.23,22.23,,22.23,factor_candle,FRED CSV Gateway mirror of BLS/FRED,learning_only_mirror
CPIAUCSL,1947-08-01,1947-08-01T00:00:00Z,monthly,22.4,22.4,22.4,22.4,,22.4,factor_candle,FRED CSV Gateway mirror of BLS/FRED,learning_only_mirror
CPIAUCSL,1947-09-01,1947-09-01T00:00:00Z,monthly,22.84,22.84,22.84,22.84,,22.84,factor_candle,FRED CSV Gateway mirror of BLS/FRED,learning_only_mirror
CPIAUCSL,1947-10-01,1947-10-01T00:00:00Z,monthly,22.91,22.91,22.91,22.91,,22.91,factor_candle,FRED CSV Gateway mirror of BLS/FRED,learning_only_mirror
CPIAUCSL,1947-11-01,1947-11-01T00:00:00Z,monthly,23.06,23.06,23.06,23.06,,23.06,factor_candle,FRED CSV Gateway mirror of BLS/FRED,learning_only_mirror
CPIAUCSL,1947-12-01,1947-12-01T00:00:00Z,monthly,23.41,23.41,23.41,23.41,,23.41,factor_candle,FRED CSV Gateway mirror of BLS/FRED,learning_only_mirror
CPIAUCSL,1948-01-01,1948-01-01T00:00:00Z,monthly,23.68,23.68,23.68,23.68,,23.68,factor_candle,FRED CSV Gateway mirror of BLS/FRED,learning_only_mirror
CPIAUCSL,1948-02-01,1948-02-01T00:00:00Z,monthly,23.67,23.67,23.67,23.67,,23.67,factor_candle,FRED CSV Gateway mirror of BLS/FRED,learning_only_mirror
CPIAUCSL,1948-03-01,1948-03-01T00:00:00Z,monthly,23.5,23.5,23.5,23.5,,23.5,factor_candle,FRED CSV Gateway mirror of BLS/FRED,learning_only_mirror
CPIAUCSL,1948-04-01,1948-04-01T00:00:00Z,monthly,23.82,23.82,23.82,23.82,,23.82,factor_candle,FRED CSV Gateway mirror of BLS/FRED,learning_only_mirror
CPIAUCSL,1948-05-01,1948-05-01T00:00:00Z,monthly,24.01,24.01,24.01,24.01,,24.01,factor_candle,FRED CSV Gateway mirror of BLS/FRED,learning_only_mirror
CPIAUCSL,1948-06-01,1948-06-01T00:00:00Z,monthly,24.15,24.15,24.15,24.15,,24.15,factor_candle,FRED CSV Gateway mirror of BLS/FRED,learning_only_mirror
CPIAUCSL,1948-07-01,1948-07-01T00:00:00Z,monthly,24.4,24.4,24.4,24.4,,24.4,factor_candle,FRED CSV Gateway mirror of BLS/FRED,learning_only_mirror
CPIAUCSL,1948-08-01,1948-08-01T00:00:00Z,monthly,24.43,24.43,24.43,24.43,,24.43,factor_candle,FRED CSV Gateway mirror of BLS/FRED,learning_only_mirror
CPIAUCSL,1948-09-01,1948-09-01T00:00:00Z,monthly,24.36,24.36,24.36,24.36,,24.36,factor_candle,FRED CSV Gateway mirror of BLS/FRED,learning_only_mirror
CPIAUCSL,1948-10-01,1948-10-01T00:00:00Z,monthly,24.31,24.31,24.31,24.31,,24.31,factor_candle,FRED CSV Gateway mirror of BLS/FRED,learning_only_mirror
CPIAUCSL,1948-11-01,1948-11-01T00:00:00Z,monthly,24.16,24.16,24.16,24.16,,24.16,factor_candle,FRED CSV Gateway mirror of BLS/FRED,learning_only_mirror
CPIAUCSL,1948-12-01,1948-12-01T00:00:00Z,monthly,24.05,24.05,24.05,24.05,,24.05,factor_candle,FRED CSV Gateway mirror of BLS/FRED,learning_only_mirror
CPIAUCSL,1949-01-01,1949-01-01T00:00:00Z,monthly,24.01,24.01,24.01,24.01,,24.01,factor_candle,FRED CSV Gateway mirror of BLS/FRED,learning_only_mirror
CPIAUCSL,1949-02-01,1949-02-01T00:00:00Z,monthly,23.91,23.91,23.91,23.91,,23.91,factor_candle,FRED CSV Gateway mirror of BLS/FRED,learning_only_mirror
CPIAUCSL,1949-03-01,1949-03-01T00:00:00Z,monthly,23.91,23.91,23.91,23.91,,23.91,factor_candle,FRED CSV Gateway mirror of BLS/FRED,learning_only_mirror
CPIAUCSL,1949-04-01,1949-04-01T00:00:00Z,monthly,23.92,23.92,23.92,23.92,,23.92,factor_candle,FRED CSV Gateway mirror of BLS/FRED,learning_only_mirror
CPIAUCSL,1949-05-01,1949-05-01T00:00:00Z,monthly,23.91,23.91,23.91,23.91,,23.91,factor_candle,FRED CSV Gateway mirror of BLS/FRED,learning_only_mirror
CPIAUCSL,1949-06-01,1949-06-01T00:00:00Z,monthly,23.92,23.92,23.92,23.92,,23.92,factor_candle,FRED CSV Gateway mirror of BLS/FRED,learning_only_mirror
CPIAUCSL,1949-07-01,1949-07-01T00:00:00Z,monthly,23.7,23.7,23.7,23.7,,23.7,factor_candle,FRED CSV Gateway mirror of BLS/FRED,learning_only_mirror
CPIAUCSL,1949-08-01,1949-08-01T00:00:00Z,monthly,23.7,23.7,23.7,23.7,,23.7,factor_candle,FRED CSV Gateway mirror of BLS/FRED,learning_only_mirror
CPIAUCSL,1949-09-01,1949-09-01T00:00:00Z,monthly,23.75,23.75,23.75,23.75,,23.75,factor_candle,FRED CSV Gateway mirror of BLS/FRED,learning_only_mirror
CPIAUCSL,1949-10-01,1949-10-01T00:00:00Z,monthly,23.67,23.67,23.67,23.67,,23.67,factor_candle,FRED CSV Gateway mirror of BLS/FRED,learning_only_mirror
CPIAUCSL,1949-11-01,1949-11-01T00:00:00Z,monthly,23.7,23.7,23.7,23.7,,23.7,factor_candle,FRED CSV Gateway mirror of BLS/FRED,learning_only_mirror
CPIAUCSL,1949-12-01,1949-12-01T00:00:00Z,monthly,23.61,23.61,23.61,23.61,,23.61,factor_candle,FRED CSV Gateway mirror of BLS/FRED,learning_only_mirror
CPIAUCSL,1950-01-01,1950-01-01T00:00:00Z,monthly,23.51,23.51,23.51,23.51,,23.51,factor_candle,FRED CSV Gateway mirror of BLS/FRED,learning_only_mirror
CPIAUCSL,1950-02-01,1950-02-01T00:00:00Z,monthly,23.61,23.61,23.61,23.61,,23.61,factor_candle,FRED CSV Gateway mirror of BLS/FRED,learning_only_mirror
CPIAUCSL,1950-03-01,1950-03-01T00:00:00Z,monthly,23.64,23.64,23.64,23.64,,23.64,factor_candle,FRED CSV Gateway mirror of BLS/FRED,learning_only_mirror
CPIAUCSL,1950-04-01,1950-04-01T00:00:00Z,monthly,23.65,23.65,23.65,23.65,,23.65,factor_candle,FRED CSV Gateway mirror of BLS/FRED,learning_only_mirror
CPIAUCSL,1950-05-01,1950-05-01T00:00:00Z,monthly,23.77,23.77,23.77,23.77,,23.77,factor_candle,FRED CSV Gateway mirror of BLS/FRED,learning_only_mirror
CPIAUCSL,1950-06-01,1950-06-01T00:00:00Z,monthly,23.88,23.88,23.88,23.88,,23.88,factor_candle,FRED CSV Gateway mirror of BLS/FRED,learning_only_mirror
CPIAUCSL,1950-07-01,1950-07-01T00:00:00Z,monthly,24.07,24.07,24.07,24.07,,24.07,factor_candle,FRED CSV Gateway mirror of BLS/FRED,learning_only_mirror
CPIAUCSL,1950-08-01,1950-08-01T00:00:00Z,monthly,24.2,24.2,24.2,24.2,,24.2,factor_candle,FRED CSV Gateway mirror of BLS/FRED,learning_only_mirror
CPIAUCSL,1950-09-01,1950-09-01T00:00:00Z,monthly,24.34,24.34,24.34,24.34,,24.34,factor_candle,FRED CSV Gateway mirror of BLS/FRED,learning_only_mirror
CPIAUCSL,1950-10-01,1950-10-01T00:00:00Z,monthly,24.5,24.5,24.5,24.5,,24.5,factor_candle,FRED CSV Gateway mirror of BLS/FRED,learning_only_mirror
CPIAUCSL,1950-11-01,1950-11-01T00:00:00Z,monthly,24.6,24.6,24.6,24.6,,24.6,factor_candle,FRED CSV Gateway mirror of BLS/FRED,learning_only_mirror
CPIAUCSL,1950-12-01,1950-12-01T00:00:00Z,monthly,24.98,24.98,24.98,24.98,,24.98,factor_candle,FRED CSV Gateway mirror of BLS/FRED,learning_only_mirror
CPIAUCSL,1951-01-01,1951-01-01T00:00:00Z,monthly,25.38,25.38,25.38,25.38,,25.38,factor_candle,FRED CSV Gateway mirror of BLS/FRED,learning_only_mirror
CPIAUCSL,1951-02-01,1951-02-01T00:00:00Z,monthly,25.83,25.83,25.83,25.83,,25.83,factor_candle,FRED CSV Gateway mirror of BLS/FRED,learning_only_mirror
CPIAUCSL,1951-03-01,1951-03-01T00:00:00Z,monthly,25.88,25.88,25.88,25.88,,25.88,factor_candle,FRED CSV Gateway mirror of BLS/FRED,learning_only_mirror
CPIAUCSL,1951-04-01,1951-04-01T00:00:00Z,monthly,25.92,25.92,25.92,25.92,,25.92,factor_candle,FRED CSV Gateway mirror of BLS/FRED,learning_only_mirror
CPIAUCSL,1951-05-01,1951-05-01T00:00:00Z,monthly,25.99,25.99,25.99,25.99,,25.99,factor_candle,FRED CSV Gateway mirror of BLS/FRED,learning_only_mirror
CPIAUCSL,1951-06-01,1951-06-01T00:00:00Z,monthly,25.93,25.93,25.93,25.93,,25.93,factor_candle,FRED CSV Gateway mirror of BLS/FRED,learning_only_mirror
CPIAUCSL,1951-07-01,1951-07-01T00:00:00Z,monthly,25.91,25.91,25.91,25.91,,25.91,factor_candle,FRED CSV Gateway mirror of BLS/FRED,learning_only_mirror
CPIAUCSL,1951-08-01,1951-08-01T00:00:00Z,monthly,25.86,25.86,25.86,25.86,,25.86,factor_candle,FRED CSV Gateway mirror of BLS/FRED,learning_only_mirror
CPIAUCSL,1951-09-01,1951-09-01T00:00:00Z,monthly,26.03,26.03,26.03,26.03,,26.03,factor_candle,FRED CSV Gateway mirror of BLS/FRED,learning_only_mirror
CPIAUCSL,1951-10-01,1951-10-01T00:00:00Z,monthly,26.16,26.16,26.16,26.16,,26.16,factor_candle,FRED CSV Gateway mirror of BLS/FRED,learning_only_mirror
CPIAUCSL,1951-11-01,1951-11-01T00:00:00Z,monthly,26.32,26.32,26.32,26.32,,26.32,factor_candle,FRED CSV Gateway mirror of BLS/FRED,learning_only_mirror
CPIAUCSL,1951-12-01,1951-12-01T00:00:00Z,monthly,26.47,26.47,26.47,26.47,,26.47,factor_candle,FRED CSV Gateway mirror of BLS/FRED,learning_only_mirror
CPIAUCSL,1952-01-01,1952-01-01T00:00:00Z,monthly,26.45,26.45,26.45,26.45,,26.45,factor_candle,FRED CSV Gateway mirror of BLS/FRED,learning_only_mirror
CPIAUCSL,1952-02-01,1952-02-01T00:00:00Z,monthly,26.41,26.41,26.41,26.41,,26.41,factor_candle,FRED CSV Gateway mirror of BLS/FRED,learning_only_mirror
CPIAUCSL,1952-03-01,1952-03-01T00:00:00Z,monthly,26.39,26.39,26.39,26.39,,26.39,factor_candle,FRED CSV Gateway mirror of BLS/FRED,learning_only_mirror
CPIAUCSL,1952-04-01,1952-04-01T00:00:00Z,monthly,26.46,26.46,26.46,26.46,,26.46,factor_candle,FRED CSV Gateway mirror of BLS/FRED,learning_only_mirror
CPIAUCSL,1952-05-01,1952-05-01T00:00:00Z,monthly,26.47,26.47,26.47,26.47,,26.47,factor_candle,FRED CSV Gateway mirror of BLS/FRED,learning_only_mirror
CPIAUCSL,1952-06-01,1952-06-01T00:00:00Z,monthly,26.53,26.53,26.53,26.53,,26.53,factor_candle,FRED CSV Gateway mirror of BLS/FRED,learning_only_mirror
CPIAUCSL,1952-07-01,1952-07-01T00:00:00Z,monthly,26.68,26.68,26.68,26.68,,26.68,factor_candle,FRED CSV Gateway mirror of BLS/FRED,learning_only_mirror
CPIAUCSL,1952-08-01,1952-08-01T00:00:00Z,monthly,26.69,26.69,26.69,26.69,,26.69,factor_candle,FRED CSV Gateway mirror of BLS/FRED,learning_only_mirror
CPIAUCSL,1952-09-01,1952-09-01T00:00:00Z,monthly,26.63,26.63,26.63,26.63,,26.63,factor_candle,FRED CSV Gateway mirror of BLS/FRED,learning_only_mirror
CPIAUCSL,1952-10-01,1952-10-01T00:00:00Z,monthly,26.69,26.69,26.69,26.69,,26.69,factor_candle,FRED CSV Gateway mirror of BLS/FRED,learning_only_mirror
CPIAUCSL,1952-11-01,1952-11-01T00:00:00Z,monthly,26.69,26.69,26.69,26.69,,26.69,factor_candle,FRED CSV Gateway mirror of BLS/FRED,learning_only_mirror
CPIAUCSL,1952-12-01,1952-12-01T00:00:00Z,monthly,26.71,26.71,26.71,26.71,,26.71,factor_candle,FRED CSV Gateway mirror of BLS/FRED,learning_only_mirror
CPIAUCSL,1953-01-01,1953-01-01T00:00:00Z,monthly,26.64,26.64,26.64,26.64,,26.64,factor_candle,FRED CSV Gateway mirror of BLS/FRED,learning_only_mirror
CPIAUCSL,1953-02-01,1953-02-01T00:00:00Z,monthly,26.59,26.59,26.59,26.59,,26.59,factor_candle,FRED CSV Gateway mirror of BLS/FRED,learning_only_mirror
CPIAUCSL,1953-03-01,1953-03-01T00:00:00Z,monthly,26.63,26.63,26.63,26.63,,26.63,factor_candle,FRED CSV Gateway mirror of BLS/FRED,learning_only_mirror
CPIAUCSL,1953-04-01,1953-04-01T00:00:00Z,monthly,26.69,26.69,26.69,26.69,,26.69,factor_candle,FRED CSV Gateway mirror of BLS/FRED,learning_only_mirror
CPIAUCSL,1953-05-01,1953-05-01T00:00:00Z,monthly,26.7,26.7,26.7,26.7,,26.7,factor_candle,FRED CSV Gateway mirror of BLS/FRED,learning_only_mirror
CPIAUCSL,1953-06-01,1953-06-01T00:00:00Z,monthly,26.77,26.77,26.77,26.77,,26.77,factor_candle,FRED CSV Gateway mirror of BLS/FRED,learning_only_mirror
CPIAUCSL,1953-07-01,1953-07-01T00:00:00Z,monthly,26.79,26.79,26.79,26.79,,26.79,factor_candle,FRED CSV Gateway mirror of BLS/FRED,learning_only_mirror
CPIAUCSL,1953-08-01,1953-08-01T00:00:00Z,monthly,26.85,26.85,26.85,26.85,,26.85,factor_candle,FRED CSV Gateway mirror of BLS/FRED,learning_only_mirror
CPIAUCSL,1953-09-01,1953-09-01T00:00:00Z,monthly,26.89,26.89,26.89,26.89,,26.89,factor_candle,FRED CSV Gateway mirror of BLS/FRED,learning_only_mirror
CPIAUCSL,1953-10-01,1953-10-01T00:00:00Z,monthly,26.95,26.95,26.95,26.95,,26.95,factor_candle,FRED CSV Gateway mirror of BLS/FRED,learning_only_mirror
CPIAUCSL,1953-11-01,1953-11-01T00:00:00Z,monthly,26.85,26.85,26.85,26.85,,26.85,factor_candle,FRED CSV Gateway mirror of BLS/FRED,learning_only_mirror
CPIAUCSL,1953-12-01,1953-12-01T00:00:00Z,monthly,26.87,26.87,26.87,26.87,,26.87,factor_candle,FRED CSV Gateway mirror of BLS/FRED,learning_only_mirror
CPIAUCSL,1954-01-01,1954-01-01T00:00:00Z,monthly,26.94,26.94,26.94,26.94,,26.94,factor_candle,FRED CSV Gateway mirror of BLS/FRED,learning_only_mirror
CPIAUCSL,1954-02-01,1954-02-01T00:00:00Z,monthly,26.99,26.99,26.99,26.99,,26.99,factor_candle,FRED CSV Gateway mirror of BLS/FRED,learning_only_mirror
CPIAUCSL,1954-03-01,1954-03-01T00:00:00Z,monthly,26.93,26.93,26.93,26.93,,26.93,factor_candle,FRED CSV Gateway mirror of BLS/FRED,learning_only_mirror
CPIAUCSL,1954-04-01,1954-04-01T00:00:00Z,monthly,26.86,26.86,26.86,26.86,,26.86,factor_candle,FRED CSV Gateway mirror of BLS/FRED,learning_only_mirror
CPIAUCSL,1954-05-01,1954-05-01T00:00:00Z,monthly,26.93,26.93,26.93,26.93,,26.93,factor_candle,FRED CSV Gateway mirror of BLS/FRED,learning_only_mirror
CPIAUCSL,1954-06-01,1954-06-01T00:00:00Z,monthly,26.94,26.94,26.94,26.94,,26.94,factor_candle,FRED CSV Gateway mirror of BLS/FRED,learning_only_mirror
CPIAUCSL,1954-07-01,1954-07-01T00:00:00Z,monthly,26.86,26.86,26.86,26.86,,26.86,factor_candle,FRED CSV Gateway mirror of BLS/FRED,learning_only_mirror
CPIAUCSL,1954-08-01,1954-08-01T00:00:00Z,monthly,26.85,26.85,26.85,26.85,,26.85,factor_candle,FRED CSV Gateway mirror of BLS/FRED,learning_only_mirror
CPIAUCSL,1954-09-01,1954-09-01T00:00:00Z,monthly,26.81,26.81,26.81,26.81,,26.81,factor_candle,FRED CSV Gateway mirror of BLS/FRED,learning_only_mirror
CPIAUCSL,1954-10-01,1954-10-01T00:00:00Z,monthly,26.72,26.72,26.72,26.72,,26.72,factor_candle,FRED CSV Gateway mirror of BLS/FRED,learning_only_mirror
CPIAUCSL,1954-11-01,1954-11-01T00:00:00Z,monthly,26.78,26.78,26.78,26.78,,26.78,factor_candle,FRED CSV Gateway mirror of BLS/FRED,learning_only_mirror
CPIAUCSL,1954-12-01,1954-12-01T00:00:00Z,monthly,26.77,26.77,26.77,26.77,,26.77,factor_candle,FRED CSV Gateway mirror of BLS/FRED,learning_only_mirror
CPIAUCSL,1955-01-01,1955-01-01T00:00:00Z,monthly,26.77,26.77,26.77,26.77,,26.77,factor_candle,FRED CSV Gateway mirror of BLS/FRED,learning_only_mirror
CPIAUCSL,1955-02-01,1955-02-01T00:00:00Z,monthly,26.82,26.82,26.82,26.82,,26.82,factor_candle,FRED CSV Gateway mirror of BLS/FRED,learning_only_mirror
CPIAUCSL,1955-03-01,1955-03-01T00:00:00Z,monthly,26.79,26.79,26.79,26.79,,26.79,factor_candle,FRED CSV Gateway mirror of BLS/FRED,learning_only_mirror
CPIAUCSL,1955-04-01,1955-04-01T00:00:00Z,monthly,26.79,26.79,26.79,26.79,,26.79,factor_candle,FRED CSV Gateway mirror of BLS/FRED,learning_only_mirror
CPIAUCSL,1955-05-01,1955-05-01T00:00:00Z,monthly,26.77,26.77,26.77,26.77,,26.77,factor_candle,FRED CSV Gateway mirror of BLS/FRED,learning_only_mirror
CPIAUCSL,1955-06-01,1955-06-01T00:00:00Z,monthly,26.71,26.71,26.71,26.71,,26.71,factor_candle,FRED CSV Gateway mirror of BLS/FRED,learning_only_mirror
CPIAUCSL,1955-07-01,1955-07-01T00:00:00Z,monthly,26.76,26.76,26.76,26.76,,26.76,factor_candle,FRED CSV Gateway mirror of BLS/FRED,learning_only_mirror
CPIAUCSL,1955-08-01,1955-08-01T00:00:00Z,monthly,26.72,26.72,26.72,26.72,,26.72,factor_candle,FRED CSV Gateway mirror of BLS/FRED,learning_only_mirror
CPIAUCSL,1955-09-01,1955-09-01T00:00:00Z,monthly,26.85,26.85,26.85,26.85,,26.85,factor_candle,FRED CSV Gateway mirror of BLS/FRED,learning_only_mirror
CPIAUCSL,1955-10-01,1955-10-01T00:00:00Z,monthly,26.82,26.82,26.82,26.82,,26.82,factor_candle,FRED CSV Gateway mirror of BLS/FRED,learning_only_mirror
CPIAUCSL,1955-11-01,1955-11-01T00:00:00Z,monthly,26.88,26.88,26.88,26.88,,26.88,factor_candle,FRED CSV Gateway mirror of BLS/FRED,learning_only_mirror
CPIAUCSL,1955-12-01,1955-12-01T00:00:00Z,monthly,26.87,26.87,26.87,26.87,,26.87,factor_candle,FRED CSV Gateway mirror of BLS/FRED,learning_only_mirror
CPIAUCSL,1956-01-01,1956-01-01T00:00:00Z,monthly,26.83,26.83,26.83,26.83,,26.83,factor_candle,FRED CSV Gateway mirror of BLS/FRED,learning_only_mirror
CPIAUCSL,1956-02-01,1956-02-01T00:00:00Z,monthly,26.86,26.86,26.86,26.86,,26.86,factor_candle,FRED CSV Gateway mirror of BLS/FRED,learning_only_mirror
CPIAUCSL,1956-03-01,1956-03-01T00:00:00Z,monthly,26.89,26.89,26.89,26.89,,26.89,factor_candle,FRED CSV Gateway mirror of BLS/FRED,learning_only_mirror
CPIAUCSL,1956-04-01,1956-04-01T00:00:00Z,monthly,26.93,26.93,26.93,26.93,,26.93,factor_candle,FRED CSV Gateway mirror of BLS/FRED,learning_only_mirror
CPIAUCSL,1956-05-01,1956-05-01T00:00:00Z,monthly,27.03,27.03,27.03,27.03,,27.03,factor_candle,FRED CSV Gateway mirror of BLS/FRED,learning_only_mirror
CPIAUCSL,1956-06-01,1956-06-01T00:00:00Z,monthly,27.15,27.15,27.15,27.15,,27.15,factor_candle,FRED CSV Gateway mirror of BLS/FRED,learning_only_mirror
CPIAUCSL,1956-07-01,1956-07-01T00:00:00Z,monthly,27.29,27.29,27.29,27.29,,27.29,factor_candle,FRED CSV Gateway mirror of BLS/FRED,learning_only_mirror
CPIAUCSL,1956-08-01,1956-08-01T00:00:00Z,monthly,27.31,27.31,27.31,27.31,,27.31,factor_candle,FRED CSV Gateway mirror of BLS/FRED,learning_only_mirror
CPIAUCSL,1956-09-01,1956-09-01T00:00:00Z,monthly,27.35,27.35,27.35,27.35,,27.35,factor_candle,FRED CSV Gateway mirror of BLS/FRED,learning_only_mirror
CPIAUCSL,1956-10-01,1956-10-01T00:00:00Z,monthly,27.51,27.51,27.51,27.51,,27.51,factor_candle,FRED CSV Gateway mirror of BLS/FRED,learning_only_mirror
CPIAUCSL,1956-11-01,1956-11-01T00:00:00Z,monthly,27.51,27.51,27.51,27.51,,27.51,factor_candle,FRED CSV Gateway mirror of BLS/FRED,learning_only_mirror
CPIAUCSL,1956-12-01,1956-12-01T00:00:00Z,monthly,27.63,27.63,27.63,27.63,,27.63,factor_candle,FRED CSV Gateway mirror of BLS/FRED,learning_only_mirror
CPIAUCSL,1957-01-01,1957-01-01T00:00:00Z,monthly,27.67,27.67,27.67,27.67,,27.67,factor_candle,FRED CSV Gateway mirror of BLS/FRED,learning_only_mirror
CPIAUCSL,1957-02-01,1957-02-01T00:00:00Z,monthly,27.8,27.8,27.8,27.8,,27.8,factor_candle,FRED CSV Gateway mirror of BLS/FRED,learning_only_mirror
CPIAUCSL,1957-03-01,1957-03-01T00:00:00Z,monthly,27.86,27.86,27.86,27.86,,27.86,factor_candle,FRED CSV Gateway mirror of BLS/FRED,learning_only_mirror
CPIAUCSL,1957-04-01,1957-04-01T00:00:00Z,monthly,27.93,27.93,27.93,27.93,,27.93,factor_candle,FRED CSV Gateway mirror of BLS/FRED,learning_only_mirror
CPIAUCSL,1957-05-01,1957-05-01T00:00:00Z,monthly,28.0,28.0,28.0,28.0,,28.0,factor_candle,FRED CSV Gateway mirror of BLS/FRED,learning_only_mirror
CPIAUCSL,1957-06-01,1957-06-01T00:00:00Z,monthly,28.11,28.11,28.11,28.11,,28.11,factor_candle,FRED CSV Gateway mirror of BLS/FRED,learning_only_mirror
CPIAUCSL,1957-07-01,1957-07-01T00:00:00Z,monthly,28.19,28.19,28.19,28.19,,28.19,factor_candle,FRED CSV Gateway mirror of BLS/FRED,learning_only_mirror
CPIAUCSL,1957-08-01,1957-08-01T00:00:00Z,monthly,28.28,28.28,28.28,28.28,,28.28,factor_candle,FRED CSV Gateway mirror of BLS/FRED,learning_only_mirror
CPIAUCSL,1957-09-01,1957-09-01T00:00:00Z,monthly,28.32,28.32,28.32,28.32,,28.32,factor_candle,FRED CSV Gateway mirror of BLS/FRED,learning_only_mirror
CPIAUCSL,1957-10-01,1957-10-01T00:00:00Z,monthly,28.32,28.32,28.32,28.32,,28.32,factor_candle,FRED CSV Gateway mirror of BLS/FRED,learning_only_mirror
CPIAUCSL,1957-11-01,1957-11-01T00:00:00Z,monthly,28.41,28.41,28.41,28.41,,28.41,factor_candle,FRED CSV Gateway mirror of BLS/FRED,learning_only_mirror
CPIAUCSL,1957-12-01,1957-12-01T00:00:00Z,monthly,28.47,28.47,28.47,28.47,,28.47,factor_candle,FRED CSV Gateway mirror of BLS/FRED,learning_only_mirror
CPIAUCSL,1958-01-01,1958-01-01T00:00:00Z,monthly,28.64,28.64,28.64,28.64,,28.64,factor_candle,FRED CSV Gateway mirror of BLS/FRED,learning_only_mirror
CPIAUCSL,1958-02-01,1958-02-01T00:00:00Z,monthly,28.7,28.7,28.7,28.7,,28.7,factor_candle,FRED CSV Gateway mirror of BLS/FRED,learning_only_mirror
CPIAUCSL,1958-03-01,1958-03-01T00:00:00Z,monthly,28.87,28.87,28.87,28.87,,28.87,factor_candle,FRED CSV Gateway mirror of BLS/FRED,learning_only_mirror
CPIAUCSL,1958-04-01,1958-04-01T00:00:00Z,monthly,28.94,28.94,28.94,28.94,,28.94,factor_candle,FRED CSV Gateway mirror of BLS/FRED,learning_only_mirror
CPIAUCSL,1958-05-01,1958-05-01T00:00:00Z,monthly,28.94,28.94,28.94,28.94,,28.94,factor_candle,FRED CSV Gateway mirror of BLS/FRED,learning_only_mirror
CPIAUCSL,1958-06-01,1958-06-01T00:00:00Z,monthly,28.91,28.91,28.91,28.91,,28.91,factor_candle,FRED CSV Gateway mirror of BLS/FRED,learning_only_mirror
CPIAUCSL,1958-07-01,1958-07-01T00:00:00Z,monthly,28.89,28.89,28.89,28.89,,28.89,factor_candle,FRED CSV Gateway mirror of BLS/FRED,learning_only_mirror
CPIAUCSL,1958-08-01,1958-08-01T00:00:00Z,monthly,28.94,28.94,28.94,28.94,,28.94,factor_candle,FRED CSV Gateway mirror of BLS/FRED,learning_only_mirror
CPIAUCSL,1958-09-01,1958-09-01T00:00:00Z,monthly,28.91,28.91,28.91,28.91,,28.91,factor_candle,FRED CSV Gateway mirror of BLS/FRED,learning_only_mirror
CPIAUCSL,1958-10-01,1958-10-01T00:00:00Z,monthly,28.91,28.91,28.91,28.91,,28.91,factor_candle,FRED CSV Gateway mirror of BLS/FRED,learning_only_mirror
CPIAUCSL,1958-11-01,1958-11-01T00:00:00Z,monthly,28.95,28.95,28.95,28.95,,28.95,factor_candle,FRED CSV Gateway mirror of BLS/FRED,learning_only_mirror
CPIAUCSL,1958-12-01,1958-12-01T00:00:00Z,monthly,28.97,28.97,28.97,28.97,,28.97,factor_candle,FRED CSV Gateway mirror of BLS/FRED,learning_only_mirror
CPIAUCSL,1959-01-01,1959-01-01T00:00:00Z,monthly,29.01,29.01,29.01,29.01,,29.01,factor_candle,FRED CSV Gateway mirror of BLS/FRED,learning_only_mirror
CPIAUCSL,1959-02-01,1959-02-01T00:00:00Z,monthly,29.0,29.0,29.0,29.0,,29.0,factor_candle,FRED CSV Gateway mirror of BLS/FRED,learning_only_mirror
CPIAUCSL,1959-03-01,1959-03-01T00:00:00Z,monthly,28.97,28.97,28.97,28.97,,28.97,factor_candle,FRED CSV Gateway mirror of BLS/FRED,learning_only_mirror
CPIAUCSL,1959-04-01,1959-04-01T00:00:00Z,monthly,28.98,28.98,28.98,28.98,,28.98,factor_candle,FRED CSV Gateway mirror of BLS/FRED,learning_only_mirror
CPIAUCSL,1959-05-01,1959-05-01T00:00:00Z,monthly,29.04,29.04,29.04,29.04,,29.04,factor_candle,FRED CSV Gateway mirror of BLS/FRED,learning_only_mirror
CPIAUCSL,1959-06-01,1959-06-01T00:00:00Z,monthly,29.11,29.11,29.11,29.11,,29.11,factor_candle,FRED CSV Gateway mirror of BLS/FRED,learning_only_mirror
CPIAUCSL,1959-07-01,1959-07-01T00:00:00Z,monthly,29.15,29.15,29.15,29.15,,29.15,factor_candle,FRED CSV Gateway mirror of BLS/FRED,learning_only_mirror
CPIAUCSL,1959-08-01,1959-08-01T00:00:00Z,monthly,29.18,29.18,29.18,29.18,,29.18,factor_candle,FRED CSV Gateway mirror of BLS/FRED,learning_only_mirror
CPIAUCSL,1959-09-01,1959-09-01T00:00:00Z,monthly,29.25,29.25,29.25,29.25,,29.25,factor_candle,FRED CSV Gateway mirror of BLS/FRED,learning_only_mirror
CPIAUCSL,1959-10-01,1959-10-01T00:00:00Z,monthly,29.35,29.35,29.35,29.35,,29.35,factor_candle,FRED CSV Gateway mirror of BLS/FRED,learning_only_mirror
CPIAUCSL,1959-11-01,1959-11-01T00:00:00Z,monthly,29.35,29.35,29.35,29.35,,29.35,factor_candle,FRED CSV Gateway mirror of BLS/FRED,learning_only_mirror
CPIAUCSL,1959-12-01,1959-12-01T00:00:00Z,monthly,29.41,29.41,29.41,29.41,,29.41,factor_candle,FRED CSV Gateway mirror of BLS/FRED,learning_only_mirror
CPIAUCSL,1960-01-01,1960-01-01T00:00:00Z,monthly,29.37,29.37,29.37,29.37,,29.37,factor_candle,FRED CSV Gateway mirror of BLS/FRED,learning_only_mirror
CPIAUCSL,1960-02-01,1960-02-01T00:00:00Z,monthly,29.41,29.41,29.41,29.41,,29.41,factor_candle,FRED CSV Gateway mirror of BLS/FRED,learning_only_mirror
CPIAUCSL,1960-03-01,1960-03-01T00:00:00Z,monthly,29.41,29.41,29.41,29.41,,29.41,factor_candle,FRED CSV Gateway mirror of BLS/FRED,learning_only_mirror
CPIAUCSL,1960-04-01,1960-04-01T00:00:00Z,monthly,29.54,29.54,29.54,29.54,,29.54,factor_candle,FRED CSV Gateway mirror of BLS/FRED,learning_only_mirror
CPIAUCSL,1960-05-01,1960-05-01T00:00:00Z,monthly,29.57,29.57,29.57,29.57,,29.57,factor_candle,FRED CSV Gateway mirror of BLS/FRED,learning_only_mirror
CPIAUCSL,1960-06-01,1960-06-01T00:00:00Z,monthly,29.61,29.61,29.61,29.61,,29.61,factor_candle,FRED CSV Gateway mirror of BLS/FRED,learning_only_mirror
CPIAUCSL,1960-07-01,1960-07-01T00:00:00Z,monthly,29.55,29.55,29.55,29.55,,29.55,factor_candle,FRED CSV Gateway mirror of BLS/FRED,learning_only_mirror
CPIAUCSL,1960-08-01,1960-08-01T00:00:00Z,monthly,29.61,29.61,29.61,29.61,,29.61,factor_candle,FRED CSV Gateway mirror of BLS/FRED,learning_only_mirror
CPIAUCSL,1960-09-01,1960-09-01T00:00:00Z,monthly,29.61,29.61,29.61,29.61,,29.61,factor_candle,FRED CSV Gateway mirror of BLS/FRED,learning_only_mirror
CPIAUCSL,1960-10-01,1960-10-01T00:00:00Z,monthly,29.75,29.75,29.75,29.75,,29.75,factor_candle,FRED CSV Gateway mirror of BLS/FRED,learning_only_mirror
CPIAUCSL,1960-11-01,1960-11-01T00:00:00Z,monthly,29.78,29.78,29.78,29.78,,29.78,factor_candle,FRED CSV Gateway mirror of BLS/FRED,learning_only_mirror
CPIAUCSL,1960-12-01,1960-12-01T00:00:00Z,monthly,29.81,29.81,29.81,29.81,,29.81,factor_candle,FRED CSV Gateway mirror of BLS/FRED,learning_only_mirror
CPIAUCSL,1961-01-01,1961-01-01T00:00:00Z,monthly,29.84,29.84,29.84,29.84,,29.84,factor_candle,FRED CSV Gateway mirror of BLS/FRED,learning_only_mirror
CPIAUCSL,1961-02-01,1961-02-01T00:00:00Z,monthly,29.84,29.84,29.84,29.84,,29.84,factor_candle,FRED CSV Gateway mirror of BLS/FRED,learning_only_mirror
CPIAUCSL,1961-03-01,1961-03-01T00:00:00Z,monthly,29.84,29.84,29.84,29.84,,29.84,factor_candle,FRED CSV Gateway mirror of BLS/FRED,learning_only_mirror
CPIAUCSL,1961-04-01,1961-04-01T00:00:00Z,monthly,29.81,29.81,29.81,29.81,,29.81,factor_candle,FRED CSV Gateway mirror of BLS/FRED,learning_only_mirror
CPIAUCSL,1961-05-01,1961-05-01T00:00:00Z,monthly,29.84,29.84,29.84,29.84,,29.84,factor_candle,FRED CSV Gateway mirror of BLS/FRED,learning_only_mirror
CPIAUCSL,1961-06-01,1961-06-01T00:00:00Z,monthly,29.84,29.84,29.84,29.84,,29.84,factor_candle,FRED CSV Gateway mirror of BLS/FRED,learning_only_mirror
CPIAUCSL,1961-07-01,1961-07-01T00:00:00Z,monthly,29.92,29.92,29.92,29.92,,29.92,factor_candle,FRED CSV Gateway mirror of BLS/FRED,learning_only_mirror
CPIAUCSL,1961-08-01,1961-08-01T00:00:00Z,monthly,29.94,29.94,29.94,29.94,,29.94,factor_candle,FRED CSV Gateway mirror of BLS/FRED,learning_only_mirror
CPIAUCSL,1961-09-01,1961-09-01T00:00:00Z,monthly,29.98,29.98,29.98,29.98,,29.98,factor_candle,FRED CSV Gateway mirror of BLS/FRED,learning_only_mirror
CPIAUCSL,1961-10-01,1961-10-01T00:00:00Z,monthly,29.98,29.98,29.98,29.98,,29.98,factor_candle,FRED CSV Gateway mirror of BLS/FRED,learning_only_mirror
CPIAUCSL,1961-11-01,1961-11-01T00:00:00Z,monthly,29.98,29.98,29.98,29.98,,29.98,factor_candle,FRED CSV Gateway mirror of BLS/FRED,learning_only_mirror
CPIAUCSL,1961-12-01,1961-12-01T00:00:00Z,monthly,30.01,30.01,30.01,30.01,,30.01,factor_candle,FRED CSV Gateway mirror of BLS/FRED,learning_only_mirror
CPIAUCSL,1962-01-01,1962-01-01T00:00:00Z,monthly,30.04,30.04,30.04,30.04,,30.04,factor_candle,FRED CSV Gateway mirror of BLS/FRED,learning_only_mirror
CPIAUCSL,1962-02-01,1962-02-01T00:00:00Z,monthly,30.11,30.11,30.11,30.11,,30.11,factor_candle,FRED CSV Gateway mirror of BLS/FRED,learning_only_mirror
CPIAUCSL,1962-03-01,1962-03-01T00:00:00Z,monthly,30.17,30.17,30.17,30.17,,30.17,factor_candle,FRED CSV Gateway mirror of BLS/FRED,learning_only_mirror
CPIAUCSL,1962-04-01,1962-04-01T00:00:00Z,monthly,30.21,30.21,30.21,30.21,,30.21,factor_candle,FRED CSV Gateway mirror of BLS/FRED,learning_only_mirror
CPIAUCSL,1962-05-01,1962-05-01T00:00:00Z,monthly,30.24,30.24,30.24,30.24,,30.24,factor_candle,FRED CSV Gateway mirror of BLS/FRED,learning_only_mirror
CPIAUCSL,1962-06-01,1962-06-01T00:00:00Z,monthly,30.21,30.21,30.21,30.21,,30.21,factor_candle,FRED CSV Gateway mirror of BLS/FRED,learning_only_mirror
CPIAUCSL,1962-07-01,1962-07-01T00:00:00Z,monthly,30.22,30.22,30.22,30.22,,30.22,factor_candle,FRED CSV Gateway mirror of BLS/FRED,learning_only_mirror
CPIAUCSL,1962-08-01,1962-08-01T00:00:00Z,monthly,30.28,30.28,30.28,30.28,,30.28,factor_candle,FRED CSV Gateway mirror of BLS/FRED,learning_only_mirror
CPIAUCSL,1962-09-01,1962-09-01T00:00:00Z,monthly,30.42,30.42,30.42,30.42,,30.42,factor_candle,FRED CSV Gateway mirror of BLS/FRED,learning_only_mirror
CPIAUCSL,1962-10-01,1962-10-01T00:00:00Z,monthly,30.38,30.38,30.38,30.38,,30.38,factor_candle,FRED CSV Gateway mirror of BLS/FRED,learning_only_mirror
CPIAUCSL,1962-11-01,1962-11-01T00:00:00Z,monthly,30.38,30.38,30.38,30.38,,30.38,factor_candle,FRED CSV Gateway mirror of BLS/FRED,learning_only_mirror
CPIAUCSL,1962-12-01,1962-12-01T00:00:00Z,monthly,30.38,30.38,30.38,30.38,,30.38,factor_candle,FRED CSV Gateway mirror of BLS/FRED,learning_only_mirror
CPIAUCSL,1963-01-01,1963-01-01T00:00:00Z,monthly,30.44,30.44,30.44,30.44,,30.44,factor_candle,FRED CSV Gateway mirror of BLS/FRED,learning_only_mirror
CPIAUCSL,1963-02-01,1963-02-01T00:00:00Z,monthly,30.48,30.48,30.48,30.48,,30.48,factor_candle,FRED CSV Gateway mirror of BLS/FRED,learning_only_mirror
CPIAUCSL,1963-03-01,1963-03-01T00:00:00Z,monthly,30.51,30.51,30.51,30.51,,30.51,factor_candle,FRED CSV Gateway mirror of BLS/FRED,learning_only_mirror
CPIAUCSL,1963-04-01,1963-04-01T00:00:00Z,monthly,30.48,30.48,30.48,30.48,,30.48,factor_candle,FRED CSV Gateway mirror of BLS/FRED,learning_only_mirror
CPIAUCSL,1963-05-01,1963-05-01T00:00:00Z,monthly,30.51,30.51,30.51,30.51,,30.51,factor_candle,FRED CSV Gateway mirror of BLS/FRED,learning_only_mirror
CPIAUCSL,1963-06-01,1963-06-01T00:00:00Z,monthly,30.61,30.61,30.61,30.61,,30.61,factor_candle,FRED CSV Gateway mirror of BLS/FRED,learning_only_mirror
CPIAUCSL,1963-07-01,1963-07-01T00:00:00Z,monthly,30.69,30.69,30.69,30.69,,30.69,factor_candle,FRED CSV Gateway mirror of BLS/FRED,learning_only_mirror
CPIAUCSL,1963-08-01,1963-08-01T00:00:00Z,monthly,30.75,30.75,30.75,30.75,,30.75,factor_candle,FRED CSV Gateway mirror of BLS/FRED,learning_only_mirror
CPIAUCSL,1963-09-01,1963-09-01T00:00:00Z,monthly,30.72,30.72,30.72,30.72,,30.72,factor_candle,FRED CSV Gateway mirror of BLS/FRED,learning_only_mirror
CPIAUCSL,1963-10-01,1963-10-01T00:00:00Z,monthly,30.75,30.75,30.75,30.75,,30.75,factor_candle,FRED CSV Gateway mirror of BLS/FRED,learning_only_mirror
CPIAUCSL,1963-11-01,1963-11-01T00:00:00Z,monthly,30.78,30.78,30.78,30.78,,30.78,factor_candle,FRED CSV Gateway mirror of BLS/FRED,learning_only_mirror
CPIAUCSL,1963-12-01,1963-12-01T00:00:00Z,monthly,30.88,30.88,30.88,30.88,,30.88,factor_candle,FRED CSV Gateway mirror of BLS/FRED,learning_only_mirror
CPIAUCSL,1964-01-01,1964-01-01T00:00:00Z,monthly,30.94,30.94,30.94,30.94,,30.94,factor_candle,FRED CSV Gateway mirror of BLS/FRED,learning_only_mirror
CPIAUCSL,1964-02-01,1964-02-01T00:00:00Z,monthly,30.91,30.91,30.91,30.91,,30.91,factor_candle,FRED CSV Gateway mirror of BLS/FRED,learning_only_mirror
CPIAUCSL,1964-03-01,1964-03-01T00:00:00Z,monthly,30.94,30.94,30.94,30.94,,30.94,factor_candle,FRED CSV Gateway mirror of BLS/FRED,learning_only_mirror
CPIAUCSL,1964-04-01,1964-04-01T00:00:00Z,monthly,30.95,30.95,30.95,30.95,,30.95,factor_candle,FRED CSV Gateway mirror of BLS/FRED,learning_only_mirror
CPIAUCSL,1964-05-01,1964-05-01T00:00:00Z,monthly,30.98,30.98,30.98,30.98,,30.98,factor_candle,FRED CSV Gateway mirror of BLS/FRED,learning_only_mirror
CPIAUCSL,1964-06-01,1964-06-01T00:00:00Z,monthly,31.01,31.01,31.01,31.01,,31.01,factor_candle,FRED CSV Gateway mirror of BLS/FRED,learning_only_mirror
CPIAUCSL,1964-07-01,1964-07-01T00:00:00Z,monthly,31.02,31.02,31.02,31.02,,31.02,factor_candle,FRED CSV Gateway mirror of BLS/FRED,learning_only_mirror
CPIAUCSL,1964-08-01,1964-08-01T00:00:00Z,monthly,31.05,31.05,31.05,31.05,,31.05,factor_candle,FRED CSV Gateway mirror of BLS/FRED,learning_only_mirror
CPIAUCSL,1964-09-01,1964-09-01T00:00:00Z,monthly,31.08,31.08,31.08,31.08,,31.08,factor_candle,FRED CSV Gateway mirror of BLS/FRED,learning_only_mirror
CPIAUCSL,1964-10-01,1964-10-01T00:00:00Z,monthly,31.12,31.12,31.12,31.12,,31.12,factor_candle,FRED CSV Gateway mirror of BLS/FRED,learning_only_mirror
CPIAUCSL,1964-11-01,1964-11-01T00:00:00Z,monthly,31.21,31.21,31.21,31.21,,31.21,factor_candle,FRED CSV Gateway mirror of BLS/FRED,learning_only_mirror
CPIAUCSL,1964-12-01,1964-12-01T00:00:00Z,monthly,31.25,31.25,31.25,31.25,,31.25,factor_candle,FRED CSV Gateway mirror of BLS/FRED,learning_only_mirror
CPIAUCSL,1965-01-01,1965-01-01T00:00:00Z,monthly,31.28,31.28,31.28,31.28,,31.28,factor_candle,FRED CSV Gateway mirror of BLS/FRED,learning_only_mirror
CPIAUCSL,1965-02-01,1965-02-01T00:00:00Z,monthly,31.28,31.28,31.28,31.28,,31.28,factor_candle,FRED CSV Gateway mirror of BLS/FRED,learning_only_mirror
CPIAUCSL,1965-03-01,1965-03-01T00:00:00Z,monthly,31.31,31.31,31.31,31.31,,31.31,factor_candle,FRED CSV Gateway mirror of BLS/FRED,learning_only_mirror
CPIAUCSL,1965-04-01,1965-04-01T00:00:00Z,monthly,31.38,31.38,31.38,31.38,,31.38,factor_candle,FRED CSV Gateway mirror of BLS/FRED,learning_only_mirror
CPIAUCSL,1965-05-01,1965-05-01T00:00:00Z,monthly,31.48,31.48,31.48,31.48,,31.48,factor_candle,FRED CSV Gateway mirror of BLS/FRED,learning_only_mirror
CPIAUCSL,1965-06-01,1965-06-01T00:00:00Z,monthly,31.61,31.61,31.61,31.61,,31.61,factor_candle,FRED CSV Gateway mirror of BLS/FRED,learning_only_mirror
CPIAUCSL,1965-07-01,1965-07-01T00:00:00Z,monthly,31.58,31.58,31.58,31.58,,31.58,factor_candle,FRED CSV Gateway mirror of BLS/FRED,learning_only_mirror
CPIAUCSL,1965-08-01,1965-08-01T00:00:00Z,monthly,31.55,31.55,31.55,31.55,,31.55,factor_candle,FRED CSV Gateway mirror of BLS/FRED,learning_only_mirror
CPIAUCSL,1965-09-01,1965-09-01T00:00:00Z,monthly,31.62,31.62,31.62,31.62,,31.62,factor_candle,FRED CSV Gateway mirror of BLS/FRED,learning_only_mirror
CPIAUCSL,1965-10-01,1965-10-01T00:00:00Z,monthly,31.65,31.65,31.65,31.65,,31.65,factor_candle,FRED CSV Gateway mirror of BLS/FRED,learning_only_mirror
CPIAUCSL,1965-11-01,1965-11-01T00:00:00Z,monthly,31.75,31.75,31.75,31.75,,31.75,factor_candle,FRED CSV Gateway mirror of BLS/FRED,learning_only_mirror
CPIAUCSL,1965-12-01,1965-12-01T00:00:00Z,monthly,31.85,31.85,31.85,31.85,,31.85,factor_candle,FRED CSV Gateway mirror of BLS/FRED,learning_only_mirror
CPIAUCSL,1966-01-01,1966-01-01T00:00:00Z,monthly,31.88,31.88,31.88,31.88,,31.88,factor_candle,FRED CSV Gateway mirror of BLS/FRED,learning_only_mirror
CPIAUCSL,1966-02-01,1966-02-01T00:00:00Z,monthly,32.08,32.08,32.08,32.08,,32.08,factor_candle,FRED CSV Gateway mirror of BLS/FRED,learning_only_mirror
CPIAUCSL,1966-03-01,1966-03-01T00:00:00Z,monthly,32.18,32.18,32.18,32.18,,32.18,factor_candle,FRED CSV Gateway mirror of BLS/FRED,learning_only_mirror
CPIAUCSL,1966-04-01,1966-04-01T00:00:00Z,monthly,32.28,32.28,32.28,32.28,,32.28,factor_candle,FRED CSV Gateway mirror of BLS/FRED,learning_only_mirror
CPIAUCSL,1966-05-01,1966-05-01T00:00:00Z,monthly,32.35,32.35,32.35,32.35,,32.35,factor_candle,FRED CSV Gateway mirror of BLS/FRED,learning_only_mirror
CPIAUCSL,1966-06-01,1966-06-01T00:00:00Z,monthly,32.38,32.38,32.38,32.38,,32.38,factor_candle,FRED CSV Gateway mirror of BLS/FRED,learning_only_mirror
CPIAUCSL,1966-07-01,1966-07-01T00:00:00Z,monthly,32.45,32.45,32.45,32.45,,32.45,factor_candle,FRED CSV Gateway mirror of BLS/FRED,learning_only_mirror
CPIAUCSL,1966-08-01,1966-08-01T00:00:00Z,monthly,32.65,32.65,32.65,32.65,,32.65,factor_candle,FRED CSV Gateway mirror of BLS/FRED,learning_only_mirror
CPIAUCSL,1966-09-01,1966-09-01T00:00:00Z,monthly,32.75,32.75,32.75,32.75,,32.75,factor_candle,FRED CSV Gateway mirror of BLS/FRED,learning_only_mirror
CPIAUCSL,1966-10-01,1966-10-01T00:00:00Z,monthly,32.85,32.85,32.85,32.85,,32.85,factor_candle,FRED CSV Gateway mirror of BLS/FRED,learning_only_mirror
CPIAUCSL,1966-11-01,1966-11-01T00:00:00Z,monthly,32.88,32.88,32.88,32.88,,32.88,factor_candle,FRED CSV Gateway mirror of BLS/FRED,learning_only_mirror
CPIAUCSL,1966-12-01,1966-12-01T00:00:00Z,monthly,32.92,32.92,32.92,32.92,,32.92,factor_candle,FRED CSV Gateway mirror of BLS/FRED,learning_only_mirror
CPIAUCSL,1967-01-01,1967-01-01T00:00:00Z,monthly,32.9,32.9,32.9,32.9,,32.9,factor_candle,FRED CSV Gateway mirror of BLS/FRED,learning_only_mirror
CPIAUCSL,1967-02-01,1967-02-01T00:00:00Z,monthly,33.0,33.0,33.0,33.0,,33.0,factor_candle,FRED CSV Gateway mirror of BLS/FRED,learning_only_mirror
CPIAUCSL,1967-03-01,1967-03-01T00:00:00Z,monthly,33.0,33.0,33.0,33.0,,33.0,factor_candle,FRED CSV Gateway mirror of BLS/FRED,learning_only_mirror
CPIAUCSL,1967-04-01,1967-04-01T00:00:00Z,monthly,33.1,33.1,33.1,33.1,,33.1,factor_candle,FRED CSV Gateway mirror of BLS/FRED,learning_only_mirror
CPIAUCSL,1967-05-01,1967-05-01T00:00:00Z,monthly,33.1,33.1,33.1,33.1,,33.1,factor_candle,FRED CSV Gateway mirror of BLS/FRED,learning_only_mirror
CPIAUCSL,1967-06-01,1967-06-01T00:00:00Z,monthly,33.3,33.3,33.3,33.3,,33.3,factor_candle,FRED CSV Gateway mirror of BLS/FRED,learning_only_mirror
CPIAUCSL,1967-07-01,1967-07-01T00:00:00Z,monthly,33.4,33.4,33.4,33.4,,33.4,factor_candle,FRED CSV Gateway mirror of BLS/FRED,learning_only_mirror
CPIAUCSL,1967-08-01,1967-08-01T00:00:00Z,monthly,33.5,33.5,33.5,33.5,,33.5,factor_candle,FRED CSV Gateway mirror of BLS/FRED,learning_only_mirror
CPIAUCSL,1967-09-01,1967-09-01T00:00:00Z,monthly,33.6,33.6,33.6,33.6,,33.6,factor_candle,FRED CSV Gateway mirror of BLS/FRED,learning_only_mirror
CPIAUCSL,1967-10-01,1967-10-01T00:00:00Z,monthly,33.7,33.7,33.7,33.7,,33.7,factor_candle,FRED CSV Gateway mirror of BLS/FRED,learning_only_mirror
CPIAUCSL,1967-11-01,1967-11-01T00:00:00Z,monthly,33.9,33.9,33.9,33.9,,33.9,factor_candle,FRED CSV Gateway mirror of BLS/FRED,learning_only_mirror
CPIAUCSL,1967-12-01,1967-12-01T00:00:00Z,monthly,34.0,34.0,34.0,34.0,,34.0,factor_candle,FRED CSV Gateway mirror of BLS/FRED,learning_only_mirror
CPIAUCSL,1968-01-01,1968-01-01T00:00:00Z,monthly,34.1,34.1,34.1,34.1,,34.1,factor_candle,FRED CSV Gateway mirror of BLS/FRED,learning_only_mirror
CPIAUCSL,1968-02-01,1968-02-01T00:00:00Z,monthly,34.2,34.2,34.2,34.2,,34.2,factor_candle,FRED CSV Gateway mirror of BLS/FRED,learning_only_mirror
CPIAUCSL,1968-03-01,1968-03-01T00:00:00Z,monthly,34.3,34.3,34.3,34.3,,34.3,factor_candle,FRED CSV Gateway mirror of BLS/FRED,learning_only_mirror
CPIAUCSL,1968-04-01,1968-04-01T00:00:00Z,monthly,34.4,34.4,34.4,34.4,,34.4,factor_candle,FRED CSV Gateway mirror of BLS/FRED,learning_only_mirror
CPIAUCSL,1968-05-01,1968-05-01T00:00:00Z,monthly,34.5,34.5,34.5,34.5,,34.5,factor_candle,FRED CSV Gateway mirror of BLS/FRED,learning_only_mirror
CPIAUCSL,1968-06-01,1968-06-01T00:00:00Z,monthly,34.7,34.7,34.7,34.7,,34.7,factor_candle,FRED CSV Gateway mirror of BLS/FRED,learning_only_mirror
CPIAUCSL,1968-07-01,1968-07-01T00:00:00Z,monthly,34.9,34.9,34.9,34.9,,34.9,factor_candle,FRED CSV Gateway mirror of BLS/FRED,learning_only_mirror
CPIAUCSL,1968-08-01,1968-08-01T00:00:00Z,monthly,35.0,35.0,35.0,35.0,,35.0,factor_candle,FRED CSV Gateway mirror of BLS/FRED,learning_only_mirror
CPIAUCSL,1968-09-01,1968-09-01T00:00:00Z,monthly,35.1,35.1,35.1,35.1,,35.1,factor_candle,FRED CSV Gateway mirror of BLS/FRED,learning_only_mirror
CPIAUCSL,1968-10-01,1968-10-01T00:00:00Z,monthly,35.3,35.3,35.3,35.3,,35.3,factor_candle,FRED CSV Gateway mirror of BLS/FRED,learning_only_mirror
CPIAUCSL,1968-11-01,1968-11-01T00:00:00Z,monthly,35.4,35.4,35.4,35.4,,35.4,factor_candle,FRED CSV Gateway mirror of BLS/FRED,learning_only_mirror
CPIAUCSL,1968-12-01,1968-12-01T00:00:00Z,monthly,35.6,35.6,35.6,35.6,,35.6,factor_candle,FRED CSV Gateway mirror of BLS/FRED,learning_only_mirror
CPIAUCSL,1969-01-01,1969-01-01T00:00:00Z,monthly,35.7,35.7,35.7,35.7,,35.7,factor_candle,FRED CSV Gateway mirror of BLS/FRED,learning_only_mirror
CPIAUCSL,1969-02-01,1969-02-01T00:00:00Z,monthly,35.8,35.8,35.8,35.8,,35.8,factor_candle,FRED CSV Gateway mirror of BLS/FRED,learning_only_mirror
CPIAUCSL,1969-03-01,1969-03-01T00:00:00Z,monthly,36.1,36.1,36.1,36.1,,36.1,factor_candle,FRED CSV Gateway mirror of BLS/FRED,learning_only_mirror
CPIAUCSL,1969-04-01,1969-04-01T00:00:00Z,monthly,36.3,36.3,36.3,36.3,,36.3,factor_candle,FRED CSV Gateway mirror of BLS/FRED,learning_only_mirror
CPIAUCSL,1969-05-01,1969-05-01T00:00:00Z,monthly,36.4,36.4,36.4,36.4,,36.4,factor_candle,FRED CSV Gateway mirror of BLS/FRED,learning_only_mirror
CPIAUCSL,1969-06-01,1969-06-01T00:00:00Z,monthly,36.6,36.6,36.6,36.6,,36.6,factor_candle,FRED CSV Gateway mirror of BLS/FRED,learning_only_mirror
CPIAUCSL,1969-07-01,1969-07-01T00:00:00Z,monthly,36.8,36.8,36.8,36.8,,36.8,factor_candle,FRED CSV Gateway mirror of BLS/FRED,learning_only_mirror
CPIAUCSL,1969-08-01,1969-08-01T00:00:00Z,monthly,36.9,36.9,36.9,36.9,,36.9,factor_candle,FRED CSV Gateway mirror of BLS/FRED,learning_only_mirror
CPIAUCSL,1969-09-01,1969-09-01T00:00:00Z,monthly,37.1,37.1,37.1,37.1,,37.1,factor_candle,FRED CSV Gateway mirror of BLS/FRED,learning_only_mirror
CPIAUCSL,1969-10-01,1969-10-01T00:00:00Z,monthly,37.3,37.3,37.3,37.3,,37.3,factor_candle,FRED CSV Gateway mirror of BLS/FRED,learning_only_mirror
CPIAUCSL,1969-11-01,1969-11-01T00:00:00Z,monthly,37.5,37.5,37.5,37.5,,37.5,factor_candle,FRED CSV Gateway mirror of BLS/FRED,learning_only_mirror
CPIAUCSL,1969-12-01,1969-12-01T00:00:00Z,monthly,37.7,37.7,37.7,37.7,,37.7,factor_candle,FRED CSV Gateway mirror of BLS/FRED,learning_only_mirror
CPIAUCSL,1970-01-01,1970-01-01T00:00:00Z,monthly,37.9,37.9,37.9,37.9,,37.9,factor_candle,FRED CSV Gateway mirror of BLS/FRED,learning_only_mirror
CPIAUCSL,1970-02-01,1970-02-01T00:00:00Z,monthly,38.1,38.1,38.1,38.1,,38.1,factor_candle,FRED CSV Gateway mirror of BLS/FRED,learning_only_mirror
CPIAUCSL,1970-03-01,1970-03-01T00:00:00Z,monthly,38.3,38.3,38.3,38.3,,38.3,factor_candle,FRED CSV Gateway mirror of BLS/FRED,learning_only_mirror
CPIAUCSL,1970-04-01,1970-04-01T00:00:00Z,monthly,38.5,38.5,38.5,38.5,,38.5,factor_candle,FRED CSV Gateway mirror of BLS/FRED,learning_only_mirror
CPIAUCSL,1970-05-01,1970-05-01T00:00:00Z,monthly,38.6,38.6,38.6,38.6,,38.6,factor_candle,FRED CSV Gateway mirror of BLS/FRED,learning_only_mirror
CPIAUCSL,1970-06-01,1970-06-01T00:00:00Z,monthly,38.8,38.8,38.8,38.8,,38.8,factor_candle,FRED CSV Gateway mirror of BLS/FRED,learning_only_mirror
CPIAUCSL,1970-07-01,1970-07-01T00:00:00Z,monthly,38.9,38.9,38.9,38.9,,38.9,factor_candle,FRED CSV Gateway mirror of BLS/FRED,learning_only_mirror
CPIAUCSL,1970-08-01,1970-08-01T00:00:00Z,monthly,39.0,39.0,39.0,39.0,,39.0,factor_candle,FRED CSV Gateway mirror of BLS/FRED,learning_only_mirror
CPIAUCSL,1970-09-01,1970-09-01T00:00:00Z,monthly,39.2,39.2,39.2,39.2,,39.2,factor_candle,FRED CSV Gateway mirror of BLS/FRED,learning_only_mirror
CPIAUCSL,1970-10-01,1970-10-01T00:00:00Z,monthly,39.4,39.4,39.4,39.4,,39.4,factor_candle,FRED CSV Gateway mirror of BLS/FRED,learning_only_mirror
CPIAUCSL,1970-11-01,1970-11-01T00:00:00Z,monthly,39.6,39.6,39.6,39.6,,39.6,factor_candle,FRED CSV Gateway mirror of BLS/FRED,learning_only_mirror
CPIAUCSL,1970-12-01,1970-12-01T00:00:00Z,monthly,39.8,39.8,39.8,39.8,,39.8,factor_candle,FRED CSV Gateway mirror of BLS/FRED,learning_only_mirror
CPIAUCSL,1971-01-01,1971-01-01T00:00:00Z,monthly,39.9,39.9,39.9,39.9,,39.9,factor_candle,FRED CSV Gateway mirror of BLS/FRED,learning_only_mirror
CPIAUCSL,1971-02-01,1971-02-01T00:00:00Z,monthly,39.9,39.9,39.9,39.9,,39.9,factor_candle,FRED CSV Gateway mirror of BLS/FRED,learning_only_mirror
CPIAUCSL,1971-03-01,1971-03-01T00:00:00Z,monthly,40.0,40.0,40.0,40.0,,40.0,factor_candle,FRED CSV Gateway mirror of BLS/FRED,learning_only_mirror
CPIAUCSL,1971-04-01,1971-04-01T00:00:00Z,monthly,40.1,40.1,40.1,40.1,,40.1,factor_candle,FRED CSV Gateway mirror of BLS/FRED,learning_only_mirror
CPIAUCSL,1971-05-01,1971-05-01T00:00:00Z,monthly,40.3,40.3,40.3,40.3,,40.3,factor_candle,FRED CSV Gateway mirror of BLS/FRED,learning_only_mirror
CPIAUCSL,1971-06-01,1971-06-01T00:00:00Z,monthly,40.5,40.5,40.5,40.5,,40.5,factor_candle,FRED CSV Gateway mirror of BLS/FRED,learning_only_mirror
CPIAUCSL,1971-07-01,1971-07-01T00:00:00Z,monthly,40.6,40.6,40.6,40.6,,40.6,factor_candle,FRED CSV Gateway mirror of BLS/FRED,learning_only_mirror
CPIAUCSL,1971-08-01,1971-08-01T00:00:00Z,monthly,40.7,40.7,40.7,40.7,,40.7,factor_candle,FRED CSV Gateway mirror of BLS/FRED,learning_only_mirror
CPIAUCSL,1971-09-01,1971-09-01T00:00:00Z,monthly,40.8,40.8,40.8,40.8,,40.8,factor_candle,FRED CSV Gateway mirror of BLS/FRED,learning_only_mirror
CPIAUCSL,1971-10-01,1971-10-01T00:00:00Z,monthly,40.9,40.9,40.9,40.9,,40.9,factor_candle,FRED CSV Gateway mirror of BLS/FRED,learning_only_mirror
CPIAUCSL,1971-11-01,1971-11-01T00:00:00Z,monthly,41.0,41.0,41.0,41.0,,41.0,factor_candle,FRED CSV Gateway mirror of BLS/FRED,learning_only_mirror
CPIAUCSL,1971-12-01,1971-12-01T00:00:00Z,monthly,41.1,41.1,41.1,41.1,,41.1,factor_candle,FRED CSV Gateway mirror of BLS/FRED,learning_only_mirror
CPIAUCSL,1972-01-01,1972-01-01T00:00:00Z,monthly,41.2,41.2,41.2,41.2,,41.2,factor_candle,FRED CSV Gateway mirror of BLS/FRED,learning_only_mirror
CPIAUCSL,1972-02-01,1972-02-01T00:00:00Z,monthly,41.4,41.4,41.4,41.4,,41.4,factor_candle,FRED CSV Gateway mirror of BLS/FRED,learning_only_mirror
CPIAUCSL,1972-03-01,1972-03-01T00:00:00Z,monthly,41.4,41.4,41.4,41.4,,41.4,factor_candle,FRED CSV Gateway mirror of BLS/FRED,learning_only_mirror
CPIAUCSL,1972-04-01,1972-04-01T00:00:00Z,monthly,41.5,41.5,41.5,41.5,,41.5,factor_candle,FRED CSV Gateway mirror of BLS/FRED,learning_only_mirror
CPIAUCSL,1972-05-01,1972-05-01T00:00:00Z,monthly,41.6,41.6,41.6,41.6,,41.6,factor_candle,FRED CSV Gateway mirror of BLS/FRED,learning_only_mirror
CPIAUCSL,1972-06-01,1972-06-01T00:00:00Z,monthly,41.7,41.7,41.7,41.7,,41.7,factor_candle,FRED CSV Gateway mirror of BLS/FRED,learning_only_mirror
CPIAUCSL,1972-07-01,1972-07-01T00:00:00Z,monthly,41.8,41.8,41.8,41.8,,41.8,factor_candle,FRED CSV Gateway mirror of BLS/FRED,learning_only_mirror
CPIAUCSL,1972-08-01,1972-08-01T00:00:00Z,monthly,41.9,41.9,41.9,41.9,,41.9,factor_candle,FRED CSV Gateway mirror of BLS/FRED,learning_only_mirror
CPIAUCSL,1972-09-01,1972-09-01T00:00:00Z,monthly,42.1,42.1,42.1,42.1,,42.1,factor_candle,FRED CSV Gateway mirror of BLS/FRED,learning_only_mirror
CPIAUCSL,1972-10-01,1972-10-01T00:00:00Z,monthly,42.2,42.2,42.2,42.2,,42.2,factor_candle,FRED CSV Gateway mirror of BLS/FRED,learning_only_mirror
CPIAUCSL,1972-11-01,1972-11-01T00:00:00Z,monthly,42.4,42.4,42.4,42.4,,42.4,factor_candle,FRED CSV Gateway mirror of BLS/FRED,learning_only_mirror
CPIAUCSL,1972-12-01,1972-12-01T00:00:00Z,monthly,42.5,42.5,42.5,42.5,,42.5,factor_candle,FRED CSV Gateway mirror of BLS/FRED,learning_only_mirror
CPIAUCSL,1973-01-01,1973-01-01T00:00:00Z,monthly,42.7,42.7,42.7,42.7,,42.7,factor_candle,FRED CSV Gateway mirror of BLS/FRED,learning_only_mirror
CPIAUCSL,1973-02-01,1973-02-01T00:00:00Z,monthly,43.0,43.0,43.0,43.0,,43.0,factor_candle,FRED CSV Gateway mirror of BLS/FRED,learning_only_mirror
CPIAUCSL,1973-03-01,1973-03-01T00:00:00Z,monthly,43.4,43.4,43.4,43.4,,43.4,factor_candle,FRED CSV Gateway mirror of BLS/FRED,learning_only_mirror
CPIAUCSL,1973-04-01,1973-04-01T00:00:00Z,monthly,43.7,43.7,43.7,43.7,,43.7,factor_candle,FRED CSV Gateway mirror of BLS/FRED,learning_only_mirror
CPIAUCSL,1973-05-01,1973-05-01T00:00:00Z,monthly,43.9,43.9,43.9,43.9,,43.9,factor_candle,FRED CSV Gateway mirror of BLS/FRED,learning_only_mirror
CPIAUCSL,1973-06-01,1973-06-01T00:00:00Z,monthly,44.2,44.2,44.2,44.2,,44.2,factor_candle,FRED CSV Gateway mirror of BLS/FRED,learning_only_mirror
CPIAUCSL,1973-07-01,1973-07-01T00:00:00Z,monthly,44.2,44.2,44.2,44.2,,44.2,factor_candle,FRED CSV Gateway mirror of BLS/FRED,learning_only_mirror
CPIAUCSL,1973-08-01,1973-08-01T00:00:00Z,monthly,45.0,45.0,45.0,45.0,,45.0,factor_candle,FRED CSV Gateway mirror of BLS/FRED,learning_only_mirror
CPIAUCSL,1973-09-01,1973-09-01T00:00:00Z,monthly,45.2,45.2,45.2,45.2,,45.2,factor_candle,FRED CSV Gateway mirror of BLS/FRED,learning_only_mirror
CPIAUCSL,1973-10-01,1973-10-01T00:00:00Z,monthly,45.6,45.6,45.6,45.6,,45.6,factor_candle,FRED CSV Gateway mirror of BLS/FRED,learning_only_mirror
CPIAUCSL,1973-11-01,1973-11-01T00:00:00Z,monthly,45.9,45.9,45.9,45.9,,45.9,factor_candle,FRED CSV Gateway mirror of BLS/FRED,learning_only_mirror
CPIAUCSL,1973-12-01,1973-12-01T00:00:00Z,monthly,46.3,46.3,46.3,46.3,,46.3,factor_candle,FRED CSV Gateway mirror of BLS/FRED,learning_only_mirror
CPIAUCSL,1974-01-01,1974-01-01T00:00:00Z,monthly,46.8,46.8,46.8,46.8,,46.8,factor_candle,FRED CSV Gateway mirror of BLS/FRED,learning_only_mirror
CPIAUCSL,1974-02-01,1974-02-01T00:00:00Z,monthly,47.3,47.3,47.3,47.3,,47.3,factor_candle,FRED CSV Gateway mirror of BLS/FRED,learning_only_mirror
CPIAUCSL,1974-03-01,1974-03-01T00:00:00Z,monthly,47.8,47.8,47.8,47.8,,47.8,factor_candle,FRED CSV Gateway mirror of BLS/FRED,learning_only_mirror
CPIAUCSL,1974-04-01,1974-04-01T00:00:00Z,monthly,48.1,48.1,48.1,48.1,,48.1,factor_candle,FRED CSV Gateway mirror of BLS/FRED,learning_only_mirror
CPIAUCSL,1974-05-01,1974-05-01T00:00:00Z,monthly,48.6,48.6,48.6,48.6,,48.6,factor_candle,FRED CSV Gateway mirror of BLS/FRED,learning_only_mirror
CPIAUCSL,1974-06-01,1974-06-01T00:00:00Z,monthly,49.0,49.0,49.0,49.0,,49.0,factor_candle,FRED CSV Gateway mirror of BLS/FRED,learning_only_mirror
CPIAUCSL,1974-07-01,1974-07-01T00:00:00Z,monthly,49.3,49.3,49.3,49.3,,49.3,factor_candle,FRED CSV Gateway mirror of BLS/FRED,learning_only_mirror
CPIAUCSL,1974-08-01,1974-08-01T00:00:00Z,monthly,49.9,49.9,49.9,49.9,,49.9,factor_candle,FRED CSV Gateway mirror of BLS/FRED,learning_only_mirror
CPIAUCSL,1974-09-01,1974-09-01T00:00:00Z,monthly,50.6,50.6,50.6,50.6,,50.6,factor_candle,FRED CSV Gateway mirror of BLS/FRED,learning_only_mirror
CPIAUCSL,1974-10-01,1974-10-01T00:00:00Z,monthly,51.0,51.0,51.0,51.0,,51.0,factor_candle,FRED CSV Gateway mirror of BLS/FRED,learning_only_mirror
CPIAUCSL,1974-11-01,1974-11-01T00:00:00Z,monthly,51.5,51.5,51.5,51.5,,51.5,factor_candle,FRED CSV Gateway mirror of BLS/FRED,learning_only_mirror
CPIAUCSL,1974-12-01,1974-12-01T00:00:00Z,monthly,51.9,51.9,51.9,51.9,,51.9,factor_candle,FRED CSV Gateway mirror of BLS/FRED,learning_only_mirror
CPIAUCSL,1975-01-01,1975-01-01T00:00:00Z,monthly,52.3,52.3,52.3,52.3,,52.3,factor_candle,FRED CSV Gateway mirror of BLS/FRED,learning_only_mirror
CPIAUCSL,1975-02-01,1975-02-01T00:00:00Z,monthly,52.6,52.6,52.6,52.6,,52.6,factor_candle,FRED CSV Gateway mirror of BLS/FRED,learning_only_mirror
CPIAUCSL,1975-03-01,1975-03-01T00:00:00Z,monthly,52.8,52.8,52.8,52.8,,52.8,factor_candle,FRED CSV Gateway mirror of BLS/FRED,learning_only_mirror
CPIAUCSL,1975-04-01,1975-04-01T00:00:00Z,monthly,53.0,53.0,53.0,53.0,,53.0,factor_candle,FRED CSV Gateway mirror of BLS/FRED,learning_only_mirror
CPIAUCSL,1975-05-01,1975-05-01T00:00:00Z,monthly,53.1,53.1,53.1,53.1,,53.1,factor_candle,FRED CSV Gateway mirror of BLS/FRED,learning_only_mirror
CPIAUCSL,1975-06-01,1975-06-01T00:00:00Z,monthly,53.5,53.5,53.5,53.5,,53.5,factor_candle,FRED CSV Gateway mirror of BLS/FRED,learning_only_mirror
CPIAUCSL,1975-07-01,1975-07-01T00:00:00Z,monthly,54.0,54.0,54.0,54.0,,54.0,factor_candle,FRED CSV Gateway mirror of BLS/FRED,learning_only_mirror
CPIAUCSL,1975-08-01,1975-08-01T00:00:00Z,monthly,54.2,54.2,54.2,54.2,,54.2,factor_candle,FRED CSV Gateway mirror of BLS/FRED,learning_only_mirror
CPIAUCSL,1975-09-01,1975-09-01T00:00:00Z,monthly,54.6,54.6,54.6,54.6,,54.6,factor_candle,FRED CSV Gateway mirror of BLS/FRED,learning_only_mirror
CPIAUCSL,1975-10-01,1975-10-01T00:00:00Z,monthly,54.9,54.9,54.9,54.9,,54.9,factor_candle,FRED CSV Gateway mirror of BLS/FRED,learning_only_mirror
CPIAUCSL,1975-11-01,1975-11-01T00:00:00Z,monthly,55.3,55.3,55.3,55.3,,55.3,factor_candle,FRED CSV Gateway mirror of BLS/FRED,learning_only_mirror
CPIAUCSL,1975-12-01,1975-12-01T00:00:00Z,monthly,55.6,55.6,55.6,55.6,,55.6,factor_candle,FRED CSV Gateway mirror of BLS/FRED,learning_only_mirror
CPIAUCSL,1976-01-01,1976-01-01T00:00:00Z,monthly,55.8,55.8,55.8,55.8,,55.8,factor_candle,FRED CSV Gateway mirror of BLS/FRED,learning_only_mirror
CPIAUCSL,1976-02-01,1976-02-01T00:00:00Z,monthly,55.9,55.9,55.9,55.9,,55.9,factor_candle,FRED CSV Gateway mirror of BLS/FRED,learning_only_mirror
CPIAUCSL,1976-03-01,1976-03-01T00:00:00Z,monthly,56.0,56.0,56.0,56.0,,56.0,factor_candle,FRED CSV Gateway mirror of BLS/FRED,learning_only_mirror
CPIAUCSL,1976-04-01,1976-04-01T00:00:00Z,monthly,56.1,56.1,56.1,56.1,,56.1,factor_candle,FRED CSV Gateway mirror of BLS/FRED,learning_only_mirror
CPIAUCSL,1976-05-01,1976-05-01T00:00:00Z,monthly,56.4,56.4,56.4,56.4,,56.4,factor_candle,FRED CSV Gateway mirror of BLS/FRED,learning_only_mirror
CPIAUCSL,1976-06-01,1976-06-01T00:00:00Z,monthly,56.7,56.7,56.7,56.7,,56.7,factor_candle,FRED CSV Gateway mirror of BLS/FRED,learning_only_mirror
CPIAUCSL,1976-07-01,1976-07-01T00:00:00Z,monthly,57.0,57.0,57.0,57.0,,57.0,factor_candle,FRED CSV Gateway mirror of BLS/FRED,learning_only_mirror
CPIAUCSL,1976-08-01,1976-08-01T00:00:00Z,monthly,57.3,57.3,57.3,57.3,,57.3,factor_candle,FRED CSV Gateway mirror of BLS/FRED,learning_only_mirror
CPIAUCSL,1976-09-01,1976-09-01T00:00:00Z,monthly,57.6,57.6,57.6,57.6,,57.6,factor_candle,FRED CSV Gateway mirror of BLS/FRED,learning_only_mirror
CPIAUCSL,1976-10-01,1976-10-01T00:00:00Z,monthly,57.9,57.9,57.9,57.9,,57.9,factor_candle,FRED CSV Gateway mirror of BLS/FRED,learning_only_mirror
CPIAUCSL,1976-11-01,1976-11-01T00:00:00Z,monthly,58.1,58.1,58.1,58.1,,58.1,factor_candle,FRED CSV Gateway mirror of BLS/FRED,learning_only_mirror
CPIAUCSL,1976-12-01,1976-12-01T00:00:00Z,monthly,58.4,58.4,58.4,58.4,,58.4,factor_candle,FRED CSV Gateway mirror of BLS/FRED,learning_only_mirror
CPIAUCSL,1977-01-01,1977-01-01T00:00:00Z,monthly,58.7,58.7,58.7,58.7,,58.7,factor_candle,FRED CSV Gateway mirror of BLS/FRED,learning_only_mirror
CPIAUCSL,1977-02-01,1977-02-01T00:00:00Z,monthly,59.3,59.3,59.3,59.3,,59.3,factor_candle,FRED CSV Gateway mirror of BLS/FRED,learning_only_mirror
CPIAUCSL,1977-03-01,1977-03-01T00:00:00Z,monthly,59.6,59.6,59.6,59.6,,59.6,factor_candle,FRED CSV Gateway mirror of BLS/FRED,learning_only_mirror
CPIAUCSL,1977-04-01,1977-04-01T00:00:00Z,monthly,60.0,60.0,60.0,60.0,,60.0,factor_candle,FRED CSV Gateway mirror of BLS/FRED,learning_only_mirror
CPIAUCSL,1977-05-01,1977-05-01T00:00:00Z,monthly,60.2,60.2,60.2,60.2,,60.2,factor_candle,FRED CSV Gateway mirror of BLS/FRED,learning_only_mirror
CPIAUCSL,1977-06-01,1977-06-01T00:00:00Z,monthly,60.5,60.5,60.5,60.5,,60.5,factor_candle,FRED CSV Gateway mirror of BLS/FRED,learning_only_mirror
CPIAUCSL,1977-07-01,1977-07-01T00:00:00Z,monthly,60.8,60.8,60.8,60.8,,60.8,factor_candle,FRED CSV Gateway mirror of BLS/FRED,learning_only_mirror
CPIAUCSL,1977-08-01,1977-08-01T00:00:00Z,monthly,61.1,61.1,61.1,61.1,,61.1,factor_candle,FRED CSV Gateway mirror of BLS/FRED,learning_only_mirror
CPIAUCSL,1977-09-01,1977-09-01T00:00:00Z,monthly,61.3,61.3,61.3,61.3,,61.3,factor_candle,FRED CSV Gateway mirror of BLS/FRED,learning_only_mirror
CPIAUCSL,1977-10-01,1977-10-01T00:00:00Z,monthly,61.6,61.6,61.6,61.6,,61.6,factor_candle,FRED CSV Gateway mirror of BLS/FRED,learning_only_mirror
CPIAUCSL,1977-11-01,1977-11-01T00:00:00Z,monthly,62.0,62.0,62.0,62.0,,62.0,factor_candle,FRED CSV Gateway mirror of BLS/FRED,learning_only_mirror
CPIAUCSL,1977-12-01,1977-12-01T00:00:00Z,monthly,62.3,62.3,62.3,62.3,,62.3,factor_candle,FRED CSV Gateway mirror of BLS/FRED,learning_only_mirror
CPIAUCSL,1978-01-01,1978-01-01T00:00:00Z,monthly,62.7,62.7,62.7,62.7,,62.7,factor_candle,FRED CSV Gateway mirror of BLS/FRED,learning_only_mirror
CPIAUCSL,1978-02-01,1978-02-01T00:00:00Z,monthly,63.0,63.0,63.0,63.0,,63.0,factor_candle,FRED CSV Gateway mirror of BLS/FRED,learning_only_mirror
CPIAUCSL,1978-03-01,1978-03-01T00:00:00Z,monthly,63.4,63.4,63.4,63.4,,63.4,factor_candle,FRED CSV Gateway mirror of BLS/FRED,learning_only_mirror
CPIAUCSL,1978-04-01,1978-04-01T00:00:00Z,monthly,63.9,63.9,63.9,63.9,,63.9,factor_candle,FRED CSV Gateway mirror of BLS/FRED,learning_only_mirror
CPIAUCSL,1978-05-01,1978-05-01T00:00:00Z,monthly,64.5,64.5,64.5,64.5,,64.5,factor_candle,FRED CSV Gateway mirror of BLS/FRED,learning_only_mirror
CPIAUCSL,1978-06-01,1978-06-01T00:00:00Z,monthly,65.0,65.0,65.0,65.0,,65.0,factor_candle,FRED CSV Gateway mirror of BLS/FRED,learning_only_mirror
CPIAUCSL,1978-07-01,1978-07-01T00:00:00Z,monthly,65.5,65.5,65.5,65.5,,65.5,factor_candle,FRED CSV Gateway mirror of BLS/FRED,learning_only_mirror
CPIAUCSL,1978-08-01,1978-08-01T00:00:00Z,monthly,65.9,65.9,65.9,65.9,,65.9,factor_candle,FRED CSV Gateway mirror of BLS/FRED,learning_only_mirror
CPIAUCSL,1978-09-01,1978-09-01T00:00:00Z,monthly,66.5,66.5,66.5,66.5,,66.5,factor_candle,FRED CSV Gateway mirror of BLS/FRED,learning_only_mirror
CPIAUCSL,1978-10-01,1978-10-01T00:00:00Z,monthly,67.1,67.1,67.1,67.1,,67.1,factor_candle,FRED CSV Gateway mirror of BLS/FRED,learning_only_mirror
CPIAUCSL,1978-11-01,1978-11-01T00:00:00Z,monthly,67.5,67.5,67.5,67.5,,67.5,factor_candle,FRED CSV Gateway mirror of BLS/FRED,learning_only_mirror
CPIAUCSL,1978-12-01,1978-12-01T00:00:00Z,monthly,67.9,67.9,67.9,67.9,,67.9,factor_candle,FRED CSV Gateway mirror of BLS/FRED,learning_only_mirror
CPIAUCSL,1979-01-01,1979-01-01T00:00:00Z,monthly,68.5,68.5,68.5,68.5,,68.5,factor_candle,FRED CSV Gateway mirror of BLS/FRED,learning_only_mirror
CPIAUCSL,1979-02-01,1979-02-01T00:00:00Z,monthly,69.2,69.2,69.2,69.2,,69.2,factor_candle,FRED CSV Gateway mirror of BLS/FRED,learning_only_mirror
CPIAUCSL,1979-03-01,1979-03-01T00:00:00Z,monthly,69.9,69.9,69.9,69.9,,69.9,factor_candle,FRED CSV Gateway mirror of BLS/FRED,learning_only_mirror
CPIAUCSL,1979-04-01,1979-04-01T00:00:00Z,monthly,70.6,70.6,70.6,70.6,,70.6,factor_candle,FRED CSV Gateway mirror of BLS/FRED,learning_only_mirror
CPIAUCSL,1979-05-01,1979-05-01T00:00:00Z,monthly,71.4,71.4,71.4,71.4,,71.4,factor_candle,FRED CSV Gateway mirror of BLS/FRED,learning_only_mirror
CPIAUCSL,1979-06-01,1979-06-01T00:00:00Z,monthly,72.2,72.2,72.2,72.2,,72.2,factor_candle,FRED CSV Gateway mirror of BLS/FRED,learning_only_mirror
CPIAUCSL,1979-07-01,1979-07-01T00:00:00Z,monthly,73.0,73.0,73.0,73.0,,73.0,factor_candle,FRED CSV Gateway mirror of BLS/FRED,learning_only_mirror
CPIAUCSL,1979-08-01,1979-08-01T00:00:00Z,monthly,73.7,73.7,73.7,73.7,,73.7,factor_candle,FRED CSV Gateway mirror of BLS/FRED,learning_only_mirror
CPIAUCSL,1979-09-01,1979-09-01T00:00:00Z,monthly,74.4,74.4,74.4,74.4,,74.4,factor_candle,FRED CSV Gateway mirror of BLS/FRED,learning_only_mirror
CPIAUCSL,1979-10-01,1979-10-01T00:00:00Z,monthly,75.2,75.2,75.2,75.2,,75.2,factor_candle,FRED CSV Gateway mirror of BLS/FRED,learning_only_mirror
CPIAUCSL,1979-11-01,1979-11-01T00:00:00Z,monthly,76.0,76.0,76.0,76.0,,76.0,factor_candle,FRED CSV Gateway mirror of BLS/FRED,learning_only_mirror
CPIAUCSL,1979-12-01,1979-12-01T00:00:00Z,monthly,76.9,76.9,76.9,76.9,,76.9,factor_candle,FRED CSV Gateway mirror of BLS/FRED,learning_only_mirror
CPIAUCSL,1980-01-01,1980-01-01T00:00:00Z,monthly,78.0,78.0,78.0,78.0,,78.0,factor_candle,FRED CSV Gateway mirror of BLS/FRED,learning_only_mirror
CPIAUCSL,1980-02-01,1980-02-01T00:00:00Z,monthly,79.0,79.0,79.0,79.0,,79.0,factor_candle,FRED CSV Gateway mirror of BLS/FRED,learning_only_mirror
CPIAUCSL,1980-03-01,1980-03-01T00:00:00Z,monthly,80.1,80.1,80.1,80.1,,80.1,factor_candle,FRED CSV Gateway mirror of BLS/FRED,learning_only_mirror
CPIAUCSL,1980-04-01,1980-04-01T00:00:00Z,monthly,80.9,80.9,80.9,80.9,,80.9,factor_candle,FRED CSV Gateway mirror of BLS/FRED,learning_only_mirror
CPIAUCSL,1980-05-01,1980-05-01T00:00:00Z,monthly,81.7,81.7,81.7,81.7,,81.7,factor_candle,FRED CSV Gateway mirror of BLS/FRED,learning_only_mirror
CPIAUCSL,1980-06-01,1980-06-01T00:00:00Z,monthly,82.5,82.5,82.5,82.5,,82.5,factor_candle,FRED CSV Gateway mirror of BLS/FRED,learning_only_mirror
CPIAUCSL,1980-07-01,1980-07-01T00:00:00Z,monthly,82.6,82.6,82.6,82.6,,82.6,factor_candle,FRED CSV Gateway mirror of BLS/FRED,learning_only_mirror
CPIAUCSL,1980-08-01,1980-08-01T00:00:00Z,monthly,83.2,83.2,83.2,83.2,,83.2,factor_candle,FRED CSV Gateway mirror of BLS/FRED,learning_only_mirror
CPIAUCSL,1980-09-01,1980-09-01T00:00:00Z,monthly,83.9,83.9,83.9,83.9,,83.9,factor_candle,FRED CSV Gateway mirror of BLS/FRED,learning_only_mirror
CPIAUCSL,1980-10-01,1980-10-01T00:00:00Z,monthly,84.7,84.7,84.7,84.7,,84.7,factor_candle,FRED CSV Gateway mirror of BLS/FRED,learning_only_mirror
CPIAUCSL,1980-11-01,1980-11-01T00:00:00Z,monthly,85.6,85.6,85.6,85.6,,85.6,factor_candle,FRED CSV Gateway mirror of BLS/FRED,learning_only_mirror
CPIAUCSL,1980-12-01,1980-12-01T00:00:00Z,monthly,86.4,86.4,86.4,86.4,,86.4,factor_candle,FRED CSV Gateway mirror of BLS/FRED,learning_only_mirror
CPIAUCSL,1981-01-01,1981-01-01T00:00:00Z,monthly,87.2,87.2,87.2,87.2,,87.2,factor_candle,FRED CSV Gateway mirror of BLS/FRED,learning_only_mirror
CPIAUCSL,1981-02-01,1981-02-01T00:00:00Z,monthly,88.0,88.0,88.0,88.0,,88.0,factor_candle,FRED CSV Gateway mirror of BLS/FRED,learning_only_mirror
CPIAUCSL,1981-03-01,1981-03-01T00:00:00Z,monthly,88.6,88.6,88.6,88.6,,88.6,factor_candle,FRED CSV Gateway mirror of BLS/FRED,learning_only_mirror
CPIAUCSL,1981-04-01,1981-04-01T00:00:00Z,monthly,89.1,89.1,89.1,89.1,,89.1,factor_candle,FRED CSV Gateway mirror of BLS/FRED,learning_only_mirror
CPIAUCSL,1981-05-01,1981-05-01T00:00:00Z,monthly,89.7,89.7,89.7,89.7,,89.7,factor_candle,FRED CSV Gateway mirror of BLS/FRED,learning_only_mirror
CPIAUCSL,1981-06-01,1981-06-01T00:00:00Z,monthly,90.5,90.5,90.5,90.5,,90.5,factor_candle,FRED CSV Gateway mirror of BLS/FRED,learning_only_mirror
CPIAUCSL,1981-07-01,1981-07-01T00:00:00Z,monthly,91.5,91.5,91.5,91.5,,91.5,factor_candle,FRED CSV Gateway mirror of BLS/FRED,learning_only_mirror
CPIAUCSL,1981-08-01,1981-08-01T00:00:00Z,monthly,92.2,92.2,92.2,92.2,,92.2,factor_candle,FRED CSV Gateway mirror of BLS/FRED,learning_only_mirror
CPIAUCSL,1981-09-01,1981-09-01T00:00:00Z,monthly,93.1,93.1,93.1,93.1,,93.1,factor_candle,FRED CSV Gateway mirror of BLS/FRED,learning_only_mirror
CPIAUCSL,1981-10-01,1981-10-01T00:00:00Z,monthly,93.4,93.4,93.4,93.4,,93.4,factor_candle,FRED CSV Gateway mirror of BLS/FRED,learning_only_mirror
CPIAUCSL,1981-11-01,1981-11-01T00:00:00Z,monthly,93.8,93.8,93.8,93.8,,93.8,factor_candle,FRED CSV Gateway mirror of BLS/FRED,learning_only_mirror
CPIAUCSL,1981-12-01,1981-12-01T00:00:00Z,monthly,94.1,94.1,94.1,94.1,,94.1,factor_candle,FRED CSV Gateway mirror of BLS/FRED,learning_only_mirror
CPIAUCSL,1982-01-01,1982-01-01T00:00:00Z,monthly,94.4,94.4,94.4,94.4,,94.4,factor_candle,FRED CSV Gateway mirror of BLS/FRED,learning_only_mirror
CPIAUCSL,1982-02-01,1982-02-01T00:00:00Z,monthly,94.7,94.7,94.7,94.7,,94.7,factor_candle,FRED CSV Gateway mirror of BLS/FRED,learning_only_mirror
CPIAUCSL,1982-03-01,1982-03-01T00:00:00Z,monthly,94.7,94.7,94.7,94.7,,94.7,factor_candle,FRED CSV Gateway mirror of BLS/FRED,learning_only_mirror
CPIAUCSL,1982-04-01,1982-04-01T00:00:00Z,monthly,95.0,95.0,95.0,95.0,,95.0,factor_candle,FRED CSV Gateway mirror of BLS/FRED,learning_only_mirror
CPIAUCSL,1982-05-01,1982-05-01T00:00:00Z,monthly,95.9,95.9,95.9,95.9,,95.9,factor_candle,FRED CSV Gateway mirror of BLS/FRED,learning_only_mirror
CPIAUCSL,1982-06-01,1982-06-01T00:00:00Z,monthly,97.0,97.0,97.0,97.0,,97.0,factor_candle,FRED CSV Gateway mirror of BLS/FRED,learning_only_mirror
CPIAUCSL,1982-07-01,1982-07-01T00:00:00Z,monthly,97.5,97.5,97.5,97.5,,97.5,factor_candle,FRED CSV Gateway mirror of BLS/FRED,learning_only_mirror
CPIAUCSL,1982-08-01,1982-08-01T00:00:00Z,monthly,97.7,97.7,97.7,97.7,,97.7,factor_candle,FRED CSV Gateway mirror of BLS/FRED,learning_only_mirror
CPIAUCSL,1982-09-01,1982-09-01T00:00:00Z,monthly,97.7,97.7,97.7,97.7,,97.7,factor_candle,FRED CSV Gateway mirror of BLS/FRED,learning_only_mirror
CPIAUCSL,1982-10-01,1982-10-01T00:00:00Z,monthly,98.1,98.1,98.1,98.1,,98.1,factor_candle,FRED CSV Gateway mirror of BLS/FRED,learning_only_mirror
CPIAUCSL,1982-11-01,1982-11-01T00:00:00Z,monthly,98.0,98.0,98.0,98.0,,98.0,factor_candle,FRED CSV Gateway mirror of BLS/FRED,learning_only_mirror
CPIAUCSL,1982-12-01,1982-12-01T00:00:00Z,monthly,97.7,97.7,97.7,97.7,,97.7,factor_candle,FRED CSV Gateway mirror of BLS/FRED,learning_only_mirror
CPIAUCSL,1983-01-01,1983-01-01T00:00:00Z,monthly,97.9,97.9,97.9,97.9,,97.9,factor_candle,FRED CSV Gateway mirror of BLS/FRED,learning_only_mirror
CPIAUCSL,1983-02-01,1983-02-01T00:00:00Z,monthly,98.0,98.0,98.0,98.0,,98.0,factor_candle,FRED CSV Gateway mirror of BLS/FRED,learning_only_mirror
CPIAUCSL,1983-03-01,1983-03-01T00:00:00Z,monthly,98.1,98.1,98.1,98.1,,98.1,factor_candle,FRED CSV Gateway mirror of BLS/FRED,learning_only_mirror
CPIAUCSL,1983-04-01,1983-04-01T00:00:00Z,monthly,98.8,98.8,98.8,98.8,,98.8,factor_candle,FRED CSV Gateway mirror of BLS/FRED,learning_only_mirror
CPIAUCSL,1983-05-01,1983-05-01T00:00:00Z,monthly,99.2,99.2,99.2,99.2,,99.2,factor_candle,FRED CSV Gateway mirror of BLS/FRED,learning_only_mirror
CPIAUCSL,1983-06-01,1983-06-01T00:00:00Z,monthly,99.4,99.4,99.4,99.4,,99.4,factor_candle,FRED CSV Gateway mirror of BLS/FRED,learning_only_mirror
CPIAUCSL,1983-07-01,1983-07-01T00:00:00Z,monthly,99.8,99.8,99.8,99.8,,99.8,factor_candle,FRED CSV Gateway mirror of BLS/FRED,learning_only_mirror
CPIAUCSL,1983-08-01,1983-08-01T00:00:00Z,monthly,100.1,100.1,100.1,100.1,,100.1,factor_candle,FRED CSV Gateway mirror of BLS/FRED,learning_only_mirror
CPIAUCSL,1983-09-01,1983-09-01T00:00:00Z,monthly,100.4,100.4,100.4,100.4,,100.4,factor_candle,FRED CSV Gateway mirror of BLS/FRED,learning_only_mirror
CPIAUCSL,1983-10-01,1983-10-01T00:00:00Z,monthly,100.8,100.8,100.8,100.8,,100.8,factor_candle,FRED CSV Gateway mirror of BLS/FRED,learning_only_mirror
CPIAUCSL,1983-11-01,1983-11-01T00:00:00Z,monthly,101.1,101.1,101.1,101.1,,101.1,factor_candle,FRED CSV Gateway mirror of BLS/FRED,learning_only_mirror
CPIAUCSL,1983-12-01,1983-12-01T00:00:00Z,monthly,101.4,101.4,101.4,101.4,,101.4,factor_candle,FRED CSV Gateway mirror of BLS/FRED,learning_only_mirror
CPIAUCSL,1984-01-01,1984-01-01T00:00:00Z,monthly,102.1,102.1,102.1,102.1,,102.1,factor_candle,FRED CSV Gateway mirror of BLS/FRED,learning_only_mirror
CPIAUCSL,1984-02-01,1984-02-01T00:00:00Z,monthly,102.6,102.6,102.6,102.6,,102.6,factor_candle,FRED CSV Gateway mirror of BLS/FRED,learning_only_mirror
CPIAUCSL,1984-03-01,1984-03-01T00:00:00Z,monthly,102.9,102.9,102.9,102.9,,102.9,factor_candle,FRED CSV Gateway mirror of BLS/FRED,learning_only_mirror
CPIAUCSL,1984-04-01,1984-04-01T00:00:00Z,monthly,103.3,103.3,103.3,103.3,,103.3,factor_candle,FRED CSV Gateway mirror of BLS/FRED,learning_only_mirror
CPIAUCSL,1984-05-01,1984-05-01T00:00:00Z,monthly,103.5,103.5,103.5,103.5,,103.5,factor_candle,FRED CSV Gateway mirror of BLS/FRED,learning_only_mirror
CPIAUCSL,1984-06-01,1984-06-01T00:00:00Z,monthly,103.7,103.7,103.7,103.7,,103.7,factor_candle,FRED CSV Gateway mirror of BLS/FRED,learning_only_mirror
CPIAUCSL,1984-07-01,1984-07-01T00:00:00Z,monthly,104.1,104.1,104.1,104.1,,104.1,factor_candle,FRED CSV Gateway mirror of BLS/FRED,learning_only_mirror
CPIAUCSL,1984-08-01,1984-08-01T00:00:00Z,monthly,104.4,104.4,104.4,104.4,,104.4,factor_candle,FRED CSV Gateway mirror of BLS/FRED,learning_only_mirror
CPIAUCSL,1984-09-01,1984-09-01T00:00:00Z,monthly,104.7,104.7,104.7,104.7,,104.7,factor_candle,FRED CSV Gateway mirror of BLS/FRED,learning_only_mirror
CPIAUCSL,1984-10-01,1984-10-01T00:00:00Z,monthly,105.1,105.1,105.1,105.1,,105.1,factor_candle,FRED CSV Gateway mirror of BLS/FRED,learning_only_mirror
CPIAUCSL,1984-11-01,1984-11-01T00:00:00Z,monthly,105.3,105.3,105.3,105.3,,105.3,factor_candle,FRED CSV Gateway mirror of BLS/FRED,learning_only_mirror
CPIAUCSL,1984-12-01,1984-12-01T00:00:00Z,monthly,105.5,105.5,105.5,105.5,,105.5,factor_candle,FRED CSV Gateway mirror of BLS/FRED,learning_only_mirror
CPIAUCSL,1985-01-01,1985-01-01T00:00:00Z,monthly,105.7,105.7,105.7,105.7,,105.7,factor_candle,FRED CSV Gateway mirror of BLS/FRED,learning_only_mirror
CPIAUCSL,1985-02-01,1985-02-01T00:00:00Z,monthly,106.3,106.3,106.3,106.3,,106.3,factor_candle,FRED CSV Gateway mirror of BLS/FRED,learning_only_mirror
CPIAUCSL,1985-03-01,1985-03-01T00:00:00Z,monthly,106.8,106.8,106.8,106.8,,106.8,factor_candle,FRED CSV Gateway mirror of BLS/FRED,learning_only_mirror
CPIAUCSL,1985-04-01,1985-04-01T00:00:00Z,monthly,107.0,107.0,107.0,107.0,,107.0,factor_candle,FRED CSV Gateway mirror of BLS/FRED,learning_only_mirror
CPIAUCSL,1985-05-01,1985-05-01T00:00:00Z,monthly,107.2,107.2,107.2,107.2,,107.2,factor_candle,FRED CSV Gateway mirror of BLS/FRED,learning_only_mirror
CPIAUCSL,1985-06-01,1985-06-01T00:00:00Z,monthly,107.5,107.5,107.5,107.5,,107.5,factor_candle,FRED CSV Gateway mirror of BLS/FRED,learning_only_mirror
CPIAUCSL,1985-07-01,1985-07-01T00:00:00Z,monthly,107.7,107.7,107.7,107.7,,107.7,factor_candle,FRED CSV Gateway mirror of BLS/FRED,learning_only_mirror
CPIAUCSL,1985-08-01,1985-08-01T00:00:00Z,monthly,107.9,107.9,107.9,107.9,,107.9,factor_candle,FRED CSV Gateway mirror of BLS/FRED,learning_only_mirror
CPIAUCSL,1985-09-01,1985-09-01T00:00:00Z,monthly,108.1,108.1,108.1,108.1,,108.1,factor_candle,FRED CSV Gateway mirror of BLS/FRED,learning_only_mirror
CPIAUCSL,1985-10-01,1985-10-01T00:00:00Z,monthly,108.5,108.5,108.5,108.5,,108.5,factor_candle,FRED CSV Gateway mirror of BLS/FRED,learning_only_mirror
CPIAUCSL,1985-11-01,1985-11-01T00:00:00Z,monthly,109.0,109.0,109.0,109.0,,109.0,factor_candle,FRED CSV Gateway mirror of BLS/FRED,learning_only_mirror
CPIAUCSL,1985-12-01,1985-12-01T00:00:00Z,monthly,109.5,109.5,109.5,109.5,,109.5,factor_candle,FRED CSV Gateway mirror of BLS/FRED,learning_only_mirror
CPIAUCSL,1986-01-01,1986-01-01T00:00:00Z,monthly,109.9,109.9,109.9,109.9,,109.9,factor_candle,FRED CSV Gateway mirror of BLS/FRED,learning_only_mirror
CPIAUCSL,1986-02-01,1986-02-01T00:00:00Z,monthly,109.7,109.7,109.7,109.7,,109.7,factor_candle,FRED CSV Gateway mirror of BLS/FRED,learning_only_mirror
CPIAUCSL,1986-03-01,1986-03-01T00:00:00Z,monthly,109.1,109.1,109.1,109.1,,109.1,factor_candle,FRED CSV Gateway mirror of BLS/FRED,learning_only_mirror
CPIAUCSL,1986-04-01,1986-04-01T00:00:00Z,monthly,108.7,108.7,108.7,108.7,,108.7,factor_candle,FRED CSV Gateway mirror of BLS/FRED,learning_only_mirror
CPIAUCSL,1986-05-01,1986-05-01T00:00:00Z,monthly,109.0,109.0,109.0,109.0,,109.0,factor_candle,FRED CSV Gateway mirror of BLS/FRED,learning_only_mirror
CPIAUCSL,1986-06-01,1986-06-01T00:00:00Z,monthly,109.4,109.4,109.4,109.4,,109.4,factor_candle,FRED CSV Gateway mirror of BLS/FRED,learning_only_mirror
CPIAUCSL,1986-07-01,1986-07-01T00:00:00Z,monthly,109.5,109.5,109.5,109.5,,109.5,factor_candle,FRED CSV Gateway mirror of BLS/FRED,learning_only_mirror
CPIAUCSL,1986-08-01,1986-08-01T00:00:00Z,monthly,109.6,109.6,109.6,109.6,,109.6,factor_candle,FRED CSV Gateway mirror of BLS/FRED,learning_only_mirror
CPIAUCSL,1986-09-01,1986-09-01T00:00:00Z,monthly,110.0,110.0,110.0,110.0,,110.0,factor_candle,FRED CSV Gateway mirror of BLS/FRED,learning_only_mirror
CPIAUCSL,1986-10-01,1986-10-01T00:00:00Z,monthly,110.2,110.2,110.2,110.2,,110.2,factor_candle,FRED CSV Gateway mirror of BLS/FRED,learning_only_mirror
CPIAUCSL,1986-11-01,1986-11-01T00:00:00Z,monthly,110.4,110.4,110.4,110.4,,110.4,factor_candle,FRED CSV Gateway mirror of BLS/FRED,learning_only_mirror
CPIAUCSL,1986-12-01,1986-12-01T00:00:00Z,monthly,110.8,110.8,110.8,110.8,,110.8,factor_candle,FRED CSV Gateway mirror of BLS/FRED,learning_only_mirror
CPIAUCSL,1987-01-01,1987-01-01T00:00:00Z,monthly,111.4,111.4,111.4,111.4,,111.4,factor_candle,FRED CSV Gateway mirror of BLS/FRED,learning_only_mirror
CPIAUCSL,1987-02-01,1987-02-01T00:00:00Z,monthly,111.8,111.8,111.8,111.8,,111.8,factor_candle,FRED CSV Gateway mirror of BLS/FRED,learning_only_mirror
CPIAUCSL,1987-03-01,1987-03-01T00:00:00Z,monthly,112.2,112.2,112.2,112.2,,112.2,factor_candle,FRED CSV Gateway mirror of BLS/FRED,learning_only_mirror
CPIAUCSL,1987-04-01,1987-04-01T00:00:00Z,monthly,112.7,112.7,112.7,112.7,,112.7,factor_candle,FRED CSV Gateway mirror of BLS/FRED,learning_only_mirror
CPIAUCSL,1987-05-01,1987-05-01T00:00:00Z,monthly,113.0,113.0,113.0,113.0,,113.0,factor_candle,FRED CSV Gateway mirror of BLS/FRED,learning_only_mirror
CPIAUCSL,1987-06-01,1987-06-01T00:00:00Z,monthly,113.5,113.5,113.5,113.5,,113.5,factor_candle,FRED CSV Gateway mirror of BLS/FRED,learning_only_mirror
CPIAUCSL,1987-07-01,1987-07-01T00:00:00Z,monthly,113.8,113.8,113.8,113.8,,113.8,factor_candle,FRED CSV Gateway mirror of BLS/FRED,learning_only_mirror
CPIAUCSL,1987-08-01,1987-08-01T00:00:00Z,monthly,114.3,114.3,114.3,114.3,,114.3,factor_candle,FRED CSV Gateway mirror of BLS/FRED,learning_only_mirror
CPIAUCSL,1987-09-01,1987-09-01T00:00:00Z,monthly,114.7,114.7,114.7,114.7,,114.7,factor_candle,FRED CSV Gateway mirror of BLS/FRED,learning_only_mirror
CPIAUCSL,1987-10-01,1987-10-01T00:00:00Z,monthly,115.0,115.0,115.0,115.0,,115.0,factor_candle,FRED CSV Gateway mirror of BLS/FRED,learning_only_mirror
CPIAUCSL,1987-11-01,1987-11-01T00:00:00Z,monthly,115.4,115.4,115.4,115.4,,115.4,factor_candle,FRED CSV Gateway mirror of BLS/FRED,learning_only_mirror
CPIAUCSL,1987-12-01,1987-12-01T00:00:00Z,monthly,115.6,115.6,115.6,115.6,,115.6,factor_candle,FRED CSV Gateway mirror of BLS/FRED,learning_only_mirror
CPIAUCSL,1988-01-01,1988-01-01T00:00:00Z,monthly,116.0,116.0,116.0,116.0,,116.0,factor_candle,FRED CSV Gateway mirror of BLS/FRED,learning_only_mirror
CPIAUCSL,1988-02-01,1988-02-01T00:00:00Z,monthly,116.2,116.2,116.2,116.2,,116.2,factor_candle,FRED CSV Gateway mirror of BLS/FRED,learning_only_mirror
CPIAUCSL,1988-03-01,1988-03-01T00:00:00Z,monthly,116.5,116.5,116.5,116.5,,116.5,factor_candle,FRED CSV Gateway mirror of BLS/FRED,learning_only_mirror
CPIAUCSL,1988-04-01,1988-04-01T00:00:00Z,monthly,117.2,117.2,117.2,117.2,,117.2,factor_candle,FRED CSV Gateway mirror of BLS/FRED,learning_only_mirror
CPIAUCSL,1988-05-01,1988-05-01T00:00:00Z,monthly,117.5,117.5,117.5,117.5,,117.5,factor_candle,FRED CSV Gateway mirror of BLS/FRED,learning_only_mirror
CPIAUCSL,1988-06-01,1988-06-01T00:00:00Z,monthly,118.0,118.0,118.0,118.0,,118.0,factor_candle,FRED CSV Gateway mirror of BLS/FRED,learning_only_mirror
CPIAUCSL,1988-07-01,1988-07-01T00:00:00Z,monthly,118.5,118.5,118.5,118.5,,118.5,factor_candle,FRED CSV Gateway mirror of BLS/FRED,learning_only_mirror
CPIAUCSL,1988-08-01,1988-08-01T00:00:00Z,monthly,119.0,119.0,119.0,119.0,,119.0,factor_candle,FRED CSV Gateway mirror of BLS/FRED,learning_only_mirror
CPIAUCSL,1988-09-01,1988-09-01T00:00:00Z,monthly,119.5,119.5,119.5,119.5,,119.5,factor_candle,FRED CSV Gateway mirror of BLS/FRED,learning_only_mirror
CPIAUCSL,1988-10-01,1988-10-01T00:00:00Z,monthly,119.9,119.9,119.9,119.9,,119.9,factor_candle,FRED CSV Gateway mirror of BLS/FRED,learning_only_mirror
CPIAUCSL,1988-11-01,1988-11-01T00:00:00Z,monthly,120.3,120.3,120.3,120.3,,120.3,factor_candle,FRED CSV Gateway mirror of BLS/FRED,learning_only_mirror
CPIAUCSL,1988-12-01,1988-12-01T00:00:00Z,monthly,120.7,120.7,120.7,120.7,,120.7,factor_candle,FRED CSV Gateway mirror of BLS/FRED,learning_only_mirror
CPIAUCSL,1989-01-01,1989-01-01T00:00:00Z,monthly,121.2,121.2,121.2,121.2,,121.2,factor_candle,FRED CSV Gateway mirror of BLS/FRED,learning_only_mirror
CPIAUCSL,1989-02-01,1989-02-01T00:00:00Z,monthly,121.6,121.6,121.6,121.6,,121.6,factor_candle,FRED CSV Gateway mirror of BLS/FRED,learning_only_mirror
CPIAUCSL,1989-03-01,1989-03-01T00:00:00Z,monthly,122.2,122.2,122.2,122.2,,122.2,factor_candle,FRED CSV Gateway mirror of BLS/FRED,learning_only_mirror
CPIAUCSL,1989-04-01,1989-04-01T00:00:00Z,monthly,123.1,123.1,123.1,123.1,,123.1,factor_candle,FRED CSV Gateway mirror of BLS/FRED,learning_only_mirror
CPIAUCSL,1989-05-01,1989-05-01T00:00:00Z,monthly,123.7,123.7,123.7,123.7,,123.7,factor_candle,FRED CSV Gateway mirror of BLS/FRED,learning_only_mirror
CPIAUCSL,1989-06-01,1989-06-01T00:00:00Z,monthly,124.1,124.1,124.1,124.1,,124.1,factor_candle,FRED CSV Gateway mirror of BLS/FRED,learning_only_mirror
CPIAUCSL,1989-07-01,1989-07-01T00:00:00Z,monthly,124.5,124.5,124.5,124.5,,124.5,factor_candle,FRED CSV Gateway mirror of BLS/FRED,learning_only_mirror
CPIAUCSL,1989-08-01,1989-08-01T00:00:00Z,monthly,124.5,124.5,124.5,124.5,,124.5,factor_candle,FRED CSV Gateway mirror of BLS/FRED,learning_only_mirror
CPIAUCSL,1989-09-01,1989-09-01T00:00:00Z,monthly,124.8,124.8,124.8,124.8,,124.8,factor_candle,FRED CSV Gateway mirror of BLS/FRED,learning_only_mirror
CPIAUCSL,1989-10-01,1989-10-01T00:00:00Z,monthly,125.4,125.4,125.4,125.4,,125.4,factor_candle,FRED CSV Gateway mirror of BLS/FRED,learning_only_mirror
CPIAUCSL,1989-11-01,1989-11-01T00:00:00Z,monthly,125.9,125.9,125.9,125.9,,125.9,factor_candle,FRED CSV Gateway mirror of BLS/FRED,learning_only_mirror
CPIAUCSL,1989-12-01,1989-12-01T00:00:00Z,monthly,126.3,126.3,126.3,126.3,,126.3,factor_candle,FRED CSV Gateway mirror of BLS/FRED,learning_only_mirror
CPIAUCSL,1990-01-01,1990-01-01T00:00:00Z,monthly,127.5,127.5,127.5,127.5,,127.5,factor_candle,FRED CSV Gateway mirror of BLS/FRED,learning_only_mirror
CPIAUCSL,1990-02-01,1990-02-01T00:00:00Z,monthly,128.0,128.0,128.0,128.0,,128.0,factor_candle,FRED CSV Gateway mirror of BLS/FRED,learning_only_mirror
CPIAUCSL,1990-03-01,1990-03-01T00:00:00Z,monthly,128.6,128.6,128.6,128.6,,128.6,factor_candle,FRED CSV Gateway mirror of BLS/FRED,learning_only_mirror
CPIAUCSL,1990-04-01,1990-04-01T00:00:00Z,monthly,128.9,128.9,128.9,128.9,,128.9,factor_candle,FRED CSV Gateway mirror of BLS/FRED,learning_only_mirror
CPIAUCSL,1990-05-01,1990-05-01T00:00:00Z,monthly,129.1,129.1,129.1,129.1,,129.1,factor_candle,FRED CSV Gateway mirror of BLS/FRED,learning_only_mirror
CPIAUCSL,1990-06-01,1990-06-01T00:00:00Z,monthly,129.9,129.9,129.9,129.9,,129.9,factor_candle,FRED CSV Gateway mirror of BLS/FRED,learning_only_mirror
CPIAUCSL,1990-07-01,1990-07-01T00:00:00Z,monthly,130.5,130.5,130.5,130.5,,130.5,factor_candle,FRED CSV Gateway mirror of BLS/FRED,learning_only_mirror
CPIAUCSL,1990-08-01,1990-08-01T00:00:00Z,monthly,131.6,131.6,131.6,131.6,,131.6,factor_candle,FRED CSV Gateway mirror of BLS/FRED,learning_only_mirror
CPIAUCSL,1990-09-01,1990-09-01T00:00:00Z,monthly,132.5,132.5,132.5,132.5,,132.5,factor_candle,FRED CSV Gateway mirror of BLS/FRED,learning_only_mirror
CPIAUCSL,1990-10-01,1990-10-01T00:00:00Z,monthly,133.4,133.4,133.4,133.4,,133.4,factor_candle,FRED CSV Gateway mirror of BLS/FRED,learning_only_mirror
CPIAUCSL,1990-11-01,1990-11-01T00:00:00Z,monthly,133.7,133.7,133.7,133.7,,133.7,factor_candle,FRED CSV Gateway mirror of BLS/FRED,learning_only_mirror
CPIAUCSL,1990-12-01,1990-12-01T00:00:00Z,monthly,134.2,134.2,134.2,134.2,,134.2,factor_candle,FRED CSV Gateway mirror of BLS/FRED,learning_only_mirror
CPIAUCSL,1991-01-01,1991-01-01T00:00:00Z,monthly,134.7,134.7,134.7,134.7,,134.7,factor_candle,FRED CSV Gateway mirror of BLS/FRED,learning_only_mirror
CPIAUCSL,1991-02-01,1991-02-01T00:00:00Z,monthly,134.8,134.8,134.8,134.8,,134.8,factor_candle,FRED CSV Gateway mirror of BLS/FRED,learning_only_mirror
CPIAUCSL,1991-03-01,1991-03-01T00:00:00Z,monthly,134.8,134.8,134.8,134.8,,134.8,factor_candle,FRED CSV Gateway mirror of BLS/FRED,learning_only_mirror
CPIAUCSL,1991-04-01,1991-04-01T00:00:00Z,monthly,135.1,135.1,135.1,135.1,,135.1,factor_candle,FRED CSV Gateway mirror of BLS/FRED,learning_only_mirror
CPIAUCSL,1991-05-01,1991-05-01T00:00:00Z,monthly,135.6,135.6,135.6,135.6,,135.6,factor_candle,FRED CSV Gateway mirror of BLS/FRED,learning_only_mirror
CPIAUCSL,1991-06-01,1991-06-01T00:00:00Z,monthly,136.0,136.0,136.0,136.0,,136.0,factor_candle,FRED CSV Gateway mirror of BLS/FRED,learning_only_mirror
CPIAUCSL,1991-07-01,1991-07-01T00:00:00Z,monthly,136.2,136.2,136.2,136.2,,136.2,factor_candle,FRED CSV Gateway mirror of BLS/FRED,learning_only_mirror
CPIAUCSL,1991-08-01,1991-08-01T00:00:00Z,monthly,136.6,136.6,136.6,136.6,,136.6,factor_candle,FRED CSV Gateway mirror of BLS/FRED,learning_only_mirror
CPIAUCSL,1991-09-01,1991-09-01T00:00:00Z,monthly,137.0,137.0,137.0,137.0,,137.0,factor_candle,FRED CSV Gateway mirror of BLS/FRED,learning_only_mirror
CPIAUCSL,1991-10-01,1991-10-01T00:00:00Z,monthly,137.2,137.2,137.2,137.2,,137.2,factor_candle,FRED CSV Gateway mirror of BLS/FRED,learning_only_mirror
CPIAUCSL,1991-11-01,1991-11-01T00:00:00Z,monthly,137.8,137.8,137.8,137.8,,137.8,factor_candle,FRED CSV Gateway mirror of BLS/FRED,learning_only_mirror
CPIAUCSL,1991-12-01,1991-12-01T00:00:00Z,monthly,138.2,138.2,138.2,138.2,,138.2,factor_candle,FRED CSV Gateway mirror of BLS/FRED,learning_only_mirror
CPIAUCSL,1992-01-01,1992-01-01T00:00:00Z,monthly,138.3,138.3,138.3,138.3,,138.3,factor_candle,FRED CSV Gateway mirror of BLS/FRED,learning_only_mirror
CPIAUCSL,1992-02-01,1992-02-01T00:00:00Z,monthly,138.6,138.6,138.6,138.6,,138.6,factor_candle,FRED CSV Gateway mirror of BLS/FRED,learning_only_mirror
CPIAUCSL,1992-03-01,1992-03-01T00:00:00Z,monthly,139.1,139.1,139.1,139.1,,139.1,factor_candle,FRED CSV Gateway mirror of BLS/FRED,learning_only_mirror
CPIAUCSL,1992-04-01,1992-04-01T00:00:00Z,monthly,139.4,139.4,139.4,139.4,,139.4,factor_candle,FRED CSV Gateway mirror of BLS/FRED,learning_only_mirror
CPIAUCSL,1992-05-01,1992-05-01T00:00:00Z,monthly,139.7,139.7,139.7,139.7,,139.7,factor_candle,FRED CSV Gateway mirror of BLS/FRED,learning_only_mirror
CPIAUCSL,1992-06-01,1992-06-01T00:00:00Z,monthly,140.1,140.1,140.1,140.1,,140.1,factor_candle,FRED CSV Gateway mirror of BLS/FRED,learning_only_mirror
CPIAUCSL,1992-07-01,1992-07-01T00:00:00Z,monthly,140.5,140.5,140.5,140.5,,140.5,factor_candle,FRED CSV Gateway mirror of BLS/FRED,learning_only_mirror
CPIAUCSL,1992-08-01,1992-08-01T00:00:00Z,monthly,140.8,140.8,140.8,140.8,,140.8,factor_candle,FRED CSV Gateway mirror of BLS/FRED,learning_only_mirror
CPIAUCSL,1992-09-01,1992-09-01T00:00:00Z,monthly,141.1,141.1,141.1,141.1,,141.1,factor_candle,FRED CSV Gateway mirror of BLS/FRED,learning_only_mirror
CPIAUCSL,1992-10-01,1992-10-01T00:00:00Z,monthly,141.7,141.7,141.7,141.7,,141.7,factor_candle,FRED CSV Gateway mirror of BLS/FRED,learning_only_mirror
CPIAUCSL,1992-11-01,1992-11-01T00:00:00Z,monthly,142.1,142.1,142.1,142.1,,142.1,factor_candle,FRED CSV Gateway mirror of BLS/FRED,learning_only_mirror
CPIAUCSL,1992-12-01,1992-12-01T00:00:00Z,monthly,142.3,142.3,142.3,142.3,,142.3,factor_candle,FRED CSV Gateway mirror of BLS/FRED,learning_only_mirror
CPIAUCSL,1993-01-01,1993-01-01T00:00:00Z,monthly,142.8,142.8,142.8,142.8,,142.8,factor_candle,FRED CSV Gateway mirror of BLS/FRED,learning_only_mirror
CPIAUCSL,1993-02-01,1993-02-01T00:00:00Z,monthly,143.1,143.1,143.1,143.1,,143.1,factor_candle,FRED CSV Gateway mirror of BLS/FRED,learning_only_mirror
CPIAUCSL,1993-03-01,1993-03-01T00:00:00Z,monthly,143.3,143.3,143.3,143.3,,143.3,factor_candle,FRED CSV Gateway mirror of BLS/FRED,learning_only_mirror
CPIAUCSL,1993-04-01,1993-04-01T00:00:00Z,monthly,143.8,143.8,143.8,143.8,,143.8,factor_candle,FRED CSV Gateway mirror of BLS/FRED,learning_only_mirror
CPIAUCSL,1993-05-01,1993-05-01T00:00:00Z,monthly,144.2,144.2,144.2,144.2,,144.2,factor_candle,FRED CSV Gateway mirror of BLS/FRED,learning_only_mirror
CPIAUCSL,1993-06-01,1993-06-01T00:00:00Z,monthly,144.3,144.3,144.3,144.3,,144.3,factor_candle,FRED CSV Gateway mirror of BLS/FRED,learning_only_mirror
CPIAUCSL,1993-07-01,1993-07-01T00:00:00Z,monthly,144.5,144.5,144.5,144.5,,144.5,factor_candle,FRED CSV Gateway mirror of BLS/FRED,learning_only_mirror
CPIAUCSL,1993-08-01,1993-08-01T00:00:00Z,monthly,144.8,144.8,144.8,144.8,,144.8,factor_candle,FRED CSV Gateway mirror of BLS/FRED,learning_only_mirror
CPIAUCSL,1993-09-01,1993-09-01T00:00:00Z,monthly,145.0,145.0,145.0,145.0,,145.0,factor_candle,FRED CSV Gateway mirror of BLS/FRED,learning_only_mirror
CPIAUCSL,1993-10-01,1993-10-01T00:00:00Z,monthly,145.6,145.6,145.6,145.6,,145.6,factor_candle,FRED CSV Gateway mirror of BLS/FRED,learning_only_mirror
CPIAUCSL,1993-11-01,1993-11-01T00:00:00Z,monthly,146.0,146.0,146.0,146.0,,146.0,factor_candle,FRED CSV Gateway mirror of BLS/FRED,learning_only_mirror
CPIAUCSL,1993-12-01,1993-12-01T00:00:00Z,monthly,146.3,146.3,146.3,146.3,,146.3,factor_candle,FRED CSV Gateway mirror of BLS/FRED,learning_only_mirror
CPIAUCSL,1994-01-01,1994-01-01T00:00:00Z,monthly,146.3,146.3,146.3,146.3,,146.3,factor_candle,FRED CSV Gateway mirror of BLS/FRED,learning_only_mirror
CPIAUCSL,1994-02-01,1994-02-01T00:00:00Z,monthly,146.7,146.7,146.7,146.7,,146.7,factor_candle,FRED CSV Gateway mirror of BLS/FRED,learning_only_mirror
CPIAUCSL,1994-03-01,1994-03-01T00:00:00Z,monthly,147.1,147.1,147.1,147.1,,147.1,factor_candle,FRED CSV Gateway mirror of BLS/FRED,learning_only_mirror
CPIAUCSL,1994-04-01,1994-04-01T00:00:00Z,monthly,147.2,147.2,147.2,147.2,,147.2,factor_candle,FRED CSV Gateway mirror of BLS/FRED,learning_only_mirror
CPIAUCSL,1994-05-01,1994-05-01T00:00:00Z,monthly,147.5,147.5,147.5,147.5,,147.5,factor_candle,FRED CSV Gateway mirror of BLS/FRED,learning_only_mirror
CPIAUCSL,1994-06-01,1994-06-01T00:00:00Z,monthly,147.9,147.9,147.9,147.9,,147.9,factor_candle,FRED CSV Gateway mirror of BLS/FRED,learning_only_mirror
CPIAUCSL,1994-07-01,1994-07-01T00:00:00Z,monthly,148.4,148.4,148.4,148.4,,148.4,factor_candle,FRED CSV Gateway mirror of BLS/FRED,learning_only_mirror
CPIAUCSL,1994-08-01,1994-08-01T00:00:00Z,monthly,149.0,149.0,149.0,149.0,,149.0,factor_candle,FRED CSV Gateway mirror of BLS/FRED,learning_only_mirror
CPIAUCSL,1994-09-01,1994-09-01T00:00:00Z,monthly,149.3,149.3,149.3,149.3,,149.3,factor_candle,FRED CSV Gateway mirror of BLS/FRED,learning_only_mirror
CPIAUCSL,1994-10-01,1994-10-01T00:00:00Z,monthly,149.4,149.4,149.4,149.4,,149.4,factor_candle,FRED CSV Gateway mirror of BLS/FRED,learning_only_mirror
CPIAUCSL,1994-11-01,1994-11-01T00:00:00Z,monthly,149.8,149.8,149.8,149.8,,149.8,factor_candle,FRED CSV Gateway mirror of BLS/FRED,learning_only_mirror
CPIAUCSL,1994-12-01,1994-12-01T00:00:00Z,monthly,150.1,150.1,150.1,150.1,,150.1,factor_candle,FRED CSV Gateway mirror of BLS/FRED,learning_only_mirror
CPIAUCSL,1995-01-01,1995-01-01T00:00:00Z,monthly,150.5,150.5,150.5,150.5,,150.5,factor_candle,FRED CSV Gateway mirror of BLS/FRED,learning_only_mirror
CPIAUCSL,1995-02-01,1995-02-01T00:00:00Z,monthly,150.9,150.9,150.9,150.9,,150.9,factor_candle,FRED CSV Gateway mirror of BLS/FRED,learning_only_mirror
CPIAUCSL,1995-03-01,1995-03-01T00:00:00Z,monthly,151.2,151.2,151.2,151.2,,151.2,factor_candle,FRED CSV Gateway mirror of BLS/FRED,learning_only_mirror
CPIAUCSL,1995-04-01,1995-04-01T00:00:00Z,monthly,151.8,151.8,151.8,151.8,,151.8,factor_candle,FRED CSV Gateway mirror of BLS/FRED,learning_only_mirror
CPIAUCSL,1995-05-01,1995-05-01T00:00:00Z,monthly,152.1,152.1,152.1,152.1,,152.1,factor_candle,FRED CSV Gateway mirror of BLS/FRED,learning_only_mirror
CPIAUCSL,1995-06-01,1995-06-01T00:00:00Z,monthly,152.4,152.4,152.4,152.4,,152.4,factor_candle,FRED CSV Gateway mirror of BLS/FRED,learning_only_mirror
CPIAUCSL,1995-07-01,1995-07-01T00:00:00Z,monthly,152.6,152.6,152.6,152.6,,152.6,factor_candle,FRED CSV Gateway mirror of BLS/FRED,learning_only_mirror
CPIAUCSL,1995-08-01,1995-08-01T00:00:00Z,monthly,152.9,152.9,152.9,152.9,,152.9,factor_candle,FRED CSV Gateway mirror of BLS/FRED,learning_only_mirror
CPIAUCSL,1995-09-01,1995-09-01T00:00:00Z,monthly,153.1,153.1,153.1,153.1,,153.1,factor_candle,FRED CSV Gateway mirror of BLS/FRED,learning_only_mirror
CPIAUCSL,1995-10-01,1995-10-01T00:00:00Z,monthly,153.5,153.5,153.5,153.5,,153.5,factor_candle,FRED CSV Gateway mirror of BLS/FRED,learning_only_mirror
CPIAUCSL,1995-11-01,1995-11-01T00:00:00Z,monthly,153.7,153.7,153.7,153.7,,153.7,factor_candle,FRED CSV Gateway mirror of BLS/FRED,learning_only_mirror
CPIAUCSL,1995-12-01,1995-12-01T00:00:00Z,monthly,153.9,153.9,153.9,153.9,,153.9,factor_candle,FRED CSV Gateway mirror of BLS/FRED,learning_only_mirror
CPIAUCSL,1996-01-01,1996-01-01T00:00:00Z,monthly,154.7,154.7,154.7,154.7,,154.7,factor_candle,FRED CSV Gateway mirror of BLS/FRED,learning_only_mirror
CPIAUCSL,1996-02-01,1996-02-01T00:00:00Z,monthly,155.0,155.0,155.0,155.0,,155.0,factor_candle,FRED CSV Gateway mirror of BLS/FRED,learning_only_mirror
CPIAUCSL,1996-03-01,1996-03-01T00:00:00Z,monthly,155.5,155.5,155.5,155.5,,155.5,factor_candle,FRED CSV Gateway mirror of BLS/FRED,learning_only_mirror
CPIAUCSL,1996-04-01,1996-04-01T00:00:00Z,monthly,156.1,156.1,156.1,156.1,,156.1,factor_candle,FRED CSV Gateway mirror of BLS/FRED,learning_only_mirror
CPIAUCSL,1996-05-01,1996-05-01T00:00:00Z,monthly,156.4,156.4,156.4,156.4,,156.4,factor_candle,FRED CSV Gateway mirror of BLS/FRED,learning_only_mirror
CPIAUCSL,1996-06-01,1996-06-01T00:00:00Z,monthly,156.7,156.7,156.7,156.7,,156.7,factor_candle,FRED CSV Gateway mirror of BLS/FRED,learning_only_mirror
CPIAUCSL,1996-07-01,1996-07-01T00:00:00Z,monthly,157.0,157.0,157.0,157.0,,157.0,factor_candle,FRED CSV Gateway mirror of BLS/FRED,learning_only_mirror
CPIAUCSL,1996-08-01,1996-08-01T00:00:00Z,monthly,157.2,157.2,157.2,157.2,,157.2,factor_candle,FRED CSV Gateway mirror of BLS/FRED,learning_only_mirror
CPIAUCSL,1996-09-01,1996-09-01T00:00:00Z,monthly,157.7,157.7,157.7,157.7,,157.7,factor_candle,FRED CSV Gateway mirror of BLS/FRED,learning_only_mirror
CPIAUCSL,1996-10-01,1996-10-01T00:00:00Z,monthly,158.2,158.2,158.2,158.2,,158.2,factor_candle,FRED CSV Gateway mirror of BLS/FRED,learning_only_mirror
CPIAUCSL,1996-11-01,1996-11-01T00:00:00Z,monthly,158.7,158.7,158.7,158.7,,158.7,factor_candle,FRED CSV Gateway mirror of BLS/FRED,learning_only_mirror
CPIAUCSL,1996-12-01,1996-12-01T00:00:00Z,monthly,159.1,159.1,159.1,159.1,,159.1,factor_candle,FRED CSV Gateway mirror of BLS/FRED,learning_only_mirror
CPIAUCSL,1997-01-01,1997-01-01T00:00:00Z,monthly,159.4,159.4,159.4,159.4,,159.4,factor_candle,FRED CSV Gateway mirror of BLS/FRED,learning_only_mirror
CPIAUCSL,1997-02-01,1997-02-01T00:00:00Z,monthly,159.7,159.7,159.7,159.7,,159.7,factor_candle,FRED CSV Gateway mirror of BLS/FRED,learning_only_mirror
CPIAUCSL,1997-03-01,1997-03-01T00:00:00Z,monthly,159.8,159.8,159.8,159.8,,159.8,factor_candle,FRED CSV Gateway mirror of BLS/FRED,learning_only_mirror
CPIAUCSL,1997-04-01,1997-04-01T00:00:00Z,monthly,159.9,159.9,159.9,159.9,,159.9,factor_candle,FRED CSV Gateway mirror of BLS/FRED,learning_only_mirror
CPIAUCSL,1997-05-01,1997-05-01T00:00:00Z,monthly,159.9,159.9,159.9,159.9,,159.9,factor_candle,FRED CSV Gateway mirror of BLS/FRED,learning_only_mirror
CPIAUCSL,1997-06-01,1997-06-01T00:00:00Z,monthly,160.2,160.2,160.2,160.2,,160.2,factor_candle,FRED CSV Gateway mirror of BLS/FRED,learning_only_mirror
CPIAUCSL,1997-07-01,1997-07-01T00:00:00Z,monthly,160.4,160.4,160.4,160.4,,160.4,factor_candle,FRED CSV Gateway mirror of BLS/FRED,learning_only_mirror
CPIAUCSL,1997-08-01,1997-08-01T00:00:00Z,monthly,160.8,160.8,160.8,160.8,,160.8,factor_candle,FRED CSV Gateway mirror of BLS/FRED,learning_only_mirror
CPIAUCSL,1997-09-01,1997-09-01T00:00:00Z,monthly,161.2,161.2,161.2,161.2,,161.2,factor_candle,FRED CSV Gateway mirror of BLS/FRED,learning_only_mirror
CPIAUCSL,1997-10-01,1997-10-01T00:00:00Z,monthly,161.5,161.5,161.5,161.5,,161.5,factor_candle,FRED CSV Gateway mirror of BLS/FRED,learning_only_mirror
CPIAUCSL,1997-11-01,1997-11-01T00:00:00Z,monthly,161.7,161.7,161.7,161.7,,161.7,factor_candle,FRED CSV Gateway mirror of BLS/FRED,learning_only_mirror
CPIAUCSL,1997-12-01,1997-12-01T00:00:00Z,monthly,161.8,161.8,161.8,161.8,,161.8,factor_candle,FRED CSV Gateway mirror of BLS/FRED,learning_only_mirror
CPIAUCSL,1998-01-01,1998-01-01T00:00:00Z,monthly,162.0,162.0,162.0,162.0,,162.0,factor_candle,FRED CSV Gateway mirror of BLS/FRED,learning_only_mirror
CPIAUCSL,1998-02-01,1998-02-01T00:00:00Z,monthly,162.0,162.0,162.0,162.0,,162.0,factor_candle,FRED CSV Gateway mirror of BLS/FRED,learning_only_mirror
CPIAUCSL,1998-03-01,1998-03-01T00:00:00Z,monthly,162.0,162.0,162.0,162.0,,162.0,factor_candle,FRED CSV Gateway mirror of BLS/FRED,learning_only_mirror
CPIAUCSL,1998-04-01,1998-04-01T00:00:00Z,monthly,162.2,162.2,162.2,162.2,,162.2,factor_candle,FRED CSV Gateway mirror of BLS/FRED,learning_only_mirror
CPIAUCSL,1998-05-01,1998-05-01T00:00:00Z,monthly,162.6,162.6,162.6,162.6,,162.6,factor_candle,FRED CSV Gateway mirror of BLS/FRED,learning_only_mirror
CPIAUCSL,1998-06-01,1998-06-01T00:00:00Z,monthly,162.8,162.8,162.8,162.8,,162.8,factor_candle,FRED CSV Gateway mirror of BLS/FRED,learning_only_mirror
CPIAUCSL,1998-07-01,1998-07-01T00:00:00Z,monthly,163.2,163.2,163.2,163.2,,163.2,factor_candle,FRED CSV Gateway mirror of BLS/FRED,learning_only_mirror
CPIAUCSL,1998-08-01,1998-08-01T00:00:00Z,monthly,163.4,163.4,163.4,163.4,,163.4,factor_candle,FRED CSV Gateway mirror of BLS/FRED,learning_only_mirror
CPIAUCSL,1998-09-01,1998-09-01T00:00:00Z,monthly,163.5,163.5,163.5,163.5,,163.5,factor_candle,FRED CSV Gateway mirror of BLS/FRED,learning_only_mirror
CPIAUCSL,1998-10-01,1998-10-01T00:00:00Z,monthly,163.9,163.9,163.9,163.9,,163.9,factor_candle,FRED CSV Gateway mirror of BLS/FRED,learning_only_mirror
CPIAUCSL,1998-11-01,1998-11-01T00:00:00Z,monthly,164.1,164.1,164.1,164.1,,164.1,factor_candle,FRED CSV Gateway mirror of BLS/FRED,learning_only_mirror
CPIAUCSL,1998-12-01,1998-12-01T00:00:00Z,monthly,164.4,164.4,164.4,164.4,,164.4,factor_candle,FRED CSV Gateway mirror of BLS/FRED,learning_only_mirror
CPIAUCSL,1999-01-01,1999-01-01T00:00:00Z,monthly,164.7,164.7,164.7,164.7,,164.7,factor_candle,FRED CSV Gateway mirror of BLS/FRED,learning_only_mirror
CPIAUCSL,1999-02-01,1999-02-01T00:00:00Z,monthly,164.7,164.7,164.7,164.7,,164.7,factor_candle,FRED CSV Gateway mirror of BLS/FRED,learning_only_mirror
CPIAUCSL,1999-03-01,1999-03-01T00:00:00Z,monthly,164.8,164.8,164.8,164.8,,164.8,factor_candle,FRED CSV Gateway mirror of BLS/FRED,learning_only_mirror
CPIAUCSL,1999-04-01,1999-04-01T00:00:00Z,monthly,165.9,165.9,165.9,165.9,,165.9,factor_candle,FRED CSV Gateway mirror of BLS/FRED,learning_only_mirror
CPIAUCSL,1999-05-01,1999-05-01T00:00:00Z,monthly,166.0,166.0,166.0,166.0,,166.0,factor_candle,FRED CSV Gateway mirror of BLS/FRED,learning_only_mirror
CPIAUCSL,1999-06-01,1999-06-01T00:00:00Z,monthly,166.0,166.0,166.0,166.0,,166.0,factor_candle,FRED CSV Gateway mirror of BLS/FRED,learning_only_mirror
CPIAUCSL,1999-07-01,1999-07-01T00:00:00Z,monthly,166.7,166.7,166.7,166.7,,166.7,factor_candle,FRED CSV Gateway mirror of BLS/FRED,learning_only_mirror
CPIAUCSL,1999-08-01,1999-08-01T00:00:00Z,monthly,167.1,167.1,167.1,167.1,,167.1,factor_candle,FRED CSV Gateway mirror of BLS/FRED,learning_only_mirror
CPIAUCSL,1999-09-01,1999-09-01T00:00:00Z,monthly,167.8,167.8,167.8,167.8,,167.8,factor_candle,FRED CSV Gateway mirror of BLS/FRED,learning_only_mirror
CPIAUCSL,1999-10-01,1999-10-01T00:00:00Z,monthly,168.1,168.1,168.1,168.1,,168.1,factor_candle,FRED CSV Gateway mirror of BLS/FRED,learning_only_mirror
CPIAUCSL,1999-11-01,1999-11-01T00:00:00Z,monthly,168.4,168.4,168.4,168.4,,168.4,factor_candle,FRED CSV Gateway mirror of BLS/FRED,learning_only_mirror
CPIAUCSL,1999-12-01,1999-12-01T00:00:00Z,monthly,168.8,168.8,168.8,168.8,,168.8,factor_candle,FRED CSV Gateway mirror of BLS/FRED,learning_only_mirror
CPIAUCSL,2000-01-01,2000-01-01T00:00:00Z,monthly,169.3,169.3,169.3,169.3,,169.3,factor_candle,FRED CSV Gateway mirror of BLS/FRED,learning_only_mirror
CPIAUCSL,2000-02-01,2000-02-01T00:00:00Z,monthly,170.0,170.0,170.0,170.0,,170.0,factor_candle,FRED CSV Gateway mirror of BLS/FRED,learning_only_mirror
CPIAUCSL,2000-03-01,2000-03-01T00:00:00Z,monthly,171.0,171.0,171.0,171.0,,171.0,factor_candle,FRED CSV Gateway mirror of BLS/FRED,learning_only_mirror
CPIAUCSL,2000-04-01,2000-04-01T00:00:00Z,monthly,170.9,170.9,170.9,170.9,,170.9,factor_candle,FRED CSV Gateway mirror of BLS/FRED,learning_only_mirror
CPIAUCSL,2000-05-01,2000-05-01T00:00:00Z,monthly,171.2,171.2,171.2,171.2,,171.2,factor_candle,FRED CSV Gateway mirror of BLS/FRED,learning_only_mirror
CPIAUCSL,2000-06-01,2000-06-01T00:00:00Z,monthly,172.2,172.2,172.2,172.2,,172.2,factor_candle,FRED CSV Gateway mirror of BLS/FRED,learning_only_mirror
CPIAUCSL,2000-07-01,2000-07-01T00:00:00Z,monthly,172.7,172.7,172.7,172.7,,172.7,factor_candle,FRED CSV Gateway mirror of BLS/FRED,learning_only_mirror
CPIAUCSL,2000-08-01,2000-08-01T00:00:00Z,monthly,172.7,172.7,172.7,172.7,,172.7,factor_candle,FRED CSV Gateway mirror of BLS/FRED,learning_only_mirror
CPIAUCSL,2000-09-01,2000-09-01T00:00:00Z,monthly,173.6,173.6,173.6,173.6,,173.6,factor_candle,FRED CSV Gateway mirror of BLS/FRED,learning_only_mirror
CPIAUCSL,2000-10-01,2000-10-01T00:00:00Z,monthly,173.9,173.9,173.9,173.9,,173.9,factor_candle,FRED CSV Gateway mirror of BLS/FRED,learning_only_mirror
CPIAUCSL,2000-11-01,2000-11-01T00:00:00Z,monthly,174.2,174.2,174.2,174.2,,174.2,factor_candle,FRED CSV Gateway mirror of BLS/FRED,learning_only_mirror
CPIAUCSL,2000-12-01,2000-12-01T00:00:00Z,monthly,174.6,174.6,174.6,174.6,,174.6,factor_candle,FRED CSV Gateway mirror of BLS/FRED,learning_only_mirror
CPIAUCSL,2001-01-01,2001-01-01T00:00:00Z,monthly,175.6,175.6,175.6,175.6,,175.6,factor_candle,FRED CSV Gateway mirror of BLS/FRED,learning_only_mirror
CPIAUCSL,2001-02-01,2001-02-01T00:00:00Z,monthly,176.0,176.0,176.0,176.0,,176.0,factor_candle,FRED CSV Gateway mirror of BLS/FRED,learning_only_mirror
CPIAUCSL,2001-03-01,2001-03-01T00:00:00Z,monthly,176.1,176.1,176.1,176.1,,176.1,factor_candle,FRED CSV Gateway mirror of BLS/FRED,learning_only_mirror
CPIAUCSL,2001-04-01,2001-04-01T00:00:00Z,monthly,176.4,176.4,176.4,176.4,,176.4,factor_candle,FRED CSV Gateway mirror of BLS/FRED,learning_only_mirror
CPIAUCSL,2001-05-01,2001-05-01T00:00:00Z,monthly,177.3,177.3,177.3,177.3,,177.3,factor_candle,FRED CSV Gateway mirror of BLS/FRED,learning_only_mirror
CPIAUCSL,2001-06-01,2001-06-01T00:00:00Z,monthly,177.7,177.7,177.7,177.7,,177.7,factor_candle,FRED CSV Gateway mirror of BLS/FRED,learning_only_mirror
CPIAUCSL,2001-07-01,2001-07-01T00:00:00Z,monthly,177.4,177.4,177.4,177.4,,177.4,factor_candle,FRED CSV Gateway mirror of BLS/FRED,learning_only_mirror
CPIAUCSL,2001-08-01,2001-08-01T00:00:00Z,monthly,177.4,177.4,177.4,177.4,,177.4,factor_candle,FRED CSV Gateway mirror of BLS/FRED,learning_only_mirror
CPIAUCSL,2001-09-01,2001-09-01T00:00:00Z,monthly,178.1,178.1,178.1,178.1,,178.1,factor_candle,FRED CSV Gateway mirror of BLS/FRED,learning_only_mirror
CPIAUCSL,2001-10-01,2001-10-01T00:00:00Z,monthly,177.6,177.6,177.6,177.6,,177.6,factor_candle,FRED CSV Gateway mirror of BLS/FRED,learning_only_mirror
CPIAUCSL,2001-11-01,2001-11-01T00:00:00Z,monthly,177.5,177.5,177.5,177.5,,177.5,factor_candle,FRED CSV Gateway mirror of BLS/FRED,learning_only_mirror
CPIAUCSL,2001-12-01,2001-12-01T00:00:00Z,monthly,177.4,177.4,177.4,177.4,,177.4,factor_candle,FRED CSV Gateway mirror of BLS/FRED,learning_only_mirror
CPIAUCSL,2002-01-01,2002-01-01T00:00:00Z,monthly,177.7,177.7,177.7,177.7,,177.7,factor_candle,FRED CSV Gateway mirror of BLS/FRED,learning_only_mirror
CPIAUCSL,2002-02-01,2002-02-01T00:00:00Z,monthly,178.0,178.0,178.0,178.0,,178.0,factor_candle,FRED CSV Gateway mirror of BLS/FRED,learning_only_mirror
CPIAUCSL,2002-03-01,2002-03-01T00:00:00Z,monthly,178.5,178.5,178.5,178.5,,178.5,factor_candle,FRED CSV Gateway mirror of BLS/FRED,learning_only_mirror
CPIAUCSL,2002-04-01,2002-04-01T00:00:00Z,monthly,179.3,179.3,179.3,179.3,,179.3,factor_candle,FRED CSV Gateway mirror of BLS/FRED,learning_only_mirror
CPIAUCSL,2002-05-01,2002-05-01T00:00:00Z,monthly,179.5,179.5,179.5,179.5,,179.5,factor_candle,FRED CSV Gateway mirror of BLS/FRED,learning_only_mirror
CPIAUCSL,2002-06-01,2002-06-01T00:00:00Z,monthly,179.6,179.6,179.6,179.6,,179.6,factor_candle,FRED CSV Gateway mirror of BLS/FRED,learning_only_mirror
CPIAUCSL,2002-07-01,2002-07-01T00:00:00Z,monthly,180.0,180.0,180.0,180.0,,180.0,factor_candle,FRED CSV Gateway mirror of BLS/FRED,learning_only_mirror
CPIAUCSL,2002-08-01,2002-08-01T00:00:00Z,monthly,180.5,180.5,180.5,180.5,,180.5,factor_candle,FRED CSV Gateway mirror of BLS/FRED,learning_only_mirror
CPIAUCSL,2002-09-01,2002-09-01T00:00:00Z,monthly,180.8,180.8,180.8,180.8,,180.8,factor_candle,FRED CSV Gateway mirror of BLS/FRED,learning_only_mirror
CPIAUCSL,2002-10-01,2002-10-01T00:00:00Z,monthly,181.2,181.2,181.2,181.2,,181.2,factor_candle,FRED CSV Gateway mirror of BLS/FRED,learning_only_mirror
CPIAUCSL,2002-11-01,2002-11-01T00:00:00Z,monthly,181.5,181.5,181.5,181.5,,181.5,factor_candle,FRED CSV Gateway mirror of BLS/FRED,learning_only_mirror
CPIAUCSL,2002-12-01,2002-12-01T00:00:00Z,monthly,181.8,181.8,181.8,181.8,,181.8,factor_candle,FRED CSV Gateway mirror of BLS/FRED,learning_only_mirror
CPIAUCSL,2003-01-01,2003-01-01T00:00:00Z,monthly,182.6,182.6,182.6,182.6,,182.6,factor_candle,FRED CSV Gateway mirror of BLS/FRED,learning_only_mirror
CPIAUCSL,2003-02-01,2003-02-01T00:00:00Z,monthly,183.6,183.6,183.6,183.6,,183.6,factor_candle,FRED CSV Gateway mirror of BLS/FRED,learning_only_mirror
CPIAUCSL,2003-03-01,2003-03-01T00:00:00Z,monthly,183.9,183.9,183.9,183.9,,183.9,factor_candle,FRED CSV Gateway mirror of BLS/FRED,learning_only_mirror
CPIAUCSL,2003-04-01,2003-04-01T00:00:00Z,monthly,183.2,183.2,183.2,183.2,,183.2,factor_candle,FRED CSV Gateway mirror of BLS/FRED,learning_only_mirror
CPIAUCSL,2003-05-01,2003-05-01T00:00:00Z,monthly,182.9,182.9,182.9,182.9,,182.9,factor_candle,FRED CSV Gateway mirror of BLS/FRED,learning_only_mirror
CPIAUCSL,2003-06-01,2003-06-01T00:00:00Z,monthly,183.1,183.1,183.1,183.1,,183.1,factor_candle,FRED CSV Gateway mirror of BLS/FRED,learning_only_mirror
CPIAUCSL,2003-07-01,2003-07-01T00:00:00Z,monthly,183.7,183.7,183.7,183.7,,183.7,factor_candle,FRED CSV Gateway mirror of BLS/FRED,learning_only_mirror
CPIAUCSL,2003-08-01,2003-08-01T00:00:00Z,monthly,184.5,184.5,184.5,184.5,,184.5,factor_candle,FRED CSV Gateway mirror of BLS/FRED,learning_only_mirror
CPIAUCSL,2003-09-01,2003-09-01T00:00:00Z,monthly,185.1,185.1,185.1,185.1,,185.1,factor_candle,FRED CSV Gateway mirror of BLS/FRED,learning_only_mirror
CPIAUCSL,2003-10-01,2003-10-01T00:00:00Z,monthly,184.9,184.9,184.9,184.9,,184.9,factor_candle,FRED CSV Gateway mirror of BLS/FRED,learning_only_mirror
CPIAUCSL,2003-11-01,2003-11-01T00:00:00Z,monthly,185.0,185.0,185.0,185.0,,185.0,factor_candle,FRED CSV Gateway mirror of BLS/FRED,learning_only_mirror
CPIAUCSL,2003-12-01,2003-12-01T00:00:00Z,monthly,185.5,185.5,185.5,185.5,,185.5,factor_candle,FRED CSV Gateway mirror of BLS/FRED,learning_only_mirror
CPIAUCSL,2004-01-01,2004-01-01T00:00:00Z,monthly,186.3,186.3,186.3,186.3,,186.3,factor_candle,FRED CSV Gateway mirror of BLS/FRED,learning_only_mirror
CPIAUCSL,2004-02-01,2004-02-01T00:00:00Z,monthly,186.7,186.7,186.7,186.7,,186.7,factor_candle,FRED CSV Gateway mirror of BLS/FRED,learning_only_mirror
CPIAUCSL,2004-03-01,2004-03-01T00:00:00Z,monthly,187.1,187.1,187.1,187.1,,187.1,factor_candle,FRED CSV Gateway mirror of BLS/FRED,learning_only_mirror
CPIAUCSL,2004-04-01,2004-04-01T00:00:00Z,monthly,187.4,187.4,187.4,187.4,,187.4,factor_candle,FRED CSV Gateway mirror of BLS/FRED,learning_only_mirror
CPIAUCSL,2004-05-01,2004-05-01T00:00:00Z,monthly,188.2,188.2,188.2,188.2,,188.2,factor_candle,FRED CSV Gateway mirror of BLS/FRED,learning_only_mirror
CPIAUCSL,2004-06-01,2004-06-01T00:00:00Z,monthly,188.9,188.9,188.9,188.9,,188.9,factor_candle,FRED CSV Gateway mirror of BLS/FRED,learning_only_mirror
CPIAUCSL,2004-07-01,2004-07-01T00:00:00Z,monthly,189.1,189.1,189.1,189.1,,189.1,factor_candle,FRED CSV Gateway mirror of BLS/FRED,learning_only_mirror
CPIAUCSL,2004-08-01,2004-08-01T00:00:00Z,monthly,189.2,189.2,189.2,189.2,,189.2,factor_candle,FRED CSV Gateway mirror of BLS/FRED,learning_only_mirror
CPIAUCSL,2004-09-01,2004-09-01T00:00:00Z,monthly,189.8,189.8,189.8,189.8,,189.8,factor_candle,FRED CSV Gateway mirror of BLS/FRED,learning_only_mirror
CPIAUCSL,2004-10-01,2004-10-01T00:00:00Z,monthly,190.8,190.8,190.8,190.8,,190.8,factor_candle,FRED CSV Gateway mirror of BLS/FRED,learning_only_mirror
CPIAUCSL,2004-11-01,2004-11-01T00:00:00Z,monthly,191.7,191.7,191.7,191.7,,191.7,factor_candle,FRED CSV Gateway mirror of BLS/FRED,learning_only_mirror
CPIAUCSL,2004-12-01,2004-12-01T00:00:00Z,monthly,191.7,191.7,191.7,191.7,,191.7,factor_candle,FRED CSV Gateway mirror of BLS/FRED,learning_only_mirror
CPIAUCSL,2005-01-01,2005-01-01T00:00:00Z,monthly,191.6,191.6,191.6,191.6,,191.6,factor_candle,FRED CSV Gateway mirror of BLS/FRED,learning_only_mirror
CPIAUCSL,2005-02-01,2005-02-01T00:00:00Z,monthly,192.4,192.4,192.4,192.4,,192.4,factor_candle,FRED CSV Gateway mirror of BLS/FRED,learning_only_mirror
CPIAUCSL,2005-03-01,2005-03-01T00:00:00Z,monthly,193.1,193.1,193.1,193.1,,193.1,factor_candle,FRED CSV Gateway mirror of BLS/FRED,learning_only_mirror
CPIAUCSL,2005-04-01,2005-04-01T00:00:00Z,monthly,193.7,193.7,193.7,193.7,,193.7,factor_candle,FRED CSV Gateway mirror of BLS/FRED,learning_only_mirror
CPIAUCSL,2005-05-01,2005-05-01T00:00:00Z,monthly,193.6,193.6,193.6,193.6,,193.6,factor_candle,FRED CSV Gateway mirror of BLS/FRED,learning_only_mirror
CPIAUCSL,2005-06-01,2005-06-01T00:00:00Z,monthly,193.7,193.7,193.7,193.7,,193.7,factor_candle,FRED CSV Gateway mirror of BLS/FRED,learning_only_mirror
CPIAUCSL,2005-07-01,2005-07-01T00:00:00Z,monthly,194.9,194.9,194.9,194.9,,194.9,factor_candle,FRED CSV Gateway mirror of BLS/FRED,learning_only_mirror
CPIAUCSL,2005-08-01,2005-08-01T00:00:00Z,monthly,196.1,196.1,196.1,196.1,,196.1,factor_candle,FRED CSV Gateway mirror of BLS/FRED,learning_only_mirror
CPIAUCSL,2005-09-01,2005-09-01T00:00:00Z,monthly,198.8,198.8,198.8,198.8,,198.8,factor_candle,FRED CSV Gateway mirror of BLS/FRED,learning_only_mirror
CPIAUCSL,2005-10-01,2005-10-01T00:00:00Z,monthly,199.1,199.1,199.1,199.1,,199.1,factor_candle,FRED CSV Gateway mirror of BLS/FRED,learning_only_mirror
CPIAUCSL,2005-11-01,2005-11-01T00:00:00Z,monthly,198.1,198.1,198.1,198.1,,198.1,factor_candle,FRED CSV Gateway mirror of BLS/FRED,learning_only_mirror
CPIAUCSL,2005-12-01,2005-12-01T00:00:00Z,monthly,198.1,198.1,198.1,198.1,,198.1,factor_candle,FRED CSV Gateway mirror of BLS/FRED,learning_only_mirror
CPIAUCSL,2006-01-01,2006-01-01T00:00:00Z,monthly,199.3,199.3,199.3,199.3,,199.3,factor_candle,FRED CSV Gateway mirror of BLS/FRED,learning_only_mirror
CPIAUCSL,2006-02-01,2006-02-01T00:00:00Z,monthly,199.4,199.4,199.4,199.4,,199.4,factor_candle,FRED CSV Gateway mirror of BLS/FRED,learning_only_mirror
CPIAUCSL,2006-03-01,2006-03-01T00:00:00Z,monthly,199.7,199.7,199.7,199.7,,199.7,factor_candle,FRED CSV Gateway mirror of BLS/FRED,learning_only_mirror
CPIAUCSL,2006-04-01,2006-04-01T00:00:00Z,monthly,200.7,200.7,200.7,200.7,,200.7,factor_candle,FRED CSV Gateway mirror of BLS/FRED,learning_only_mirror
CPIAUCSL,2006-05-01,2006-05-01T00:00:00Z,monthly,201.3,201.3,201.3,201.3,,201.3,factor_candle,FRED CSV Gateway mirror of BLS/FRED,learning_only_mirror
CPIAUCSL,2006-06-01,2006-06-01T00:00:00Z,monthly,201.8,201.8,201.8,201.8,,201.8,factor_candle,FRED CSV Gateway mirror of BLS/FRED,learning_only_mirror
CPIAUCSL,2006-07-01,2006-07-01T00:00:00Z,monthly,202.9,202.9,202.9,202.9,,202.9,factor_candle,FRED CSV Gateway mirror of BLS/FRED,learning_only_mirror
CPIAUCSL,2006-08-01,2006-08-01T00:00:00Z,monthly,203.8,203.8,203.8,203.8,,203.8,factor_candle,FRED CSV Gateway mirror of BLS/FRED,learning_only_mirror
CPIAUCSL,2006-09-01,2006-09-01T00:00:00Z,monthly,202.8,202.8,202.8,202.8,,202.8,factor_candle,FRED CSV Gateway mirror of BLS/FRED,learning_only_mirror
CPIAUCSL,2006-10-01,2006-10-01T00:00:00Z,monthly,201.9,201.9,201.9,201.9,,201.9,factor_candle,FRED CSV Gateway mirror of BLS/FRED,learning_only_mirror
CPIAUCSL,2006-11-01,2006-11-01T00:00:00Z,monthly,202.0,202.0,202.0,202.0,,202.0,factor_candle,FRED CSV Gateway mirror of BLS/FRED,learning_only_mirror
CPIAUCSL,2006-12-01,2006-12-01T00:00:00Z,monthly,203.1,203.1,203.1,203.1,,203.1,factor_candle,FRED CSV Gateway mirror of BLS/FRED,learning_only_mirror
CPIAUCSL,2007-01-01,2007-01-01T00:00:00Z,monthly,203.437,203.437,203.437,203.437,,203.437,factor_candle,FRED CSV Gateway mirror of BLS/FRED,learning_only_mirror
CPIAUCSL,2007-02-01,2007-02-01T00:00:00Z,monthly,204.226,204.226,204.226,204.226,,204.226,factor_candle,FRED CSV Gateway mirror of BLS/FRED,learning_only_mirror
CPIAUCSL,2007-03-01,2007-03-01T00:00:00Z,monthly,205.288,205.288,205.288,205.288,,205.288,factor_candle,FRED CSV Gateway mirror of BLS/FRED,learning_only_mirror
CPIAUCSL,2007-04-01,2007-04-01T00:00:00Z,monthly,205.904,205.904,205.904,205.904,,205.904,factor_candle,FRED CSV Gateway mirror of BLS/FRED,learning_only_mirror
CPIAUCSL,2007-05-01,2007-05-01T00:00:00Z,monthly,206.755,206.755,206.755,206.755,,206.755,factor_candle,FRED CSV Gateway mirror of BLS/FRED,learning_only_mirror
CPIAUCSL,2007-06-01,2007-06-01T00:00:00Z,monthly,207.234,207.234,207.234,207.234,,207.234,factor_candle,FRED CSV Gateway mirror of BLS/FRED,learning_only_mirror
CPIAUCSL,2007-07-01,2007-07-01T00:00:00Z,monthly,207.603,207.603,207.603,207.603,,207.603,factor_candle,FRED CSV Gateway mirror of BLS/FRED,learning_only_mirror
CPIAUCSL,2007-08-01,2007-08-01T00:00:00Z,monthly,207.667,207.667,207.667,207.667,,207.667,factor_candle,FRED CSV Gateway mirror of BLS/FRED,learning_only_mirror
CPIAUCSL,2007-09-01,2007-09-01T00:00:00Z,monthly,208.547,208.547,208.547,208.547,,208.547,factor_candle,FRED CSV Gateway mirror of BLS/FRED,learning_only_mirror
CPIAUCSL,2007-10-01,2007-10-01T00:00:00Z,monthly,209.19,209.19,209.19,209.19,,209.19,factor_candle,FRED CSV Gateway mirror of BLS/FRED,learning_only_mirror
CPIAUCSL,2007-11-01,2007-11-01T00:00:00Z,monthly,210.834,210.834,210.834,210.834,,210.834,factor_candle,FRED CSV Gateway mirror of BLS/FRED,learning_only_mirror
CPIAUCSL,2007-12-01,2007-12-01T00:00:00Z,monthly,211.445,211.445,211.445,211.445,,211.445,factor_candle,FRED CSV Gateway mirror of BLS/FRED,learning_only_mirror
CPIAUCSL,2008-01-01,2008-01-01T00:00:00Z,monthly,212.174,212.174,212.174,212.174,,212.174,factor_candle,FRED CSV Gateway mirror of BLS/FRED,learning_only_mirror
CPIAUCSL,2008-02-01,2008-02-01T00:00:00Z,monthly,212.687,212.687,212.687,212.687,,212.687,factor_candle,FRED CSV Gateway mirror of BLS/FRED,learning_only_mirror
CPIAUCSL,2008-03-01,2008-03-01T00:00:00Z,monthly,213.448,213.448,213.448,213.448,,213.448,factor_candle,FRED CSV Gateway mirror of BLS/FRED,learning_only_mirror
CPIAUCSL,2008-04-01,2008-04-01T00:00:00Z,monthly,213.942,213.942,213.942,213.942,,213.942,factor_candle,FRED CSV Gateway mirror of BLS/FRED,learning_only_mirror
CPIAUCSL,2008-05-01,2008-05-01T00:00:00Z,monthly,215.208,215.208,215.208,215.208,,215.208,factor_candle,FRED CSV Gateway mirror of BLS/FRED,learning_only_mirror
CPIAUCSL,2008-06-01,2008-06-01T00:00:00Z,monthly,217.463,217.463,217.463,217.463,,217.463,factor_candle,FRED CSV Gateway mirror of BLS/FRED,learning_only_mirror
CPIAUCSL,2008-07-01,2008-07-01T00:00:00Z,monthly,219.016,219.016,219.016,219.016,,219.016,factor_candle,FRED CSV Gateway mirror of BLS/FRED,learning_only_mirror
CPIAUCSL,2008-08-01,2008-08-01T00:00:00Z,monthly,218.69,218.69,218.69,218.69,,218.69,factor_candle,FRED CSV Gateway mirror of BLS/FRED,learning_only_mirror
CPIAUCSL,2008-09-01,2008-09-01T00:00:00Z,monthly,218.877,218.877,218.877,218.877,,218.877,factor_candle,FRED CSV Gateway mirror of BLS/FRED,learning_only_mirror
CPIAUCSL,2008-10-01,2008-10-01T00:00:00Z,monthly,216.995,216.995,216.995,216.995,,216.995,factor_candle,FRED CSV Gateway mirror of BLS/FRED,learning_only_mirror
CPIAUCSL,2008-11-01,2008-11-01T00:00:00Z,monthly,213.153,213.153,213.153,213.153,,213.153,factor_candle,FRED CSV Gateway mirror of BLS/FRED,learning_only_mirror
CPIAUCSL,2008-12-01,2008-12-01T00:00:00Z,monthly,211.398,211.398,211.398,211.398,,211.398,factor_candle,FRED CSV Gateway mirror of BLS/FRED,learning_only_mirror
CPIAUCSL,2009-01-01,2009-01-01T00:00:00Z,monthly,211.933,211.933,211.933,211.933,,211.933,factor_candle,FRED CSV Gateway mirror of BLS/FRED,learning_only_mirror
CPIAUCSL,2009-02-01,2009-02-01T00:00:00Z,monthly,212.705,212.705,212.705,212.705,,212.705,factor_candle,FRED CSV Gateway mirror of BLS/FRED,learning_only_mirror
CPIAUCSL,2009-03-01,2009-03-01T00:00:00Z,monthly,212.495,212.495,212.495,212.495,,212.495,factor_candle,FRED CSV Gateway mirror of BLS/FRED,learning_only_mirror
CPIAUCSL,2009-04-01,2009-04-01T00:00:00Z,monthly,212.709,212.709,212.709,212.709,,212.709,factor_candle,FRED CSV Gateway mirror of BLS/FRED,learning_only_mirror
CPIAUCSL,2009-05-01,2009-05-01T00:00:00Z,monthly,213.022,213.022,213.022,213.022,,213.022,factor_candle,FRED CSV Gateway mirror of BLS/FRED,learning_only_mirror
CPIAUCSL,2009-06-01,2009-06-01T00:00:00Z,monthly,214.79,214.79,214.79,214.79,,214.79,factor_candle,FRED CSV Gateway mirror of BLS/FRED,learning_only_mirror
CPIAUCSL,2009-07-01,2009-07-01T00:00:00Z,monthly,214.726,214.726,214.726,214.726,,214.726,factor_candle,FRED CSV Gateway mirror of BLS/FRED,learning_only_mirror
CPIAUCSL,2009-08-01,2009-08-01T00:00:00Z,monthly,215.445,215.445,215.445,215.445,,215.445,factor_candle,FRED CSV Gateway mirror of BLS/FRED,learning_only_mirror
CPIAUCSL,2009-09-01,2009-09-01T00:00:00Z,monthly,215.861,215.861,215.861,215.861,,215.861,factor_candle,FRED CSV Gateway mirror of BLS/FRED,learning_only_mirror
CPIAUCSL,2009-10-01,2009-10-01T00:00:00Z,monthly,216.509,216.509,216.509,216.509,,216.509,factor_candle,FRED CSV Gateway mirror of BLS/FRED,learning_only_mirror
CPIAUCSL,2009-11-01,2009-11-01T00:00:00Z,monthly,217.234,217.234,217.234,217.234,,217.234,factor_candle,FRED CSV Gateway mirror of BLS/FRED,learning_only_mirror
CPIAUCSL,2009-12-01,2009-12-01T00:00:00Z,monthly,217.347,217.347,217.347,217.347,,217.347,factor_candle,FRED CSV Gateway mirror of BLS/FRED,learning_only_mirror
CPIAUCSL,2010-01-01,2010-01-01T00:00:00Z,monthly,217.488,217.488,217.488,217.488,,217.488,factor_candle,FRED CSV Gateway mirror of BLS/FRED,learning_only_mirror
CPIAUCSL,2010-02-01,2010-02-01T00:00:00Z,monthly,217.281,217.281,217.281,217.281,,217.281,factor_candle,FRED CSV Gateway mirror of BLS/FRED,learning_only_mirror
CPIAUCSL,2010-03-01,2010-03-01T00:00:00Z,monthly,217.353,217.353,217.353,217.353,,217.353,factor_candle,FRED CSV Gateway mirror of BLS/FRED,learning_only_mirror
CPIAUCSL,2010-04-01,2010-04-01T00:00:00Z,monthly,217.403,217.403,217.403,217.403,,217.403,factor_candle,FRED CSV Gateway mirror of BLS/FRED,learning_only_mirror
CPIAUCSL,2010-05-01,2010-05-01T00:00:00Z,monthly,217.29,217.29,217.29,217.29,,217.29,factor_candle,FRED CSV Gateway mirror of BLS/FRED,learning_only_mirror
CPIAUCSL,2010-06-01,2010-06-01T00:00:00Z,monthly,217.199,217.199,217.199,217.199,,217.199,factor_candle,FRED CSV Gateway mirror of BLS/FRED,learning_only_mirror
CPIAUCSL,2010-07-01,2010-07-01T00:00:00Z,monthly,217.605,217.605,217.605,217.605,,217.605,factor_candle,FRED CSV Gateway mirror of BLS/FRED,learning_only_mirror
CPIAUCSL,2010-08-01,2010-08-01T00:00:00Z,monthly,217.923,217.923,217.923,217.923,,217.923,factor_candle,FRED CSV Gateway mirror of BLS/FRED,learning_only_mirror
CPIAUCSL,2010-09-01,2010-09-01T00:00:00Z,monthly,218.275,218.275,218.275,218.275,,218.275,factor_candle,FRED CSV Gateway mirror of BLS/FRED,learning_only_mirror
CPIAUCSL,2010-10-01,2010-10-01T00:00:00Z,monthly,219.035,219.035,219.035,219.035,,219.035,factor_candle,FRED CSV Gateway mirror of BLS/FRED,learning_only_mirror
CPIAUCSL,2010-11-01,2010-11-01T00:00:00Z,monthly,219.59,219.59,219.59,219.59,,219.59,factor_candle,FRED CSV Gateway mirror of BLS/FRED,learning_only_mirror
CPIAUCSL,2010-12-01,2010-12-01T00:00:00Z,monthly,220.472,220.472,220.472,220.472,,220.472,factor_candle,FRED CSV Gateway mirror of BLS/FRED,learning_only_mirror
CPIAUCSL,2011-01-01,2011-01-01T00:00:00Z,monthly,221.187,221.187,221.187,221.187,,221.187,factor_candle,FRED CSV Gateway mirror of BLS/FRED,learning_only_mirror
CPIAUCSL,2011-02-01,2011-02-01T00:00:00Z,monthly,221.898,221.898,221.898,221.898,,221.898,factor_candle,FRED CSV Gateway mirror of BLS/FRED,learning_only_mirror
CPIAUCSL,2011-03-01,2011-03-01T00:00:00Z,monthly,223.046,223.046,223.046,223.046,,223.046,factor_candle,FRED CSV Gateway mirror of BLS/FRED,learning_only_mirror
CPIAUCSL,2011-04-01,2011-04-01T00:00:00Z,monthly,224.093,224.093,224.093,224.093,,224.093,factor_candle,FRED CSV Gateway mirror of BLS/FRED,learning_only_mirror
CPIAUCSL,2011-05-01,2011-05-01T00:00:00Z,monthly,224.806,224.806,224.806,224.806,,224.806,factor_candle,FRED CSV Gateway mirror of BLS/FRED,learning_only_mirror
CPIAUCSL,2011-06-01,2011-06-01T00:00:00Z,monthly,224.806,224.806,224.806,224.806,,224.806,factor_candle,FRED CSV Gateway mirror of BLS/FRED,learning_only_mirror
CPIAUCSL,2011-07-01,2011-07-01T00:00:00Z,monthly,225.395,225.395,225.395,225.395,,225.395,factor_candle,FRED CSV Gateway mirror of BLS/FRED,learning_only_mirror
CPIAUCSL,2011-08-01,2011-08-01T00:00:00Z,monthly,226.106,226.106,226.106,226.106,,226.106,factor_candle,FRED CSV Gateway mirror of BLS/FRED,learning_only_mirror
CPIAUCSL,2011-09-01,2011-09-01T00:00:00Z,monthly,226.597,226.597,226.597,226.597,,226.597,factor_candle,FRED CSV Gateway mirror of BLS/FRED,learning_only_mirror
CPIAUCSL,2011-10-01,2011-10-01T00:00:00Z,monthly,226.75,226.75,226.75,226.75,,226.75,factor_candle,FRED CSV Gateway mirror of BLS/FRED,learning_only_mirror
CPIAUCSL,2011-11-01,2011-11-01T00:00:00Z,monthly,227.169,227.169,227.169,227.169,,227.169,factor_candle,FRED CSV Gateway mirror of BLS/FRED,learning_only_mirror
CPIAUCSL,2011-12-01,2011-12-01T00:00:00Z,monthly,227.223,227.223,227.223,227.223,,227.223,factor_candle,FRED CSV Gateway mirror of BLS/FRED,learning_only_mirror
CPIAUCSL,2012-01-01,2012-01-01T00:00:00Z,monthly,227.842,227.842,227.842,227.842,,227.842,factor_candle,FRED CSV Gateway mirror of BLS/FRED,learning_only_mirror
CPIAUCSL,2012-02-01,2012-02-01T00:00:00Z,monthly,228.329,228.329,228.329,228.329,,228.329,factor_candle,FRED CSV Gateway mirror of BLS/FRED,learning_only_mirror
CPIAUCSL,2012-03-01,2012-03-01T00:00:00Z,monthly,228.807,228.807,228.807,228.807,,228.807,factor_candle,FRED CSV Gateway mirror of BLS/FRED,learning_only_mirror
CPIAUCSL,2012-04-01,2012-04-01T00:00:00Z,monthly,229.187,229.187,229.187,229.187,,229.187,factor_candle,FRED CSV Gateway mirror of BLS/FRED,learning_only_mirror
CPIAUCSL,2012-05-01,2012-05-01T00:00:00Z,monthly,228.713,228.713,228.713,228.713,,228.713,factor_candle,FRED CSV Gateway mirror of BLS/FRED,learning_only_mirror
CPIAUCSL,2012-06-01,2012-06-01T00:00:00Z,monthly,228.524,228.524,228.524,228.524,,228.524,factor_candle,FRED CSV Gateway mirror of BLS/FRED,learning_only_mirror
CPIAUCSL,2012-07-01,2012-07-01T00:00:00Z,monthly,228.59,228.59,228.59,228.59,,228.59,factor_candle,FRED CSV Gateway mirror of BLS/FRED,learning_only_mirror
CPIAUCSL,2012-08-01,2012-08-01T00:00:00Z,monthly,229.918,229.918,229.918,229.918,,229.918,factor_candle,FRED CSV Gateway mirror of BLS/FRED,learning_only_mirror
CPIAUCSL,2012-09-01,2012-09-01T00:00:00Z,monthly,231.015,231.015,231.015,231.015,,231.015,factor_candle,FRED CSV Gateway mirror of BLS/FRED,learning_only_mirror
CPIAUCSL,2012-10-01,2012-10-01T00:00:00Z,monthly,231.638,231.638,231.638,231.638,,231.638,factor_candle,FRED CSV Gateway mirror of BLS/FRED,learning_only_mirror
CPIAUCSL,2012-11-01,2012-11-01T00:00:00Z,monthly,231.249,231.249,231.249,231.249,,231.249,factor_candle,FRED CSV Gateway mirror of BLS/FRED,learning_only_mirror
CPIAUCSL,2012-12-01,2012-12-01T00:00:00Z,monthly,231.221,231.221,231.221,231.221,,231.221,factor_candle,FRED CSV Gateway mirror of BLS/FRED,learning_only_mirror
CPIAUCSL,2013-01-01,2013-01-01T00:00:00Z,monthly,231.679,231.679,231.679,231.679,,231.679,factor_candle,FRED CSV Gateway mirror of BLS/FRED,learning_only_mirror
CPIAUCSL,2013-02-01,2013-02-01T00:00:00Z,monthly,232.937,232.937,232.937,232.937,,232.937,factor_candle,FRED CSV Gateway mirror of BLS/FRED,learning_only_mirror
CPIAUCSL,2013-03-01,2013-03-01T00:00:00Z,monthly,232.282,232.282,232.282,232.282,,232.282,factor_candle,FRED CSV Gateway mirror of BLS/FRED,learning_only_mirror
CPIAUCSL,2013-04-01,2013-04-01T00:00:00Z,monthly,231.797,231.797,231.797,231.797,,231.797,factor_candle,FRED CSV Gateway mirror of BLS/FRED,learning_only_mirror
CPIAUCSL,2013-05-01,2013-05-01T00:00:00Z,monthly,231.893,231.893,231.893,231.893,,231.893,factor_candle,FRED CSV Gateway mirror of BLS/FRED,learning_only_mirror
CPIAUCSL,2013-06-01,2013-06-01T00:00:00Z,monthly,232.445,232.445,232.445,232.445,,232.445,factor_candle,FRED CSV Gateway mirror of BLS/FRED,learning_only_mirror
CPIAUCSL,2013-07-01,2013-07-01T00:00:00Z,monthly,232.9,232.9,232.9,232.9,,232.9,factor_candle,FRED CSV Gateway mirror of BLS/FRED,learning_only_mirror
CPIAUCSL,2013-08-01,2013-08-01T00:00:00Z,monthly,233.456,233.456,233.456,233.456,,233.456,factor_candle,FRED CSV Gateway mirror of BLS/FRED,learning_only_mirror
CPIAUCSL,2013-09-01,2013-09-01T00:00:00Z,monthly,233.544,233.544,233.544,233.544,,233.544,factor_candle,FRED CSV Gateway mirror of BLS/FRED,learning_only_mirror
CPIAUCSL,2013-10-01,2013-10-01T00:00:00Z,monthly,233.669,233.669,233.669,233.669,,233.669,factor_candle,FRED CSV Gateway mirror of BLS/FRED,learning_only_mirror
CPIAUCSL,2013-11-01,2013-11-01T00:00:00Z,monthly,234.1,234.1,234.1,234.1,,234.1,factor_candle,FRED CSV Gateway mirror of BLS/FRED,learning_only_mirror
CPIAUCSL,2013-12-01,2013-12-01T00:00:00Z,monthly,234.719,234.719,234.719,234.719,,234.719,factor_candle,FRED CSV Gateway mirror of BLS/FRED,learning_only_mirror
CPIAUCSL,2014-01-01,2014-01-01T00:00:00Z,monthly,235.288,235.288,235.288,235.288,,235.288,factor_candle,FRED CSV Gateway mirror of BLS/FRED,learning_only_mirror
CPIAUCSL,2014-02-01,2014-02-01T00:00:00Z,monthly,235.547,235.547,235.547,235.547,,235.547,factor_candle,FRED CSV Gateway mirror of BLS/FRED,learning_only_mirror
CPIAUCSL,2014-03-01,2014-03-01T00:00:00Z,monthly,236.028,236.028,236.028,236.028,,236.028,factor_candle,FRED CSV Gateway mirror of BLS/FRED,learning_only_mirror
CPIAUCSL,2014-04-01,2014-04-01T00:00:00Z,monthly,236.468,236.468,236.468,236.468,,236.468,factor_candle,FRED CSV Gateway mirror of BLS/FRED,learning_only_mirror
CPIAUCSL,2014-05-01,2014-05-01T00:00:00Z,monthly,236.918,236.918,236.918,236.918,,236.918,factor_candle,FRED CSV Gateway mirror of BLS/FRED,learning_only_mirror
CPIAUCSL,2014-06-01,2014-06-01T00:00:00Z,monthly,237.231,237.231,237.231,237.231,,237.231,factor_candle,FRED CSV Gateway mirror of BLS/FRED,learning_only_mirror
CPIAUCSL,2014-07-01,2014-07-01T00:00:00Z,monthly,237.498,237.498,237.498,237.498,,237.498,factor_candle,FRED CSV Gateway mirror of BLS/FRED,learning_only_mirror
CPIAUCSL,2014-08-01,2014-08-01T00:00:00Z,monthly,237.46,237.46,237.46,237.46,,237.46,factor_candle,FRED CSV Gateway mirror of BLS/FRED,learning_only_mirror
CPIAUCSL,2014-09-01,2014-09-01T00:00:00Z,monthly,237.477,237.477,237.477,237.477,,237.477,factor_candle,FRED CSV Gateway mirror of BLS/FRED,learning_only_mirror
CPIAUCSL,2014-10-01,2014-10-01T00:00:00Z,monthly,237.43,237.43,237.43,237.43,,237.43,factor_candle,FRED CSV Gateway mirror of BLS/FRED,learning_only_mirror
CPIAUCSL,2014-11-01,2014-11-01T00:00:00Z,monthly,236.983,236.983,236.983,236.983,,236.983,factor_candle,FRED CSV Gateway mirror of BLS/FRED,learning_only_mirror
CPIAUCSL,2014-12-01,2014-12-01T00:00:00Z,monthly,236.252,236.252,236.252,236.252,,236.252,factor_candle,FRED CSV Gateway mirror of BLS/FRED,learning_only_mirror
CPIAUCSL,2015-01-01,2015-01-01T00:00:00Z,monthly,234.747,234.747,234.747,234.747,,234.747,factor_candle,FRED CSV Gateway mirror of BLS/FRED,learning_only_mirror
CPIAUCSL,2015-02-01,2015-02-01T00:00:00Z,monthly,235.342,235.342,235.342,235.342,,235.342,factor_candle,FRED CSV Gateway mirror of BLS/FRED,learning_only_mirror
CPIAUCSL,2015-03-01,2015-03-01T00:00:00Z,monthly,235.976,235.976,235.976,235.976,,235.976,factor_candle,FRED CSV Gateway mirror of BLS/FRED,learning_only_mirror
CPIAUCSL,2015-04-01,2015-04-01T00:00:00Z,monthly,236.222,236.222,236.222,236.222,,236.222,factor_candle,FRED CSV Gateway mirror of BLS/FRED,learning_only_mirror
CPIAUCSL,2015-05-01,2015-05-01T00:00:00Z,monthly,237.001,237.001,237.001,237.001,,237.001,factor_candle,FRED CSV Gateway mirror of BLS/FRED,learning_only_mirror
CPIAUCSL,2015-06-01,2015-06-01T00:00:00Z,monthly,237.657,237.657,237.657,237.657,,237.657,factor_candle,FRED CSV Gateway mirror of BLS/FRED,learning_only_mirror
CPIAUCSL,2015-07-01,2015-07-01T00:00:00Z,monthly,238.034,238.034,238.034,238.034,,238.034,factor_candle,FRED CSV Gateway mirror of BLS/FRED,learning_only_mirror
CPIAUCSL,2015-08-01,2015-08-01T00:00:00Z,monthly,238.033,238.033,238.033,238.033,,238.033,factor_candle,FRED CSV Gateway mirror of BLS/FRED,learning_only_mirror
CPIAUCSL,2015-09-01,2015-09-01T00:00:00Z,monthly,237.498,237.498,237.498,237.498,,237.498,factor_candle,FRED CSV Gateway mirror of BLS/FRED,learning_only_mirror
CPIAUCSL,2015-10-01,2015-10-01T00:00:00Z,monthly,237.733,237.733,237.733,237.733,,237.733,factor_candle,FRED CSV Gateway mirror of BLS/FRED,learning_only_mirror
CPIAUCSL,2015-11-01,2015-11-01T00:00:00Z,monthly,238.017,238.017,238.017,238.017,,238.017,factor_candle,FRED CSV Gateway mirror of BLS/FRED,learning_only_mirror
CPIAUCSL,2015-12-01,2015-12-01T00:00:00Z,monthly,237.761,237.761,237.761,237.761,,237.761,factor_candle,FRED CSV Gateway mirror of BLS/FRED,learning_only_mirror
CPIAUCSL,2016-01-01,2016-01-01T00:00:00Z,monthly,237.652,237.652,237.652,237.652,,237.652,factor_candle,FRED CSV Gateway mirror of BLS/FRED,learning_only_mirror
CPIAUCSL,2016-02-01,2016-02-01T00:00:00Z,monthly,237.336,237.336,237.336,237.336,,237.336,factor_candle,FRED CSV Gateway mirror of BLS/FRED,learning_only_mirror
CPIAUCSL,2016-03-01,2016-03-01T00:00:00Z,monthly,238.08,238.08,238.08,238.08,,238.08,factor_candle,FRED CSV Gateway mirror of BLS/FRED,learning_only_mirror
CPIAUCSL,2016-04-01,2016-04-01T00:00:00Z,monthly,238.992,238.992,238.992,238.992,,238.992,factor_candle,FRED CSV Gateway mirror of BLS/FRED,learning_only_mirror
CPIAUCSL,2016-05-01,2016-05-01T00:00:00Z,monthly,239.557,239.557,239.557,239.557,,239.557,factor_candle,FRED CSV Gateway mirror of BLS/FRED,learning_only_mirror
CPIAUCSL,2016-06-01,2016-06-01T00:00:00Z,monthly,240.222,240.222,240.222,240.222,,240.222,factor_candle,FRED CSV Gateway mirror of BLS/FRED,learning_only_mirror
CPIAUCSL,2016-07-01,2016-07-01T00:00:00Z,monthly,240.101,240.101,240.101,240.101,,240.101,factor_candle,FRED CSV Gateway mirror of BLS/FRED,learning_only_mirror
CPIAUCSL,2016-08-01,2016-08-01T00:00:00Z,monthly,240.545,240.545,240.545,240.545,,240.545,factor_candle,FRED CSV Gateway mirror of BLS/FRED,learning_only_mirror
CPIAUCSL,2016-09-01,2016-09-01T00:00:00Z,monthly,241.176,241.176,241.176,241.176,,241.176,factor_candle,FRED CSV Gateway mirror of BLS/FRED,learning_only_mirror
CPIAUCSL,2016-10-01,2016-10-01T00:00:00Z,monthly,241.741,241.741,241.741,241.741,,241.741,factor_candle,FRED CSV Gateway mirror of BLS/FRED,learning_only_mirror
CPIAUCSL,2016-11-01,2016-11-01T00:00:00Z,monthly,242.026,242.026,242.026,242.026,,242.026,factor_candle,FRED CSV Gateway mirror of BLS/FRED,learning_only_mirror
CPIAUCSL,2016-12-01,2016-12-01T00:00:00Z,monthly,242.637,242.637,242.637,242.637,,242.637,factor_candle,FRED CSV Gateway mirror of BLS/FRED,learning_only_mirror
CPIAUCSL,2017-01-01,2017-01-01T00:00:00Z,monthly,243.618,243.618,243.618,243.618,,243.618,factor_candle,FRED CSV Gateway mirror of BLS/FRED,learning_only_mirror
CPIAUCSL,2017-02-01,2017-02-01T00:00:00Z,monthly,244.006,244.006,244.006,244.006,,244.006,factor_candle,FRED CSV Gateway mirror of BLS/FRED,learning_only_mirror
CPIAUCSL,2017-03-01,2017-03-01T00:00:00Z,monthly,243.892,243.892,243.892,243.892,,243.892,factor_candle,FRED CSV Gateway mirror of BLS/FRED,learning_only_mirror
CPIAUCSL,2017-04-01,2017-04-01T00:00:00Z,monthly,244.193,244.193,244.193,244.193,,244.193,factor_candle,FRED CSV Gateway mirror of BLS/FRED,learning_only_mirror
CPIAUCSL,2017-05-01,2017-05-01T00:00:00Z,monthly,244.004,244.004,244.004,244.004,,244.004,factor_candle,FRED CSV Gateway mirror of BLS/FRED,learning_only_mirror
CPIAUCSL,2017-06-01,2017-06-01T00:00:00Z,monthly,244.163,244.163,244.163,244.163,,244.163,factor_candle,FRED CSV Gateway mirror of BLS/FRED,learning_only_mirror
CPIAUCSL,2017-07-01,2017-07-01T00:00:00Z,monthly,244.243,244.243,244.243,244.243,,244.243,factor_candle,FRED CSV Gateway mirror of BLS/FRED,learning_only_mirror
CPIAUCSL,2017-08-01,2017-08-01T00:00:00Z,monthly,245.183,245.183,245.183,245.183,,245.183,factor_candle,FRED CSV Gateway mirror of BLS/FRED,learning_only_mirror
CPIAUCSL,2017-09-01,2017-09-01T00:00:00Z,monthly,246.435,246.435,246.435,246.435,,246.435,factor_candle,FRED CSV Gateway mirror of BLS/FRED,learning_only_mirror
CPIAUCSL,2017-10-01,2017-10-01T00:00:00Z,monthly,246.626,246.626,246.626,246.626,,246.626,factor_candle,FRED CSV Gateway mirror of BLS/FRED,learning_only_mirror
CPIAUCSL,2017-11-01,2017-11-01T00:00:00Z,monthly,247.284,247.284,247.284,247.284,,247.284,factor_candle,FRED CSV Gateway mirror of BLS/FRED,learning_only_mirror
CPIAUCSL,2017-12-01,2017-12-01T00:00:00Z,monthly,247.805,247.805,247.805,247.805,,247.805,factor_candle,FRED CSV Gateway mirror of BLS/FRED,learning_only_mirror
CPIAUCSL,2018-01-01,2018-01-01T00:00:00Z,monthly,248.859,248.859,248.859,248.859,,248.859,factor_candle,FRED CSV Gateway mirror of BLS/FRED,learning_only_mirror
CPIAUCSL,2018-02-01,2018-02-01T00:00:00Z,monthly,249.529,249.529,249.529,249.529,,249.529,factor_candle,FRED CSV Gateway mirror of BLS/FRED,learning_only_mirror
CPIAUCSL,2018-03-01,2018-03-01T00:00:00Z,monthly,249.577,249.577,249.577,249.577,,249.577,factor_candle,FRED CSV Gateway mirror of BLS/FRED,learning_only_mirror
CPIAUCSL,2018-04-01,2018-04-01T00:00:00Z,monthly,250.227,250.227,250.227,250.227,,250.227,factor_candle,FRED CSV Gateway mirror of BLS/FRED,learning_only_mirror
CPIAUCSL,2018-05-01,2018-05-01T00:00:00Z,monthly,250.792,250.792,250.792,250.792,,250.792,factor_candle,FRED CSV Gateway mirror of BLS/FRED,learning_only_mirror
CPIAUCSL,2018-06-01,2018-06-01T00:00:00Z,monthly,251.018,251.018,251.018,251.018,,251.018,factor_candle,FRED CSV Gateway mirror of BLS/FRED,learning_only_mirror
CPIAUCSL,2018-07-01,2018-07-01T00:00:00Z,monthly,251.214,251.214,251.214,251.214,,251.214,factor_candle,FRED CSV Gateway mirror of BLS/FRED,learning_only_mirror
CPIAUCSL,2018-08-01,2018-08-01T00:00:00Z,monthly,251.663,251.663,251.663,251.663,,251.663,factor_candle,FRED CSV Gateway mirror of BLS/FRED,learning_only_mirror
CPIAUCSL,2018-09-01,2018-09-01T00:00:00Z,monthly,252.182,252.182,252.182,252.182,,252.182,factor_candle,FRED CSV Gateway mirror of BLS/FRED,learning_only_mirror
CPIAUCSL,2018-10-01,2018-10-01T00:00:00Z,monthly,252.772,252.772,252.772,252.772,,252.772,factor_candle,FRED CSV Gateway mirror of BLS/FRED,learning_only_mirror
CPIAUCSL,2018-11-01,2018-11-01T00:00:00Z,monthly,252.594,252.594,252.594,252.594,,252.594,factor_candle,FRED CSV Gateway mirror of BLS/FRED,learning_only_mirror
CPIAUCSL,2018-12-01,2018-12-01T00:00:00Z,monthly,252.767,252.767,252.767,252.767,,252.767,factor_candle,FRED CSV Gateway mirror of BLS/FRED,learning_only_mirror
CPIAUCSL,2019-01-01,2019-01-01T00:00:00Z,monthly,252.561,252.561,252.561,252.561,,252.561,factor_candle,FRED CSV Gateway mirror of BLS/FRED,learning_only_mirror
CPIAUCSL,2019-02-01,2019-02-01T00:00:00Z,monthly,253.319,253.319,253.319,253.319,,253.319,factor_candle,FRED CSV Gateway mirror of BLS/FRED,learning_only_mirror
CPIAUCSL,2019-03-01,2019-03-01T00:00:00Z,monthly,254.277,254.277,254.277,254.277,,254.277,factor_candle,FRED CSV Gateway mirror of BLS/FRED,learning_only_mirror
CPIAUCSL,2019-04-01,2019-04-01T00:00:00Z,monthly,255.233,255.233,255.233,255.233,,255.233,factor_candle,FRED CSV Gateway mirror of BLS/FRED,learning_only_mirror
CPIAUCSL,2019-05-01,2019-05-01T00:00:00Z,monthly,255.296,255.296,255.296,255.296,,255.296,factor_candle,FRED CSV Gateway mirror of BLS/FRED,learning_only_mirror
CPIAUCSL,2019-06-01,2019-06-01T00:00:00Z,monthly,255.213,255.213,255.213,255.213,,255.213,factor_candle,FRED CSV Gateway mirror of BLS/FRED,learning_only_mirror
CPIAUCSL,2019-07-01,2019-07-01T00:00:00Z,monthly,255.802,255.802,255.802,255.802,,255.802,factor_candle,FRED CSV Gateway mirror of BLS/FRED,learning_only_mirror
CPIAUCSL,2019-08-01,2019-08-01T00:00:00Z,monthly,256.036,256.036,256.036,256.036,,256.036,factor_candle,FRED CSV Gateway mirror of BLS/FRED,learning_only_mirror
CPIAUCSL,2019-09-01,2019-09-01T00:00:00Z,monthly,256.43,256.43,256.43,256.43,,256.43,factor_candle,FRED CSV Gateway mirror of BLS/FRED,learning_only_mirror
CPIAUCSL,2019-10-01,2019-10-01T00:00:00Z,monthly,257.155,257.155,257.155,257.155,,257.155,factor_candle,FRED CSV Gateway mirror of BLS/FRED,learning_only_mirror
CPIAUCSL,2019-11-01,2019-11-01T00:00:00Z,monthly,257.879,257.879,257.879,257.879,,257.879,factor_candle,FRED CSV Gateway mirror of BLS/FRED,learning_only_mirror
CPIAUCSL,2019-12-01,2019-12-01T00:00:00Z,monthly,258.63,258.63,258.63,258.63,,258.63,factor_candle,FRED CSV Gateway mirror of BLS/FRED,learning_only_mirror
CPIAUCSL,2020-01-01,2020-01-01T00:00:00Z,monthly,259.127,259.127,259.127,259.127,,259.127,factor_candle,FRED CSV Gateway mirror of BLS/FRED,learning_only_mirror
CPIAUCSL,2020-02-01,2020-02-01T00:00:00Z,monthly,259.25,259.25,259.25,259.25,,259.25,factor_candle,FRED CSV Gateway mirror of BLS/FRED,learning_only_mirror
CPIAUCSL,2020-03-01,2020-03-01T00:00:00Z,monthly,258.076,258.076,258.076,258.076,,258.076,factor_candle,FRED CSV Gateway mirror of BLS/FRED,learning_only_mirror
CPIAUCSL,2020-04-01,2020-04-01T00:00:00Z,monthly,256.032,256.032,256.032,256.032,,256.032,factor_candle,FRED CSV Gateway mirror of BLS/FRED,learning_only_mirror
CPIAUCSL,2020-05-01,2020-05-01T00:00:00Z,monthly,255.802,255.802,255.802,255.802,,255.802,factor_candle,FRED CSV Gateway mirror of BLS/FRED,learning_only_mirror
CPIAUCSL,2020-06-01,2020-06-01T00:00:00Z,monthly,257.042,257.042,257.042,257.042,,257.042,factor_candle,FRED CSV Gateway mirror of BLS/FRED,learning_only_mirror
CPIAUCSL,2020-07-01,2020-07-01T00:00:00Z,monthly,258.352,258.352,258.352,258.352,,258.352,factor_candle,FRED CSV Gateway mirror of BLS/FRED,learning_only_mirror
CPIAUCSL,2020-08-01,2020-08-01T00:00:00Z,monthly,259.316,259.316,259.316,259.316,,259.316,factor_candle,FRED CSV Gateway mirror of BLS/FRED,learning_only_mirror
CPIAUCSL,2020-09-01,2020-09-01T00:00:00Z,monthly,259.997,259.997,259.997,259.997,,259.997,factor_candle,FRED CSV Gateway mirror of BLS/FRED,learning_only_mirror
CPIAUCSL,2020-10-01,2020-10-01T00:00:00Z,monthly,260.319,260.319,260.319,260.319,,260.319,factor_candle,FRED CSV Gateway mirror of BLS/FRED,learning_only_mirror
CPIAUCSL,2020-11-01,2020-11-01T00:00:00Z,monthly,260.911,260.911,260.911,260.911,,260.911,factor_candle,FRED CSV Gateway mirror of BLS/FRED,learning_only_mirror
CPIAUCSL,2020-12-01,2020-12-01T00:00:00Z,monthly,262.045,262.045,262.045,262.045,,262.045,factor_candle,FRED CSV Gateway mirror of BLS/FRED,learning_only_mirror
CPIAUCSL,2021-01-01,2021-01-01T00:00:00Z,monthly,262.687,262.687,262.687,262.687,,262.687,factor_candle,FRED CSV Gateway mirror of BLS/FRED,learning_only_mirror
CPIAUCSL,2021-02-01,2021-02-01T00:00:00Z,monthly,263.579,263.579,263.579,263.579,,263.579,factor_candle,FRED CSV Gateway mirror of BLS/FRED,learning_only_mirror
CPIAUCSL,2021-03-01,2021-03-01T00:00:00Z,monthly,264.961,264.961,264.961,264.961,,264.961,factor_candle,FRED CSV Gateway mirror of BLS/FRED,learning_only_mirror
CPIAUCSL,2021-04-01,2021-04-01T00:00:00Z,monthly,266.614,266.614,266.614,266.614,,266.614,factor_candle,FRED CSV Gateway mirror of BLS/FRED,learning_only_mirror
CPIAUCSL,2021-05-01,2021-05-01T00:00:00Z,monthly,268.383,268.383,268.383,268.383,,268.383,factor_candle,FRED CSV Gateway mirror of BLS/FRED,learning_only_mirror
CPIAUCSL,2021-06-01,2021-06-01T00:00:00Z,monthly,270.654,270.654,270.654,270.654,,270.654,factor_candle,FRED CSV Gateway mirror of BLS/FRED,learning_only_mirror
CPIAUCSL,2021-07-01,2021-07-01T00:00:00Z,monthly,271.903,271.903,271.903,271.903,,271.903,factor_candle,FRED CSV Gateway mirror of BLS/FRED,learning_only_mirror
CPIAUCSL,2021-08-01,2021-08-01T00:00:00Z,monthly,272.676,272.676,272.676,272.676,,272.676,factor_candle,FRED CSV Gateway mirror of BLS/FRED,learning_only_mirror
CPIAUCSL,2021-09-01,2021-09-01T00:00:00Z,monthly,273.91,273.91,273.91,273.91,,273.91,factor_candle,FRED CSV Gateway mirror of BLS/FRED,learning_only_mirror
CPIAUCSL,2021-10-01,2021-10-01T00:00:00Z,monthly,276.55,276.55,276.55,276.55,,276.55,factor_candle,FRED CSV Gateway mirror of BLS/FRED,learning_only_mirror
CPIAUCSL,2021-11-01,2021-11-01T00:00:00Z,monthly,278.919,278.919,278.919,278.919,,278.919,factor_candle,FRED CSV Gateway mirror of BLS/FRED,learning_only_mirror
CPIAUCSL,2021-12-01,2021-12-01T00:00:00Z,monthly,280.845,280.845,280.845,280.845,,280.845,factor_candle,FRED CSV Gateway mirror of BLS/FRED,learning_only_mirror
CPIAUCSL,2022-01-01,2022-01-01T00:00:00Z,monthly,282.543,282.543,282.543,282.543,,282.543,factor_candle,FRED CSV Gateway mirror of BLS/FRED,learning_only_mirror
CPIAUCSL,2022-02-01,2022-02-01T00:00:00Z,monthly,284.5,284.5,284.5,284.5,,284.5,factor_candle,FRED CSV Gateway mirror of BLS/FRED,learning_only_mirror
CPIAUCSL,2022-03-01,2022-03-01T00:00:00Z,monthly,287.674,287.674,287.674,287.674,,287.674,factor_candle,FRED CSV Gateway mirror of BLS/FRED,learning_only_mirror
CPIAUCSL,2022-04-01,2022-04-01T00:00:00Z,monthly,288.561,288.561,288.561,288.561,,288.561,factor_candle,FRED CSV Gateway mirror of BLS/FRED,learning_only_mirror
CPIAUCSL,2022-05-01,2022-05-01T00:00:00Z,monthly,291.298,291.298,291.298,291.298,,291.298,factor_candle,FRED CSV Gateway mirror of BLS/FRED,learning_only_mirror
CPIAUCSL,2022-06-01,2022-06-01T00:00:00Z,monthly,294.957,294.957,294.957,294.957,,294.957,factor_candle,FRED CSV Gateway mirror of BLS/FRED,learning_only_mirror
CPIAUCSL,2022-07-01,2022-07-01T00:00:00Z,monthly,294.913,294.913,294.913,294.913,,294.913,factor_candle,FRED CSV Gateway mirror of BLS/FRED,learning_only_mirror
CPIAUCSL,2022-08-01,2022-08-01T00:00:00Z,monthly,295.097,295.097,295.097,295.097,,295.097,factor_candle,FRED CSV Gateway mirror of BLS/FRED,learning_only_mirror
CPIAUCSL,2022-09-01,2022-09-01T00:00:00Z,monthly,296.349,296.349,296.349,296.349,,296.349,factor_candle,FRED CSV Gateway mirror of BLS/FRED,learning_only_mirror
CPIAUCSL,2022-10-01,2022-10-01T00:00:00Z,monthly,298.007,298.007,298.007,298.007,,298.007,factor_candle,FRED CSV Gateway mirror of BLS/FRED,learning_only_mirror
CPIAUCSL,2022-11-01,2022-11-01T00:00:00Z,monthly,298.786,298.786,298.786,298.786,,298.786,factor_candle,FRED CSV Gateway mirror of BLS/FRED,learning_only_mirror
CPIAUCSL,2022-12-01,2022-12-01T00:00:00Z,monthly,298.832,298.832,298.832,298.832,,298.832,factor_candle,FRED CSV Gateway mirror of BLS/FRED,learning_only_mirror
CPIAUCSL,2023-01-01,2023-01-01T00:00:00Z,monthly,300.42,300.42,300.42,300.42,,300.42,factor_candle,FRED CSV Gateway mirror of BLS/FRED,learning_only_mirror
CPIAUCSL,2023-02-01,2023-02-01T00:00:00Z,monthly,301.45,301.45,301.45,301.45,,301.45,factor_candle,FRED CSV Gateway mirror of BLS/FRED,learning_only_mirror
CPIAUCSL,2023-03-01,2023-03-01T00:00:00Z,monthly,301.821,301.821,301.821,301.821,,301.821,factor_candle,FRED CSV Gateway mirror of BLS/FRED,learning_only_mirror
CPIAUCSL,2023-04-01,2023-04-01T00:00:00Z,monthly,302.845,302.845,302.845,302.845,,302.845,factor_candle,FRED CSV Gateway mirror of BLS/FRED,learning_only_mirror
CPIAUCSL,2023-05-01,2023-05-01T00:00:00Z,monthly,303.334,303.334,303.334,303.334,,303.334,factor_candle,FRED CSV Gateway mirror of BLS/FRED,learning_only_mirror
CPIAUCSL,2023-06-01,2023-06-01T00:00:00Z,monthly,304.014,304.014,304.014,304.014,,304.014,factor_candle,FRED CSV Gateway mirror of BLS/FRED,learning_only_mirror
CPIAUCSL,2023-07-01,2023-07-01T00:00:00Z,monthly,304.609,304.609,304.609,304.609,,304.609,factor_candle,FRED CSV Gateway mirror of BLS/FRED,learning_only_mirror
CPIAUCSL,2023-08-01,2023-08-01T00:00:00Z,monthly,306.082,306.082,306.082,306.082,,306.082,factor_candle,FRED CSV Gateway mirror of BLS/FRED,learning_only_mirror
CPIAUCSL,2023-09-01,2023-09-01T00:00:00Z,monthly,307.276,307.276,307.276,307.276,,307.276,factor_candle,FRED CSV Gateway mirror of BLS/FRED,learning_only_mirror
CPIAUCSL,2023-10-01,2023-10-01T00:00:00Z,monthly,307.696,307.696,307.696,307.696,,307.696,factor_candle,FRED CSV Gateway mirror of BLS/FRED,learning_only_mirror
CPIAUCSL,2023-11-01,2023-11-01T00:00:00Z,monthly,308.148,308.148,308.148,308.148,,308.148,factor_candle,FRED CSV Gateway mirror of BLS/FRED,learning_only_mirror
CPIAUCSL,2023-12-01,2023-12-01T00:00:00Z,monthly,308.741,308.741,308.741,308.741,,308.741,factor_candle,FRED CSV Gateway mirror of BLS/FRED,learning_only_mirror
CPIAUCSL,2024-01-01,2024-01-01T00:00:00Z,monthly,309.698,309.698,309.698,309.698,,309.698,factor_candle,FRED CSV Gateway mirror of BLS/FRED,learning_only_mirror
CPIAUCSL,2024-02-01,2024-02-01T00:00:00Z,monthly,310.967,310.967,310.967,310.967,,310.967,factor_candle,FRED CSV Gateway mirror of BLS/FRED,learning_only_mirror
CPIAUCSL,2024-03-01,2024-03-01T00:00:00Z,monthly,312.345,312.345,312.345,312.345,,312.345,factor_candle,FRED CSV Gateway mirror of BLS/FRED,learning_only_mirror
CPIAUCSL,2024-04-01,2024-04-01T00:00:00Z,monthly,313.023,313.023,313.023,313.023,,313.023,factor_candle,FRED CSV Gateway mirror of BLS/FRED,learning_only_mirror
CPIAUCSL,2024-05-01,2024-05-01T00:00:00Z,monthly,313.175,313.175,313.175,313.175,,313.175,factor_candle,FRED CSV Gateway mirror of BLS/FRED,learning_only_mirror
CPIAUCSL,2024-06-01,2024-06-01T00:00:00Z,monthly,313.044,313.044,313.044,313.044,,313.044,factor_candle,FRED CSV Gateway mirror of BLS/FRED,learning_only_mirror
CPIAUCSL,2024-07-01,2024-07-01T00:00:00Z,monthly,313.569,313.569,313.569,313.569,,313.569,factor_candle,FRED CSV Gateway mirror of BLS/FRED,learning_only_mirror
CPIAUCSL,2024-08-01,2024-08-01T00:00:00Z,monthly,314.062,314.062,314.062,314.062,,314.062,factor_candle,FRED CSV Gateway mirror of BLS/FRED,learning_only_mirror
CPIAUCSL,2024-09-01,2024-09-01T00:00:00Z,monthly,314.732,314.732,314.732,314.732,,314.732,factor_candle,FRED CSV Gateway mirror of BLS/FRED,learning_only_mirror
CPIAUCSL,2024-10-01,2024-10-01T00:00:00Z,monthly,315.631,315.631,315.631,315.631,,315.631,factor_candle,FRED CSV Gateway mirror of BLS/FRED,learning_only_mirror
CPIAUCSL,2024-11-01,2024-11-01T00:00:00Z,monthly,316.528,316.528,316.528,316.528,,316.528,factor_candle,FRED CSV Gateway mirror of BLS/FRED,learning_only_mirror
CPIAUCSL,2024-12-01,2024-12-01T00:00:00Z,monthly,317.604,317.604,317.604,317.604,,317.604,factor_candle,FRED CSV Gateway mirror of BLS/FRED,learning_only_mirror
CPIAUCSL,2025-01-01,2025-01-01T00:00:00Z,monthly,318.961,318.961,318.961,318.961,,318.961,factor_candle,FRED CSV Gateway mirror of BLS/FRED,learning_only_mirror
CPIAUCSL,2025-02-01,2025-02-01T00:00:00Z,monthly,319.679,319.679,319.679,319.679,,319.679,factor_candle,FRED CSV Gateway mirror of BLS/FRED,learning_only_mirror
CPIAUCSL,2025-03-01,2025-03-01T00:00:00Z,monthly,319.785,319.785,319.785,319.785,,319.785,factor_candle,FRED CSV Gateway mirror of BLS/FRED,learning_only_mirror
CPIAUCSL,2025-04-01,2025-04-01T00:00:00Z,monthly,320.302,320.302,320.302,320.302,,320.302,factor_candle,FRED CSV Gateway mirror of BLS/FRED,learning_only_mirror
CPIAUCSL,2025-05-01,2025-05-01T00:00:00Z,monthly,320.62,320.62,320.62,320.62,,320.62,factor_candle,FRED CSV Gateway mirror of BLS/FRED,learning_only_mirror
CPIAUCSL,2025-06-01,2025-06-01T00:00:00Z,monthly,321.435,321.435,321.435,321.435,,321.435,factor_candle,FRED CSV Gateway mirror of BLS/FRED,learning_only_mirror
CPIAUCSL,2025-07-01,2025-07-01T00:00:00Z,monthly,322.169,322.169,322.169,322.169,,322.169,factor_candle,FRED CSV Gateway mirror of BLS/FRED,learning_only_mirror
CPIAUCSL,2025-08-01,2025-08-01T00:00:00Z,monthly,323.291,323.291,323.291,323.291,,323.291,factor_candle,FRED CSV Gateway mirror of BLS/FRED,learning_only_mirror
CPIAUCSL,2025-09-01,2025-09-01T00:00:00Z,monthly,324.245,324.245,324.245,324.245,,324.245,factor_candle,FRED CSV Gateway mirror of BLS/FRED,learning_only_mirror
CPIAUCSL,2025-11-01,2025-11-01T00:00:00Z,monthly,325.063,325.063,325.063,325.063,,325.063,factor_candle,FRED CSV Gateway mirror of BLS/FRED,learning_only_mirror
CPIAUCSL,2025-12-01,2025-12-01T00:00:00Z,monthly,326.031,326.031,326.031,326.031,,326.031,factor_candle,FRED CSV Gateway mirror of BLS/FRED,learning_only_mirror
CPIAUCSL,2026-01-01,2026-01-01T00:00:00Z,monthly,326.588,326.588,326.588,326.588,,326.588,factor_candle,FRED CSV Gateway mirror of BLS/FRED,learning_only_mirror
CPIAUCSL,2026-02-01,2026-02-01T00:00:00Z,monthly,327.46,327.46,327.46,327.46,,327.46,factor_candle,FRED CSV Gateway mirror of BLS/FRED,learning_only_mirror
CPIAUCSL,2026-03-01,2026-03-01T00:00:00Z,monthly,330.293,330.293,330.293,330.293,,330.293,factor_candle,FRED CSV Gateway mirror of BLS/FRED,learning_only_mirror
CPIAUCSL,2026-04-01,2026-04-01T00:00:00Z,monthly,332.407,332.407,332.407,332.407,,332.407,factor_candle,FRED CSV Gateway mirror of BLS/FRED,learning_only_mirror
