symbol,date,time,frequency,open,high,low,close,volume,value,kind,source,productionUsage
CPILFESL,1957-01-01,1957-01-01T00:00:00Z,monthly,28.5,28.5,28.5,28.5,,28.5,factor_candle,FRED CSV Gateway mirror of BLS/FRED,learning_only_mirror
CPILFESL,1957-02-01,1957-02-01T00:00:00Z,monthly,28.6,28.6,28.6,28.6,,28.6,factor_candle,FRED CSV Gateway mirror of BLS/FRED,learning_only_mirror
CPILFESL,1957-03-01,1957-03-01T00:00:00Z,monthly,28.7,28.7,28.7,28.7,,28.7,factor_candle,FRED CSV Gateway mirror of BLS/FRED,learning_only_mirror
CPILFESL,1957-04-01,1957-04-01T00:00:00Z,monthly,28.8,28.8,28.8,28.8,,28.8,factor_candle,FRED CSV Gateway mirror of BLS/FRED,learning_only_mirror
CPILFESL,1957-05-01,1957-05-01T00:00:00Z,monthly,28.8,28.8,28.8,28.8,,28.8,factor_candle,FRED CSV Gateway mirror of BLS/FRED,learning_only_mirror
CPILFESL,1957-06-01,1957-06-01T00:00:00Z,monthly,28.9,28.9,28.9,28.9,,28.9,factor_candle,FRED CSV Gateway mirror of BLS/FRED,learning_only_mirror
CPILFESL,1957-07-01,1957-07-01T00:00:00Z,monthly,29.0,29.0,29.0,29.0,,29.0,factor_candle,FRED CSV Gateway mirror of BLS/FRED,learning_only_mirror
CPILFESL,1957-08-01,1957-08-01T00:00:00Z,monthly,29.0,29.0,29.0,29.0,,29.0,factor_candle,FRED CSV Gateway mirror of BLS/FRED,learning_only_mirror
CPILFESL,1957-09-01,1957-09-01T00:00:00Z,monthly,29.1,29.1,29.1,29.1,,29.1,factor_candle,FRED CSV Gateway mirror of BLS/FRED,learning_only_mirror
CPILFESL,1957-10-01,1957-10-01T00:00:00Z,monthly,29.2,29.2,29.2,29.2,,29.2,factor_candle,FRED CSV Gateway mirror of BLS/FRED,learning_only_mirror
CPILFESL,1957-11-01,1957-11-01T00:00:00Z,monthly,29.3,29.3,29.3,29.3,,29.3,factor_candle,FRED CSV Gateway mirror of BLS/FRED,learning_only_mirror
CPILFESL,1957-12-01,1957-12-01T00:00:00Z,monthly,29.3,29.3,29.3,29.3,,29.3,factor_candle,FRED CSV Gateway mirror of BLS/FRED,learning_only_mirror
CPILFESL,1958-01-01,1958-01-01T00:00:00Z,monthly,29.3,29.3,29.3,29.3,,29.3,factor_candle,FRED CSV Gateway mirror of BLS/FRED,learning_only_mirror
CPILFESL,1958-02-01,1958-02-01T00:00:00Z,monthly,29.4,29.4,29.4,29.4,,29.4,factor_candle,FRED CSV Gateway mirror of BLS/FRED,learning_only_mirror
CPILFESL,1958-03-01,1958-03-01T00:00:00Z,monthly,29.5,29.5,29.5,29.5,,29.5,factor_candle,FRED CSV Gateway mirror of BLS/FRED,learning_only_mirror
CPILFESL,1958-04-01,1958-04-01T00:00:00Z,monthly,29.5,29.5,29.5,29.5,,29.5,factor_candle,FRED CSV Gateway mirror of BLS/FRED,learning_only_mirror
CPILFESL,1958-05-01,1958-05-01T00:00:00Z,monthly,29.5,29.5,29.5,29.5,,29.5,factor_candle,FRED CSV Gateway mirror of BLS/FRED,learning_only_mirror
CPILFESL,1958-06-01,1958-06-01T00:00:00Z,monthly,29.6,29.6,29.6,29.6,,29.6,factor_candle,FRED CSV Gateway mirror of BLS/FRED,learning_only_mirror
CPILFESL,1958-07-01,1958-07-01T00:00:00Z,monthly,29.6,29.6,29.6,29.6,,29.6,factor_candle,FRED CSV Gateway mirror of BLS/FRED,learning_only_mirror
CPILFESL,1958-08-01,1958-08-01T00:00:00Z,monthly,29.6,29.6,29.6,29.6,,29.6,factor_candle,FRED CSV Gateway mirror of BLS/FRED,learning_only_mirror
CPILFESL,1958-09-01,1958-09-01T00:00:00Z,monthly,29.7,29.7,29.7,29.7,,29.7,factor_candle,FRED CSV Gateway mirror of BLS/FRED,learning_only_mirror
CPILFESL,1958-10-01,1958-10-01T00:00:00Z,monthly,29.7,29.7,29.7,29.7,,29.7,factor_candle,FRED CSV Gateway mirror of BLS/FRED,learning_only_mirror
CPILFESL,1958-11-01,1958-11-01T00:00:00Z,monthly,29.8,29.8,29.8,29.8,,29.8,factor_candle,FRED CSV Gateway mirror of BLS/FRED,learning_only_mirror
CPILFESL,1958-12-01,1958-12-01T00:00:00Z,monthly,29.9,29.9,29.9,29.9,,29.9,factor_candle,FRED CSV Gateway mirror of BLS/FRED,learning_only_mirror
CPILFESL,1959-01-01,1959-01-01T00:00:00Z,monthly,29.9,29.9,29.9,29.9,,29.9,factor_candle,FRED CSV Gateway mirror of BLS/FRED,learning_only_mirror
CPILFESL,1959-02-01,1959-02-01T00:00:00Z,monthly,29.9,29.9,29.9,29.9,,29.9,factor_candle,FRED CSV Gateway mirror of BLS/FRED,learning_only_mirror
CPILFESL,1959-03-01,1959-03-01T00:00:00Z,monthly,30.0,30.0,30.0,30.0,,30.0,factor_candle,FRED CSV Gateway mirror of BLS/FRED,learning_only_mirror
CPILFESL,1959-04-01,1959-04-01T00:00:00Z,monthly,30.0,30.0,30.0,30.0,,30.0,factor_candle,FRED CSV Gateway mirror of BLS/FRED,learning_only_mirror
CPILFESL,1959-05-01,1959-05-01T00:00:00Z,monthly,30.1,30.1,30.1,30.1,,30.1,factor_candle,FRED CSV Gateway mirror of BLS/FRED,learning_only_mirror
CPILFESL,1959-06-01,1959-06-01T00:00:00Z,monthly,30.2,30.2,30.2,30.2,,30.2,factor_candle,FRED CSV Gateway mirror of BLS/FRED,learning_only_mirror
CPILFESL,1959-07-01,1959-07-01T00:00:00Z,monthly,30.2,30.2,30.2,30.2,,30.2,factor_candle,FRED CSV Gateway mirror of BLS/FRED,learning_only_mirror
CPILFESL,1959-08-01,1959-08-01T00:00:00Z,monthly,30.2,30.2,30.2,30.2,,30.2,factor_candle,FRED CSV Gateway mirror of BLS/FRED,learning_only_mirror
CPILFESL,1959-09-01,1959-09-01T00:00:00Z,monthly,30.3,30.3,30.3,30.3,,30.3,factor_candle,FRED CSV Gateway mirror of BLS/FRED,learning_only_mirror
CPILFESL,1959-10-01,1959-10-01T00:00:00Z,monthly,30.4,30.4,30.4,30.4,,30.4,factor_candle,FRED CSV Gateway mirror of BLS/FRED,learning_only_mirror
CPILFESL,1959-11-01,1959-11-01T00:00:00Z,monthly,30.4,30.4,30.4,30.4,,30.4,factor_candle,FRED CSV Gateway mirror of BLS/FRED,learning_only_mirror
CPILFESL,1959-12-01,1959-12-01T00:00:00Z,monthly,30.5,30.5,30.5,30.5,,30.5,factor_candle,FRED CSV Gateway mirror of BLS/FRED,learning_only_mirror
CPILFESL,1960-01-01,1960-01-01T00:00:00Z,monthly,30.5,30.5,30.5,30.5,,30.5,factor_candle,FRED CSV Gateway mirror of BLS/FRED,learning_only_mirror
CPILFESL,1960-02-01,1960-02-01T00:00:00Z,monthly,30.6,30.6,30.6,30.6,,30.6,factor_candle,FRED CSV Gateway mirror of BLS/FRED,learning_only_mirror
CPILFESL,1960-03-01,1960-03-01T00:00:00Z,monthly,30.6,30.6,30.6,30.6,,30.6,factor_candle,FRED CSV Gateway mirror of BLS/FRED,learning_only_mirror
CPILFESL,1960-04-01,1960-04-01T00:00:00Z,monthly,30.6,30.6,30.6,30.6,,30.6,factor_candle,FRED CSV Gateway mirror of BLS/FRED,learning_only_mirror
CPILFESL,1960-05-01,1960-05-01T00:00:00Z,monthly,30.6,30.6,30.6,30.6,,30.6,factor_candle,FRED CSV Gateway mirror of BLS/FRED,learning_only_mirror
CPILFESL,1960-06-01,1960-06-01T00:00:00Z,monthly,30.7,30.7,30.7,30.7,,30.7,factor_candle,FRED CSV Gateway mirror of BLS/FRED,learning_only_mirror
CPILFESL,1960-07-01,1960-07-01T00:00:00Z,monthly,30.6,30.6,30.6,30.6,,30.6,factor_candle,FRED CSV Gateway mirror of BLS/FRED,learning_only_mirror
CPILFESL,1960-08-01,1960-08-01T00:00:00Z,monthly,30.6,30.6,30.6,30.6,,30.6,factor_candle,FRED CSV Gateway mirror of BLS/FRED,learning_only_mirror
CPILFESL,1960-09-01,1960-09-01T00:00:00Z,monthly,30.6,30.6,30.6,30.6,,30.6,factor_candle,FRED CSV Gateway mirror of BLS/FRED,learning_only_mirror
CPILFESL,1960-10-01,1960-10-01T00:00:00Z,monthly,30.8,30.8,30.8,30.8,,30.8,factor_candle,FRED CSV Gateway mirror of BLS/FRED,learning_only_mirror
CPILFESL,1960-11-01,1960-11-01T00:00:00Z,monthly,30.8,30.8,30.8,30.8,,30.8,factor_candle,FRED CSV Gateway mirror of BLS/FRED,learning_only_mirror
CPILFESL,1960-12-01,1960-12-01T00:00:00Z,monthly,30.7,30.7,30.7,30.7,,30.7,factor_candle,FRED CSV Gateway mirror of BLS/FRED,learning_only_mirror
CPILFESL,1961-01-01,1961-01-01T00:00:00Z,monthly,30.8,30.8,30.8,30.8,,30.8,factor_candle,FRED CSV Gateway mirror of BLS/FRED,learning_only_mirror
CPILFESL,1961-02-01,1961-02-01T00:00:00Z,monthly,30.8,30.8,30.8,30.8,,30.8,factor_candle,FRED CSV Gateway mirror of BLS/FRED,learning_only_mirror
CPILFESL,1961-03-01,1961-03-01T00:00:00Z,monthly,30.9,30.9,30.9,30.9,,30.9,factor_candle,FRED CSV Gateway mirror of BLS/FRED,learning_only_mirror
CPILFESL,1961-04-01,1961-04-01T00:00:00Z,monthly,30.9,30.9,30.9,30.9,,30.9,factor_candle,FRED CSV Gateway mirror of BLS/FRED,learning_only_mirror
CPILFESL,1961-05-01,1961-05-01T00:00:00Z,monthly,30.9,30.9,30.9,30.9,,30.9,factor_candle,FRED CSV Gateway mirror of BLS/FRED,learning_only_mirror
CPILFESL,1961-06-01,1961-06-01T00:00:00Z,monthly,31.0,31.0,31.0,31.0,,31.0,factor_candle,FRED CSV Gateway mirror of BLS/FRED,learning_only_mirror
CPILFESL,1961-07-01,1961-07-01T00:00:00Z,monthly,31.0,31.0,31.0,31.0,,31.0,factor_candle,FRED CSV Gateway mirror of BLS/FRED,learning_only_mirror
CPILFESL,1961-08-01,1961-08-01T00:00:00Z,monthly,31.1,31.1,31.1,31.1,,31.1,factor_candle,FRED CSV Gateway mirror of BLS/FRED,learning_only_mirror
CPILFESL,1961-09-01,1961-09-01T00:00:00Z,monthly,31.1,31.1,31.1,31.1,,31.1,factor_candle,FRED CSV Gateway mirror of BLS/FRED,learning_only_mirror
CPILFESL,1961-10-01,1961-10-01T00:00:00Z,monthly,31.1,31.1,31.1,31.1,,31.1,factor_candle,FRED CSV Gateway mirror of BLS/FRED,learning_only_mirror
CPILFESL,1961-11-01,1961-11-01T00:00:00Z,monthly,31.2,31.2,31.2,31.2,,31.2,factor_candle,FRED CSV Gateway mirror of BLS/FRED,learning_only_mirror
CPILFESL,1961-12-01,1961-12-01T00:00:00Z,monthly,31.2,31.2,31.2,31.2,,31.2,factor_candle,FRED CSV Gateway mirror of BLS/FRED,learning_only_mirror
CPILFESL,1962-01-01,1962-01-01T00:00:00Z,monthly,31.2,31.2,31.2,31.2,,31.2,factor_candle,FRED CSV Gateway mirror of BLS/FRED,learning_only_mirror
CPILFESL,1962-02-01,1962-02-01T00:00:00Z,monthly,31.2,31.2,31.2,31.2,,31.2,factor_candle,FRED CSV Gateway mirror of BLS/FRED,learning_only_mirror
CPILFESL,1962-03-01,1962-03-01T00:00:00Z,monthly,31.3,31.3,31.3,31.3,,31.3,factor_candle,FRED CSV Gateway mirror of BLS/FRED,learning_only_mirror
CPILFESL,1962-04-01,1962-04-01T00:00:00Z,monthly,31.3,31.3,31.3,31.3,,31.3,factor_candle,FRED CSV Gateway mirror of BLS/FRED,learning_only_mirror
CPILFESL,1962-05-01,1962-05-01T00:00:00Z,monthly,31.4,31.4,31.4,31.4,,31.4,factor_candle,FRED CSV Gateway mirror of BLS/FRED,learning_only_mirror
CPILFESL,1962-06-01,1962-06-01T00:00:00Z,monthly,31.4,31.4,31.4,31.4,,31.4,factor_candle,FRED CSV Gateway mirror of BLS/FRED,learning_only_mirror
CPILFESL,1962-07-01,1962-07-01T00:00:00Z,monthly,31.4,31.4,31.4,31.4,,31.4,factor_candle,FRED CSV Gateway mirror of BLS/FRED,learning_only_mirror
CPILFESL,1962-08-01,1962-08-01T00:00:00Z,monthly,31.5,31.5,31.5,31.5,,31.5,factor_candle,FRED CSV Gateway mirror of BLS/FRED,learning_only_mirror
CPILFESL,1962-09-01,1962-09-01T00:00:00Z,monthly,31.5,31.5,31.5,31.5,,31.5,factor_candle,FRED CSV Gateway mirror of BLS/FRED,learning_only_mirror
CPILFESL,1962-10-01,1962-10-01T00:00:00Z,monthly,31.5,31.5,31.5,31.5,,31.5,factor_candle,FRED CSV Gateway mirror of BLS/FRED,learning_only_mirror
CPILFESL,1962-11-01,1962-11-01T00:00:00Z,monthly,31.5,31.5,31.5,31.5,,31.5,factor_candle,FRED CSV Gateway mirror of BLS/FRED,learning_only_mirror
CPILFESL,1962-12-01,1962-12-01T00:00:00Z,monthly,31.6,31.6,31.6,31.6,,31.6,factor_candle,FRED CSV Gateway mirror of BLS/FRED,learning_only_mirror
CPILFESL,1963-01-01,1963-01-01T00:00:00Z,monthly,31.5,31.5,31.5,31.5,,31.5,factor_candle,FRED CSV Gateway mirror of BLS/FRED,learning_only_mirror
CPILFESL,1963-02-01,1963-02-01T00:00:00Z,monthly,31.6,31.6,31.6,31.6,,31.6,factor_candle,FRED CSV Gateway mirror of BLS/FRED,learning_only_mirror
CPILFESL,1963-03-01,1963-03-01T00:00:00Z,monthly,31.7,31.7,31.7,31.7,,31.7,factor_candle,FRED CSV Gateway mirror of BLS/FRED,learning_only_mirror
CPILFESL,1963-04-01,1963-04-01T00:00:00Z,monthly,31.7,31.7,31.7,31.7,,31.7,factor_candle,FRED CSV Gateway mirror of BLS/FRED,learning_only_mirror
CPILFESL,1963-05-01,1963-05-01T00:00:00Z,monthly,31.7,31.7,31.7,31.7,,31.7,factor_candle,FRED CSV Gateway mirror of BLS/FRED,learning_only_mirror
CPILFESL,1963-06-01,1963-06-01T00:00:00Z,monthly,31.8,31.8,31.8,31.8,,31.8,factor_candle,FRED CSV Gateway mirror of BLS/FRED,learning_only_mirror
CPILFESL,1963-07-01,1963-07-01T00:00:00Z,monthly,31.8,31.8,31.8,31.8,,31.8,factor_candle,FRED CSV Gateway mirror of BLS/FRED,learning_only_mirror
CPILFESL,1963-08-01,1963-08-01T00:00:00Z,monthly,31.9,31.9,31.9,31.9,,31.9,factor_candle,FRED CSV Gateway mirror of BLS/FRED,learning_only_mirror
CPILFESL,1963-09-01,1963-09-01T00:00:00Z,monthly,31.9,31.9,31.9,31.9,,31.9,factor_candle,FRED CSV Gateway mirror of BLS/FRED,learning_only_mirror
CPILFESL,1963-10-01,1963-10-01T00:00:00Z,monthly,32.0,32.0,32.0,32.0,,32.0,factor_candle,FRED CSV Gateway mirror of BLS/FRED,learning_only_mirror
CPILFESL,1963-11-01,1963-11-01T00:00:00Z,monthly,32.0,32.0,32.0,32.0,,32.0,factor_candle,FRED CSV Gateway mirror of BLS/FRED,learning_only_mirror
CPILFESL,1963-12-01,1963-12-01T00:00:00Z,monthly,32.1,32.1,32.1,32.1,,32.1,factor_candle,FRED CSV Gateway mirror of BLS/FRED,learning_only_mirror
CPILFESL,1964-01-01,1964-01-01T00:00:00Z,monthly,32.2,32.2,32.2,32.2,,32.2,factor_candle,FRED CSV Gateway mirror of BLS/FRED,learning_only_mirror
CPILFESL,1964-02-01,1964-02-01T00:00:00Z,monthly,32.2,32.2,32.2,32.2,,32.2,factor_candle,FRED CSV Gateway mirror of BLS/FRED,learning_only_mirror
CPILFESL,1964-03-01,1964-03-01T00:00:00Z,monthly,32.2,32.2,32.2,32.2,,32.2,factor_candle,FRED CSV Gateway mirror of BLS/FRED,learning_only_mirror
CPILFESL,1964-04-01,1964-04-01T00:00:00Z,monthly,32.2,32.2,32.2,32.2,,32.2,factor_candle,FRED CSV Gateway mirror of BLS/FRED,learning_only_mirror
CPILFESL,1964-05-01,1964-05-01T00:00:00Z,monthly,32.2,32.2,32.2,32.2,,32.2,factor_candle,FRED CSV Gateway mirror of BLS/FRED,learning_only_mirror
CPILFESL,1964-06-01,1964-06-01T00:00:00Z,monthly,32.3,32.3,32.3,32.3,,32.3,factor_candle,FRED CSV Gateway mirror of BLS/FRED,learning_only_mirror
CPILFESL,1964-07-01,1964-07-01T00:00:00Z,monthly,32.3,32.3,32.3,32.3,,32.3,factor_candle,FRED CSV Gateway mirror of BLS/FRED,learning_only_mirror
CPILFESL,1964-08-01,1964-08-01T00:00:00Z,monthly,32.3,32.3,32.3,32.3,,32.3,factor_candle,FRED CSV Gateway mirror of BLS/FRED,learning_only_mirror
CPILFESL,1964-09-01,1964-09-01T00:00:00Z,monthly,32.3,32.3,32.3,32.3,,32.3,factor_candle,FRED CSV Gateway mirror of BLS/FRED,learning_only_mirror
CPILFESL,1964-10-01,1964-10-01T00:00:00Z,monthly,32.4,32.4,32.4,32.4,,32.4,factor_candle,FRED CSV Gateway mirror of BLS/FRED,learning_only_mirror
CPILFESL,1964-11-01,1964-11-01T00:00:00Z,monthly,32.5,32.5,32.5,32.5,,32.5,factor_candle,FRED CSV Gateway mirror of BLS/FRED,learning_only_mirror
CPILFESL,1964-12-01,1964-12-01T00:00:00Z,monthly,32.5,32.5,32.5,32.5,,32.5,factor_candle,FRED CSV Gateway mirror of BLS/FRED,learning_only_mirror
CPILFESL,1965-01-01,1965-01-01T00:00:00Z,monthly,32.6,32.6,32.6,32.6,,32.6,factor_candle,FRED CSV Gateway mirror of BLS/FRED,learning_only_mirror
CPILFESL,1965-02-01,1965-02-01T00:00:00Z,monthly,32.6,32.6,32.6,32.6,,32.6,factor_candle,FRED CSV Gateway mirror of BLS/FRED,learning_only_mirror
CPILFESL,1965-03-01,1965-03-01T00:00:00Z,monthly,32.6,32.6,32.6,32.6,,32.6,factor_candle,FRED CSV Gateway mirror of BLS/FRED,learning_only_mirror
CPILFESL,1965-04-01,1965-04-01T00:00:00Z,monthly,32.7,32.7,32.7,32.7,,32.7,factor_candle,FRED CSV Gateway mirror of BLS/FRED,learning_only_mirror
CPILFESL,1965-05-01,1965-05-01T00:00:00Z,monthly,32.7,32.7,32.7,32.7,,32.7,factor_candle,FRED CSV Gateway mirror of BLS/FRED,learning_only_mirror
CPILFESL,1965-06-01,1965-06-01T00:00:00Z,monthly,32.7,32.7,32.7,32.7,,32.7,factor_candle,FRED CSV Gateway mirror of BLS/FRED,learning_only_mirror
CPILFESL,1965-07-01,1965-07-01T00:00:00Z,monthly,32.7,32.7,32.7,32.7,,32.7,factor_candle,FRED CSV Gateway mirror of BLS/FRED,learning_only_mirror
CPILFESL,1965-08-01,1965-08-01T00:00:00Z,monthly,32.7,32.7,32.7,32.7,,32.7,factor_candle,FRED CSV Gateway mirror of BLS/FRED,learning_only_mirror
CPILFESL,1965-09-01,1965-09-01T00:00:00Z,monthly,32.8,32.8,32.8,32.8,,32.8,factor_candle,FRED CSV Gateway mirror of BLS/FRED,learning_only_mirror
CPILFESL,1965-10-01,1965-10-01T00:00:00Z,monthly,32.8,32.8,32.8,32.8,,32.8,factor_candle,FRED CSV Gateway mirror of BLS/FRED,learning_only_mirror
CPILFESL,1965-11-01,1965-11-01T00:00:00Z,monthly,32.9,32.9,32.9,32.9,,32.9,factor_candle,FRED CSV Gateway mirror of BLS/FRED,learning_only_mirror
CPILFESL,1965-12-01,1965-12-01T00:00:00Z,monthly,33.0,33.0,33.0,33.0,,33.0,factor_candle,FRED CSV Gateway mirror of BLS/FRED,learning_only_mirror
CPILFESL,1966-01-01,1966-01-01T00:00:00Z,monthly,33.0,33.0,33.0,33.0,,33.0,factor_candle,FRED CSV Gateway mirror of BLS/FRED,learning_only_mirror
CPILFESL,1966-02-01,1966-02-01T00:00:00Z,monthly,33.1,33.1,33.1,33.1,,33.1,factor_candle,FRED CSV Gateway mirror of BLS/FRED,learning_only_mirror
CPILFESL,1966-03-01,1966-03-01T00:00:00Z,monthly,33.1,33.1,33.1,33.1,,33.1,factor_candle,FRED CSV Gateway mirror of BLS/FRED,learning_only_mirror
CPILFESL,1966-04-01,1966-04-01T00:00:00Z,monthly,33.3,33.3,33.3,33.3,,33.3,factor_candle,FRED CSV Gateway mirror of BLS/FRED,learning_only_mirror
CPILFESL,1966-05-01,1966-05-01T00:00:00Z,monthly,33.4,33.4,33.4,33.4,,33.4,factor_candle,FRED CSV Gateway mirror of BLS/FRED,learning_only_mirror
CPILFESL,1966-06-01,1966-06-01T00:00:00Z,monthly,33.5,33.5,33.5,33.5,,33.5,factor_candle,FRED CSV Gateway mirror of BLS/FRED,learning_only_mirror
CPILFESL,1966-07-01,1966-07-01T00:00:00Z,monthly,33.6,33.6,33.6,33.6,,33.6,factor_candle,FRED CSV Gateway mirror of BLS/FRED,learning_only_mirror
CPILFESL,1966-08-01,1966-08-01T00:00:00Z,monthly,33.7,33.7,33.7,33.7,,33.7,factor_candle,FRED CSV Gateway mirror of BLS/FRED,learning_only_mirror
CPILFESL,1966-09-01,1966-09-01T00:00:00Z,monthly,33.8,33.8,33.8,33.8,,33.8,factor_candle,FRED CSV Gateway mirror of BLS/FRED,learning_only_mirror
CPILFESL,1966-10-01,1966-10-01T00:00:00Z,monthly,34.0,34.0,34.0,34.0,,34.0,factor_candle,FRED CSV Gateway mirror of BLS/FRED,learning_only_mirror
CPILFESL,1966-11-01,1966-11-01T00:00:00Z,monthly,34.0,34.0,34.0,34.0,,34.0,factor_candle,FRED CSV Gateway mirror of BLS/FRED,learning_only_mirror
CPILFESL,1966-12-01,1966-12-01T00:00:00Z,monthly,34.1,34.1,34.1,34.1,,34.1,factor_candle,FRED CSV Gateway mirror of BLS/FRED,learning_only_mirror
CPILFESL,1967-01-01,1967-01-01T00:00:00Z,monthly,34.2,34.2,34.2,34.2,,34.2,factor_candle,FRED CSV Gateway mirror of BLS/FRED,learning_only_mirror
CPILFESL,1967-02-01,1967-02-01T00:00:00Z,monthly,34.2,34.2,34.2,34.2,,34.2,factor_candle,FRED CSV Gateway mirror of BLS/FRED,learning_only_mirror
CPILFESL,1967-03-01,1967-03-01T00:00:00Z,monthly,34.3,34.3,34.3,34.3,,34.3,factor_candle,FRED CSV Gateway mirror of BLS/FRED,learning_only_mirror
CPILFESL,1967-04-01,1967-04-01T00:00:00Z,monthly,34.4,34.4,34.4,34.4,,34.4,factor_candle,FRED CSV Gateway mirror of BLS/FRED,learning_only_mirror
CPILFESL,1967-05-01,1967-05-01T00:00:00Z,monthly,34.5,34.5,34.5,34.5,,34.5,factor_candle,FRED CSV Gateway mirror of BLS/FRED,learning_only_mirror
CPILFESL,1967-06-01,1967-06-01T00:00:00Z,monthly,34.6,34.6,34.6,34.6,,34.6,factor_candle,FRED CSV Gateway mirror of BLS/FRED,learning_only_mirror
CPILFESL,1967-07-01,1967-07-01T00:00:00Z,monthly,34.7,34.7,34.7,34.7,,34.7,factor_candle,FRED CSV Gateway mirror of BLS/FRED,learning_only_mirror
CPILFESL,1967-08-01,1967-08-01T00:00:00Z,monthly,34.9,34.9,34.9,34.9,,34.9,factor_candle,FRED CSV Gateway mirror of BLS/FRED,learning_only_mirror
CPILFESL,1967-09-01,1967-09-01T00:00:00Z,monthly,35.0,35.0,35.0,35.0,,35.0,factor_candle,FRED CSV Gateway mirror of BLS/FRED,learning_only_mirror
CPILFESL,1967-10-01,1967-10-01T00:00:00Z,monthly,35.1,35.1,35.1,35.1,,35.1,factor_candle,FRED CSV Gateway mirror of BLS/FRED,learning_only_mirror
CPILFESL,1967-11-01,1967-11-01T00:00:00Z,monthly,35.2,35.2,35.2,35.2,,35.2,factor_candle,FRED CSV Gateway mirror of BLS/FRED,learning_only_mirror
CPILFESL,1967-12-01,1967-12-01T00:00:00Z,monthly,35.4,35.4,35.4,35.4,,35.4,factor_candle,FRED CSV Gateway mirror of BLS/FRED,learning_only_mirror
CPILFESL,1968-01-01,1968-01-01T00:00:00Z,monthly,35.5,35.5,35.5,35.5,,35.5,factor_candle,FRED CSV Gateway mirror of BLS/FRED,learning_only_mirror
CPILFESL,1968-02-01,1968-02-01T00:00:00Z,monthly,35.7,35.7,35.7,35.7,,35.7,factor_candle,FRED CSV Gateway mirror of BLS/FRED,learning_only_mirror
CPILFESL,1968-03-01,1968-03-01T00:00:00Z,monthly,35.8,35.8,35.8,35.8,,35.8,factor_candle,FRED CSV Gateway mirror of BLS/FRED,learning_only_mirror
CPILFESL,1968-04-01,1968-04-01T00:00:00Z,monthly,35.9,35.9,35.9,35.9,,35.9,factor_candle,FRED CSV Gateway mirror of BLS/FRED,learning_only_mirror
CPILFESL,1968-05-01,1968-05-01T00:00:00Z,monthly,36.0,36.0,36.0,36.0,,36.0,factor_candle,FRED CSV Gateway mirror of BLS/FRED,learning_only_mirror
CPILFESL,1968-06-01,1968-06-01T00:00:00Z,monthly,36.2,36.2,36.2,36.2,,36.2,factor_candle,FRED CSV Gateway mirror of BLS/FRED,learning_only_mirror
CPILFESL,1968-07-01,1968-07-01T00:00:00Z,monthly,36.4,36.4,36.4,36.4,,36.4,factor_candle,FRED CSV Gateway mirror of BLS/FRED,learning_only_mirror
CPILFESL,1968-08-01,1968-08-01T00:00:00Z,monthly,36.5,36.5,36.5,36.5,,36.5,factor_candle,FRED CSV Gateway mirror of BLS/FRED,learning_only_mirror
CPILFESL,1968-09-01,1968-09-01T00:00:00Z,monthly,36.7,36.7,36.7,36.7,,36.7,factor_candle,FRED CSV Gateway mirror of BLS/FRED,learning_only_mirror
CPILFESL,1968-10-01,1968-10-01T00:00:00Z,monthly,36.9,36.9,36.9,36.9,,36.9,factor_candle,FRED CSV Gateway mirror of BLS/FRED,learning_only_mirror
CPILFESL,1968-11-01,1968-11-01T00:00:00Z,monthly,37.1,37.1,37.1,37.1,,37.1,factor_candle,FRED CSV Gateway mirror of BLS/FRED,learning_only_mirror
CPILFESL,1968-12-01,1968-12-01T00:00:00Z,monthly,37.2,37.2,37.2,37.2,,37.2,factor_candle,FRED CSV Gateway mirror of BLS/FRED,learning_only_mirror
CPILFESL,1969-01-01,1969-01-01T00:00:00Z,monthly,37.3,37.3,37.3,37.3,,37.3,factor_candle,FRED CSV Gateway mirror of BLS/FRED,learning_only_mirror
CPILFESL,1969-02-01,1969-02-01T00:00:00Z,monthly,37.6,37.6,37.6,37.6,,37.6,factor_candle,FRED CSV Gateway mirror of BLS/FRED,learning_only_mirror
CPILFESL,1969-03-01,1969-03-01T00:00:00Z,monthly,37.8,37.8,37.8,37.8,,37.8,factor_candle,FRED CSV Gateway mirror of BLS/FRED,learning_only_mirror
CPILFESL,1969-04-01,1969-04-01T00:00:00Z,monthly,38.1,38.1,38.1,38.1,,38.1,factor_candle,FRED CSV Gateway mirror of BLS/FRED,learning_only_mirror
CPILFESL,1969-05-01,1969-05-01T00:00:00Z,monthly,38.1,38.1,38.1,38.1,,38.1,factor_candle,FRED CSV Gateway mirror of BLS/FRED,learning_only_mirror
CPILFESL,1969-06-01,1969-06-01T00:00:00Z,monthly,38.3,38.3,38.3,38.3,,38.3,factor_candle,FRED CSV Gateway mirror of BLS/FRED,learning_only_mirror
CPILFESL,1969-07-01,1969-07-01T00:00:00Z,monthly,38.5,38.5,38.5,38.5,,38.5,factor_candle,FRED CSV Gateway mirror of BLS/FRED,learning_only_mirror
CPILFESL,1969-08-01,1969-08-01T00:00:00Z,monthly,38.7,38.7,38.7,38.7,,38.7,factor_candle,FRED CSV Gateway mirror of BLS/FRED,learning_only_mirror
CPILFESL,1969-09-01,1969-09-01T00:00:00Z,monthly,38.9,38.9,38.9,38.9,,38.9,factor_candle,FRED CSV Gateway mirror of BLS/FRED,learning_only_mirror
CPILFESL,1969-10-01,1969-10-01T00:00:00Z,monthly,39.1,39.1,39.1,39.1,,39.1,factor_candle,FRED CSV Gateway mirror of BLS/FRED,learning_only_mirror
CPILFESL,1969-11-01,1969-11-01T00:00:00Z,monthly,39.2,39.2,39.2,39.2,,39.2,factor_candle,FRED CSV Gateway mirror of BLS/FRED,learning_only_mirror
CPILFESL,1969-12-01,1969-12-01T00:00:00Z,monthly,39.4,39.4,39.4,39.4,,39.4,factor_candle,FRED CSV Gateway mirror of BLS/FRED,learning_only_mirror
CPILFESL,1970-01-01,1970-01-01T00:00:00Z,monthly,39.6,39.6,39.6,39.6,,39.6,factor_candle,FRED CSV Gateway mirror of BLS/FRED,learning_only_mirror
CPILFESL,1970-02-01,1970-02-01T00:00:00Z,monthly,39.8,39.8,39.8,39.8,,39.8,factor_candle,FRED CSV Gateway mirror of BLS/FRED,learning_only_mirror
CPILFESL,1970-03-01,1970-03-01T00:00:00Z,monthly,40.1,40.1,40.1,40.1,,40.1,factor_candle,FRED CSV Gateway mirror of BLS/FRED,learning_only_mirror
CPILFESL,1970-04-01,1970-04-01T00:00:00Z,monthly,40.4,40.4,40.4,40.4,,40.4,factor_candle,FRED CSV Gateway mirror of BLS/FRED,learning_only_mirror
CPILFESL,1970-05-01,1970-05-01T00:00:00Z,monthly,40.5,40.5,40.5,40.5,,40.5,factor_candle,FRED CSV Gateway mirror of BLS/FRED,learning_only_mirror
CPILFESL,1970-06-01,1970-06-01T00:00:00Z,monthly,40.8,40.8,40.8,40.8,,40.8,factor_candle,FRED CSV Gateway mirror of BLS/FRED,learning_only_mirror
CPILFESL,1970-07-01,1970-07-01T00:00:00Z,monthly,40.9,40.9,40.9,40.9,,40.9,factor_candle,FRED CSV Gateway mirror of BLS/FRED,learning_only_mirror
CPILFESL,1970-08-01,1970-08-01T00:00:00Z,monthly,41.1,41.1,41.1,41.1,,41.1,factor_candle,FRED CSV Gateway mirror of BLS/FRED,learning_only_mirror
CPILFESL,1970-09-01,1970-09-01T00:00:00Z,monthly,41.3,41.3,41.3,41.3,,41.3,factor_candle,FRED CSV Gateway mirror of BLS/FRED,learning_only_mirror
CPILFESL,1970-10-01,1970-10-01T00:00:00Z,monthly,41.5,41.5,41.5,41.5,,41.5,factor_candle,FRED CSV Gateway mirror of BLS/FRED,learning_only_mirror
CPILFESL,1970-11-01,1970-11-01T00:00:00Z,monthly,41.8,41.8,41.8,41.8,,41.8,factor_candle,FRED CSV Gateway mirror of BLS/FRED,learning_only_mirror
CPILFESL,1970-12-01,1970-12-01T00:00:00Z,monthly,42.0,42.0,42.0,42.0,,42.0,factor_candle,FRED CSV Gateway mirror of BLS/FRED,learning_only_mirror
CPILFESL,1971-01-01,1971-01-01T00:00:00Z,monthly,42.1,42.1,42.1,42.1,,42.1,factor_candle,FRED CSV Gateway mirror of BLS/FRED,learning_only_mirror
CPILFESL,1971-02-01,1971-02-01T00:00:00Z,monthly,42.2,42.2,42.2,42.2,,42.2,factor_candle,FRED CSV Gateway mirror of BLS/FRED,learning_only_mirror
CPILFESL,1971-03-01,1971-03-01T00:00:00Z,monthly,42.2,42.2,42.2,42.2,,42.2,factor_candle,FRED CSV Gateway mirror of BLS/FRED,learning_only_mirror
CPILFESL,1971-04-01,1971-04-01T00:00:00Z,monthly,42.4,42.4,42.4,42.4,,42.4,factor_candle,FRED CSV Gateway mirror of BLS/FRED,learning_only_mirror
CPILFESL,1971-05-01,1971-05-01T00:00:00Z,monthly,42.6,42.6,42.6,42.6,,42.6,factor_candle,FRED CSV Gateway mirror of BLS/FRED,learning_only_mirror
CPILFESL,1971-06-01,1971-06-01T00:00:00Z,monthly,42.8,42.8,42.8,42.8,,42.8,factor_candle,FRED CSV Gateway mirror of BLS/FRED,learning_only_mirror
CPILFESL,1971-07-01,1971-07-01T00:00:00Z,monthly,42.9,42.9,42.9,42.9,,42.9,factor_candle,FRED CSV Gateway mirror of BLS/FRED,learning_only_mirror
CPILFESL,1971-08-01,1971-08-01T00:00:00Z,monthly,43.0,43.0,43.0,43.0,,43.0,factor_candle,FRED CSV Gateway mirror of BLS/FRED,learning_only_mirror
CPILFESL,1971-09-01,1971-09-01T00:00:00Z,monthly,43.0,43.0,43.0,43.0,,43.0,factor_candle,FRED CSV Gateway mirror of BLS/FRED,learning_only_mirror
CPILFESL,1971-10-01,1971-10-01T00:00:00Z,monthly,43.1,43.1,43.1,43.1,,43.1,factor_candle,FRED CSV Gateway mirror of BLS/FRED,learning_only_mirror
CPILFESL,1971-11-01,1971-11-01T00:00:00Z,monthly,43.2,43.2,43.2,43.2,,43.2,factor_candle,FRED CSV Gateway mirror of BLS/FRED,learning_only_mirror
CPILFESL,1971-12-01,1971-12-01T00:00:00Z,monthly,43.3,43.3,43.3,43.3,,43.3,factor_candle,FRED CSV Gateway mirror of BLS/FRED,learning_only_mirror
CPILFESL,1972-01-01,1972-01-01T00:00:00Z,monthly,43.5,43.5,43.5,43.5,,43.5,factor_candle,FRED CSV Gateway mirror of BLS/FRED,learning_only_mirror
CPILFESL,1972-02-01,1972-02-01T00:00:00Z,monthly,43.6,43.6,43.6,43.6,,43.6,factor_candle,FRED CSV Gateway mirror of BLS/FRED,learning_only_mirror
CPILFESL,1972-03-01,1972-03-01T00:00:00Z,monthly,43.6,43.6,43.6,43.6,,43.6,factor_candle,FRED CSV Gateway mirror of BLS/FRED,learning_only_mirror
CPILFESL,1972-04-01,1972-04-01T00:00:00Z,monthly,43.8,43.8,43.8,43.8,,43.8,factor_candle,FRED CSV Gateway mirror of BLS/FRED,learning_only_mirror
CPILFESL,1972-05-01,1972-05-01T00:00:00Z,monthly,43.9,43.9,43.9,43.9,,43.9,factor_candle,FRED CSV Gateway mirror of BLS/FRED,learning_only_mirror
CPILFESL,1972-06-01,1972-06-01T00:00:00Z,monthly,44.0,44.0,44.0,44.0,,44.0,factor_candle,FRED CSV Gateway mirror of BLS/FRED,learning_only_mirror
CPILFESL,1972-07-01,1972-07-01T00:00:00Z,monthly,44.1,44.1,44.1,44.1,,44.1,factor_candle,FRED CSV Gateway mirror of BLS/FRED,learning_only_mirror
CPILFESL,1972-08-01,1972-08-01T00:00:00Z,monthly,44.3,44.3,44.3,44.3,,44.3,factor_candle,FRED CSV Gateway mirror of BLS/FRED,learning_only_mirror
CPILFESL,1972-09-01,1972-09-01T00:00:00Z,monthly,44.3,44.3,44.3,44.3,,44.3,factor_candle,FRED CSV Gateway mirror of BLS/FRED,learning_only_mirror
CPILFESL,1972-10-01,1972-10-01T00:00:00Z,monthly,44.4,44.4,44.4,44.4,,44.4,factor_candle,FRED CSV Gateway mirror of BLS/FRED,learning_only_mirror
CPILFESL,1972-11-01,1972-11-01T00:00:00Z,monthly,44.4,44.4,44.4,44.4,,44.4,factor_candle,FRED CSV Gateway mirror of BLS/FRED,learning_only_mirror
CPILFESL,1972-12-01,1972-12-01T00:00:00Z,monthly,44.6,44.6,44.6,44.6,,44.6,factor_candle,FRED CSV Gateway mirror of BLS/FRED,learning_only_mirror
CPILFESL,1973-01-01,1973-01-01T00:00:00Z,monthly,44.6,44.6,44.6,44.6,,44.6,factor_candle,FRED CSV Gateway mirror of BLS/FRED,learning_only_mirror
CPILFESL,1973-02-01,1973-02-01T00:00:00Z,monthly,44.8,44.8,44.8,44.8,,44.8,factor_candle,FRED CSV Gateway mirror of BLS/FRED,learning_only_mirror
CPILFESL,1973-03-01,1973-03-01T00:00:00Z,monthly,45.0,45.0,45.0,45.0,,45.0,factor_candle,FRED CSV Gateway mirror of BLS/FRED,learning_only_mirror
CPILFESL,1973-04-01,1973-04-01T00:00:00Z,monthly,45.1,45.1,45.1,45.1,,45.1,factor_candle,FRED CSV Gateway mirror of BLS/FRED,learning_only_mirror
CPILFESL,1973-05-01,1973-05-01T00:00:00Z,monthly,45.3,45.3,45.3,45.3,,45.3,factor_candle,FRED CSV Gateway mirror of BLS/FRED,learning_only_mirror
CPILFESL,1973-06-01,1973-06-01T00:00:00Z,monthly,45.4,45.4,45.4,45.4,,45.4,factor_candle,FRED CSV Gateway mirror of BLS/FRED,learning_only_mirror
CPILFESL,1973-07-01,1973-07-01T00:00:00Z,monthly,45.5,45.5,45.5,45.5,,45.5,factor_candle,FRED CSV Gateway mirror of BLS/FRED,learning_only_mirror
CPILFESL,1973-08-01,1973-08-01T00:00:00Z,monthly,45.7,45.7,45.7,45.7,,45.7,factor_candle,FRED CSV Gateway mirror of BLS/FRED,learning_only_mirror
CPILFESL,1973-09-01,1973-09-01T00:00:00Z,monthly,46.0,46.0,46.0,46.0,,46.0,factor_candle,FRED CSV Gateway mirror of BLS/FRED,learning_only_mirror
CPILFESL,1973-10-01,1973-10-01T00:00:00Z,monthly,46.3,46.3,46.3,46.3,,46.3,factor_candle,FRED CSV Gateway mirror of BLS/FRED,learning_only_mirror
CPILFESL,1973-11-01,1973-11-01T00:00:00Z,monthly,46.5,46.5,46.5,46.5,,46.5,factor_candle,FRED CSV Gateway mirror of BLS/FRED,learning_only_mirror
CPILFESL,1973-12-01,1973-12-01T00:00:00Z,monthly,46.7,46.7,46.7,46.7,,46.7,factor_candle,FRED CSV Gateway mirror of BLS/FRED,learning_only_mirror
CPILFESL,1974-01-01,1974-01-01T00:00:00Z,monthly,46.9,46.9,46.9,46.9,,46.9,factor_candle,FRED CSV Gateway mirror of BLS/FRED,learning_only_mirror
CPILFESL,1974-02-01,1974-02-01T00:00:00Z,monthly,47.2,47.2,47.2,47.2,,47.2,factor_candle,FRED CSV Gateway mirror of BLS/FRED,learning_only_mirror
CPILFESL,1974-03-01,1974-03-01T00:00:00Z,monthly,47.6,47.6,47.6,47.6,,47.6,factor_candle,FRED CSV Gateway mirror of BLS/FRED,learning_only_mirror
CPILFESL,1974-04-01,1974-04-01T00:00:00Z,monthly,47.9,47.9,47.9,47.9,,47.9,factor_candle,FRED CSV Gateway mirror of BLS/FRED,learning_only_mirror
CPILFESL,1974-05-01,1974-05-01T00:00:00Z,monthly,48.5,48.5,48.5,48.5,,48.5,factor_candle,FRED CSV Gateway mirror of BLS/FRED,learning_only_mirror
CPILFESL,1974-06-01,1974-06-01T00:00:00Z,monthly,49.0,49.0,49.0,49.0,,49.0,factor_candle,FRED CSV Gateway mirror of BLS/FRED,learning_only_mirror
CPILFESL,1974-07-01,1974-07-01T00:00:00Z,monthly,49.5,49.5,49.5,49.5,,49.5,factor_candle,FRED CSV Gateway mirror of BLS/FRED,learning_only_mirror
CPILFESL,1974-08-01,1974-08-01T00:00:00Z,monthly,50.2,50.2,50.2,50.2,,50.2,factor_candle,FRED CSV Gateway mirror of BLS/FRED,learning_only_mirror
CPILFESL,1974-09-01,1974-09-01T00:00:00Z,monthly,50.7,50.7,50.7,50.7,,50.7,factor_candle,FRED CSV Gateway mirror of BLS/FRED,learning_only_mirror
CPILFESL,1974-10-01,1974-10-01T00:00:00Z,monthly,51.2,51.2,51.2,51.2,,51.2,factor_candle,FRED CSV Gateway mirror of BLS/FRED,learning_only_mirror
CPILFESL,1974-11-01,1974-11-01T00:00:00Z,monthly,51.6,51.6,51.6,51.6,,51.6,factor_candle,FRED CSV Gateway mirror of BLS/FRED,learning_only_mirror
CPILFESL,1974-12-01,1974-12-01T00:00:00Z,monthly,52.0,52.0,52.0,52.0,,52.0,factor_candle,FRED CSV Gateway mirror of BLS/FRED,learning_only_mirror
CPILFESL,1975-01-01,1975-01-01T00:00:00Z,monthly,52.3,52.3,52.3,52.3,,52.3,factor_candle,FRED CSV Gateway mirror of BLS/FRED,learning_only_mirror
CPILFESL,1975-02-01,1975-02-01T00:00:00Z,monthly,52.8,52.8,52.8,52.8,,52.8,factor_candle,FRED CSV Gateway mirror of BLS/FRED,learning_only_mirror
CPILFESL,1975-03-01,1975-03-01T00:00:00Z,monthly,53.0,53.0,53.0,53.0,,53.0,factor_candle,FRED CSV Gateway mirror of BLS/FRED,learning_only_mirror
CPILFESL,1975-04-01,1975-04-01T00:00:00Z,monthly,53.3,53.3,53.3,53.3,,53.3,factor_candle,FRED CSV Gateway mirror of BLS/FRED,learning_only_mirror
CPILFESL,1975-05-01,1975-05-01T00:00:00Z,monthly,53.5,53.5,53.5,53.5,,53.5,factor_candle,FRED CSV Gateway mirror of BLS/FRED,learning_only_mirror
CPILFESL,1975-06-01,1975-06-01T00:00:00Z,monthly,53.8,53.8,53.8,53.8,,53.8,factor_candle,FRED CSV Gateway mirror of BLS/FRED,learning_only_mirror
CPILFESL,1975-07-01,1975-07-01T00:00:00Z,monthly,54.0,54.0,54.0,54.0,,54.0,factor_candle,FRED CSV Gateway mirror of BLS/FRED,learning_only_mirror
CPILFESL,1975-08-01,1975-08-01T00:00:00Z,monthly,54.2,54.2,54.2,54.2,,54.2,factor_candle,FRED CSV Gateway mirror of BLS/FRED,learning_only_mirror
CPILFESL,1975-09-01,1975-09-01T00:00:00Z,monthly,54.5,54.5,54.5,54.5,,54.5,factor_candle,FRED CSV Gateway mirror of BLS/FRED,learning_only_mirror
CPILFESL,1975-10-01,1975-10-01T00:00:00Z,monthly,54.8,54.8,54.8,54.8,,54.8,factor_candle,FRED CSV Gateway mirror of BLS/FRED,learning_only_mirror
CPILFESL,1975-11-01,1975-11-01T00:00:00Z,monthly,55.2,55.2,55.2,55.2,,55.2,factor_candle,FRED CSV Gateway mirror of BLS/FRED,learning_only_mirror
CPILFESL,1975-12-01,1975-12-01T00:00:00Z,monthly,55.5,55.5,55.5,55.5,,55.5,factor_candle,FRED CSV Gateway mirror of BLS/FRED,learning_only_mirror
CPILFESL,1976-01-01,1976-01-01T00:00:00Z,monthly,55.9,55.9,55.9,55.9,,55.9,factor_candle,FRED CSV Gateway mirror of BLS/FRED,learning_only_mirror
CPILFESL,1976-02-01,1976-02-01T00:00:00Z,monthly,56.2,56.2,56.2,56.2,,56.2,factor_candle,FRED CSV Gateway mirror of BLS/FRED,learning_only_mirror
CPILFESL,1976-03-01,1976-03-01T00:00:00Z,monthly,56.5,56.5,56.5,56.5,,56.5,factor_candle,FRED CSV Gateway mirror of BLS/FRED,learning_only_mirror
CPILFESL,1976-04-01,1976-04-01T00:00:00Z,monthly,56.7,56.7,56.7,56.7,,56.7,factor_candle,FRED CSV Gateway mirror of BLS/FRED,learning_only_mirror
CPILFESL,1976-05-01,1976-05-01T00:00:00Z,monthly,57.0,57.0,57.0,57.0,,57.0,factor_candle,FRED CSV Gateway mirror of BLS/FRED,learning_only_mirror
CPILFESL,1976-06-01,1976-06-01T00:00:00Z,monthly,57.2,57.2,57.2,57.2,,57.2,factor_candle,FRED CSV Gateway mirror of BLS/FRED,learning_only_mirror
CPILFESL,1976-07-01,1976-07-01T00:00:00Z,monthly,57.6,57.6,57.6,57.6,,57.6,factor_candle,FRED CSV Gateway mirror of BLS/FRED,learning_only_mirror
CPILFESL,1976-08-01,1976-08-01T00:00:00Z,monthly,57.9,57.9,57.9,57.9,,57.9,factor_candle,FRED CSV Gateway mirror of BLS/FRED,learning_only_mirror
CPILFESL,1976-09-01,1976-09-01T00:00:00Z,monthly,58.2,58.2,58.2,58.2,,58.2,factor_candle,FRED CSV Gateway mirror of BLS/FRED,learning_only_mirror
CPILFESL,1976-10-01,1976-10-01T00:00:00Z,monthly,58.5,58.5,58.5,58.5,,58.5,factor_candle,FRED CSV Gateway mirror of BLS/FRED,learning_only_mirror
CPILFESL,1976-11-01,1976-11-01T00:00:00Z,monthly,58.7,58.7,58.7,58.7,,58.7,factor_candle,FRED CSV Gateway mirror of BLS/FRED,learning_only_mirror
CPILFESL,1976-12-01,1976-12-01T00:00:00Z,monthly,58.9,58.9,58.9,58.9,,58.9,factor_candle,FRED CSV Gateway mirror of BLS/FRED,learning_only_mirror
CPILFESL,1977-01-01,1977-01-01T00:00:00Z,monthly,59.3,59.3,59.3,59.3,,59.3,factor_candle,FRED CSV Gateway mirror of BLS/FRED,learning_only_mirror
CPILFESL,1977-02-01,1977-02-01T00:00:00Z,monthly,59.7,59.7,59.7,59.7,,59.7,factor_candle,FRED CSV Gateway mirror of BLS/FRED,learning_only_mirror
CPILFESL,1977-03-01,1977-03-01T00:00:00Z,monthly,60.0,60.0,60.0,60.0,,60.0,factor_candle,FRED CSV Gateway mirror of BLS/FRED,learning_only_mirror
CPILFESL,1977-04-01,1977-04-01T00:00:00Z,monthly,60.3,60.3,60.3,60.3,,60.3,factor_candle,FRED CSV Gateway mirror of BLS/FRED,learning_only_mirror
CPILFESL,1977-05-01,1977-05-01T00:00:00Z,monthly,60.6,60.6,60.6,60.6,,60.6,factor_candle,FRED CSV Gateway mirror of BLS/FRED,learning_only_mirror
CPILFESL,1977-06-01,1977-06-01T00:00:00Z,monthly,61.0,61.0,61.0,61.0,,61.0,factor_candle,FRED CSV Gateway mirror of BLS/FRED,learning_only_mirror
CPILFESL,1977-07-01,1977-07-01T00:00:00Z,monthly,61.2,61.2,61.2,61.2,,61.2,factor_candle,FRED CSV Gateway mirror of BLS/FRED,learning_only_mirror
CPILFESL,1977-08-01,1977-08-01T00:00:00Z,monthly,61.5,61.5,61.5,61.5,,61.5,factor_candle,FRED CSV Gateway mirror of BLS/FRED,learning_only_mirror
CPILFESL,1977-09-01,1977-09-01T00:00:00Z,monthly,61.8,61.8,61.8,61.8,,61.8,factor_candle,FRED CSV Gateway mirror of BLS/FRED,learning_only_mirror
CPILFESL,1977-10-01,1977-10-01T00:00:00Z,monthly,62.0,62.0,62.0,62.0,,62.0,factor_candle,FRED CSV Gateway mirror of BLS/FRED,learning_only_mirror
CPILFESL,1977-11-01,1977-11-01T00:00:00Z,monthly,62.3,62.3,62.3,62.3,,62.3,factor_candle,FRED CSV Gateway mirror of BLS/FRED,learning_only_mirror
CPILFESL,1977-12-01,1977-12-01T00:00:00Z,monthly,62.7,62.7,62.7,62.7,,62.7,factor_candle,FRED CSV Gateway mirror of BLS/FRED,learning_only_mirror
CPILFESL,1978-01-01,1978-01-01T00:00:00Z,monthly,63.1,63.1,63.1,63.1,,63.1,factor_candle,FRED CSV Gateway mirror of BLS/FRED,learning_only_mirror
CPILFESL,1978-02-01,1978-02-01T00:00:00Z,monthly,63.4,63.4,63.4,63.4,,63.4,factor_candle,FRED CSV Gateway mirror of BLS/FRED,learning_only_mirror
CPILFESL,1978-03-01,1978-03-01T00:00:00Z,monthly,63.8,63.8,63.8,63.8,,63.8,factor_candle,FRED CSV Gateway mirror of BLS/FRED,learning_only_mirror
CPILFESL,1978-04-01,1978-04-01T00:00:00Z,monthly,64.3,64.3,64.3,64.3,,64.3,factor_candle,FRED CSV Gateway mirror of BLS/FRED,learning_only_mirror
CPILFESL,1978-05-01,1978-05-01T00:00:00Z,monthly,64.7,64.7,64.7,64.7,,64.7,factor_candle,FRED CSV Gateway mirror of BLS/FRED,learning_only_mirror
CPILFESL,1978-06-01,1978-06-01T00:00:00Z,monthly,65.2,65.2,65.2,65.2,,65.2,factor_candle,FRED CSV Gateway mirror of BLS/FRED,learning_only_mirror
CPILFESL,1978-07-01,1978-07-01T00:00:00Z,monthly,65.6,65.6,65.6,65.6,,65.6,factor_candle,FRED CSV Gateway mirror of BLS/FRED,learning_only_mirror
CPILFESL,1978-08-01,1978-08-01T00:00:00Z,monthly,66.1,66.1,66.1,66.1,,66.1,factor_candle,FRED CSV Gateway mirror of BLS/FRED,learning_only_mirror
CPILFESL,1978-09-01,1978-09-01T00:00:00Z,monthly,66.7,66.7,66.7,66.7,,66.7,factor_candle,FRED CSV Gateway mirror of BLS/FRED,learning_only_mirror
CPILFESL,1978-10-01,1978-10-01T00:00:00Z,monthly,67.2,67.2,67.2,67.2,,67.2,factor_candle,FRED CSV Gateway mirror of BLS/FRED,learning_only_mirror
CPILFESL,1978-11-01,1978-11-01T00:00:00Z,monthly,67.6,67.6,67.6,67.6,,67.6,factor_candle,FRED CSV Gateway mirror of BLS/FRED,learning_only_mirror
CPILFESL,1978-12-01,1978-12-01T00:00:00Z,monthly,68.0,68.0,68.0,68.0,,68.0,factor_candle,FRED CSV Gateway mirror of BLS/FRED,learning_only_mirror
CPILFESL,1979-01-01,1979-01-01T00:00:00Z,monthly,68.5,68.5,68.5,68.5,,68.5,factor_candle,FRED CSV Gateway mirror of BLS/FRED,learning_only_mirror
CPILFESL,1979-02-01,1979-02-01T00:00:00Z,monthly,69.2,69.2,69.2,69.2,,69.2,factor_candle,FRED CSV Gateway mirror of BLS/FRED,learning_only_mirror
CPILFESL,1979-03-01,1979-03-01T00:00:00Z,monthly,69.8,69.8,69.8,69.8,,69.8,factor_candle,FRED CSV Gateway mirror of BLS/FRED,learning_only_mirror
CPILFESL,1979-04-01,1979-04-01T00:00:00Z,monthly,70.3,70.3,70.3,70.3,,70.3,factor_candle,FRED CSV Gateway mirror of BLS/FRED,learning_only_mirror
CPILFESL,1979-05-01,1979-05-01T00:00:00Z,monthly,70.8,70.8,70.8,70.8,,70.8,factor_candle,FRED CSV Gateway mirror of BLS/FRED,learning_only_mirror
CPILFESL,1979-06-01,1979-06-01T00:00:00Z,monthly,71.3,71.3,71.3,71.3,,71.3,factor_candle,FRED CSV Gateway mirror of BLS/FRED,learning_only_mirror
CPILFESL,1979-07-01,1979-07-01T00:00:00Z,monthly,71.9,71.9,71.9,71.9,,71.9,factor_candle,FRED CSV Gateway mirror of BLS/FRED,learning_only_mirror
CPILFESL,1979-08-01,1979-08-01T00:00:00Z,monthly,72.7,72.7,72.7,72.7,,72.7,factor_candle,FRED CSV Gateway mirror of BLS/FRED,learning_only_mirror
CPILFESL,1979-09-01,1979-09-01T00:00:00Z,monthly,73.3,73.3,73.3,73.3,,73.3,factor_candle,FRED CSV Gateway mirror of BLS/FRED,learning_only_mirror
CPILFESL,1979-10-01,1979-10-01T00:00:00Z,monthly,74.0,74.0,74.0,74.0,,74.0,factor_candle,FRED CSV Gateway mirror of BLS/FRED,learning_only_mirror
CPILFESL,1979-11-01,1979-11-01T00:00:00Z,monthly,74.8,74.8,74.8,74.8,,74.8,factor_candle,FRED CSV Gateway mirror of BLS/FRED,learning_only_mirror
CPILFESL,1979-12-01,1979-12-01T00:00:00Z,monthly,75.7,75.7,75.7,75.7,,75.7,factor_candle,FRED CSV Gateway mirror of BLS/FRED,learning_only_mirror
CPILFESL,1980-01-01,1980-01-01T00:00:00Z,monthly,76.7,76.7,76.7,76.7,,76.7,factor_candle,FRED CSV Gateway mirror of BLS/FRED,learning_only_mirror
CPILFESL,1980-02-01,1980-02-01T00:00:00Z,monthly,77.5,77.5,77.5,77.5,,77.5,factor_candle,FRED CSV Gateway mirror of BLS/FRED,learning_only_mirror
CPILFESL,1980-03-01,1980-03-01T00:00:00Z,monthly,78.6,78.6,78.6,78.6,,78.6,factor_candle,FRED CSV Gateway mirror of BLS/FRED,learning_only_mirror
CPILFESL,1980-04-01,1980-04-01T00:00:00Z,monthly,79.5,79.5,79.5,79.5,,79.5,factor_candle,FRED CSV Gateway mirror of BLS/FRED,learning_only_mirror
CPILFESL,1980-05-01,1980-05-01T00:00:00Z,monthly,80.1,80.1,80.1,80.1,,80.1,factor_candle,FRED CSV Gateway mirror of BLS/FRED,learning_only_mirror
CPILFESL,1980-06-01,1980-06-01T00:00:00Z,monthly,81.0,81.0,81.0,81.0,,81.0,factor_candle,FRED CSV Gateway mirror of BLS/FRED,learning_only_mirror
CPILFESL,1980-07-01,1980-07-01T00:00:00Z,monthly,80.8,80.8,80.8,80.8,,80.8,factor_candle,FRED CSV Gateway mirror of BLS/FRED,learning_only_mirror
CPILFESL,1980-08-01,1980-08-01T00:00:00Z,monthly,81.3,81.3,81.3,81.3,,81.3,factor_candle,FRED CSV Gateway mirror of BLS/FRED,learning_only_mirror
CPILFESL,1980-09-01,1980-09-01T00:00:00Z,monthly,82.1,82.1,82.1,82.1,,82.1,factor_candle,FRED CSV Gateway mirror of BLS/FRED,learning_only_mirror
CPILFESL,1980-10-01,1980-10-01T00:00:00Z,monthly,83.0,83.0,83.0,83.0,,83.0,factor_candle,FRED CSV Gateway mirror of BLS/FRED,learning_only_mirror
CPILFESL,1980-11-01,1980-11-01T00:00:00Z,monthly,83.9,83.9,83.9,83.9,,83.9,factor_candle,FRED CSV Gateway mirror of BLS/FRED,learning_only_mirror
CPILFESL,1980-12-01,1980-12-01T00:00:00Z,monthly,84.9,84.9,84.9,84.9,,84.9,factor_candle,FRED CSV Gateway mirror of BLS/FRED,learning_only_mirror
CPILFESL,1981-01-01,1981-01-01T00:00:00Z,monthly,85.4,85.4,85.4,85.4,,85.4,factor_candle,FRED CSV Gateway mirror of BLS/FRED,learning_only_mirror
CPILFESL,1981-02-01,1981-02-01T00:00:00Z,monthly,85.9,85.9,85.9,85.9,,85.9,factor_candle,FRED CSV Gateway mirror of BLS/FRED,learning_only_mirror
CPILFESL,1981-03-01,1981-03-01T00:00:00Z,monthly,86.4,86.4,86.4,86.4,,86.4,factor_candle,FRED CSV Gateway mirror of BLS/FRED,learning_only_mirror
CPILFESL,1981-04-01,1981-04-01T00:00:00Z,monthly,87.0,87.0,87.0,87.0,,87.0,factor_candle,FRED CSV Gateway mirror of BLS/FRED,learning_only_mirror
CPILFESL,1981-05-01,1981-05-01T00:00:00Z,monthly,87.8,87.8,87.8,87.8,,87.8,factor_candle,FRED CSV Gateway mirror of BLS/FRED,learning_only_mirror
CPILFESL,1981-06-01,1981-06-01T00:00:00Z,monthly,88.6,88.6,88.6,88.6,,88.6,factor_candle,FRED CSV Gateway mirror of BLS/FRED,learning_only_mirror
CPILFESL,1981-07-01,1981-07-01T00:00:00Z,monthly,89.8,89.8,89.8,89.8,,89.8,factor_candle,FRED CSV Gateway mirror of BLS/FRED,learning_only_mirror
CPILFESL,1981-08-01,1981-08-01T00:00:00Z,monthly,90.7,90.7,90.7,90.7,,90.7,factor_candle,FRED CSV Gateway mirror of BLS/FRED,learning_only_mirror
CPILFESL,1981-09-01,1981-09-01T00:00:00Z,monthly,91.8,91.8,91.8,91.8,,91.8,factor_candle,FRED CSV Gateway mirror of BLS/FRED,learning_only_mirror
CPILFESL,1981-10-01,1981-10-01T00:00:00Z,monthly,92.1,92.1,92.1,92.1,,92.1,factor_candle,FRED CSV Gateway mirror of BLS/FRED,learning_only_mirror
CPILFESL,1981-11-01,1981-11-01T00:00:00Z,monthly,92.5,92.5,92.5,92.5,,92.5,factor_candle,FRED CSV Gateway mirror of BLS/FRED,learning_only_mirror
CPILFESL,1981-12-01,1981-12-01T00:00:00Z,monthly,93.0,93.0,93.0,93.0,,93.0,factor_candle,FRED CSV Gateway mirror of BLS/FRED,learning_only_mirror
CPILFESL,1982-01-01,1982-01-01T00:00:00Z,monthly,93.3,93.3,93.3,93.3,,93.3,factor_candle,FRED CSV Gateway mirror of BLS/FRED,learning_only_mirror
CPILFESL,1982-02-01,1982-02-01T00:00:00Z,monthly,93.8,93.8,93.8,93.8,,93.8,factor_candle,FRED CSV Gateway mirror of BLS/FRED,learning_only_mirror
CPILFESL,1982-03-01,1982-03-01T00:00:00Z,monthly,93.9,93.9,93.9,93.9,,93.9,factor_candle,FRED CSV Gateway mirror of BLS/FRED,learning_only_mirror
CPILFESL,1982-04-01,1982-04-01T00:00:00Z,monthly,94.7,94.7,94.7,94.7,,94.7,factor_candle,FRED CSV Gateway mirror of BLS/FRED,learning_only_mirror
CPILFESL,1982-05-01,1982-05-01T00:00:00Z,monthly,95.4,95.4,95.4,95.4,,95.4,factor_candle,FRED CSV Gateway mirror of BLS/FRED,learning_only_mirror
CPILFESL,1982-06-01,1982-06-01T00:00:00Z,monthly,96.1,96.1,96.1,96.1,,96.1,factor_candle,FRED CSV Gateway mirror of BLS/FRED,learning_only_mirror
CPILFESL,1982-07-01,1982-07-01T00:00:00Z,monthly,96.7,96.7,96.7,96.7,,96.7,factor_candle,FRED CSV Gateway mirror of BLS/FRED,learning_only_mirror
CPILFESL,1982-08-01,1982-08-01T00:00:00Z,monthly,97.1,97.1,97.1,97.1,,97.1,factor_candle,FRED CSV Gateway mirror of BLS/FRED,learning_only_mirror
CPILFESL,1982-09-01,1982-09-01T00:00:00Z,monthly,97.2,97.2,97.2,97.2,,97.2,factor_candle,FRED CSV Gateway mirror of BLS/FRED,learning_only_mirror
CPILFESL,1982-10-01,1982-10-01T00:00:00Z,monthly,97.5,97.5,97.5,97.5,,97.5,factor_candle,FRED CSV Gateway mirror of BLS/FRED,learning_only_mirror
CPILFESL,1982-11-01,1982-11-01T00:00:00Z,monthly,97.3,97.3,97.3,97.3,,97.3,factor_candle,FRED CSV Gateway mirror of BLS/FRED,learning_only_mirror
CPILFESL,1982-12-01,1982-12-01T00:00:00Z,monthly,97.2,97.2,97.2,97.2,,97.2,factor_candle,FRED CSV Gateway mirror of BLS/FRED,learning_only_mirror
CPILFESL,1983-01-01,1983-01-01T00:00:00Z,monthly,97.6,97.6,97.6,97.6,,97.6,factor_candle,FRED CSV Gateway mirror of BLS/FRED,learning_only_mirror
CPILFESL,1983-02-01,1983-02-01T00:00:00Z,monthly,98.0,98.0,98.0,98.0,,98.0,factor_candle,FRED CSV Gateway mirror of BLS/FRED,learning_only_mirror
CPILFESL,1983-03-01,1983-03-01T00:00:00Z,monthly,98.2,98.2,98.2,98.2,,98.2,factor_candle,FRED CSV Gateway mirror of BLS/FRED,learning_only_mirror
CPILFESL,1983-04-01,1983-04-01T00:00:00Z,monthly,98.6,98.6,98.6,98.6,,98.6,factor_candle,FRED CSV Gateway mirror of BLS/FRED,learning_only_mirror
CPILFESL,1983-05-01,1983-05-01T00:00:00Z,monthly,98.9,98.9,98.9,98.9,,98.9,factor_candle,FRED CSV Gateway mirror of BLS/FRED,learning_only_mirror
CPILFESL,1983-06-01,1983-06-01T00:00:00Z,monthly,99.2,99.2,99.2,99.2,,99.2,factor_candle,FRED CSV Gateway mirror of BLS/FRED,learning_only_mirror
CPILFESL,1983-07-01,1983-07-01T00:00:00Z,monthly,99.8,99.8,99.8,99.8,,99.8,factor_candle,FRED CSV Gateway mirror of BLS/FRED,learning_only_mirror
CPILFESL,1983-08-01,1983-08-01T00:00:00Z,monthly,100.1,100.1,100.1,100.1,,100.1,factor_candle,FRED CSV Gateway mirror of BLS/FRED,learning_only_mirror
CPILFESL,1983-09-01,1983-09-01T00:00:00Z,monthly,100.5,100.5,100.5,100.5,,100.5,factor_candle,FRED CSV Gateway mirror of BLS/FRED,learning_only_mirror
CPILFESL,1983-10-01,1983-10-01T00:00:00Z,monthly,101.0,101.0,101.0,101.0,,101.0,factor_candle,FRED CSV Gateway mirror of BLS/FRED,learning_only_mirror
CPILFESL,1983-11-01,1983-11-01T00:00:00Z,monthly,101.5,101.5,101.5,101.5,,101.5,factor_candle,FRED CSV Gateway mirror of BLS/FRED,learning_only_mirror
CPILFESL,1983-12-01,1983-12-01T00:00:00Z,monthly,101.8,101.8,101.8,101.8,,101.8,factor_candle,FRED CSV Gateway mirror of BLS/FRED,learning_only_mirror
CPILFESL,1984-01-01,1984-01-01T00:00:00Z,monthly,102.5,102.5,102.5,102.5,,102.5,factor_candle,FRED CSV Gateway mirror of BLS/FRED,learning_only_mirror
CPILFESL,1984-02-01,1984-02-01T00:00:00Z,monthly,102.8,102.8,102.8,102.8,,102.8,factor_candle,FRED CSV Gateway mirror of BLS/FRED,learning_only_mirror
CPILFESL,1984-03-01,1984-03-01T00:00:00Z,monthly,103.2,103.2,103.2,103.2,,103.2,factor_candle,FRED CSV Gateway mirror of BLS/FRED,learning_only_mirror
CPILFESL,1984-04-01,1984-04-01T00:00:00Z,monthly,103.7,103.7,103.7,103.7,,103.7,factor_candle,FRED CSV Gateway mirror of BLS/FRED,learning_only_mirror
CPILFESL,1984-05-01,1984-05-01T00:00:00Z,monthly,104.1,104.1,104.1,104.1,,104.1,factor_candle,FRED CSV Gateway mirror of BLS/FRED,learning_only_mirror
CPILFESL,1984-06-01,1984-06-01T00:00:00Z,monthly,104.5,104.5,104.5,104.5,,104.5,factor_candle,FRED CSV Gateway mirror of BLS/FRED,learning_only_mirror
CPILFESL,1984-07-01,1984-07-01T00:00:00Z,monthly,105.0,105.0,105.0,105.0,,105.0,factor_candle,FRED CSV Gateway mirror of BLS/FRED,learning_only_mirror
CPILFESL,1984-08-01,1984-08-01T00:00:00Z,monthly,105.4,105.4,105.4,105.4,,105.4,factor_candle,FRED CSV Gateway mirror of BLS/FRED,learning_only_mirror
CPILFESL,1984-09-01,1984-09-01T00:00:00Z,monthly,105.8,105.8,105.8,105.8,,105.8,factor_candle,FRED CSV Gateway mirror of BLS/FRED,learning_only_mirror
CPILFESL,1984-10-01,1984-10-01T00:00:00Z,monthly,106.2,106.2,106.2,106.2,,106.2,factor_candle,FRED CSV Gateway mirror of BLS/FRED,learning_only_mirror
CPILFESL,1984-11-01,1984-11-01T00:00:00Z,monthly,106.4,106.4,106.4,106.4,,106.4,factor_candle,FRED CSV Gateway mirror of BLS/FRED,learning_only_mirror
CPILFESL,1984-12-01,1984-12-01T00:00:00Z,monthly,106.8,106.8,106.8,106.8,,106.8,factor_candle,FRED CSV Gateway mirror of BLS/FRED,learning_only_mirror
CPILFESL,1985-01-01,1985-01-01T00:00:00Z,monthly,107.1,107.1,107.1,107.1,,107.1,factor_candle,FRED CSV Gateway mirror of BLS/FRED,learning_only_mirror
CPILFESL,1985-02-01,1985-02-01T00:00:00Z,monthly,107.7,107.7,107.7,107.7,,107.7,factor_candle,FRED CSV Gateway mirror of BLS/FRED,learning_only_mirror
CPILFESL,1985-03-01,1985-03-01T00:00:00Z,monthly,108.1,108.1,108.1,108.1,,108.1,factor_candle,FRED CSV Gateway mirror of BLS/FRED,learning_only_mirror
CPILFESL,1985-04-01,1985-04-01T00:00:00Z,monthly,108.4,108.4,108.4,108.4,,108.4,factor_candle,FRED CSV Gateway mirror of BLS/FRED,learning_only_mirror
CPILFESL,1985-05-01,1985-05-01T00:00:00Z,monthly,108.8,108.8,108.8,108.8,,108.8,factor_candle,FRED CSV Gateway mirror of BLS/FRED,learning_only_mirror
CPILFESL,1985-06-01,1985-06-01T00:00:00Z,monthly,109.1,109.1,109.1,109.1,,109.1,factor_candle,FRED CSV Gateway mirror of BLS/FRED,learning_only_mirror
CPILFESL,1985-07-01,1985-07-01T00:00:00Z,monthly,109.4,109.4,109.4,109.4,,109.4,factor_candle,FRED CSV Gateway mirror of BLS/FRED,learning_only_mirror
CPILFESL,1985-08-01,1985-08-01T00:00:00Z,monthly,109.8,109.8,109.8,109.8,,109.8,factor_candle,FRED CSV Gateway mirror of BLS/FRED,learning_only_mirror
CPILFESL,1985-09-01,1985-09-01T00:00:00Z,monthly,110.0,110.0,110.0,110.0,,110.0,factor_candle,FRED CSV Gateway mirror of BLS/FRED,learning_only_mirror
CPILFESL,1985-10-01,1985-10-01T00:00:00Z,monthly,110.5,110.5,110.5,110.5,,110.5,factor_candle,FRED CSV Gateway mirror of BLS/FRED,learning_only_mirror
CPILFESL,1985-11-01,1985-11-01T00:00:00Z,monthly,111.1,111.1,111.1,111.1,,111.1,factor_candle,FRED CSV Gateway mirror of BLS/FRED,learning_only_mirror
CPILFESL,1985-12-01,1985-12-01T00:00:00Z,monthly,111.4,111.4,111.4,111.4,,111.4,factor_candle,FRED CSV Gateway mirror of BLS/FRED,learning_only_mirror
CPILFESL,1986-01-01,1986-01-01T00:00:00Z,monthly,111.9,111.9,111.9,111.9,,111.9,factor_candle,FRED CSV Gateway mirror of BLS/FRED,learning_only_mirror
CPILFESL,1986-02-01,1986-02-01T00:00:00Z,monthly,112.2,112.2,112.2,112.2,,112.2,factor_candle,FRED CSV Gateway mirror of BLS/FRED,learning_only_mirror
CPILFESL,1986-03-01,1986-03-01T00:00:00Z,monthly,112.5,112.5,112.5,112.5,,112.5,factor_candle,FRED CSV Gateway mirror of BLS/FRED,learning_only_mirror
CPILFESL,1986-04-01,1986-04-01T00:00:00Z,monthly,112.9,112.9,112.9,112.9,,112.9,factor_candle,FRED CSV Gateway mirror of BLS/FRED,learning_only_mirror
CPILFESL,1986-05-01,1986-05-01T00:00:00Z,monthly,113.1,113.1,113.1,113.1,,113.1,factor_candle,FRED CSV Gateway mirror of BLS/FRED,learning_only_mirror
CPILFESL,1986-06-01,1986-06-01T00:00:00Z,monthly,113.4,113.4,113.4,113.4,,113.4,factor_candle,FRED CSV Gateway mirror of BLS/FRED,learning_only_mirror
CPILFESL,1986-07-01,1986-07-01T00:00:00Z,monthly,113.8,113.8,113.8,113.8,,113.8,factor_candle,FRED CSV Gateway mirror of BLS/FRED,learning_only_mirror
CPILFESL,1986-08-01,1986-08-01T00:00:00Z,monthly,114.2,114.2,114.2,114.2,,114.2,factor_candle,FRED CSV Gateway mirror of BLS/FRED,learning_only_mirror
CPILFESL,1986-09-01,1986-09-01T00:00:00Z,monthly,114.6,114.6,114.6,114.6,,114.6,factor_candle,FRED CSV Gateway mirror of BLS/FRED,learning_only_mirror
CPILFESL,1986-10-01,1986-10-01T00:00:00Z,monthly,115.0,115.0,115.0,115.0,,115.0,factor_candle,FRED CSV Gateway mirror of BLS/FRED,learning_only_mirror
CPILFESL,1986-11-01,1986-11-01T00:00:00Z,monthly,115.3,115.3,115.3,115.3,,115.3,factor_candle,FRED CSV Gateway mirror of BLS/FRED,learning_only_mirror
CPILFESL,1986-12-01,1986-12-01T00:00:00Z,monthly,115.6,115.6,115.6,115.6,,115.6,factor_candle,FRED CSV Gateway mirror of BLS/FRED,learning_only_mirror
CPILFESL,1987-01-01,1987-01-01T00:00:00Z,monthly,115.9,115.9,115.9,115.9,,115.9,factor_candle,FRED CSV Gateway mirror of BLS/FRED,learning_only_mirror
CPILFESL,1987-02-01,1987-02-01T00:00:00Z,monthly,116.2,116.2,116.2,116.2,,116.2,factor_candle,FRED CSV Gateway mirror of BLS/FRED,learning_only_mirror
CPILFESL,1987-03-01,1987-03-01T00:00:00Z,monthly,116.6,116.6,116.6,116.6,,116.6,factor_candle,FRED CSV Gateway mirror of BLS/FRED,learning_only_mirror
CPILFESL,1987-04-01,1987-04-01T00:00:00Z,monthly,117.3,117.3,117.3,117.3,,117.3,factor_candle,FRED CSV Gateway mirror of BLS/FRED,learning_only_mirror
CPILFESL,1987-05-01,1987-05-01T00:00:00Z,monthly,117.7,117.7,117.7,117.7,,117.7,factor_candle,FRED CSV Gateway mirror of BLS/FRED,learning_only_mirror
CPILFESL,1987-06-01,1987-06-01T00:00:00Z,monthly,117.9,117.9,117.9,117.9,,117.9,factor_candle,FRED CSV Gateway mirror of BLS/FRED,learning_only_mirror
CPILFESL,1987-07-01,1987-07-01T00:00:00Z,monthly,118.3,118.3,118.3,118.3,,118.3,factor_candle,FRED CSV Gateway mirror of BLS/FRED,learning_only_mirror
CPILFESL,1987-08-01,1987-08-01T00:00:00Z,monthly,118.7,118.7,118.7,118.7,,118.7,factor_candle,FRED CSV Gateway mirror of BLS/FRED,learning_only_mirror
CPILFESL,1987-09-01,1987-09-01T00:00:00Z,monthly,119.2,119.2,119.2,119.2,,119.2,factor_candle,FRED CSV Gateway mirror of BLS/FRED,learning_only_mirror
CPILFESL,1987-10-01,1987-10-01T00:00:00Z,monthly,119.8,119.8,119.8,119.8,,119.8,factor_candle,FRED CSV Gateway mirror of BLS/FRED,learning_only_mirror
CPILFESL,1987-11-01,1987-11-01T00:00:00Z,monthly,120.1,120.1,120.1,120.1,,120.1,factor_candle,FRED CSV Gateway mirror of BLS/FRED,learning_only_mirror
CPILFESL,1987-12-01,1987-12-01T00:00:00Z,monthly,120.4,120.4,120.4,120.4,,120.4,factor_candle,FRED CSV Gateway mirror of BLS/FRED,learning_only_mirror
CPILFESL,1988-01-01,1988-01-01T00:00:00Z,monthly,120.9,120.9,120.9,120.9,,120.9,factor_candle,FRED CSV Gateway mirror of BLS/FRED,learning_only_mirror
CPILFESL,1988-02-01,1988-02-01T00:00:00Z,monthly,121.2,121.2,121.2,121.2,,121.2,factor_candle,FRED CSV Gateway mirror of BLS/FRED,learning_only_mirror
CPILFESL,1988-03-01,1988-03-01T00:00:00Z,monthly,121.7,121.7,121.7,121.7,,121.7,factor_candle,FRED CSV Gateway mirror of BLS/FRED,learning_only_mirror
CPILFESL,1988-04-01,1988-04-01T00:00:00Z,monthly,122.3,122.3,122.3,122.3,,122.3,factor_candle,FRED CSV Gateway mirror of BLS/FRED,learning_only_mirror
CPILFESL,1988-05-01,1988-05-01T00:00:00Z,monthly,122.7,122.7,122.7,122.7,,122.7,factor_candle,FRED CSV Gateway mirror of BLS/FRED,learning_only_mirror
CPILFESL,1988-06-01,1988-06-01T00:00:00Z,monthly,123.2,123.2,123.2,123.2,,123.2,factor_candle,FRED CSV Gateway mirror of BLS/FRED,learning_only_mirror
CPILFESL,1988-07-01,1988-07-01T00:00:00Z,monthly,123.6,123.6,123.6,123.6,,123.6,factor_candle,FRED CSV Gateway mirror of BLS/FRED,learning_only_mirror
CPILFESL,1988-08-01,1988-08-01T00:00:00Z,monthly,124.0,124.0,124.0,124.0,,124.0,factor_candle,FRED CSV Gateway mirror of BLS/FRED,learning_only_mirror
CPILFESL,1988-09-01,1988-09-01T00:00:00Z,monthly,124.7,124.7,124.7,124.7,,124.7,factor_candle,FRED CSV Gateway mirror of BLS/FRED,learning_only_mirror
CPILFESL,1988-10-01,1988-10-01T00:00:00Z,monthly,125.2,125.2,125.2,125.2,,125.2,factor_candle,FRED CSV Gateway mirror of BLS/FRED,learning_only_mirror
CPILFESL,1988-11-01,1988-11-01T00:00:00Z,monthly,125.6,125.6,125.6,125.6,,125.6,factor_candle,FRED CSV Gateway mirror of BLS/FRED,learning_only_mirror
CPILFESL,1988-12-01,1988-12-01T00:00:00Z,monthly,126.0,126.0,126.0,126.0,,126.0,factor_candle,FRED CSV Gateway mirror of BLS/FRED,learning_only_mirror
CPILFESL,1989-01-01,1989-01-01T00:00:00Z,monthly,126.5,126.5,126.5,126.5,,126.5,factor_candle,FRED CSV Gateway mirror of BLS/FRED,learning_only_mirror
CPILFESL,1989-02-01,1989-02-01T00:00:00Z,monthly,126.9,126.9,126.9,126.9,,126.9,factor_candle,FRED CSV Gateway mirror of BLS/FRED,learning_only_mirror
CPILFESL,1989-03-01,1989-03-01T00:00:00Z,monthly,127.4,127.4,127.4,127.4,,127.4,factor_candle,FRED CSV Gateway mirror of BLS/FRED,learning_only_mirror
CPILFESL,1989-04-01,1989-04-01T00:00:00Z,monthly,127.8,127.8,127.8,127.8,,127.8,factor_candle,FRED CSV Gateway mirror of BLS/FRED,learning_only_mirror
CPILFESL,1989-05-01,1989-05-01T00:00:00Z,monthly,128.3,128.3,128.3,128.3,,128.3,factor_candle,FRED CSV Gateway mirror of BLS/FRED,learning_only_mirror
CPILFESL,1989-06-01,1989-06-01T00:00:00Z,monthly,128.8,128.8,128.8,128.8,,128.8,factor_candle,FRED CSV Gateway mirror of BLS/FRED,learning_only_mirror
CPILFESL,1989-07-01,1989-07-01T00:00:00Z,monthly,129.2,129.2,129.2,129.2,,129.2,factor_candle,FRED CSV Gateway mirror of BLS/FRED,learning_only_mirror
CPILFESL,1989-08-01,1989-08-01T00:00:00Z,monthly,129.5,129.5,129.5,129.5,,129.5,factor_candle,FRED CSV Gateway mirror of BLS/FRED,learning_only_mirror
CPILFESL,1989-09-01,1989-09-01T00:00:00Z,monthly,129.9,129.9,129.9,129.9,,129.9,factor_candle,FRED CSV Gateway mirror of BLS/FRED,learning_only_mirror
CPILFESL,1989-10-01,1989-10-01T00:00:00Z,monthly,130.6,130.6,130.6,130.6,,130.6,factor_candle,FRED CSV Gateway mirror of BLS/FRED,learning_only_mirror
CPILFESL,1989-11-01,1989-11-01T00:00:00Z,monthly,131.1,131.1,131.1,131.1,,131.1,factor_candle,FRED CSV Gateway mirror of BLS/FRED,learning_only_mirror
CPILFESL,1989-12-01,1989-12-01T00:00:00Z,monthly,131.6,131.6,131.6,131.6,,131.6,factor_candle,FRED CSV Gateway mirror of BLS/FRED,learning_only_mirror
CPILFESL,1990-01-01,1990-01-01T00:00:00Z,monthly,132.1,132.1,132.1,132.1,,132.1,factor_candle,FRED CSV Gateway mirror of BLS/FRED,learning_only_mirror
CPILFESL,1990-02-01,1990-02-01T00:00:00Z,monthly,132.7,132.7,132.7,132.7,,132.7,factor_candle,FRED CSV Gateway mirror of BLS/FRED,learning_only_mirror
CPILFESL,1990-03-01,1990-03-01T00:00:00Z,monthly,133.5,133.5,133.5,133.5,,133.5,factor_candle,FRED CSV Gateway mirror of BLS/FRED,learning_only_mirror
CPILFESL,1990-04-01,1990-04-01T00:00:00Z,monthly,134.0,134.0,134.0,134.0,,134.0,factor_candle,FRED CSV Gateway mirror of BLS/FRED,learning_only_mirror
CPILFESL,1990-05-01,1990-05-01T00:00:00Z,monthly,134.4,134.4,134.4,134.4,,134.4,factor_candle,FRED CSV Gateway mirror of BLS/FRED,learning_only_mirror
CPILFESL,1990-06-01,1990-06-01T00:00:00Z,monthly,135.1,135.1,135.1,135.1,,135.1,factor_candle,FRED CSV Gateway mirror of BLS/FRED,learning_only_mirror
CPILFESL,1990-07-01,1990-07-01T00:00:00Z,monthly,135.8,135.8,135.8,135.8,,135.8,factor_candle,FRED CSV Gateway mirror of BLS/FRED,learning_only_mirror
CPILFESL,1990-08-01,1990-08-01T00:00:00Z,monthly,136.6,136.6,136.6,136.6,,136.6,factor_candle,FRED CSV Gateway mirror of BLS/FRED,learning_only_mirror
CPILFESL,1990-09-01,1990-09-01T00:00:00Z,monthly,137.1,137.1,137.1,137.1,,137.1,factor_candle,FRED CSV Gateway mirror of BLS/FRED,learning_only_mirror
CPILFESL,1990-10-01,1990-10-01T00:00:00Z,monthly,137.6,137.6,137.6,137.6,,137.6,factor_candle,FRED CSV Gateway mirror of BLS/FRED,learning_only_mirror
CPILFESL,1990-11-01,1990-11-01T00:00:00Z,monthly,138.0,138.0,138.0,138.0,,138.0,factor_candle,FRED CSV Gateway mirror of BLS/FRED,learning_only_mirror
CPILFESL,1990-12-01,1990-12-01T00:00:00Z,monthly,138.6,138.6,138.6,138.6,,138.6,factor_candle,FRED CSV Gateway mirror of BLS/FRED,learning_only_mirror
CPILFESL,1991-01-01,1991-01-01T00:00:00Z,monthly,139.5,139.5,139.5,139.5,,139.5,factor_candle,FRED CSV Gateway mirror of BLS/FRED,learning_only_mirror
CPILFESL,1991-02-01,1991-02-01T00:00:00Z,monthly,140.2,140.2,140.2,140.2,,140.2,factor_candle,FRED CSV Gateway mirror of BLS/FRED,learning_only_mirror
CPILFESL,1991-03-01,1991-03-01T00:00:00Z,monthly,140.5,140.5,140.5,140.5,,140.5,factor_candle,FRED CSV Gateway mirror of BLS/FRED,learning_only_mirror
CPILFESL,1991-04-01,1991-04-01T00:00:00Z,monthly,140.9,140.9,140.9,140.9,,140.9,factor_candle,FRED CSV Gateway mirror of BLS/FRED,learning_only_mirror
CPILFESL,1991-05-01,1991-05-01T00:00:00Z,monthly,141.3,141.3,141.3,141.3,,141.3,factor_candle,FRED CSV Gateway mirror of BLS/FRED,learning_only_mirror
CPILFESL,1991-06-01,1991-06-01T00:00:00Z,monthly,141.8,141.8,141.8,141.8,,141.8,factor_candle,FRED CSV Gateway mirror of BLS/FRED,learning_only_mirror
CPILFESL,1991-07-01,1991-07-01T00:00:00Z,monthly,142.3,142.3,142.3,142.3,,142.3,factor_candle,FRED CSV Gateway mirror of BLS/FRED,learning_only_mirror
CPILFESL,1991-08-01,1991-08-01T00:00:00Z,monthly,142.9,142.9,142.9,142.9,,142.9,factor_candle,FRED CSV Gateway mirror of BLS/FRED,learning_only_mirror
CPILFESL,1991-09-01,1991-09-01T00:00:00Z,monthly,143.4,143.4,143.4,143.4,,143.4,factor_candle,FRED CSV Gateway mirror of BLS/FRED,learning_only_mirror
CPILFESL,1991-10-01,1991-10-01T00:00:00Z,monthly,143.7,143.7,143.7,143.7,,143.7,factor_candle,FRED CSV Gateway mirror of BLS/FRED,learning_only_mirror
CPILFESL,1991-11-01,1991-11-01T00:00:00Z,monthly,144.2,144.2,144.2,144.2,,144.2,factor_candle,FRED CSV Gateway mirror of BLS/FRED,learning_only_mirror
CPILFESL,1991-12-01,1991-12-01T00:00:00Z,monthly,144.7,144.7,144.7,144.7,,144.7,factor_candle,FRED CSV Gateway mirror of BLS/FRED,learning_only_mirror
CPILFESL,1992-01-01,1992-01-01T00:00:00Z,monthly,145.1,145.1,145.1,145.1,,145.1,factor_candle,FRED CSV Gateway mirror of BLS/FRED,learning_only_mirror
CPILFESL,1992-02-01,1992-02-01T00:00:00Z,monthly,145.4,145.4,145.4,145.4,,145.4,factor_candle,FRED CSV Gateway mirror of BLS/FRED,learning_only_mirror
CPILFESL,1992-03-01,1992-03-01T00:00:00Z,monthly,145.9,145.9,145.9,145.9,,145.9,factor_candle,FRED CSV Gateway mirror of BLS/FRED,learning_only_mirror
CPILFESL,1992-04-01,1992-04-01T00:00:00Z,monthly,146.3,146.3,146.3,146.3,,146.3,factor_candle,FRED CSV Gateway mirror of BLS/FRED,learning_only_mirror
CPILFESL,1992-05-01,1992-05-01T00:00:00Z,monthly,146.8,146.8,146.8,146.8,,146.8,factor_candle,FRED CSV Gateway mirror of BLS/FRED,learning_only_mirror
CPILFESL,1992-06-01,1992-06-01T00:00:00Z,monthly,147.1,147.1,147.1,147.1,,147.1,factor_candle,FRED CSV Gateway mirror of BLS/FRED,learning_only_mirror
CPILFESL,1992-07-01,1992-07-01T00:00:00Z,monthly,147.6,147.6,147.6,147.6,,147.6,factor_candle,FRED CSV Gateway mirror of BLS/FRED,learning_only_mirror
CPILFESL,1992-08-01,1992-08-01T00:00:00Z,monthly,147.9,147.9,147.9,147.9,,147.9,factor_candle,FRED CSV Gateway mirror of BLS/FRED,learning_only_mirror
CPILFESL,1992-09-01,1992-09-01T00:00:00Z,monthly,148.1,148.1,148.1,148.1,,148.1,factor_candle,FRED CSV Gateway mirror of BLS/FRED,learning_only_mirror
CPILFESL,1992-10-01,1992-10-01T00:00:00Z,monthly,148.8,148.8,148.8,148.8,,148.8,factor_candle,FRED CSV Gateway mirror of BLS/FRED,learning_only_mirror
CPILFESL,1992-11-01,1992-11-01T00:00:00Z,monthly,149.2,149.2,149.2,149.2,,149.2,factor_candle,FRED CSV Gateway mirror of BLS/FRED,learning_only_mirror
CPILFESL,1992-12-01,1992-12-01T00:00:00Z,monthly,149.6,149.6,149.6,149.6,,149.6,factor_candle,FRED CSV Gateway mirror of BLS/FRED,learning_only_mirror
CPILFESL,1993-01-01,1993-01-01T00:00:00Z,monthly,150.1,150.1,150.1,150.1,,150.1,factor_candle,FRED CSV Gateway mirror of BLS/FRED,learning_only_mirror
CPILFESL,1993-02-01,1993-02-01T00:00:00Z,monthly,150.6,150.6,150.6,150.6,,150.6,factor_candle,FRED CSV Gateway mirror of BLS/FRED,learning_only_mirror
CPILFESL,1993-03-01,1993-03-01T00:00:00Z,monthly,150.8,150.8,150.8,150.8,,150.8,factor_candle,FRED CSV Gateway mirror of BLS/FRED,learning_only_mirror
CPILFESL,1993-04-01,1993-04-01T00:00:00Z,monthly,151.4,151.4,151.4,151.4,,151.4,factor_candle,FRED CSV Gateway mirror of BLS/FRED,learning_only_mirror
CPILFESL,1993-05-01,1993-05-01T00:00:00Z,monthly,151.8,151.8,151.8,151.8,,151.8,factor_candle,FRED CSV Gateway mirror of BLS/FRED,learning_only_mirror
CPILFESL,1993-06-01,1993-06-01T00:00:00Z,monthly,152.1,152.1,152.1,152.1,,152.1,factor_candle,FRED CSV Gateway mirror of BLS/FRED,learning_only_mirror
CPILFESL,1993-07-01,1993-07-01T00:00:00Z,monthly,152.3,152.3,152.3,152.3,,152.3,factor_candle,FRED CSV Gateway mirror of BLS/FRED,learning_only_mirror
CPILFESL,1993-08-01,1993-08-01T00:00:00Z,monthly,152.8,152.8,152.8,152.8,,152.8,factor_candle,FRED CSV Gateway mirror of BLS/FRED,learning_only_mirror
CPILFESL,1993-09-01,1993-09-01T00:00:00Z,monthly,152.9,152.9,152.9,152.9,,152.9,factor_candle,FRED CSV Gateway mirror of BLS/FRED,learning_only_mirror
CPILFESL,1993-10-01,1993-10-01T00:00:00Z,monthly,153.4,153.4,153.4,153.4,,153.4,factor_candle,FRED CSV Gateway mirror of BLS/FRED,learning_only_mirror
CPILFESL,1993-11-01,1993-11-01T00:00:00Z,monthly,153.9,153.9,153.9,153.9,,153.9,factor_candle,FRED CSV Gateway mirror of BLS/FRED,learning_only_mirror
CPILFESL,1993-12-01,1993-12-01T00:00:00Z,monthly,154.3,154.3,154.3,154.3,,154.3,factor_candle,FRED CSV Gateway mirror of BLS/FRED,learning_only_mirror
CPILFESL,1994-01-01,1994-01-01T00:00:00Z,monthly,154.5,154.5,154.5,154.5,,154.5,factor_candle,FRED CSV Gateway mirror of BLS/FRED,learning_only_mirror
CPILFESL,1994-02-01,1994-02-01T00:00:00Z,monthly,154.8,154.8,154.8,154.8,,154.8,factor_candle,FRED CSV Gateway mirror of BLS/FRED,learning_only_mirror
CPILFESL,1994-03-01,1994-03-01T00:00:00Z,monthly,155.3,155.3,155.3,155.3,,155.3,factor_candle,FRED CSV Gateway mirror of BLS/FRED,learning_only_mirror
CPILFESL,1994-04-01,1994-04-01T00:00:00Z,monthly,155.5,155.5,155.5,155.5,,155.5,factor_candle,FRED CSV Gateway mirror of BLS/FRED,learning_only_mirror
CPILFESL,1994-05-01,1994-05-01T00:00:00Z,monthly,155.9,155.9,155.9,155.9,,155.9,factor_candle,FRED CSV Gateway mirror of BLS/FRED,learning_only_mirror
CPILFESL,1994-06-01,1994-06-01T00:00:00Z,monthly,156.4,156.4,156.4,156.4,,156.4,factor_candle,FRED CSV Gateway mirror of BLS/FRED,learning_only_mirror
CPILFESL,1994-07-01,1994-07-01T00:00:00Z,monthly,156.7,156.7,156.7,156.7,,156.7,factor_candle,FRED CSV Gateway mirror of BLS/FRED,learning_only_mirror
CPILFESL,1994-08-01,1994-08-01T00:00:00Z,monthly,157.1,157.1,157.1,157.1,,157.1,factor_candle,FRED CSV Gateway mirror of BLS/FRED,learning_only_mirror
CPILFESL,1994-09-01,1994-09-01T00:00:00Z,monthly,157.5,157.5,157.5,157.5,,157.5,factor_candle,FRED CSV Gateway mirror of BLS/FRED,learning_only_mirror
CPILFESL,1994-10-01,1994-10-01T00:00:00Z,monthly,157.8,157.8,157.8,157.8,,157.8,factor_candle,FRED CSV Gateway mirror of BLS/FRED,learning_only_mirror
CPILFESL,1994-11-01,1994-11-01T00:00:00Z,monthly,158.2,158.2,158.2,158.2,,158.2,factor_candle,FRED CSV Gateway mirror of BLS/FRED,learning_only_mirror
CPILFESL,1994-12-01,1994-12-01T00:00:00Z,monthly,158.3,158.3,158.3,158.3,,158.3,factor_candle,FRED CSV Gateway mirror of BLS/FRED,learning_only_mirror
CPILFESL,1995-01-01,1995-01-01T00:00:00Z,monthly,159.0,159.0,159.0,159.0,,159.0,factor_candle,FRED CSV Gateway mirror of BLS/FRED,learning_only_mirror
CPILFESL,1995-02-01,1995-02-01T00:00:00Z,monthly,159.4,159.4,159.4,159.4,,159.4,factor_candle,FRED CSV Gateway mirror of BLS/FRED,learning_only_mirror
CPILFESL,1995-03-01,1995-03-01T00:00:00Z,monthly,159.9,159.9,159.9,159.9,,159.9,factor_candle,FRED CSV Gateway mirror of BLS/FRED,learning_only_mirror
CPILFESL,1995-04-01,1995-04-01T00:00:00Z,monthly,160.4,160.4,160.4,160.4,,160.4,factor_candle,FRED CSV Gateway mirror of BLS/FRED,learning_only_mirror
CPILFESL,1995-05-01,1995-05-01T00:00:00Z,monthly,160.7,160.7,160.7,160.7,,160.7,factor_candle,FRED CSV Gateway mirror of BLS/FRED,learning_only_mirror
CPILFESL,1995-06-01,1995-06-01T00:00:00Z,monthly,161.1,161.1,161.1,161.1,,161.1,factor_candle,FRED CSV Gateway mirror of BLS/FRED,learning_only_mirror
CPILFESL,1995-07-01,1995-07-01T00:00:00Z,monthly,161.4,161.4,161.4,161.4,,161.4,factor_candle,FRED CSV Gateway mirror of BLS/FRED,learning_only_mirror
CPILFESL,1995-08-01,1995-08-01T00:00:00Z,monthly,161.8,161.8,161.8,161.8,,161.8,factor_candle,FRED CSV Gateway mirror of BLS/FRED,learning_only_mirror
CPILFESL,1995-09-01,1995-09-01T00:00:00Z,monthly,162.2,162.2,162.2,162.2,,162.2,factor_candle,FRED CSV Gateway mirror of BLS/FRED,learning_only_mirror
CPILFESL,1995-10-01,1995-10-01T00:00:00Z,monthly,162.7,162.7,162.7,162.7,,162.7,factor_candle,FRED CSV Gateway mirror of BLS/FRED,learning_only_mirror
CPILFESL,1995-11-01,1995-11-01T00:00:00Z,monthly,163.0,163.0,163.0,163.0,,163.0,factor_candle,FRED CSV Gateway mirror of BLS/FRED,learning_only_mirror
CPILFESL,1995-12-01,1995-12-01T00:00:00Z,monthly,163.1,163.1,163.1,163.1,,163.1,factor_candle,FRED CSV Gateway mirror of BLS/FRED,learning_only_mirror
CPILFESL,1996-01-01,1996-01-01T00:00:00Z,monthly,163.7,163.7,163.7,163.7,,163.7,factor_candle,FRED CSV Gateway mirror of BLS/FRED,learning_only_mirror
CPILFESL,1996-02-01,1996-02-01T00:00:00Z,monthly,164.0,164.0,164.0,164.0,,164.0,factor_candle,FRED CSV Gateway mirror of BLS/FRED,learning_only_mirror
CPILFESL,1996-03-01,1996-03-01T00:00:00Z,monthly,164.4,164.4,164.4,164.4,,164.4,factor_candle,FRED CSV Gateway mirror of BLS/FRED,learning_only_mirror
CPILFESL,1996-04-01,1996-04-01T00:00:00Z,monthly,164.6,164.6,164.6,164.6,,164.6,factor_candle,FRED CSV Gateway mirror of BLS/FRED,learning_only_mirror
CPILFESL,1996-05-01,1996-05-01T00:00:00Z,monthly,165.0,165.0,165.0,165.0,,165.0,factor_candle,FRED CSV Gateway mirror of BLS/FRED,learning_only_mirror
CPILFESL,1996-06-01,1996-06-01T00:00:00Z,monthly,165.4,165.4,165.4,165.4,,165.4,factor_candle,FRED CSV Gateway mirror of BLS/FRED,learning_only_mirror
CPILFESL,1996-07-01,1996-07-01T00:00:00Z,monthly,165.7,165.7,165.7,165.7,,165.7,factor_candle,FRED CSV Gateway mirror of BLS/FRED,learning_only_mirror
CPILFESL,1996-08-01,1996-08-01T00:00:00Z,monthly,166.0,166.0,166.0,166.0,,166.0,factor_candle,FRED CSV Gateway mirror of BLS/FRED,learning_only_mirror
CPILFESL,1996-09-01,1996-09-01T00:00:00Z,monthly,166.5,166.5,166.5,166.5,,166.5,factor_candle,FRED CSV Gateway mirror of BLS/FRED,learning_only_mirror
CPILFESL,1996-10-01,1996-10-01T00:00:00Z,monthly,166.8,166.8,166.8,166.8,,166.8,factor_candle,FRED CSV Gateway mirror of BLS/FRED,learning_only_mirror
CPILFESL,1996-11-01,1996-11-01T00:00:00Z,monthly,167.2,167.2,167.2,167.2,,167.2,factor_candle,FRED CSV Gateway mirror of BLS/FRED,learning_only_mirror
CPILFESL,1996-12-01,1996-12-01T00:00:00Z,monthly,167.4,167.4,167.4,167.4,,167.4,factor_candle,FRED CSV Gateway mirror of BLS/FRED,learning_only_mirror
CPILFESL,1997-01-01,1997-01-01T00:00:00Z,monthly,167.8,167.8,167.8,167.8,,167.8,factor_candle,FRED CSV Gateway mirror of BLS/FRED,learning_only_mirror
CPILFESL,1997-02-01,1997-02-01T00:00:00Z,monthly,168.1,168.1,168.1,168.1,,168.1,factor_candle,FRED CSV Gateway mirror of BLS/FRED,learning_only_mirror
CPILFESL,1997-03-01,1997-03-01T00:00:00Z,monthly,168.4,168.4,168.4,168.4,,168.4,factor_candle,FRED CSV Gateway mirror of BLS/FRED,learning_only_mirror
CPILFESL,1997-04-01,1997-04-01T00:00:00Z,monthly,168.9,168.9,168.9,168.9,,168.9,factor_candle,FRED CSV Gateway mirror of BLS/FRED,learning_only_mirror
CPILFESL,1997-05-01,1997-05-01T00:00:00Z,monthly,169.2,169.2,169.2,169.2,,169.2,factor_candle,FRED CSV Gateway mirror of BLS/FRED,learning_only_mirror
CPILFESL,1997-06-01,1997-06-01T00:00:00Z,monthly,169.4,169.4,169.4,169.4,,169.4,factor_candle,FRED CSV Gateway mirror of BLS/FRED,learning_only_mirror
CPILFESL,1997-07-01,1997-07-01T00:00:00Z,monthly,169.7,169.7,169.7,169.7,,169.7,factor_candle,FRED CSV Gateway mirror of BLS/FRED,learning_only_mirror
CPILFESL,1997-08-01,1997-08-01T00:00:00Z,monthly,169.8,169.8,169.8,169.8,,169.8,factor_candle,FRED CSV Gateway mirror of BLS/FRED,learning_only_mirror
CPILFESL,1997-09-01,1997-09-01T00:00:00Z,monthly,170.2,170.2,170.2,170.2,,170.2,factor_candle,FRED CSV Gateway mirror of BLS/FRED,learning_only_mirror
CPILFESL,1997-10-01,1997-10-01T00:00:00Z,monthly,170.6,170.6,170.6,170.6,,170.6,factor_candle,FRED CSV Gateway mirror of BLS/FRED,learning_only_mirror
CPILFESL,1997-11-01,1997-11-01T00:00:00Z,monthly,170.8,170.8,170.8,170.8,,170.8,factor_candle,FRED CSV Gateway mirror of BLS/FRED,learning_only_mirror
CPILFESL,1997-12-01,1997-12-01T00:00:00Z,monthly,171.2,171.2,171.2,171.2,,171.2,factor_candle,FRED CSV Gateway mirror of BLS/FRED,learning_only_mirror
CPILFESL,1998-01-01,1998-01-01T00:00:00Z,monthly,171.6,171.6,171.6,171.6,,171.6,factor_candle,FRED CSV Gateway mirror of BLS/FRED,learning_only_mirror
CPILFESL,1998-02-01,1998-02-01T00:00:00Z,monthly,171.9,171.9,171.9,171.9,,171.9,factor_candle,FRED CSV Gateway mirror of BLS/FRED,learning_only_mirror
CPILFESL,1998-03-01,1998-03-01T00:00:00Z,monthly,172.2,172.2,172.2,172.2,,172.2,factor_candle,FRED CSV Gateway mirror of BLS/FRED,learning_only_mirror
CPILFESL,1998-04-01,1998-04-01T00:00:00Z,monthly,172.5,172.5,172.5,172.5,,172.5,factor_candle,FRED CSV Gateway mirror of BLS/FRED,learning_only_mirror
CPILFESL,1998-05-01,1998-05-01T00:00:00Z,monthly,172.9,172.9,172.9,172.9,,172.9,factor_candle,FRED CSV Gateway mirror of BLS/FRED,learning_only_mirror
CPILFESL,1998-06-01,1998-06-01T00:00:00Z,monthly,173.2,173.2,173.2,173.2,,173.2,factor_candle,FRED CSV Gateway mirror of BLS/FRED,learning_only_mirror
CPILFESL,1998-07-01,1998-07-01T00:00:00Z,monthly,173.5,173.5,173.5,173.5,,173.5,factor_candle,FRED CSV Gateway mirror of BLS/FRED,learning_only_mirror
CPILFESL,1998-08-01,1998-08-01T00:00:00Z,monthly,174.0,174.0,174.0,174.0,,174.0,factor_candle,FRED CSV Gateway mirror of BLS/FRED,learning_only_mirror
CPILFESL,1998-09-01,1998-09-01T00:00:00Z,monthly,174.2,174.2,174.2,174.2,,174.2,factor_candle,FRED CSV Gateway mirror of BLS/FRED,learning_only_mirror
CPILFESL,1998-10-01,1998-10-01T00:00:00Z,monthly,174.4,174.4,174.4,174.4,,174.4,factor_candle,FRED CSV Gateway mirror of BLS/FRED,learning_only_mirror
CPILFESL,1998-11-01,1998-11-01T00:00:00Z,monthly,174.8,174.8,174.8,174.8,,174.8,factor_candle,FRED CSV Gateway mirror of BLS/FRED,learning_only_mirror
CPILFESL,1998-12-01,1998-12-01T00:00:00Z,monthly,175.4,175.4,175.4,175.4,,175.4,factor_candle,FRED CSV Gateway mirror of BLS/FRED,learning_only_mirror
CPILFESL,1999-01-01,1999-01-01T00:00:00Z,monthly,175.6,175.6,175.6,175.6,,175.6,factor_candle,FRED CSV Gateway mirror of BLS/FRED,learning_only_mirror
CPILFESL,1999-02-01,1999-02-01T00:00:00Z,monthly,175.6,175.6,175.6,175.6,,175.6,factor_candle,FRED CSV Gateway mirror of BLS/FRED,learning_only_mirror
CPILFESL,1999-03-01,1999-03-01T00:00:00Z,monthly,175.7,175.7,175.7,175.7,,175.7,factor_candle,FRED CSV Gateway mirror of BLS/FRED,learning_only_mirror
CPILFESL,1999-04-01,1999-04-01T00:00:00Z,monthly,176.3,176.3,176.3,176.3,,176.3,factor_candle,FRED CSV Gateway mirror of BLS/FRED,learning_only_mirror
CPILFESL,1999-05-01,1999-05-01T00:00:00Z,monthly,176.5,176.5,176.5,176.5,,176.5,factor_candle,FRED CSV Gateway mirror of BLS/FRED,learning_only_mirror
CPILFESL,1999-06-01,1999-06-01T00:00:00Z,monthly,176.6,176.6,176.6,176.6,,176.6,factor_candle,FRED CSV Gateway mirror of BLS/FRED,learning_only_mirror
CPILFESL,1999-07-01,1999-07-01T00:00:00Z,monthly,177.1,177.1,177.1,177.1,,177.1,factor_candle,FRED CSV Gateway mirror of BLS/FRED,learning_only_mirror
CPILFESL,1999-08-01,1999-08-01T00:00:00Z,monthly,177.3,177.3,177.3,177.3,,177.3,factor_candle,FRED CSV Gateway mirror of BLS/FRED,learning_only_mirror
CPILFESL,1999-09-01,1999-09-01T00:00:00Z,monthly,177.8,177.8,177.8,177.8,,177.8,factor_candle,FRED CSV Gateway mirror of BLS/FRED,learning_only_mirror
CPILFESL,1999-10-01,1999-10-01T00:00:00Z,monthly,178.1,178.1,178.1,178.1,,178.1,factor_candle,FRED CSV Gateway mirror of BLS/FRED,learning_only_mirror
CPILFESL,1999-11-01,1999-11-01T00:00:00Z,monthly,178.4,178.4,178.4,178.4,,178.4,factor_candle,FRED CSV Gateway mirror of BLS/FRED,learning_only_mirror
CPILFESL,1999-12-01,1999-12-01T00:00:00Z,monthly,178.7,178.7,178.7,178.7,,178.7,factor_candle,FRED CSV Gateway mirror of BLS/FRED,learning_only_mirror
CPILFESL,2000-01-01,2000-01-01T00:00:00Z,monthly,179.3,179.3,179.3,179.3,,179.3,factor_candle,FRED CSV Gateway mirror of BLS/FRED,learning_only_mirror
CPILFESL,2000-02-01,2000-02-01T00:00:00Z,monthly,179.4,179.4,179.4,179.4,,179.4,factor_candle,FRED CSV Gateway mirror of BLS/FRED,learning_only_mirror
CPILFESL,2000-03-01,2000-03-01T00:00:00Z,monthly,180.0,180.0,180.0,180.0,,180.0,factor_candle,FRED CSV Gateway mirror of BLS/FRED,learning_only_mirror
CPILFESL,2000-04-01,2000-04-01T00:00:00Z,monthly,180.3,180.3,180.3,180.3,,180.3,factor_candle,FRED CSV Gateway mirror of BLS/FRED,learning_only_mirror
CPILFESL,2000-05-01,2000-05-01T00:00:00Z,monthly,180.7,180.7,180.7,180.7,,180.7,factor_candle,FRED CSV Gateway mirror of BLS/FRED,learning_only_mirror
CPILFESL,2000-06-01,2000-06-01T00:00:00Z,monthly,181.1,181.1,181.1,181.1,,181.1,factor_candle,FRED CSV Gateway mirror of BLS/FRED,learning_only_mirror
CPILFESL,2000-07-01,2000-07-01T00:00:00Z,monthly,181.5,181.5,181.5,181.5,,181.5,factor_candle,FRED CSV Gateway mirror of BLS/FRED,learning_only_mirror
CPILFESL,2000-08-01,2000-08-01T00:00:00Z,monthly,181.9,181.9,181.9,181.9,,181.9,factor_candle,FRED CSV Gateway mirror of BLS/FRED,learning_only_mirror
CPILFESL,2000-09-01,2000-09-01T00:00:00Z,monthly,182.3,182.3,182.3,182.3,,182.3,factor_candle,FRED CSV Gateway mirror of BLS/FRED,learning_only_mirror
CPILFESL,2000-10-01,2000-10-01T00:00:00Z,monthly,182.6,182.6,182.6,182.6,,182.6,factor_candle,FRED CSV Gateway mirror of BLS/FRED,learning_only_mirror
CPILFESL,2000-11-01,2000-11-01T00:00:00Z,monthly,183.1,183.1,183.1,183.1,,183.1,factor_candle,FRED CSV Gateway mirror of BLS/FRED,learning_only_mirror
CPILFESL,2000-12-01,2000-12-01T00:00:00Z,monthly,183.3,183.3,183.3,183.3,,183.3,factor_candle,FRED CSV Gateway mirror of BLS/FRED,learning_only_mirror
CPILFESL,2001-01-01,2001-01-01T00:00:00Z,monthly,183.9,183.9,183.9,183.9,,183.9,factor_candle,FRED CSV Gateway mirror of BLS/FRED,learning_only_mirror
CPILFESL,2001-02-01,2001-02-01T00:00:00Z,monthly,184.4,184.4,184.4,184.4,,184.4,factor_candle,FRED CSV Gateway mirror of BLS/FRED,learning_only_mirror
CPILFESL,2001-03-01,2001-03-01T00:00:00Z,monthly,184.7,184.7,184.7,184.7,,184.7,factor_candle,FRED CSV Gateway mirror of BLS/FRED,learning_only_mirror
CPILFESL,2001-04-01,2001-04-01T00:00:00Z,monthly,185.1,185.1,185.1,185.1,,185.1,factor_candle,FRED CSV Gateway mirror of BLS/FRED,learning_only_mirror
CPILFESL,2001-05-01,2001-05-01T00:00:00Z,monthly,185.3,185.3,185.3,185.3,,185.3,factor_candle,FRED CSV Gateway mirror of BLS/FRED,learning_only_mirror
CPILFESL,2001-06-01,2001-06-01T00:00:00Z,monthly,186.0,186.0,186.0,186.0,,186.0,factor_candle,FRED CSV Gateway mirror of BLS/FRED,learning_only_mirror
CPILFESL,2001-07-01,2001-07-01T00:00:00Z,monthly,186.4,186.4,186.4,186.4,,186.4,factor_candle,FRED CSV Gateway mirror of BLS/FRED,learning_only_mirror
CPILFESL,2001-08-01,2001-08-01T00:00:00Z,monthly,186.7,186.7,186.7,186.7,,186.7,factor_candle,FRED CSV Gateway mirror of BLS/FRED,learning_only_mirror
CPILFESL,2001-09-01,2001-09-01T00:00:00Z,monthly,187.1,187.1,187.1,187.1,,187.1,factor_candle,FRED CSV Gateway mirror of BLS/FRED,learning_only_mirror
CPILFESL,2001-10-01,2001-10-01T00:00:00Z,monthly,187.4,187.4,187.4,187.4,,187.4,factor_candle,FRED CSV Gateway mirror of BLS/FRED,learning_only_mirror
CPILFESL,2001-11-01,2001-11-01T00:00:00Z,monthly,188.1,188.1,188.1,188.1,,188.1,factor_candle,FRED CSV Gateway mirror of BLS/FRED,learning_only_mirror
CPILFESL,2001-12-01,2001-12-01T00:00:00Z,monthly,188.4,188.4,188.4,188.4,,188.4,factor_candle,FRED CSV Gateway mirror of BLS/FRED,learning_only_mirror
CPILFESL,2002-01-01,2002-01-01T00:00:00Z,monthly,188.7,188.7,188.7,188.7,,188.7,factor_candle,FRED CSV Gateway mirror of BLS/FRED,learning_only_mirror
CPILFESL,2002-02-01,2002-02-01T00:00:00Z,monthly,189.1,189.1,189.1,189.1,,189.1,factor_candle,FRED CSV Gateway mirror of BLS/FRED,learning_only_mirror
CPILFESL,2002-03-01,2002-03-01T00:00:00Z,monthly,189.2,189.2,189.2,189.2,,189.2,factor_candle,FRED CSV Gateway mirror of BLS/FRED,learning_only_mirror
CPILFESL,2002-04-01,2002-04-01T00:00:00Z,monthly,189.7,189.7,189.7,189.7,,189.7,factor_candle,FRED CSV Gateway mirror of BLS/FRED,learning_only_mirror
CPILFESL,2002-05-01,2002-05-01T00:00:00Z,monthly,190.0,190.0,190.0,190.0,,190.0,factor_candle,FRED CSV Gateway mirror of BLS/FRED,learning_only_mirror
CPILFESL,2002-06-01,2002-06-01T00:00:00Z,monthly,190.2,190.2,190.2,190.2,,190.2,factor_candle,FRED CSV Gateway mirror of BLS/FRED,learning_only_mirror
CPILFESL,2002-07-01,2002-07-01T00:00:00Z,monthly,190.5,190.5,190.5,190.5,,190.5,factor_candle,FRED CSV Gateway mirror of BLS/FRED,learning_only_mirror
CPILFESL,2002-08-01,2002-08-01T00:00:00Z,monthly,191.1,191.1,191.1,191.1,,191.1,factor_candle,FRED CSV Gateway mirror of BLS/FRED,learning_only_mirror
CPILFESL,2002-09-01,2002-09-01T00:00:00Z,monthly,191.3,191.3,191.3,191.3,,191.3,factor_candle,FRED CSV Gateway mirror of BLS/FRED,learning_only_mirror
CPILFESL,2002-10-01,2002-10-01T00:00:00Z,monthly,191.5,191.5,191.5,191.5,,191.5,factor_candle,FRED CSV Gateway mirror of BLS/FRED,learning_only_mirror
CPILFESL,2002-11-01,2002-11-01T00:00:00Z,monthly,191.9,191.9,191.9,191.9,,191.9,factor_candle,FRED CSV Gateway mirror of BLS/FRED,learning_only_mirror
CPILFESL,2002-12-01,2002-12-01T00:00:00Z,monthly,192.1,192.1,192.1,192.1,,192.1,factor_candle,FRED CSV Gateway mirror of BLS/FRED,learning_only_mirror
CPILFESL,2003-01-01,2003-01-01T00:00:00Z,monthly,192.4,192.4,192.4,192.4,,192.4,factor_candle,FRED CSV Gateway mirror of BLS/FRED,learning_only_mirror
CPILFESL,2003-02-01,2003-02-01T00:00:00Z,monthly,192.5,192.5,192.5,192.5,,192.5,factor_candle,FRED CSV Gateway mirror of BLS/FRED,learning_only_mirror
CPILFESL,2003-03-01,2003-03-01T00:00:00Z,monthly,192.5,192.5,192.5,192.5,,192.5,factor_candle,FRED CSV Gateway mirror of BLS/FRED,learning_only_mirror
CPILFESL,2003-04-01,2003-04-01T00:00:00Z,monthly,192.5,192.5,192.5,192.5,,192.5,factor_candle,FRED CSV Gateway mirror of BLS/FRED,learning_only_mirror
CPILFESL,2003-05-01,2003-05-01T00:00:00Z,monthly,192.9,192.9,192.9,192.9,,192.9,factor_candle,FRED CSV Gateway mirror of BLS/FRED,learning_only_mirror
CPILFESL,2003-06-01,2003-06-01T00:00:00Z,monthly,193.0,193.0,193.0,193.0,,193.0,factor_candle,FRED CSV Gateway mirror of BLS/FRED,learning_only_mirror
CPILFESL,2003-07-01,2003-07-01T00:00:00Z,monthly,193.4,193.4,193.4,193.4,,193.4,factor_candle,FRED CSV Gateway mirror of BLS/FRED,learning_only_mirror
CPILFESL,2003-08-01,2003-08-01T00:00:00Z,monthly,193.6,193.6,193.6,193.6,,193.6,factor_candle,FRED CSV Gateway mirror of BLS/FRED,learning_only_mirror
CPILFESL,2003-09-01,2003-09-01T00:00:00Z,monthly,193.7,193.7,193.7,193.7,,193.7,factor_candle,FRED CSV Gateway mirror of BLS/FRED,learning_only_mirror
CPILFESL,2003-10-01,2003-10-01T00:00:00Z,monthly,194.0,194.0,194.0,194.0,,194.0,factor_candle,FRED CSV Gateway mirror of BLS/FRED,learning_only_mirror
CPILFESL,2003-11-01,2003-11-01T00:00:00Z,monthly,194.0,194.0,194.0,194.0,,194.0,factor_candle,FRED CSV Gateway mirror of BLS/FRED,learning_only_mirror
CPILFESL,2003-12-01,2003-12-01T00:00:00Z,monthly,194.2,194.2,194.2,194.2,,194.2,factor_candle,FRED CSV Gateway mirror of BLS/FRED,learning_only_mirror
CPILFESL,2004-01-01,2004-01-01T00:00:00Z,monthly,194.6,194.6,194.6,194.6,,194.6,factor_candle,FRED CSV Gateway mirror of BLS/FRED,learning_only_mirror
CPILFESL,2004-02-01,2004-02-01T00:00:00Z,monthly,194.9,194.9,194.9,194.9,,194.9,factor_candle,FRED CSV Gateway mirror of BLS/FRED,learning_only_mirror
CPILFESL,2004-03-01,2004-03-01T00:00:00Z,monthly,195.5,195.5,195.5,195.5,,195.5,factor_candle,FRED CSV Gateway mirror of BLS/FRED,learning_only_mirror
CPILFESL,2004-04-01,2004-04-01T00:00:00Z,monthly,195.9,195.9,195.9,195.9,,195.9,factor_candle,FRED CSV Gateway mirror of BLS/FRED,learning_only_mirror
CPILFESL,2004-05-01,2004-05-01T00:00:00Z,monthly,196.2,196.2,196.2,196.2,,196.2,factor_candle,FRED CSV Gateway mirror of BLS/FRED,learning_only_mirror
CPILFESL,2004-06-01,2004-06-01T00:00:00Z,monthly,196.6,196.6,196.6,196.6,,196.6,factor_candle,FRED CSV Gateway mirror of BLS/FRED,learning_only_mirror
CPILFESL,2004-07-01,2004-07-01T00:00:00Z,monthly,196.8,196.8,196.8,196.8,,196.8,factor_candle,FRED CSV Gateway mirror of BLS/FRED,learning_only_mirror
CPILFESL,2004-08-01,2004-08-01T00:00:00Z,monthly,196.9,196.9,196.9,196.9,,196.9,factor_candle,FRED CSV Gateway mirror of BLS/FRED,learning_only_mirror
CPILFESL,2004-09-01,2004-09-01T00:00:00Z,monthly,197.5,197.5,197.5,197.5,,197.5,factor_candle,FRED CSV Gateway mirror of BLS/FRED,learning_only_mirror
CPILFESL,2004-10-01,2004-10-01T00:00:00Z,monthly,197.9,197.9,197.9,197.9,,197.9,factor_candle,FRED CSV Gateway mirror of BLS/FRED,learning_only_mirror
CPILFESL,2004-11-01,2004-11-01T00:00:00Z,monthly,198.3,198.3,198.3,198.3,,198.3,factor_candle,FRED CSV Gateway mirror of BLS/FRED,learning_only_mirror
CPILFESL,2004-12-01,2004-12-01T00:00:00Z,monthly,198.6,198.6,198.6,198.6,,198.6,factor_candle,FRED CSV Gateway mirror of BLS/FRED,learning_only_mirror
CPILFESL,2005-01-01,2005-01-01T00:00:00Z,monthly,199.0,199.0,199.0,199.0,,199.0,factor_candle,FRED CSV Gateway mirror of BLS/FRED,learning_only_mirror
CPILFESL,2005-02-01,2005-02-01T00:00:00Z,monthly,199.4,199.4,199.4,199.4,,199.4,factor_candle,FRED CSV Gateway mirror of BLS/FRED,learning_only_mirror
CPILFESL,2005-03-01,2005-03-01T00:00:00Z,monthly,200.1,200.1,200.1,200.1,,200.1,factor_candle,FRED CSV Gateway mirror of BLS/FRED,learning_only_mirror
CPILFESL,2005-04-01,2005-04-01T00:00:00Z,monthly,200.2,200.2,200.2,200.2,,200.2,factor_candle,FRED CSV Gateway mirror of BLS/FRED,learning_only_mirror
CPILFESL,2005-05-01,2005-05-01T00:00:00Z,monthly,200.5,200.5,200.5,200.5,,200.5,factor_candle,FRED CSV Gateway mirror of BLS/FRED,learning_only_mirror
CPILFESL,2005-06-01,2005-06-01T00:00:00Z,monthly,200.6,200.6,200.6,200.6,,200.6,factor_candle,FRED CSV Gateway mirror of BLS/FRED,learning_only_mirror
CPILFESL,2005-07-01,2005-07-01T00:00:00Z,monthly,200.9,200.9,200.9,200.9,,200.9,factor_candle,FRED CSV Gateway mirror of BLS/FRED,learning_only_mirror
CPILFESL,2005-08-01,2005-08-01T00:00:00Z,monthly,201.1,201.1,201.1,201.1,,201.1,factor_candle,FRED CSV Gateway mirror of BLS/FRED,learning_only_mirror
CPILFESL,2005-09-01,2005-09-01T00:00:00Z,monthly,201.3,201.3,201.3,201.3,,201.3,factor_candle,FRED CSV Gateway mirror of BLS/FRED,learning_only_mirror
CPILFESL,2005-10-01,2005-10-01T00:00:00Z,monthly,202.0,202.0,202.0,202.0,,202.0,factor_candle,FRED CSV Gateway mirror of BLS/FRED,learning_only_mirror
CPILFESL,2005-11-01,2005-11-01T00:00:00Z,monthly,202.5,202.5,202.5,202.5,,202.5,factor_candle,FRED CSV Gateway mirror of BLS/FRED,learning_only_mirror
CPILFESL,2005-12-01,2005-12-01T00:00:00Z,monthly,202.8,202.8,202.8,202.8,,202.8,factor_candle,FRED CSV Gateway mirror of BLS/FRED,learning_only_mirror
CPILFESL,2006-01-01,2006-01-01T00:00:00Z,monthly,203.2,203.2,203.2,203.2,,203.2,factor_candle,FRED CSV Gateway mirror of BLS/FRED,learning_only_mirror
CPILFESL,2006-02-01,2006-02-01T00:00:00Z,monthly,203.6,203.6,203.6,203.6,,203.6,factor_candle,FRED CSV Gateway mirror of BLS/FRED,learning_only_mirror
CPILFESL,2006-03-01,2006-03-01T00:00:00Z,monthly,204.3,204.3,204.3,204.3,,204.3,factor_candle,FRED CSV Gateway mirror of BLS/FRED,learning_only_mirror
CPILFESL,2006-04-01,2006-04-01T00:00:00Z,monthly,204.8,204.8,204.8,204.8,,204.8,factor_candle,FRED CSV Gateway mirror of BLS/FRED,learning_only_mirror
CPILFESL,2006-05-01,2006-05-01T00:00:00Z,monthly,205.4,205.4,205.4,205.4,,205.4,factor_candle,FRED CSV Gateway mirror of BLS/FRED,learning_only_mirror
CPILFESL,2006-06-01,2006-06-01T00:00:00Z,monthly,205.9,205.9,205.9,205.9,,205.9,factor_candle,FRED CSV Gateway mirror of BLS/FRED,learning_only_mirror
CPILFESL,2006-07-01,2006-07-01T00:00:00Z,monthly,206.3,206.3,206.3,206.3,,206.3,factor_candle,FRED CSV Gateway mirror of BLS/FRED,learning_only_mirror
CPILFESL,2006-08-01,2006-08-01T00:00:00Z,monthly,206.8,206.8,206.8,206.8,,206.8,factor_candle,FRED CSV Gateway mirror of BLS/FRED,learning_only_mirror
CPILFESL,2006-09-01,2006-09-01T00:00:00Z,monthly,207.2,207.2,207.2,207.2,,207.2,factor_candle,FRED CSV Gateway mirror of BLS/FRED,learning_only_mirror
CPILFESL,2006-10-01,2006-10-01T00:00:00Z,monthly,207.6,207.6,207.6,207.6,,207.6,factor_candle,FRED CSV Gateway mirror of BLS/FRED,learning_only_mirror
CPILFESL,2006-11-01,2006-11-01T00:00:00Z,monthly,207.8,207.8,207.8,207.8,,207.8,factor_candle,FRED CSV Gateway mirror of BLS/FRED,learning_only_mirror
CPILFESL,2006-12-01,2006-12-01T00:00:00Z,monthly,208.1,208.1,208.1,208.1,,208.1,factor_candle,FRED CSV Gateway mirror of BLS/FRED,learning_only_mirror
CPILFESL,2007-01-01,2007-01-01T00:00:00Z,monthly,208.6,208.6,208.6,208.6,,208.6,factor_candle,FRED CSV Gateway mirror of BLS/FRED,learning_only_mirror
CPILFESL,2007-02-01,2007-02-01T00:00:00Z,monthly,209.135,209.135,209.135,209.135,,209.135,factor_candle,FRED CSV Gateway mirror of BLS/FRED,learning_only_mirror
CPILFESL,2007-03-01,2007-03-01T00:00:00Z,monthly,209.418,209.418,209.418,209.418,,209.418,factor_candle,FRED CSV Gateway mirror of BLS/FRED,learning_only_mirror
CPILFESL,2007-04-01,2007-04-01T00:00:00Z,monthly,209.747,209.747,209.747,209.747,,209.747,factor_candle,FRED CSV Gateway mirror of BLS/FRED,learning_only_mirror
CPILFESL,2007-05-01,2007-05-01T00:00:00Z,monthly,210.058,210.058,210.058,210.058,,210.058,factor_candle,FRED CSV Gateway mirror of BLS/FRED,learning_only_mirror
CPILFESL,2007-06-01,2007-06-01T00:00:00Z,monthly,210.392,210.392,210.392,210.392,,210.392,factor_candle,FRED CSV Gateway mirror of BLS/FRED,learning_only_mirror
CPILFESL,2007-07-01,2007-07-01T00:00:00Z,monthly,210.773,210.773,210.773,210.773,,210.773,factor_candle,FRED CSV Gateway mirror of BLS/FRED,learning_only_mirror
CPILFESL,2007-08-01,2007-08-01T00:00:00Z,monthly,211.119,211.119,211.119,211.119,,211.119,factor_candle,FRED CSV Gateway mirror of BLS/FRED,learning_only_mirror
CPILFESL,2007-09-01,2007-09-01T00:00:00Z,monthly,211.554,211.554,211.554,211.554,,211.554,factor_candle,FRED CSV Gateway mirror of BLS/FRED,learning_only_mirror
CPILFESL,2007-10-01,2007-10-01T00:00:00Z,monthly,212.077,212.077,212.077,212.077,,212.077,factor_candle,FRED CSV Gateway mirror of BLS/FRED,learning_only_mirror
CPILFESL,2007-11-01,2007-11-01T00:00:00Z,monthly,212.66,212.66,212.66,212.66,,212.66,factor_candle,FRED CSV Gateway mirror of BLS/FRED,learning_only_mirror
CPILFESL,2007-12-01,2007-12-01T00:00:00Z,monthly,213.168,213.168,213.168,213.168,,213.168,factor_candle,FRED CSV Gateway mirror of BLS/FRED,learning_only_mirror
CPILFESL,2008-01-01,2008-01-01T00:00:00Z,monthly,213.771,213.771,213.771,213.771,,213.771,factor_candle,FRED CSV Gateway mirror of BLS/FRED,learning_only_mirror
CPILFESL,2008-02-01,2008-02-01T00:00:00Z,monthly,213.939,213.939,213.939,213.939,,213.939,factor_candle,FRED CSV Gateway mirror of BLS/FRED,learning_only_mirror
CPILFESL,2008-03-01,2008-03-01T00:00:00Z,monthly,214.42,214.42,214.42,214.42,,214.42,factor_candle,FRED CSV Gateway mirror of BLS/FRED,learning_only_mirror
CPILFESL,2008-04-01,2008-04-01T00:00:00Z,monthly,214.56,214.56,214.56,214.56,,214.56,factor_candle,FRED CSV Gateway mirror of BLS/FRED,learning_only_mirror
CPILFESL,2008-05-01,2008-05-01T00:00:00Z,monthly,214.936,214.936,214.936,214.936,,214.936,factor_candle,FRED CSV Gateway mirror of BLS/FRED,learning_only_mirror
CPILFESL,2008-06-01,2008-06-01T00:00:00Z,monthly,215.424,215.424,215.424,215.424,,215.424,factor_candle,FRED CSV Gateway mirror of BLS/FRED,learning_only_mirror
CPILFESL,2008-07-01,2008-07-01T00:00:00Z,monthly,215.965,215.965,215.965,215.965,,215.965,factor_candle,FRED CSV Gateway mirror of BLS/FRED,learning_only_mirror
CPILFESL,2008-08-01,2008-08-01T00:00:00Z,monthly,216.393,216.393,216.393,216.393,,216.393,factor_candle,FRED CSV Gateway mirror of BLS/FRED,learning_only_mirror
CPILFESL,2008-09-01,2008-09-01T00:00:00Z,monthly,216.713,216.713,216.713,216.713,,216.713,factor_candle,FRED CSV Gateway mirror of BLS/FRED,learning_only_mirror
CPILFESL,2008-10-01,2008-10-01T00:00:00Z,monthly,216.788,216.788,216.788,216.788,,216.788,factor_candle,FRED CSV Gateway mirror of BLS/FRED,learning_only_mirror
CPILFESL,2008-11-01,2008-11-01T00:00:00Z,monthly,216.947,216.947,216.947,216.947,,216.947,factor_candle,FRED CSV Gateway mirror of BLS/FRED,learning_only_mirror
CPILFESL,2008-12-01,2008-12-01T00:00:00Z,monthly,216.925,216.925,216.925,216.925,,216.925,factor_candle,FRED CSV Gateway mirror of BLS/FRED,learning_only_mirror
CPILFESL,2009-01-01,2009-01-01T00:00:00Z,monthly,217.346,217.346,217.346,217.346,,217.346,factor_candle,FRED CSV Gateway mirror of BLS/FRED,learning_only_mirror
CPILFESL,2009-02-01,2009-02-01T00:00:00Z,monthly,217.792,217.792,217.792,217.792,,217.792,factor_candle,FRED CSV Gateway mirror of BLS/FRED,learning_only_mirror
CPILFESL,2009-03-01,2009-03-01T00:00:00Z,monthly,218.253,218.253,218.253,218.253,,218.253,factor_candle,FRED CSV Gateway mirror of BLS/FRED,learning_only_mirror
CPILFESL,2009-04-01,2009-04-01T00:00:00Z,monthly,218.706,218.706,218.706,218.706,,218.706,factor_candle,FRED CSV Gateway mirror of BLS/FRED,learning_only_mirror
CPILFESL,2009-05-01,2009-05-01T00:00:00Z,monthly,218.904,218.904,218.904,218.904,,218.904,factor_candle,FRED CSV Gateway mirror of BLS/FRED,learning_only_mirror
CPILFESL,2009-06-01,2009-06-01T00:00:00Z,monthly,219.112,219.112,219.112,219.112,,219.112,factor_candle,FRED CSV Gateway mirror of BLS/FRED,learning_only_mirror
CPILFESL,2009-07-01,2009-07-01T00:00:00Z,monthly,219.263,219.263,219.263,219.263,,219.263,factor_candle,FRED CSV Gateway mirror of BLS/FRED,learning_only_mirror
CPILFESL,2009-08-01,2009-08-01T00:00:00Z,monthly,219.496,219.496,219.496,219.496,,219.496,factor_candle,FRED CSV Gateway mirror of BLS/FRED,learning_only_mirror
CPILFESL,2009-09-01,2009-09-01T00:00:00Z,monthly,219.92,219.92,219.92,219.92,,219.92,factor_candle,FRED CSV Gateway mirror of BLS/FRED,learning_only_mirror
CPILFESL,2009-10-01,2009-10-01T00:00:00Z,monthly,220.501,220.501,220.501,220.501,,220.501,factor_candle,FRED CSV Gateway mirror of BLS/FRED,learning_only_mirror
CPILFESL,2009-11-01,2009-11-01T00:00:00Z,monthly,220.666,220.666,220.666,220.666,,220.666,factor_candle,FRED CSV Gateway mirror of BLS/FRED,learning_only_mirror
CPILFESL,2009-12-01,2009-12-01T00:00:00Z,monthly,220.881,220.881,220.881,220.881,,220.881,factor_candle,FRED CSV Gateway mirror of BLS/FRED,learning_only_mirror
CPILFESL,2010-01-01,2010-01-01T00:00:00Z,monthly,220.633,220.633,220.633,220.633,,220.633,factor_candle,FRED CSV Gateway mirror of BLS/FRED,learning_only_mirror
CPILFESL,2010-02-01,2010-02-01T00:00:00Z,monthly,220.731,220.731,220.731,220.731,,220.731,factor_candle,FRED CSV Gateway mirror of BLS/FRED,learning_only_mirror
CPILFESL,2010-03-01,2010-03-01T00:00:00Z,monthly,220.783,220.783,220.783,220.783,,220.783,factor_candle,FRED CSV Gateway mirror of BLS/FRED,learning_only_mirror
CPILFESL,2010-04-01,2010-04-01T00:00:00Z,monthly,220.822,220.822,220.822,220.822,,220.822,factor_candle,FRED CSV Gateway mirror of BLS/FRED,learning_only_mirror
CPILFESL,2010-05-01,2010-05-01T00:00:00Z,monthly,220.962,220.962,220.962,220.962,,220.962,factor_candle,FRED CSV Gateway mirror of BLS/FRED,learning_only_mirror
CPILFESL,2010-06-01,2010-06-01T00:00:00Z,monthly,221.194,221.194,221.194,221.194,,221.194,factor_candle,FRED CSV Gateway mirror of BLS/FRED,learning_only_mirror
CPILFESL,2010-07-01,2010-07-01T00:00:00Z,monthly,221.363,221.363,221.363,221.363,,221.363,factor_candle,FRED CSV Gateway mirror of BLS/FRED,learning_only_mirror
CPILFESL,2010-08-01,2010-08-01T00:00:00Z,monthly,221.509,221.509,221.509,221.509,,221.509,factor_candle,FRED CSV Gateway mirror of BLS/FRED,learning_only_mirror
CPILFESL,2010-09-01,2010-09-01T00:00:00Z,monthly,221.711,221.711,221.711,221.711,,221.711,factor_candle,FRED CSV Gateway mirror of BLS/FRED,learning_only_mirror
CPILFESL,2010-10-01,2010-10-01T00:00:00Z,monthly,221.83,221.83,221.83,221.83,,221.83,factor_candle,FRED CSV Gateway mirror of BLS/FRED,learning_only_mirror
CPILFESL,2010-11-01,2010-11-01T00:00:00Z,monthly,222.149,222.149,222.149,222.149,,222.149,factor_candle,FRED CSV Gateway mirror of BLS/FRED,learning_only_mirror
CPILFESL,2010-12-01,2010-12-01T00:00:00Z,monthly,222.343,222.343,222.343,222.343,,222.343,factor_candle,FRED CSV Gateway mirror of BLS/FRED,learning_only_mirror
CPILFESL,2011-01-01,2011-01-01T00:00:00Z,monthly,222.803,222.803,222.803,222.803,,222.803,factor_candle,FRED CSV Gateway mirror of BLS/FRED,learning_only_mirror
CPILFESL,2011-02-01,2011-02-01T00:00:00Z,monthly,223.213,223.213,223.213,223.213,,223.213,factor_candle,FRED CSV Gateway mirror of BLS/FRED,learning_only_mirror
CPILFESL,2011-03-01,2011-03-01T00:00:00Z,monthly,223.454,223.454,223.454,223.454,,223.454,factor_candle,FRED CSV Gateway mirror of BLS/FRED,learning_only_mirror
CPILFESL,2011-04-01,2011-04-01T00:00:00Z,monthly,223.727,223.727,223.727,223.727,,223.727,factor_candle,FRED CSV Gateway mirror of BLS/FRED,learning_only_mirror
CPILFESL,2011-05-01,2011-05-01T00:00:00Z,monthly,224.175,224.175,224.175,224.175,,224.175,factor_candle,FRED CSV Gateway mirror of BLS/FRED,learning_only_mirror
CPILFESL,2011-06-01,2011-06-01T00:00:00Z,monthly,224.697,224.697,224.697,224.697,,224.697,factor_candle,FRED CSV Gateway mirror of BLS/FRED,learning_only_mirror
CPILFESL,2011-07-01,2011-07-01T00:00:00Z,monthly,225.218,225.218,225.218,225.218,,225.218,factor_candle,FRED CSV Gateway mirror of BLS/FRED,learning_only_mirror
CPILFESL,2011-08-01,2011-08-01T00:00:00Z,monthly,225.862,225.862,225.862,225.862,,225.862,factor_candle,FRED CSV Gateway mirror of BLS/FRED,learning_only_mirror
CPILFESL,2011-09-01,2011-09-01T00:00:00Z,monthly,226.118,226.118,226.118,226.118,,226.118,factor_candle,FRED CSV Gateway mirror of BLS/FRED,learning_only_mirror
CPILFESL,2011-10-01,2011-10-01T00:00:00Z,monthly,226.506,226.506,226.506,226.506,,226.506,factor_candle,FRED CSV Gateway mirror of BLS/FRED,learning_only_mirror
CPILFESL,2011-11-01,2011-11-01T00:00:00Z,monthly,226.899,226.899,226.899,226.899,,226.899,factor_candle,FRED CSV Gateway mirror of BLS/FRED,learning_only_mirror
CPILFESL,2011-12-01,2011-12-01T00:00:00Z,monthly,227.405,227.405,227.405,227.405,,227.405,factor_candle,FRED CSV Gateway mirror of BLS/FRED,learning_only_mirror
CPILFESL,2012-01-01,2012-01-01T00:00:00Z,monthly,227.877,227.877,227.877,227.877,,227.877,factor_candle,FRED CSV Gateway mirror of BLS/FRED,learning_only_mirror
CPILFESL,2012-02-01,2012-02-01T00:00:00Z,monthly,228.034,228.034,228.034,228.034,,228.034,factor_candle,FRED CSV Gateway mirror of BLS/FRED,learning_only_mirror
CPILFESL,2012-03-01,2012-03-01T00:00:00Z,monthly,228.478,228.478,228.478,228.478,,228.478,factor_candle,FRED CSV Gateway mirror of BLS/FRED,learning_only_mirror
CPILFESL,2012-04-01,2012-04-01T00:00:00Z,monthly,228.905,228.905,228.905,228.905,,228.905,factor_candle,FRED CSV Gateway mirror of BLS/FRED,learning_only_mirror
CPILFESL,2012-05-01,2012-05-01T00:00:00Z,monthly,229.224,229.224,229.224,229.224,,229.224,factor_candle,FRED CSV Gateway mirror of BLS/FRED,learning_only_mirror
CPILFESL,2012-06-01,2012-06-01T00:00:00Z,monthly,229.623,229.623,229.623,229.623,,229.623,factor_candle,FRED CSV Gateway mirror of BLS/FRED,learning_only_mirror
CPILFESL,2012-07-01,2012-07-01T00:00:00Z,monthly,229.97,229.97,229.97,229.97,,229.97,factor_candle,FRED CSV Gateway mirror of BLS/FRED,learning_only_mirror
CPILFESL,2012-08-01,2012-08-01T00:00:00Z,monthly,230.233,230.233,230.233,230.233,,230.233,factor_candle,FRED CSV Gateway mirror of BLS/FRED,learning_only_mirror
CPILFESL,2012-09-01,2012-09-01T00:00:00Z,monthly,230.659,230.659,230.659,230.659,,230.659,factor_candle,FRED CSV Gateway mirror of BLS/FRED,learning_only_mirror
CPILFESL,2012-10-01,2012-10-01T00:00:00Z,monthly,231.024,231.024,231.024,231.024,,231.024,factor_candle,FRED CSV Gateway mirror of BLS/FRED,learning_only_mirror
CPILFESL,2012-11-01,2012-11-01T00:00:00Z,monthly,231.33,231.33,231.33,231.33,,231.33,factor_candle,FRED CSV Gateway mirror of BLS/FRED,learning_only_mirror
CPILFESL,2012-12-01,2012-12-01T00:00:00Z,monthly,231.725,231.725,231.725,231.725,,231.725,factor_candle,FRED CSV Gateway mirror of BLS/FRED,learning_only_mirror
CPILFESL,2013-01-01,2013-01-01T00:00:00Z,monthly,232.229,232.229,232.229,232.229,,232.229,factor_candle,FRED CSV Gateway mirror of BLS/FRED,learning_only_mirror
CPILFESL,2013-02-01,2013-02-01T00:00:00Z,monthly,232.569,232.569,232.569,232.569,,232.569,factor_candle,FRED CSV Gateway mirror of BLS/FRED,learning_only_mirror
CPILFESL,2013-03-01,2013-03-01T00:00:00Z,monthly,232.794,232.794,232.794,232.794,,232.794,factor_candle,FRED CSV Gateway mirror of BLS/FRED,learning_only_mirror
CPILFESL,2013-04-01,2013-04-01T00:00:00Z,monthly,232.832,232.832,232.832,232.832,,232.832,factor_candle,FRED CSV Gateway mirror of BLS/FRED,learning_only_mirror
CPILFESL,2013-05-01,2013-05-01T00:00:00Z,monthly,232.996,232.996,232.996,232.996,,232.996,factor_candle,FRED CSV Gateway mirror of BLS/FRED,learning_only_mirror
CPILFESL,2013-06-01,2013-06-01T00:00:00Z,monthly,233.35,233.35,233.35,233.35,,233.35,factor_candle,FRED CSV Gateway mirror of BLS/FRED,learning_only_mirror
CPILFESL,2013-07-01,2013-07-01T00:00:00Z,monthly,233.88,233.88,233.88,233.88,,233.88,factor_candle,FRED CSV Gateway mirror of BLS/FRED,learning_only_mirror
CPILFESL,2013-08-01,2013-08-01T00:00:00Z,monthly,234.336,234.336,234.336,234.336,,234.336,factor_candle,FRED CSV Gateway mirror of BLS/FRED,learning_only_mirror
CPILFESL,2013-09-01,2013-09-01T00:00:00Z,monthly,234.7,234.7,234.7,234.7,,234.7,factor_candle,FRED CSV Gateway mirror of BLS/FRED,learning_only_mirror
CPILFESL,2013-10-01,2013-10-01T00:00:00Z,monthly,234.921,234.921,234.921,234.921,,234.921,factor_candle,FRED CSV Gateway mirror of BLS/FRED,learning_only_mirror
CPILFESL,2013-11-01,2013-11-01T00:00:00Z,monthly,235.359,235.359,235.359,235.359,,235.359,factor_candle,FRED CSV Gateway mirror of BLS/FRED,learning_only_mirror
CPILFESL,2013-12-01,2013-12-01T00:00:00Z,monthly,235.759,235.759,235.759,235.759,,235.759,factor_candle,FRED CSV Gateway mirror of BLS/FRED,learning_only_mirror
CPILFESL,2014-01-01,2014-01-01T00:00:00Z,monthly,235.961,235.961,235.961,235.961,,235.961,factor_candle,FRED CSV Gateway mirror of BLS/FRED,learning_only_mirror
CPILFESL,2014-02-01,2014-02-01T00:00:00Z,monthly,236.185,236.185,236.185,236.185,,236.185,factor_candle,FRED CSV Gateway mirror of BLS/FRED,learning_only_mirror
CPILFESL,2014-03-01,2014-03-01T00:00:00Z,monthly,236.625,236.625,236.625,236.625,,236.625,factor_candle,FRED CSV Gateway mirror of BLS/FRED,learning_only_mirror
CPILFESL,2014-04-01,2014-04-01T00:00:00Z,monthly,237.072,237.072,237.072,237.072,,237.072,factor_candle,FRED CSV Gateway mirror of BLS/FRED,learning_only_mirror
CPILFESL,2014-05-01,2014-05-01T00:00:00Z,monthly,237.529,237.529,237.529,237.529,,237.529,factor_candle,FRED CSV Gateway mirror of BLS/FRED,learning_only_mirror
CPILFESL,2014-06-01,2014-06-01T00:00:00Z,monthly,237.837,237.837,237.837,237.837,,237.837,factor_candle,FRED CSV Gateway mirror of BLS/FRED,learning_only_mirror
CPILFESL,2014-07-01,2014-07-01T00:00:00Z,monthly,238.195,238.195,238.195,238.195,,238.195,factor_candle,FRED CSV Gateway mirror of BLS/FRED,learning_only_mirror
CPILFESL,2014-08-01,2014-08-01T00:00:00Z,monthly,238.405,238.405,238.405,238.405,,238.405,factor_candle,FRED CSV Gateway mirror of BLS/FRED,learning_only_mirror
CPILFESL,2014-09-01,2014-09-01T00:00:00Z,monthly,238.786,238.786,238.786,238.786,,238.786,factor_candle,FRED CSV Gateway mirror of BLS/FRED,learning_only_mirror
CPILFESL,2014-10-01,2014-10-01T00:00:00Z,monthly,239.191,239.191,239.191,239.191,,239.191,factor_candle,FRED CSV Gateway mirror of BLS/FRED,learning_only_mirror
CPILFESL,2014-11-01,2014-11-01T00:00:00Z,monthly,239.458,239.458,239.458,239.458,,239.458,factor_candle,FRED CSV Gateway mirror of BLS/FRED,learning_only_mirror
CPILFESL,2014-12-01,2014-12-01T00:00:00Z,monthly,239.584,239.584,239.584,239.584,,239.584,factor_candle,FRED CSV Gateway mirror of BLS/FRED,learning_only_mirror
CPILFESL,2015-01-01,2015-01-01T00:00:00Z,monthly,239.811,239.811,239.811,239.811,,239.811,factor_candle,FRED CSV Gateway mirror of BLS/FRED,learning_only_mirror
CPILFESL,2015-02-01,2015-02-01T00:00:00Z,monthly,240.172,240.172,240.172,240.172,,240.172,factor_candle,FRED CSV Gateway mirror of BLS/FRED,learning_only_mirror
CPILFESL,2015-03-01,2015-03-01T00:00:00Z,monthly,240.755,240.755,240.755,240.755,,240.755,factor_candle,FRED CSV Gateway mirror of BLS/FRED,learning_only_mirror
CPILFESL,2015-04-01,2015-04-01T00:00:00Z,monthly,241.346,241.346,241.346,241.346,,241.346,factor_candle,FRED CSV Gateway mirror of BLS/FRED,learning_only_mirror
CPILFESL,2015-05-01,2015-05-01T00:00:00Z,monthly,241.688,241.688,241.688,241.688,,241.688,factor_candle,FRED CSV Gateway mirror of BLS/FRED,learning_only_mirror
CPILFESL,2015-06-01,2015-06-01T00:00:00Z,monthly,242.064,242.064,242.064,242.064,,242.064,factor_candle,FRED CSV Gateway mirror of BLS/FRED,learning_only_mirror
CPILFESL,2015-07-01,2015-07-01T00:00:00Z,monthly,242.565,242.565,242.565,242.565,,242.565,factor_candle,FRED CSV Gateway mirror of BLS/FRED,learning_only_mirror
CPILFESL,2015-08-01,2015-08-01T00:00:00Z,monthly,242.817,242.817,242.817,242.817,,242.817,factor_candle,FRED CSV Gateway mirror of BLS/FRED,learning_only_mirror
CPILFESL,2015-09-01,2015-09-01T00:00:00Z,monthly,243.316,243.316,243.316,243.316,,243.316,factor_candle,FRED CSV Gateway mirror of BLS/FRED,learning_only_mirror
CPILFESL,2015-10-01,2015-10-01T00:00:00Z,monthly,243.768,243.768,243.768,243.768,,243.768,factor_candle,FRED CSV Gateway mirror of BLS/FRED,learning_only_mirror
CPILFESL,2015-11-01,2015-11-01T00:00:00Z,monthly,244.241,244.241,244.241,244.241,,244.241,factor_candle,FRED CSV Gateway mirror of BLS/FRED,learning_only_mirror
CPILFESL,2015-12-01,2015-12-01T00:00:00Z,monthly,244.547,244.547,244.547,244.547,,244.547,factor_candle,FRED CSV Gateway mirror of BLS/FRED,learning_only_mirror
CPILFESL,2016-01-01,2016-01-01T00:00:00Z,monthly,244.955,244.955,244.955,244.955,,244.955,factor_candle,FRED CSV Gateway mirror of BLS/FRED,learning_only_mirror
CPILFESL,2016-02-01,2016-02-01T00:00:00Z,monthly,245.51,245.51,245.51,245.51,,245.51,factor_candle,FRED CSV Gateway mirror of BLS/FRED,learning_only_mirror
CPILFESL,2016-03-01,2016-03-01T00:00:00Z,monthly,245.913,245.913,245.913,245.913,,245.913,factor_candle,FRED CSV Gateway mirror of BLS/FRED,learning_only_mirror
CPILFESL,2016-04-01,2016-04-01T00:00:00Z,monthly,246.551,246.551,246.551,246.551,,246.551,factor_candle,FRED CSV Gateway mirror of BLS/FRED,learning_only_mirror
CPILFESL,2016-05-01,2016-05-01T00:00:00Z,monthly,247.137,247.137,247.137,247.137,,247.137,factor_candle,FRED CSV Gateway mirror of BLS/FRED,learning_only_mirror
CPILFESL,2016-06-01,2016-06-01T00:00:00Z,monthly,247.54,247.54,247.54,247.54,,247.54,factor_candle,FRED CSV Gateway mirror of BLS/FRED,learning_only_mirror
CPILFESL,2016-07-01,2016-07-01T00:00:00Z,monthly,247.829,247.829,247.829,247.829,,247.829,factor_candle,FRED CSV Gateway mirror of BLS/FRED,learning_only_mirror
CPILFESL,2016-08-01,2016-08-01T00:00:00Z,monthly,248.423,248.423,248.423,248.423,,248.423,factor_candle,FRED CSV Gateway mirror of BLS/FRED,learning_only_mirror
CPILFESL,2016-09-01,2016-09-01T00:00:00Z,monthly,248.842,248.842,248.842,248.842,,248.842,factor_candle,FRED CSV Gateway mirror of BLS/FRED,learning_only_mirror
CPILFESL,2016-10-01,2016-10-01T00:00:00Z,monthly,249.142,249.142,249.142,249.142,,249.142,factor_candle,FRED CSV Gateway mirror of BLS/FRED,learning_only_mirror
CPILFESL,2016-11-01,2016-11-01T00:00:00Z,monthly,249.481,249.481,249.481,249.481,,249.481,factor_candle,FRED CSV Gateway mirror of BLS/FRED,learning_only_mirror
CPILFESL,2016-12-01,2016-12-01T00:00:00Z,monthly,249.92,249.92,249.92,249.92,,249.92,factor_candle,FRED CSV Gateway mirror of BLS/FRED,learning_only_mirror
CPILFESL,2017-01-01,2017-01-01T00:00:00Z,monthly,250.467,250.467,250.467,250.467,,250.467,factor_candle,FRED CSV Gateway mirror of BLS/FRED,learning_only_mirror
CPILFESL,2017-02-01,2017-02-01T00:00:00Z,monthly,250.998,250.998,250.998,250.998,,250.998,factor_candle,FRED CSV Gateway mirror of BLS/FRED,learning_only_mirror
CPILFESL,2017-03-01,2017-03-01T00:00:00Z,monthly,250.944,250.944,250.944,250.944,,250.944,factor_candle,FRED CSV Gateway mirror of BLS/FRED,learning_only_mirror
CPILFESL,2017-04-01,2017-04-01T00:00:00Z,monthly,251.227,251.227,251.227,251.227,,251.227,factor_candle,FRED CSV Gateway mirror of BLS/FRED,learning_only_mirror
CPILFESL,2017-05-01,2017-05-01T00:00:00Z,monthly,251.43,251.43,251.43,251.43,,251.43,factor_candle,FRED CSV Gateway mirror of BLS/FRED,learning_only_mirror
CPILFESL,2017-06-01,2017-06-01T00:00:00Z,monthly,251.746,251.746,251.746,251.746,,251.746,factor_candle,FRED CSV Gateway mirror of BLS/FRED,learning_only_mirror
CPILFESL,2017-07-01,2017-07-01T00:00:00Z,monthly,251.985,251.985,251.985,251.985,,251.985,factor_candle,FRED CSV Gateway mirror of BLS/FRED,learning_only_mirror
CPILFESL,2017-08-01,2017-08-01T00:00:00Z,monthly,252.535,252.535,252.535,252.535,,252.535,factor_candle,FRED CSV Gateway mirror of BLS/FRED,learning_only_mirror
CPILFESL,2017-09-01,2017-09-01T00:00:00Z,monthly,252.812,252.812,252.812,252.812,,252.812,factor_candle,FRED CSV Gateway mirror of BLS/FRED,learning_only_mirror
CPILFESL,2017-10-01,2017-10-01T00:00:00Z,monthly,253.526,253.526,253.526,253.526,,253.526,factor_candle,FRED CSV Gateway mirror of BLS/FRED,learning_only_mirror
CPILFESL,2017-11-01,2017-11-01T00:00:00Z,monthly,253.816,253.816,253.816,253.816,,253.816,factor_candle,FRED CSV Gateway mirror of BLS/FRED,learning_only_mirror
CPILFESL,2017-12-01,2017-12-01T00:00:00Z,monthly,254.344,254.344,254.344,254.344,,254.344,factor_candle,FRED CSV Gateway mirror of BLS/FRED,learning_only_mirror
CPILFESL,2018-01-01,2018-01-01T00:00:00Z,monthly,255.204,255.204,255.204,255.204,,255.204,factor_candle,FRED CSV Gateway mirror of BLS/FRED,learning_only_mirror
CPILFESL,2018-02-01,2018-02-01T00:00:00Z,monthly,255.711,255.711,255.711,255.711,,255.711,factor_candle,FRED CSV Gateway mirror of BLS/FRED,learning_only_mirror
CPILFESL,2018-03-01,2018-03-01T00:00:00Z,monthly,256.271,256.271,256.271,256.271,,256.271,factor_candle,FRED CSV Gateway mirror of BLS/FRED,learning_only_mirror
CPILFESL,2018-04-01,2018-04-01T00:00:00Z,monthly,256.63,256.63,256.63,256.63,,256.63,factor_candle,FRED CSV Gateway mirror of BLS/FRED,learning_only_mirror
CPILFESL,2018-05-01,2018-05-01T00:00:00Z,monthly,257.145,257.145,257.145,257.145,,257.145,factor_candle,FRED CSV Gateway mirror of BLS/FRED,learning_only_mirror
CPILFESL,2018-06-01,2018-06-01T00:00:00Z,monthly,257.399,257.399,257.399,257.399,,257.399,factor_candle,FRED CSV Gateway mirror of BLS/FRED,learning_only_mirror
CPILFESL,2018-07-01,2018-07-01T00:00:00Z,monthly,257.699,257.699,257.699,257.699,,257.699,factor_candle,FRED CSV Gateway mirror of BLS/FRED,learning_only_mirror
CPILFESL,2018-08-01,2018-08-01T00:00:00Z,monthly,257.891,257.891,257.891,257.891,,257.891,factor_candle,FRED CSV Gateway mirror of BLS/FRED,learning_only_mirror
CPILFESL,2018-09-01,2018-09-01T00:00:00Z,monthly,258.368,258.368,258.368,258.368,,258.368,factor_candle,FRED CSV Gateway mirror of BLS/FRED,learning_only_mirror
CPILFESL,2018-10-01,2018-10-01T00:00:00Z,monthly,258.917,258.917,258.917,258.917,,258.917,factor_candle,FRED CSV Gateway mirror of BLS/FRED,learning_only_mirror
CPILFESL,2018-11-01,2018-11-01T00:00:00Z,monthly,259.439,259.439,259.439,259.439,,259.439,factor_candle,FRED CSV Gateway mirror of BLS/FRED,learning_only_mirror
CPILFESL,2018-12-01,2018-12-01T00:00:00Z,monthly,260.063,260.063,260.063,260.063,,260.063,factor_candle,FRED CSV Gateway mirror of BLS/FRED,learning_only_mirror
CPILFESL,2019-01-01,2019-01-01T00:00:00Z,monthly,260.766,260.766,260.766,260.766,,260.766,factor_candle,FRED CSV Gateway mirror of BLS/FRED,learning_only_mirror
CPILFESL,2019-02-01,2019-02-01T00:00:00Z,monthly,261.186,261.186,261.186,261.186,,261.186,factor_candle,FRED CSV Gateway mirror of BLS/FRED,learning_only_mirror
CPILFESL,2019-03-01,2019-03-01T00:00:00Z,monthly,261.567,261.567,261.567,261.567,,261.567,factor_candle,FRED CSV Gateway mirror of BLS/FRED,learning_only_mirror
CPILFESL,2019-04-01,2019-04-01T00:00:00Z,monthly,261.997,261.997,261.997,261.997,,261.997,factor_candle,FRED CSV Gateway mirror of BLS/FRED,learning_only_mirror
CPILFESL,2019-05-01,2019-05-01T00:00:00Z,monthly,262.217,262.217,262.217,262.217,,262.217,factor_candle,FRED CSV Gateway mirror of BLS/FRED,learning_only_mirror
CPILFESL,2019-06-01,2019-06-01T00:00:00Z,monthly,262.739,262.739,262.739,262.739,,262.739,factor_candle,FRED CSV Gateway mirror of BLS/FRED,learning_only_mirror
CPILFESL,2019-07-01,2019-07-01T00:00:00Z,monthly,263.28,263.28,263.28,263.28,,263.28,factor_candle,FRED CSV Gateway mirror of BLS/FRED,learning_only_mirror
CPILFESL,2019-08-01,2019-08-01T00:00:00Z,monthly,263.877,263.877,263.877,263.877,,263.877,factor_candle,FRED CSV Gateway mirror of BLS/FRED,learning_only_mirror
CPILFESL,2019-09-01,2019-09-01T00:00:00Z,monthly,264.388,264.388,264.388,264.388,,264.388,factor_candle,FRED CSV Gateway mirror of BLS/FRED,learning_only_mirror
CPILFESL,2019-10-01,2019-10-01T00:00:00Z,monthly,264.97,264.97,264.97,264.97,,264.97,factor_candle,FRED CSV Gateway mirror of BLS/FRED,learning_only_mirror
CPILFESL,2019-11-01,2019-11-01T00:00:00Z,monthly,265.548,265.548,265.548,265.548,,265.548,factor_candle,FRED CSV Gateway mirror of BLS/FRED,learning_only_mirror
CPILFESL,2019-12-01,2019-12-01T00:00:00Z,monthly,266.02,266.02,266.02,266.02,,266.02,factor_candle,FRED CSV Gateway mirror of BLS/FRED,learning_only_mirror
CPILFESL,2020-01-01,2020-01-01T00:00:00Z,monthly,266.716,266.716,266.716,266.716,,266.716,factor_candle,FRED CSV Gateway mirror of BLS/FRED,learning_only_mirror
CPILFESL,2020-02-01,2020-02-01T00:00:00Z,monthly,267.37,267.37,267.37,267.37,,267.37,factor_candle,FRED CSV Gateway mirror of BLS/FRED,learning_only_mirror
CPILFESL,2020-03-01,2020-03-01T00:00:00Z,monthly,267.054,267.054,267.054,267.054,,267.054,factor_candle,FRED CSV Gateway mirror of BLS/FRED,learning_only_mirror
CPILFESL,2020-04-01,2020-04-01T00:00:00Z,monthly,265.746,265.746,265.746,265.746,,265.746,factor_candle,FRED CSV Gateway mirror of BLS/FRED,learning_only_mirror
CPILFESL,2020-05-01,2020-05-01T00:00:00Z,monthly,265.412,265.412,265.412,265.412,,265.412,factor_candle,FRED CSV Gateway mirror of BLS/FRED,learning_only_mirror
CPILFESL,2020-06-01,2020-06-01T00:00:00Z,monthly,265.849,265.849,265.849,265.849,,265.849,factor_candle,FRED CSV Gateway mirror of BLS/FRED,learning_only_mirror
CPILFESL,2020-07-01,2020-07-01T00:00:00Z,monthly,267.389,267.389,267.389,267.389,,267.389,factor_candle,FRED CSV Gateway mirror of BLS/FRED,learning_only_mirror
CPILFESL,2020-08-01,2020-08-01T00:00:00Z,monthly,268.422,268.422,268.422,268.422,,268.422,factor_candle,FRED CSV Gateway mirror of BLS/FRED,learning_only_mirror
CPILFESL,2020-09-01,2020-09-01T00:00:00Z,monthly,268.933,268.933,268.933,268.933,,268.933,factor_candle,FRED CSV Gateway mirror of BLS/FRED,learning_only_mirror
CPILFESL,2020-10-01,2020-10-01T00:00:00Z,monthly,269.306,269.306,269.306,269.306,,269.306,factor_candle,FRED CSV Gateway mirror of BLS/FRED,learning_only_mirror
CPILFESL,2020-11-01,2020-11-01T00:00:00Z,monthly,269.981,269.981,269.981,269.981,,269.981,factor_candle,FRED CSV Gateway mirror of BLS/FRED,learning_only_mirror
CPILFESL,2020-12-01,2020-12-01T00:00:00Z,monthly,270.341,270.341,270.341,270.341,,270.341,factor_candle,FRED CSV Gateway mirror of BLS/FRED,learning_only_mirror
CPILFESL,2021-01-01,2021-01-01T00:00:00Z,monthly,270.387,270.387,270.387,270.387,,270.387,factor_candle,FRED CSV Gateway mirror of BLS/FRED,learning_only_mirror
CPILFESL,2021-02-01,2021-02-01T00:00:00Z,monthly,270.793,270.793,270.793,270.793,,270.793,factor_candle,FRED CSV Gateway mirror of BLS/FRED,learning_only_mirror
CPILFESL,2021-03-01,2021-03-01T00:00:00Z,monthly,271.459,271.459,271.459,271.459,,271.459,factor_candle,FRED CSV Gateway mirror of BLS/FRED,learning_only_mirror
CPILFESL,2021-04-01,2021-04-01T00:00:00Z,monthly,273.66,273.66,273.66,273.66,,273.66,factor_candle,FRED CSV Gateway mirror of BLS/FRED,learning_only_mirror
CPILFESL,2021-05-01,2021-05-01T00:00:00Z,monthly,275.465,275.465,275.465,275.465,,275.465,factor_candle,FRED CSV Gateway mirror of BLS/FRED,learning_only_mirror
CPILFESL,2021-06-01,2021-06-01T00:00:00Z,monthly,277.651,277.651,277.651,277.651,,277.651,factor_candle,FRED CSV Gateway mirror of BLS/FRED,learning_only_mirror
CPILFESL,2021-07-01,2021-07-01T00:00:00Z,monthly,278.648,278.648,278.648,278.648,,278.648,factor_candle,FRED CSV Gateway mirror of BLS/FRED,learning_only_mirror
CPILFESL,2021-08-01,2021-08-01T00:00:00Z,monthly,278.997,278.997,278.997,278.997,,278.997,factor_candle,FRED CSV Gateway mirror of BLS/FRED,learning_only_mirror
CPILFESL,2021-09-01,2021-09-01T00:00:00Z,monthly,279.698,279.698,279.698,279.698,,279.698,factor_candle,FRED CSV Gateway mirror of BLS/FRED,learning_only_mirror
CPILFESL,2021-10-01,2021-10-01T00:00:00Z,monthly,281.668,281.668,281.668,281.668,,281.668,factor_candle,FRED CSV Gateway mirror of BLS/FRED,learning_only_mirror
CPILFESL,2021-11-01,2021-11-01T00:00:00Z,monthly,283.406,283.406,283.406,283.406,,283.406,factor_candle,FRED CSV Gateway mirror of BLS/FRED,learning_only_mirror
CPILFESL,2021-12-01,2021-12-01T00:00:00Z,monthly,285.18,285.18,285.18,285.18,,285.18,factor_candle,FRED CSV Gateway mirror of BLS/FRED,learning_only_mirror
CPILFESL,2022-01-01,2022-01-01T00:00:00Z,monthly,286.757,286.757,286.757,286.757,,286.757,factor_candle,FRED CSV Gateway mirror of BLS/FRED,learning_only_mirror
CPILFESL,2022-02-01,2022-02-01T00:00:00Z,monthly,288.273,288.273,288.273,288.273,,288.273,factor_candle,FRED CSV Gateway mirror of BLS/FRED,learning_only_mirror
CPILFESL,2022-03-01,2022-03-01T00:00:00Z,monthly,289.056,289.056,289.056,289.056,,289.056,factor_candle,FRED CSV Gateway mirror of BLS/FRED,learning_only_mirror
CPILFESL,2022-04-01,2022-04-01T00:00:00Z,monthly,290.514,290.514,290.514,290.514,,290.514,factor_candle,FRED CSV Gateway mirror of BLS/FRED,learning_only_mirror
CPILFESL,2022-05-01,2022-05-01T00:00:00Z,monthly,292.063,292.063,292.063,292.063,,292.063,factor_candle,FRED CSV Gateway mirror of BLS/FRED,learning_only_mirror
CPILFESL,2022-06-01,2022-06-01T00:00:00Z,monthly,294.05,294.05,294.05,294.05,,294.05,factor_candle,FRED CSV Gateway mirror of BLS/FRED,learning_only_mirror
CPILFESL,2022-07-01,2022-07-01T00:00:00Z,monthly,295.088,295.088,295.088,295.088,,295.088,factor_candle,FRED CSV Gateway mirror of BLS/FRED,learning_only_mirror
CPILFESL,2022-08-01,2022-08-01T00:00:00Z,monthly,296.535,296.535,296.535,296.535,,296.535,factor_candle,FRED CSV Gateway mirror of BLS/FRED,learning_only_mirror
CPILFESL,2022-09-01,2022-09-01T00:00:00Z,monthly,298.226,298.226,298.226,298.226,,298.226,factor_candle,FRED CSV Gateway mirror of BLS/FRED,learning_only_mirror
CPILFESL,2022-10-01,2022-10-01T00:00:00Z,monthly,299.399,299.399,299.399,299.399,,299.399,factor_candle,FRED CSV Gateway mirror of BLS/FRED,learning_only_mirror
CPILFESL,2022-11-01,2022-11-01T00:00:00Z,monthly,300.325,300.325,300.325,300.325,,300.325,factor_candle,FRED CSV Gateway mirror of BLS/FRED,learning_only_mirror
CPILFESL,2022-12-01,2022-12-01T00:00:00Z,monthly,301.394,301.394,301.394,301.394,,301.394,factor_candle,FRED CSV Gateway mirror of BLS/FRED,learning_only_mirror
CPILFESL,2023-01-01,2023-01-01T00:00:00Z,monthly,302.642,302.642,302.642,302.642,,302.642,factor_candle,FRED CSV Gateway mirror of BLS/FRED,learning_only_mirror
CPILFESL,2023-02-01,2023-02-01T00:00:00Z,monthly,304.123,304.123,304.123,304.123,,304.123,factor_candle,FRED CSV Gateway mirror of BLS/FRED,learning_only_mirror
CPILFESL,2023-03-01,2023-03-01T00:00:00Z,monthly,305.147,305.147,305.147,305.147,,305.147,factor_candle,FRED CSV Gateway mirror of BLS/FRED,learning_only_mirror
CPILFESL,2023-04-01,2023-04-01T00:00:00Z,monthly,306.534,306.534,306.534,306.534,,306.534,factor_candle,FRED CSV Gateway mirror of BLS/FRED,learning_only_mirror
CPILFESL,2023-05-01,2023-05-01T00:00:00Z,monthly,307.652,307.652,307.652,307.652,,307.652,factor_candle,FRED CSV Gateway mirror of BLS/FRED,learning_only_mirror
CPILFESL,2023-06-01,2023-06-01T00:00:00Z,monthly,308.322,308.322,308.322,308.322,,308.322,factor_candle,FRED CSV Gateway mirror of BLS/FRED,learning_only_mirror
CPILFESL,2023-07-01,2023-07-01T00:00:00Z,monthly,308.96,308.96,308.96,308.96,,308.96,factor_candle,FRED CSV Gateway mirror of BLS/FRED,learning_only_mirror
CPILFESL,2023-08-01,2023-08-01T00:00:00Z,monthly,309.58,309.58,309.58,309.58,,309.58,factor_candle,FRED CSV Gateway mirror of BLS/FRED,learning_only_mirror
CPILFESL,2023-09-01,2023-09-01T00:00:00Z,monthly,310.539,310.539,310.539,310.539,,310.539,factor_candle,FRED CSV Gateway mirror of BLS/FRED,learning_only_mirror
CPILFESL,2023-10-01,2023-10-01T00:00:00Z,monthly,311.457,311.457,311.457,311.457,,311.457,factor_candle,FRED CSV Gateway mirror of BLS/FRED,learning_only_mirror
CPILFESL,2023-11-01,2023-11-01T00:00:00Z,monthly,312.392,312.392,312.392,312.392,,312.392,factor_candle,FRED CSV Gateway mirror of BLS/FRED,learning_only_mirror
CPILFESL,2023-12-01,2023-12-01T00:00:00Z,monthly,313.195,313.195,313.195,313.195,,313.195,factor_candle,FRED CSV Gateway mirror of BLS/FRED,learning_only_mirror
CPILFESL,2024-01-01,2024-01-01T00:00:00Z,monthly,314.319,314.319,314.319,314.319,,314.319,factor_candle,FRED CSV Gateway mirror of BLS/FRED,learning_only_mirror
CPILFESL,2024-02-01,2024-02-01T00:00:00Z,monthly,315.564,315.564,315.564,315.564,,315.564,factor_candle,FRED CSV Gateway mirror of BLS/FRED,learning_only_mirror
CPILFESL,2024-03-01,2024-03-01T00:00:00Z,monthly,316.792,316.792,316.792,316.792,,316.792,factor_candle,FRED CSV Gateway mirror of BLS/FRED,learning_only_mirror
CPILFESL,2024-04-01,2024-04-01T00:00:00Z,monthly,317.649,317.649,317.649,317.649,,317.649,factor_candle,FRED CSV Gateway mirror of BLS/FRED,learning_only_mirror
CPILFESL,2024-05-01,2024-05-01T00:00:00Z,monthly,318.095,318.095,318.095,318.095,,318.095,factor_candle,FRED CSV Gateway mirror of BLS/FRED,learning_only_mirror
CPILFESL,2024-06-01,2024-06-01T00:00:00Z,monthly,318.39,318.39,318.39,318.39,,318.39,factor_candle,FRED CSV Gateway mirror of BLS/FRED,learning_only_mirror
CPILFESL,2024-07-01,2024-07-01T00:00:00Z,monthly,318.94,318.94,318.94,318.94,,318.94,factor_candle,FRED CSV Gateway mirror of BLS/FRED,learning_only_mirror
CPILFESL,2024-08-01,2024-08-01T00:00:00Z,monthly,319.75,319.75,319.75,319.75,,319.75,factor_candle,FRED CSV Gateway mirror of BLS/FRED,learning_only_mirror
CPILFESL,2024-09-01,2024-09-01T00:00:00Z,monthly,320.732,320.732,320.732,320.732,,320.732,factor_candle,FRED CSV Gateway mirror of BLS/FRED,learning_only_mirror
CPILFESL,2024-10-01,2024-10-01T00:00:00Z,monthly,321.731,321.731,321.731,321.731,,321.731,factor_candle,FRED CSV Gateway mirror of BLS/FRED,learning_only_mirror
CPILFESL,2024-11-01,2024-11-01T00:00:00Z,monthly,322.657,322.657,322.657,322.657,,322.657,factor_candle,FRED CSV Gateway mirror of BLS/FRED,learning_only_mirror
CPILFESL,2024-12-01,2024-12-01T00:00:00Z,monthly,323.259,323.259,323.259,323.259,,323.259,factor_candle,FRED CSV Gateway mirror of BLS/FRED,learning_only_mirror
CPILFESL,2025-01-01,2025-01-01T00:00:00Z,monthly,324.638,324.638,324.638,324.638,,324.638,factor_candle,FRED CSV Gateway mirror of BLS/FRED,learning_only_mirror
CPILFESL,2025-02-01,2025-02-01T00:00:00Z,monthly,325.465,325.465,325.465,325.465,,325.465,factor_candle,FRED CSV Gateway mirror of BLS/FRED,learning_only_mirror
CPILFESL,2025-03-01,2025-03-01T00:00:00Z,monthly,325.69,325.69,325.69,325.69,,325.69,factor_candle,FRED CSV Gateway mirror of BLS/FRED,learning_only_mirror
CPILFESL,2025-04-01,2025-04-01T00:00:00Z,monthly,326.467,326.467,326.467,326.467,,326.467,factor_candle,FRED CSV Gateway mirror of BLS/FRED,learning_only_mirror
CPILFESL,2025-05-01,2025-05-01T00:00:00Z,monthly,326.893,326.893,326.893,326.893,,326.893,factor_candle,FRED CSV Gateway mirror of BLS/FRED,learning_only_mirror
CPILFESL,2025-06-01,2025-06-01T00:00:00Z,monthly,327.658,327.658,327.658,327.658,,327.658,factor_candle,FRED CSV Gateway mirror of BLS/FRED,learning_only_mirror
CPILFESL,2025-07-01,2025-07-01T00:00:00Z,monthly,328.682,328.682,328.682,328.682,,328.682,factor_candle,FRED CSV Gateway mirror of BLS/FRED,learning_only_mirror
CPILFESL,2025-08-01,2025-08-01T00:00:00Z,monthly,329.7,329.7,329.7,329.7,,329.7,factor_candle,FRED CSV Gateway mirror of BLS/FRED,learning_only_mirror
CPILFESL,2025-09-01,2025-09-01T00:00:00Z,monthly,330.418,330.418,330.418,330.418,,330.418,factor_candle,FRED CSV Gateway mirror of BLS/FRED,learning_only_mirror
CPILFESL,2025-11-01,2025-11-01T00:00:00Z,monthly,331.043,331.043,331.043,331.043,,331.043,factor_candle,FRED CSV Gateway mirror of BLS/FRED,learning_only_mirror
CPILFESL,2025-12-01,2025-12-01T00:00:00Z,monthly,331.814,331.814,331.814,331.814,,331.814,factor_candle,FRED CSV Gateway mirror of BLS/FRED,learning_only_mirror
CPILFESL,2026-01-01,2026-01-01T00:00:00Z,monthly,332.793,332.793,332.793,332.793,,332.793,factor_candle,FRED CSV Gateway mirror of BLS/FRED,learning_only_mirror
CPILFESL,2026-02-01,2026-02-01T00:00:00Z,monthly,333.512,333.512,333.512,333.512,,333.512,factor_candle,FRED CSV Gateway mirror of BLS/FRED,learning_only_mirror
CPILFESL,2026-03-01,2026-03-01T00:00:00Z,monthly,334.165,334.165,334.165,334.165,,334.165,factor_candle,FRED CSV Gateway mirror of BLS/FRED,learning_only_mirror
CPILFESL,2026-04-01,2026-04-01T00:00:00Z,monthly,335.423,335.423,335.423,335.423,,335.423,factor_candle,FRED CSV Gateway mirror of BLS/FRED,learning_only_mirror
