symbol,date,time,frequency,open,high,low,close,volume,value,kind,source,productionUsage
DTWEXBGS,2006-01-02,2006-01-02T00:00:00Z,daily,101.4155,101.4155,101.4155,101.4155,,101.4155,factor_candle,FRED CSV Gateway mirror,learning_only_mirror
DTWEXBGS,2006-01-03,2006-01-03T00:00:00Z,daily,100.7558,100.7558,100.7558,100.7558,,100.7558,factor_candle,FRED CSV Gateway mirror,learning_only_mirror
DTWEXBGS,2006-01-04,2006-01-04T00:00:00Z,daily,100.2288,100.2288,100.2288,100.2288,,100.2288,factor_candle,FRED CSV Gateway mirror,learning_only_mirror
DTWEXBGS,2006-01-05,2006-01-05T00:00:00Z,daily,100.2992,100.2992,100.2992,100.2992,,100.2992,factor_candle,FRED CSV Gateway mirror,learning_only_mirror
DTWEXBGS,2006-01-06,2006-01-06T00:00:00Z,daily,100.0241,100.0241,100.0241,100.0241,,100.0241,factor_candle,FRED CSV Gateway mirror,learning_only_mirror
DTWEXBGS,2006-01-09,2006-01-09T00:00:00Z,daily,100.1794,100.1794,100.1794,100.1794,,100.1794,factor_candle,FRED CSV Gateway mirror,learning_only_mirror
DTWEXBGS,2006-01-10,2006-01-10T00:00:00Z,daily,100.1436,100.1436,100.1436,100.1436,,100.1436,factor_candle,FRED CSV Gateway mirror,learning_only_mirror
DTWEXBGS,2006-01-11,2006-01-11T00:00:00Z,daily,99.871,99.871,99.871,99.871,,99.871,factor_candle,FRED CSV Gateway mirror,learning_only_mirror
DTWEXBGS,2006-01-12,2006-01-12T00:00:00Z,daily,100.0643,100.0643,100.0643,100.0643,,100.0643,factor_candle,FRED CSV Gateway mirror,learning_only_mirror
DTWEXBGS,2006-01-13,2006-01-13T00:00:00Z,daily,99.9675,99.9675,99.9675,99.9675,,99.9675,factor_candle,FRED CSV Gateway mirror,learning_only_mirror
DTWEXBGS,2006-01-16,2006-01-16T00:00:00Z,daily,99.9715,99.9715,99.9715,99.9715,,99.9715,factor_candle,FRED CSV Gateway mirror,learning_only_mirror
DTWEXBGS,2006-01-17,2006-01-17T00:00:00Z,daily,100.2447,100.2447,100.2447,100.2447,,100.2447,factor_candle,FRED CSV Gateway mirror,learning_only_mirror
DTWEXBGS,2006-01-18,2006-01-18T00:00:00Z,daily,100.4085,100.4085,100.4085,100.4085,,100.4085,factor_candle,FRED CSV Gateway mirror,learning_only_mirror
DTWEXBGS,2006-01-19,2006-01-19T00:00:00Z,daily,100.1862,100.1862,100.1862,100.1862,,100.1862,factor_candle,FRED CSV Gateway mirror,learning_only_mirror
DTWEXBGS,2006-01-20,2006-01-20T00:00:00Z,daily,99.9017,99.9017,99.9017,99.9017,,99.9017,factor_candle,FRED CSV Gateway mirror,learning_only_mirror
DTWEXBGS,2006-01-23,2006-01-23T00:00:00Z,daily,99.3783,99.3783,99.3783,99.3783,,99.3783,factor_candle,FRED CSV Gateway mirror,learning_only_mirror
DTWEXBGS,2006-01-24,2006-01-24T00:00:00Z,daily,99.3434,99.3434,99.3434,99.3434,,99.3434,factor_candle,FRED CSV Gateway mirror,learning_only_mirror
DTWEXBGS,2006-01-25,2006-01-25T00:00:00Z,daily,99.348,99.348,99.348,99.348,,99.348,factor_candle,FRED CSV Gateway mirror,learning_only_mirror
DTWEXBGS,2006-01-26,2006-01-26T00:00:00Z,daily,99.4798,99.4798,99.4798,99.4798,,99.4798,factor_candle,FRED CSV Gateway mirror,learning_only_mirror
DTWEXBGS,2006-01-27,2006-01-27T00:00:00Z,daily,99.6433,99.6433,99.6433,99.6433,,99.6433,factor_candle,FRED CSV Gateway mirror,learning_only_mirror
DTWEXBGS,2006-01-30,2006-01-30T00:00:00Z,daily,99.7144,99.7144,99.7144,99.7144,,99.7144,factor_candle,FRED CSV Gateway mirror,learning_only_mirror
DTWEXBGS,2006-01-31,2006-01-31T00:00:00Z,daily,99.4311,99.4311,99.4311,99.4311,,99.4311,factor_candle,FRED CSV Gateway mirror,learning_only_mirror
DTWEXBGS,2006-02-01,2006-02-01T00:00:00Z,daily,99.6132,99.6132,99.6132,99.6132,,99.6132,factor_candle,FRED CSV Gateway mirror,learning_only_mirror
DTWEXBGS,2006-02-02,2006-02-02T00:00:00Z,daily,99.7916,99.7916,99.7916,99.7916,,99.7916,factor_candle,FRED CSV Gateway mirror,learning_only_mirror
DTWEXBGS,2006-02-03,2006-02-03T00:00:00Z,daily,100.118,100.118,100.118,100.118,,100.118,factor_candle,FRED CSV Gateway mirror,learning_only_mirror
DTWEXBGS,2006-02-06,2006-02-06T00:00:00Z,daily,100.1372,100.1372,100.1372,100.1372,,100.1372,factor_candle,FRED CSV Gateway mirror,learning_only_mirror
DTWEXBGS,2006-02-07,2006-02-07T00:00:00Z,daily,100.1759,100.1759,100.1759,100.1759,,100.1759,factor_candle,FRED CSV Gateway mirror,learning_only_mirror
DTWEXBGS,2006-02-08,2006-02-08T00:00:00Z,daily,100.4879,100.4879,100.4879,100.4879,,100.4879,factor_candle,FRED CSV Gateway mirror,learning_only_mirror
DTWEXBGS,2006-02-09,2006-02-09T00:00:00Z,daily,100.2117,100.2117,100.2117,100.2117,,100.2117,factor_candle,FRED CSV Gateway mirror,learning_only_mirror
DTWEXBGS,2006-02-10,2006-02-10T00:00:00Z,daily,100.322,100.322,100.322,100.322,,100.322,factor_candle,FRED CSV Gateway mirror,learning_only_mirror
DTWEXBGS,2006-02-13,2006-02-13T00:00:00Z,daily,100.3955,100.3955,100.3955,100.3955,,100.3955,factor_candle,FRED CSV Gateway mirror,learning_only_mirror
DTWEXBGS,2006-02-14,2006-02-14T00:00:00Z,daily,100.3987,100.3987,100.3987,100.3987,,100.3987,factor_candle,FRED CSV Gateway mirror,learning_only_mirror
DTWEXBGS,2006-02-15,2006-02-15T00:00:00Z,daily,100.4489,100.4489,100.4489,100.4489,,100.4489,factor_candle,FRED CSV Gateway mirror,learning_only_mirror
DTWEXBGS,2006-02-16,2006-02-16T00:00:00Z,daily,100.5183,100.5183,100.5183,100.5183,,100.5183,factor_candle,FRED CSV Gateway mirror,learning_only_mirror
DTWEXBGS,2006-02-17,2006-02-17T00:00:00Z,daily,100.3404,100.3404,100.3404,100.3404,,100.3404,factor_candle,FRED CSV Gateway mirror,learning_only_mirror
DTWEXBGS,2006-02-20,2006-02-20T00:00:00Z,daily,100.3447,100.3447,100.3447,100.3447,,100.3447,factor_candle,FRED CSV Gateway mirror,learning_only_mirror
DTWEXBGS,2006-02-21,2006-02-21T00:00:00Z,daily,100.2346,100.2346,100.2346,100.2346,,100.2346,factor_candle,FRED CSV Gateway mirror,learning_only_mirror
DTWEXBGS,2006-02-22,2006-02-22T00:00:00Z,daily,100.3879,100.3879,100.3879,100.3879,,100.3879,factor_candle,FRED CSV Gateway mirror,learning_only_mirror
DTWEXBGS,2006-02-23,2006-02-23T00:00:00Z,daily,100.1956,100.1956,100.1956,100.1956,,100.1956,factor_candle,FRED CSV Gateway mirror,learning_only_mirror
DTWEXBGS,2006-02-24,2006-02-24T00:00:00Z,daily,100.2594,100.2594,100.2594,100.2594,,100.2594,factor_candle,FRED CSV Gateway mirror,learning_only_mirror
DTWEXBGS,2006-02-27,2006-02-27T00:00:00Z,daily,100.0724,100.0724,100.0724,100.0724,,100.0724,factor_candle,FRED CSV Gateway mirror,learning_only_mirror
DTWEXBGS,2006-02-28,2006-02-28T00:00:00Z,daily,99.7695,99.7695,99.7695,99.7695,,99.7695,factor_candle,FRED CSV Gateway mirror,learning_only_mirror
DTWEXBGS,2006-03-01,2006-03-01T00:00:00Z,daily,99.8355,99.8355,99.8355,99.8355,,99.8355,factor_candle,FRED CSV Gateway mirror,learning_only_mirror
DTWEXBGS,2006-03-02,2006-03-02T00:00:00Z,daily,99.5969,99.5969,99.5969,99.5969,,99.5969,factor_candle,FRED CSV Gateway mirror,learning_only_mirror
DTWEXBGS,2006-03-03,2006-03-03T00:00:00Z,daily,99.7024,99.7024,99.7024,99.7024,,99.7024,factor_candle,FRED CSV Gateway mirror,learning_only_mirror
DTWEXBGS,2006-03-06,2006-03-06T00:00:00Z,daily,99.9834,99.9834,99.9834,99.9834,,99.9834,factor_candle,FRED CSV Gateway mirror,learning_only_mirror
DTWEXBGS,2006-03-07,2006-03-07T00:00:00Z,daily,100.564,100.564,100.564,100.564,,100.564,factor_candle,FRED CSV Gateway mirror,learning_only_mirror
DTWEXBGS,2006-03-08,2006-03-08T00:00:00Z,daily,100.8565,100.8565,100.8565,100.8565,,100.8565,factor_candle,FRED CSV Gateway mirror,learning_only_mirror
DTWEXBGS,2006-03-09,2006-03-09T00:00:00Z,daily,100.7718,100.7718,100.7718,100.7718,,100.7718,factor_candle,FRED CSV Gateway mirror,learning_only_mirror
DTWEXBGS,2006-03-10,2006-03-10T00:00:00Z,daily,100.9566,100.9566,100.9566,100.9566,,100.9566,factor_candle,FRED CSV Gateway mirror,learning_only_mirror
DTWEXBGS,2006-03-13,2006-03-13T00:00:00Z,daily,100.8563,100.8563,100.8563,100.8563,,100.8563,factor_candle,FRED CSV Gateway mirror,learning_only_mirror
DTWEXBGS,2006-03-14,2006-03-14T00:00:00Z,daily,100.312,100.312,100.312,100.312,,100.312,factor_candle,FRED CSV Gateway mirror,learning_only_mirror
DTWEXBGS,2006-03-15,2006-03-15T00:00:00Z,daily,100.2121,100.2121,100.2121,100.2121,,100.2121,factor_candle,FRED CSV Gateway mirror,learning_only_mirror
DTWEXBGS,2006-03-16,2006-03-16T00:00:00Z,daily,99.9049,99.9049,99.9049,99.9049,,99.9049,factor_candle,FRED CSV Gateway mirror,learning_only_mirror
DTWEXBGS,2006-03-17,2006-03-17T00:00:00Z,daily,99.8614,99.8614,99.8614,99.8614,,99.8614,factor_candle,FRED CSV Gateway mirror,learning_only_mirror
DTWEXBGS,2006-03-20,2006-03-20T00:00:00Z,daily,100.0491,100.0491,100.0491,100.0491,,100.0491,factor_candle,FRED CSV Gateway mirror,learning_only_mirror
DTWEXBGS,2006-03-21,2006-03-21T00:00:00Z,daily,100.4716,100.4716,100.4716,100.4716,,100.4716,factor_candle,FRED CSV Gateway mirror,learning_only_mirror
DTWEXBGS,2006-03-22,2006-03-22T00:00:00Z,daily,100.496,100.496,100.496,100.496,,100.496,factor_candle,FRED CSV Gateway mirror,learning_only_mirror
DTWEXBGS,2006-03-23,2006-03-23T00:00:00Z,daily,100.8256,100.8256,100.8256,100.8256,,100.8256,factor_candle,FRED CSV Gateway mirror,learning_only_mirror
DTWEXBGS,2006-03-24,2006-03-24T00:00:00Z,daily,100.7773,100.7773,100.7773,100.7773,,100.7773,factor_candle,FRED CSV Gateway mirror,learning_only_mirror
DTWEXBGS,2006-03-27,2006-03-27T00:00:00Z,daily,100.8359,100.8359,100.8359,100.8359,,100.8359,factor_candle,FRED CSV Gateway mirror,learning_only_mirror
DTWEXBGS,2006-03-28,2006-03-28T00:00:00Z,daily,100.7995,100.7995,100.7995,100.7995,,100.7995,factor_candle,FRED CSV Gateway mirror,learning_only_mirror
DTWEXBGS,2006-03-29,2006-03-29T00:00:00Z,daily,101.0474,101.0474,101.0474,101.0474,,101.0474,factor_candle,FRED CSV Gateway mirror,learning_only_mirror
DTWEXBGS,2006-03-30,2006-03-30T00:00:00Z,daily,100.5698,100.5698,100.5698,100.5698,,100.5698,factor_candle,FRED CSV Gateway mirror,learning_only_mirror
DTWEXBGS,2006-03-31,2006-03-31T00:00:00Z,daily,100.56,100.56,100.56,100.56,,100.56,factor_candle,FRED CSV Gateway mirror,learning_only_mirror
DTWEXBGS,2006-04-03,2006-04-03T00:00:00Z,daily,100.6204,100.6204,100.6204,100.6204,,100.6204,factor_candle,FRED CSV Gateway mirror,learning_only_mirror
DTWEXBGS,2006-04-04,2006-04-04T00:00:00Z,daily,100.1319,100.1319,100.1319,100.1319,,100.1319,factor_candle,FRED CSV Gateway mirror,learning_only_mirror
DTWEXBGS,2006-04-05,2006-04-05T00:00:00Z,daily,100.0792,100.0792,100.0792,100.0792,,100.0792,factor_candle,FRED CSV Gateway mirror,learning_only_mirror
DTWEXBGS,2006-04-06,2006-04-06T00:00:00Z,daily,100.1578,100.1578,100.1578,100.1578,,100.1578,factor_candle,FRED CSV Gateway mirror,learning_only_mirror
DTWEXBGS,2006-04-07,2006-04-07T00:00:00Z,daily,100.4187,100.4187,100.4187,100.4187,,100.4187,factor_candle,FRED CSV Gateway mirror,learning_only_mirror
DTWEXBGS,2006-04-10,2006-04-10T00:00:00Z,daily,100.4091,100.4091,100.4091,100.4091,,100.4091,factor_candle,FRED CSV Gateway mirror,learning_only_mirror
DTWEXBGS,2006-04-11,2006-04-11T00:00:00Z,daily,100.2903,100.2903,100.2903,100.2903,,100.2903,factor_candle,FRED CSV Gateway mirror,learning_only_mirror
DTWEXBGS,2006-04-12,2006-04-12T00:00:00Z,daily,100.3589,100.3589,100.3589,100.3589,,100.3589,factor_candle,FRED CSV Gateway mirror,learning_only_mirror
DTWEXBGS,2006-04-13,2006-04-13T00:00:00Z,daily,100.4759,100.4759,100.4759,100.4759,,100.4759,factor_candle,FRED CSV Gateway mirror,learning_only_mirror
DTWEXBGS,2006-04-14,2006-04-14T00:00:00Z,daily,100.4697,100.4697,100.4697,100.4697,,100.4697,factor_candle,FRED CSV Gateway mirror,learning_only_mirror
DTWEXBGS,2006-04-17,2006-04-17T00:00:00Z,daily,99.8719,99.8719,99.8719,99.8719,,99.8719,factor_candle,FRED CSV Gateway mirror,learning_only_mirror
DTWEXBGS,2006-04-18,2006-04-18T00:00:00Z,daily,99.6747,99.6747,99.6747,99.6747,,99.6747,factor_candle,FRED CSV Gateway mirror,learning_only_mirror
DTWEXBGS,2006-04-19,2006-04-19T00:00:00Z,daily,99.3467,99.3467,99.3467,99.3467,,99.3467,factor_candle,FRED CSV Gateway mirror,learning_only_mirror
DTWEXBGS,2006-04-20,2006-04-20T00:00:00Z,daily,99.4974,99.4974,99.4974,99.4974,,99.4974,factor_candle,FRED CSV Gateway mirror,learning_only_mirror
DTWEXBGS,2006-04-21,2006-04-21T00:00:00Z,daily,99.4345,99.4345,99.4345,99.4345,,99.4345,factor_candle,FRED CSV Gateway mirror,learning_only_mirror
DTWEXBGS,2006-04-24,2006-04-24T00:00:00Z,daily,99.117,99.117,99.117,99.117,,99.117,factor_candle,FRED CSV Gateway mirror,learning_only_mirror
DTWEXBGS,2006-04-25,2006-04-25T00:00:00Z,daily,98.9687,98.9687,98.9687,98.9687,,98.9687,factor_candle,FRED CSV Gateway mirror,learning_only_mirror
DTWEXBGS,2006-04-26,2006-04-26T00:00:00Z,daily,98.8907,98.8907,98.8907,98.8907,,98.8907,factor_candle,FRED CSV Gateway mirror,learning_only_mirror
DTWEXBGS,2006-04-27,2006-04-27T00:00:00Z,daily,98.5149,98.5149,98.5149,98.5149,,98.5149,factor_candle,FRED CSV Gateway mirror,learning_only_mirror
DTWEXBGS,2006-04-28,2006-04-28T00:00:00Z,daily,98.1412,98.1412,98.1412,98.1412,,98.1412,factor_candle,FRED CSV Gateway mirror,learning_only_mirror
DTWEXBGS,2006-05-01,2006-05-01T00:00:00Z,daily,97.9085,97.9085,97.9085,97.9085,,97.9085,factor_candle,FRED CSV Gateway mirror,learning_only_mirror
DTWEXBGS,2006-05-02,2006-05-02T00:00:00Z,daily,97.6571,97.6571,97.6571,97.6571,,97.6571,factor_candle,FRED CSV Gateway mirror,learning_only_mirror
DTWEXBGS,2006-05-03,2006-05-03T00:00:00Z,daily,97.5572,97.5572,97.5572,97.5572,,97.5572,factor_candle,FRED CSV Gateway mirror,learning_only_mirror
DTWEXBGS,2006-05-04,2006-05-04T00:00:00Z,daily,97.4878,97.4878,97.4878,97.4878,,97.4878,factor_candle,FRED CSV Gateway mirror,learning_only_mirror
DTWEXBGS,2006-05-05,2006-05-05T00:00:00Z,daily,97.2585,97.2585,97.2585,97.2585,,97.2585,factor_candle,FRED CSV Gateway mirror,learning_only_mirror
DTWEXBGS,2006-05-08,2006-05-08T00:00:00Z,daily,97.1945,97.1945,97.1945,97.1945,,97.1945,factor_candle,FRED CSV Gateway mirror,learning_only_mirror
DTWEXBGS,2006-05-09,2006-05-09T00:00:00Z,daily,96.9578,96.9578,96.9578,96.9578,,96.9578,factor_candle,FRED CSV Gateway mirror,learning_only_mirror
DTWEXBGS,2006-05-10,2006-05-10T00:00:00Z,daily,96.6391,96.6391,96.6391,96.6391,,96.6391,factor_candle,FRED CSV Gateway mirror,learning_only_mirror
DTWEXBGS,2006-05-11,2006-05-11T00:00:00Z,daily,96.5383,96.5383,96.5383,96.5383,,96.5383,factor_candle,FRED CSV Gateway mirror,learning_only_mirror
DTWEXBGS,2006-05-12,2006-05-12T00:00:00Z,daily,96.8788,96.8788,96.8788,96.8788,,96.8788,factor_candle,FRED CSV Gateway mirror,learning_only_mirror
DTWEXBGS,2006-05-15,2006-05-15T00:00:00Z,daily,97.3588,97.3588,97.3588,97.3588,,97.3588,factor_candle,FRED CSV Gateway mirror,learning_only_mirror
DTWEXBGS,2006-05-16,2006-05-16T00:00:00Z,daily,97.1959,97.1959,97.1959,97.1959,,97.1959,factor_candle,FRED CSV Gateway mirror,learning_only_mirror
DTWEXBGS,2006-05-17,2006-05-17T00:00:00Z,daily,97.4725,97.4725,97.4725,97.4725,,97.4725,factor_candle,FRED CSV Gateway mirror,learning_only_mirror
DTWEXBGS,2006-05-18,2006-05-18T00:00:00Z,daily,97.7033,97.7033,97.7033,97.7033,,97.7033,factor_candle,FRED CSV Gateway mirror,learning_only_mirror
DTWEXBGS,2006-05-19,2006-05-19T00:00:00Z,daily,97.933,97.933,97.933,97.933,,97.933,factor_candle,FRED CSV Gateway mirror,learning_only_mirror
DTWEXBGS,2006-05-22,2006-05-22T00:00:00Z,daily,97.9377,97.9377,97.9377,97.9377,,97.9377,factor_candle,FRED CSV Gateway mirror,learning_only_mirror
DTWEXBGS,2006-05-23,2006-05-23T00:00:00Z,daily,97.7045,97.7045,97.7045,97.7045,,97.7045,factor_candle,FRED CSV Gateway mirror,learning_only_mirror
DTWEXBGS,2006-05-24,2006-05-24T00:00:00Z,daily,98.3936,98.3936,98.3936,98.3936,,98.3936,factor_candle,FRED CSV Gateway mirror,learning_only_mirror
DTWEXBGS,2006-05-25,2006-05-25T00:00:00Z,daily,97.8423,97.8423,97.8423,97.8423,,97.8423,factor_candle,FRED CSV Gateway mirror,learning_only_mirror
DTWEXBGS,2006-05-26,2006-05-26T00:00:00Z,daily,97.8995,97.8995,97.8995,97.8995,,97.8995,factor_candle,FRED CSV Gateway mirror,learning_only_mirror
DTWEXBGS,2006-05-29,2006-05-29T00:00:00Z,daily,97.8936,97.8936,97.8936,97.8936,,97.8936,factor_candle,FRED CSV Gateway mirror,learning_only_mirror
DTWEXBGS,2006-05-30,2006-05-30T00:00:00Z,daily,97.588,97.588,97.588,97.588,,97.588,factor_candle,FRED CSV Gateway mirror,learning_only_mirror
DTWEXBGS,2006-05-31,2006-05-31T00:00:00Z,daily,97.7705,97.7705,97.7705,97.7705,,97.7705,factor_candle,FRED CSV Gateway mirror,learning_only_mirror
DTWEXBGS,2006-06-01,2006-06-01T00:00:00Z,daily,97.7726,97.7726,97.7726,97.7726,,97.7726,factor_candle,FRED CSV Gateway mirror,learning_only_mirror
DTWEXBGS,2006-06-02,2006-06-02T00:00:00Z,daily,97.5544,97.5544,97.5544,97.5544,,97.5544,factor_candle,FRED CSV Gateway mirror,learning_only_mirror
DTWEXBGS,2006-06-05,2006-06-05T00:00:00Z,daily,97.3681,97.3681,97.3681,97.3681,,97.3681,factor_candle,FRED CSV Gateway mirror,learning_only_mirror
DTWEXBGS,2006-06-06,2006-06-06T00:00:00Z,daily,98.1449,98.1449,98.1449,98.1449,,98.1449,factor_candle,FRED CSV Gateway mirror,learning_only_mirror
DTWEXBGS,2006-06-07,2006-06-07T00:00:00Z,daily,98.1641,98.1641,98.1641,98.1641,,98.1641,factor_candle,FRED CSV Gateway mirror,learning_only_mirror
DTWEXBGS,2006-06-08,2006-06-08T00:00:00Z,daily,98.9313,98.9313,98.9313,98.9313,,98.9313,factor_candle,FRED CSV Gateway mirror,learning_only_mirror
DTWEXBGS,2006-06-09,2006-06-09T00:00:00Z,daily,98.5471,98.5471,98.5471,98.5471,,98.5471,factor_candle,FRED CSV Gateway mirror,learning_only_mirror
DTWEXBGS,2006-06-12,2006-06-12T00:00:00Z,daily,98.5494,98.5494,98.5494,98.5494,,98.5494,factor_candle,FRED CSV Gateway mirror,learning_only_mirror
DTWEXBGS,2006-06-13,2006-06-13T00:00:00Z,daily,98.9201,98.9201,98.9201,98.9201,,98.9201,factor_candle,FRED CSV Gateway mirror,learning_only_mirror
DTWEXBGS,2006-06-14,2006-06-14T00:00:00Z,daily,98.8338,98.8338,98.8338,98.8338,,98.8338,factor_candle,FRED CSV Gateway mirror,learning_only_mirror
DTWEXBGS,2006-06-15,2006-06-15T00:00:00Z,daily,98.8846,98.8846,98.8846,98.8846,,98.8846,factor_candle,FRED CSV Gateway mirror,learning_only_mirror
DTWEXBGS,2006-06-16,2006-06-16T00:00:00Z,daily,98.9127,98.9127,98.9127,98.9127,,98.9127,factor_candle,FRED CSV Gateway mirror,learning_only_mirror
DTWEXBGS,2006-06-19,2006-06-19T00:00:00Z,daily,99.145,99.145,99.145,99.145,,99.145,factor_candle,FRED CSV Gateway mirror,learning_only_mirror
DTWEXBGS,2006-06-20,2006-06-20T00:00:00Z,daily,99.0117,99.0117,99.0117,99.0117,,99.0117,factor_candle,FRED CSV Gateway mirror,learning_only_mirror
DTWEXBGS,2006-06-21,2006-06-21T00:00:00Z,daily,98.5544,98.5544,98.5544,98.5544,,98.5544,factor_candle,FRED CSV Gateway mirror,learning_only_mirror
DTWEXBGS,2006-06-22,2006-06-22T00:00:00Z,daily,99.0856,99.0856,99.0856,99.0856,,99.0856,factor_candle,FRED CSV Gateway mirror,learning_only_mirror
DTWEXBGS,2006-06-23,2006-06-23T00:00:00Z,daily,99.4216,99.4216,99.4216,99.4216,,99.4216,factor_candle,FRED CSV Gateway mirror,learning_only_mirror
DTWEXBGS,2006-06-26,2006-06-26T00:00:00Z,daily,99.3634,99.3634,99.3634,99.3634,,99.3634,factor_candle,FRED CSV Gateway mirror,learning_only_mirror
DTWEXBGS,2006-06-27,2006-06-27T00:00:00Z,daily,99.219,99.219,99.219,99.219,,99.219,factor_candle,FRED CSV Gateway mirror,learning_only_mirror
DTWEXBGS,2006-06-28,2006-06-28T00:00:00Z,daily,99.392,99.392,99.392,99.392,,99.392,factor_candle,FRED CSV Gateway mirror,learning_only_mirror
DTWEXBGS,2006-06-29,2006-06-29T00:00:00Z,daily,99.2158,99.2158,99.2158,99.2158,,99.2158,factor_candle,FRED CSV Gateway mirror,learning_only_mirror
DTWEXBGS,2006-06-30,2006-06-30T00:00:00Z,daily,98.2483,98.2483,98.2483,98.2483,,98.2483,factor_candle,FRED CSV Gateway mirror,learning_only_mirror
DTWEXBGS,2006-07-03,2006-07-03T00:00:00Z,daily,98.0371,98.0371,98.0371,98.0371,,98.0371,factor_candle,FRED CSV Gateway mirror,learning_only_mirror
DTWEXBGS,2006-07-04,2006-07-04T00:00:00Z,daily,98.0221,98.0221,98.0221,98.0221,,98.0221,factor_candle,FRED CSV Gateway mirror,learning_only_mirror
DTWEXBGS,2006-07-05,2006-07-05T00:00:00Z,daily,98.308,98.308,98.308,98.308,,98.308,factor_candle,FRED CSV Gateway mirror,learning_only_mirror
DTWEXBGS,2006-07-06,2006-07-06T00:00:00Z,daily,98.138,98.138,98.138,98.138,,98.138,factor_candle,FRED CSV Gateway mirror,learning_only_mirror
DTWEXBGS,2006-07-07,2006-07-07T00:00:00Z,daily,97.7508,97.7508,97.7508,97.7508,,97.7508,factor_candle,FRED CSV Gateway mirror,learning_only_mirror
DTWEXBGS,2006-07-10,2006-07-10T00:00:00Z,daily,97.9813,97.9813,97.9813,97.9813,,97.9813,factor_candle,FRED CSV Gateway mirror,learning_only_mirror
DTWEXBGS,2006-07-11,2006-07-11T00:00:00Z,daily,98.2132,98.2132,98.2132,98.2132,,98.2132,factor_candle,FRED CSV Gateway mirror,learning_only_mirror
DTWEXBGS,2006-07-12,2006-07-12T00:00:00Z,daily,98.5202,98.5202,98.5202,98.5202,,98.5202,factor_candle,FRED CSV Gateway mirror,learning_only_mirror
DTWEXBGS,2006-07-13,2006-07-13T00:00:00Z,daily,98.5583,98.5583,98.5583,98.5583,,98.5583,factor_candle,FRED CSV Gateway mirror,learning_only_mirror
DTWEXBGS,2006-07-14,2006-07-14T00:00:00Z,daily,98.6814,98.6814,98.6814,98.6814,,98.6814,factor_candle,FRED CSV Gateway mirror,learning_only_mirror
DTWEXBGS,2006-07-17,2006-07-17T00:00:00Z,daily,99.0767,99.0767,99.0767,99.0767,,99.0767,factor_candle,FRED CSV Gateway mirror,learning_only_mirror
DTWEXBGS,2006-07-18,2006-07-18T00:00:00Z,daily,99.1341,99.1341,99.1341,99.1341,,99.1341,factor_candle,FRED CSV Gateway mirror,learning_only_mirror
DTWEXBGS,2006-07-19,2006-07-19T00:00:00Z,daily,98.9262,98.9262,98.9262,98.9262,,98.9262,factor_candle,FRED CSV Gateway mirror,learning_only_mirror
DTWEXBGS,2006-07-20,2006-07-20T00:00:00Z,daily,98.6014,98.6014,98.6014,98.6014,,98.6014,factor_candle,FRED CSV Gateway mirror,learning_only_mirror
DTWEXBGS,2006-07-21,2006-07-21T00:00:00Z,daily,98.5221,98.5221,98.5221,98.5221,,98.5221,factor_candle,FRED CSV Gateway mirror,learning_only_mirror
DTWEXBGS,2006-07-24,2006-07-24T00:00:00Z,daily,98.7795,98.7795,98.7795,98.7795,,98.7795,factor_candle,FRED CSV Gateway mirror,learning_only_mirror
DTWEXBGS,2006-07-25,2006-07-25T00:00:00Z,daily,98.9388,98.9388,98.9388,98.9388,,98.9388,factor_candle,FRED CSV Gateway mirror,learning_only_mirror
DTWEXBGS,2006-07-26,2006-07-26T00:00:00Z,daily,98.742,98.742,98.742,98.742,,98.742,factor_candle,FRED CSV Gateway mirror,learning_only_mirror
DTWEXBGS,2006-07-27,2006-07-27T00:00:00Z,daily,98.2283,98.2283,98.2283,98.2283,,98.2283,factor_candle,FRED CSV Gateway mirror,learning_only_mirror
DTWEXBGS,2006-07-28,2006-07-28T00:00:00Z,daily,98.0539,98.0539,98.0539,98.0539,,98.0539,factor_candle,FRED CSV Gateway mirror,learning_only_mirror
DTWEXBGS,2006-07-31,2006-07-31T00:00:00Z,daily,97.9996,97.9996,97.9996,97.9996,,97.9996,factor_candle,FRED CSV Gateway mirror,learning_only_mirror
DTWEXBGS,2006-08-01,2006-08-01T00:00:00Z,daily,98.1715,98.1715,98.1715,98.1715,,98.1715,factor_candle,FRED CSV Gateway mirror,learning_only_mirror
DTWEXBGS,2006-08-02,2006-08-02T00:00:00Z,daily,97.9432,97.9432,97.9432,97.9432,,97.9432,factor_candle,FRED CSV Gateway mirror,learning_only_mirror
DTWEXBGS,2006-08-03,2006-08-03T00:00:00Z,daily,98.0694,98.0694,98.0694,98.0694,,98.0694,factor_candle,FRED CSV Gateway mirror,learning_only_mirror
DTWEXBGS,2006-08-04,2006-08-04T00:00:00Z,daily,97.6005,97.6005,97.6005,97.6005,,97.6005,factor_candle,FRED CSV Gateway mirror,learning_only_mirror
DTWEXBGS,2006-08-07,2006-08-07T00:00:00Z,daily,97.5088,97.5088,97.5088,97.5088,,97.5088,factor_candle,FRED CSV Gateway mirror,learning_only_mirror
DTWEXBGS,2006-08-08,2006-08-08T00:00:00Z,daily,97.6524,97.6524,97.6524,97.6524,,97.6524,factor_candle,FRED CSV Gateway mirror,learning_only_mirror
DTWEXBGS,2006-08-09,2006-08-09T00:00:00Z,daily,97.4402,97.4402,97.4402,97.4402,,97.4402,factor_candle,FRED CSV Gateway mirror,learning_only_mirror
DTWEXBGS,2006-08-10,2006-08-10T00:00:00Z,daily,97.8887,97.8887,97.8887,97.8887,,97.8887,factor_candle,FRED CSV Gateway mirror,learning_only_mirror
DTWEXBGS,2006-08-11,2006-08-11T00:00:00Z,daily,97.7863,97.7863,97.7863,97.7863,,97.7863,factor_candle,FRED CSV Gateway mirror,learning_only_mirror
DTWEXBGS,2006-08-14,2006-08-14T00:00:00Z,daily,97.9677,97.9677,97.9677,97.9677,,97.9677,factor_candle,FRED CSV Gateway mirror,learning_only_mirror
DTWEXBGS,2006-08-15,2006-08-15T00:00:00Z,daily,97.8043,97.8043,97.8043,97.8043,,97.8043,factor_candle,FRED CSV Gateway mirror,learning_only_mirror
DTWEXBGS,2006-08-16,2006-08-16T00:00:00Z,daily,97.3894,97.3894,97.3894,97.3894,,97.3894,factor_candle,FRED CSV Gateway mirror,learning_only_mirror
DTWEXBGS,2006-08-17,2006-08-17T00:00:00Z,daily,97.3486,97.3486,97.3486,97.3486,,97.3486,factor_candle,FRED CSV Gateway mirror,learning_only_mirror
DTWEXBGS,2006-08-18,2006-08-18T00:00:00Z,daily,97.7577,97.7577,97.7577,97.7577,,97.7577,factor_candle,FRED CSV Gateway mirror,learning_only_mirror
DTWEXBGS,2006-08-21,2006-08-21T00:00:00Z,daily,97.3856,97.3856,97.3856,97.3856,,97.3856,factor_candle,FRED CSV Gateway mirror,learning_only_mirror
DTWEXBGS,2006-08-22,2006-08-22T00:00:00Z,daily,97.6079,97.6079,97.6079,97.6079,,97.6079,factor_candle,FRED CSV Gateway mirror,learning_only_mirror
DTWEXBGS,2006-08-23,2006-08-23T00:00:00Z,daily,97.5731,97.5731,97.5731,97.5731,,97.5731,factor_candle,FRED CSV Gateway mirror,learning_only_mirror
DTWEXBGS,2006-08-24,2006-08-24T00:00:00Z,daily,97.7939,97.7939,97.7939,97.7939,,97.7939,factor_candle,FRED CSV Gateway mirror,learning_only_mirror
DTWEXBGS,2006-08-25,2006-08-25T00:00:00Z,daily,97.8827,97.8827,97.8827,97.8827,,97.8827,factor_candle,FRED CSV Gateway mirror,learning_only_mirror
DTWEXBGS,2006-08-28,2006-08-28T00:00:00Z,daily,97.8467,97.8467,97.8467,97.8467,,97.8467,factor_candle,FRED CSV Gateway mirror,learning_only_mirror
DTWEXBGS,2006-08-29,2006-08-29T00:00:00Z,daily,97.7748,97.7748,97.7748,97.7748,,97.7748,factor_candle,FRED CSV Gateway mirror,learning_only_mirror
DTWEXBGS,2006-08-30,2006-08-30T00:00:00Z,daily,97.5792,97.5792,97.5792,97.5792,,97.5792,factor_candle,FRED CSV Gateway mirror,learning_only_mirror
DTWEXBGS,2006-08-31,2006-08-31T00:00:00Z,daily,97.644,97.644,97.644,97.644,,97.644,factor_candle,FRED CSV Gateway mirror,learning_only_mirror
DTWEXBGS,2006-09-01,2006-09-01T00:00:00Z,daily,97.5084,97.5084,97.5084,97.5084,,97.5084,factor_candle,FRED CSV Gateway mirror,learning_only_mirror
DTWEXBGS,2006-09-04,2006-09-04T00:00:00Z,daily,97.4981,97.4981,97.4981,97.4981,,97.4981,factor_candle,FRED CSV Gateway mirror,learning_only_mirror
DTWEXBGS,2006-09-05,2006-09-05T00:00:00Z,daily,97.4392,97.4392,97.4392,97.4392,,97.4392,factor_candle,FRED CSV Gateway mirror,learning_only_mirror
DTWEXBGS,2006-09-06,2006-09-06T00:00:00Z,daily,97.6087,97.6087,97.6087,97.6087,,97.6087,factor_candle,FRED CSV Gateway mirror,learning_only_mirror
DTWEXBGS,2006-09-07,2006-09-07T00:00:00Z,daily,97.8108,97.8108,97.8108,97.8108,,97.8108,factor_candle,FRED CSV Gateway mirror,learning_only_mirror
DTWEXBGS,2006-09-08,2006-09-08T00:00:00Z,daily,98.2119,98.2119,98.2119,98.2119,,98.2119,factor_candle,FRED CSV Gateway mirror,learning_only_mirror
DTWEXBGS,2006-09-11,2006-09-11T00:00:00Z,daily,98.3845,98.3845,98.3845,98.3845,,98.3845,factor_candle,FRED CSV Gateway mirror,learning_only_mirror
DTWEXBGS,2006-09-12,2006-09-12T00:00:00Z,daily,98.2781,98.2781,98.2781,98.2781,,98.2781,factor_candle,FRED CSV Gateway mirror,learning_only_mirror
DTWEXBGS,2006-09-13,2006-09-13T00:00:00Z,daily,98.1775,98.1775,98.1775,98.1775,,98.1775,factor_candle,FRED CSV Gateway mirror,learning_only_mirror
DTWEXBGS,2006-09-14,2006-09-14T00:00:00Z,daily,98.0088,98.0088,98.0088,98.0088,,98.0088,factor_candle,FRED CSV Gateway mirror,learning_only_mirror
DTWEXBGS,2006-09-15,2006-09-15T00:00:00Z,daily,98.2104,98.2104,98.2104,98.2104,,98.2104,factor_candle,FRED CSV Gateway mirror,learning_only_mirror
DTWEXBGS,2006-09-18,2006-09-18T00:00:00Z,daily,98.1332,98.1332,98.1332,98.1332,,98.1332,factor_candle,FRED CSV Gateway mirror,learning_only_mirror
DTWEXBGS,2006-09-19,2006-09-19T00:00:00Z,daily,98.1703,98.1703,98.1703,98.1703,,98.1703,factor_candle,FRED CSV Gateway mirror,learning_only_mirror
DTWEXBGS,2006-09-20,2006-09-20T00:00:00Z,daily,98.1556,98.1556,98.1556,98.1556,,98.1556,factor_candle,FRED CSV Gateway mirror,learning_only_mirror
DTWEXBGS,2006-09-21,2006-09-21T00:00:00Z,daily,97.9458,97.9458,97.9458,97.9458,,97.9458,factor_candle,FRED CSV Gateway mirror,learning_only_mirror
DTWEXBGS,2006-09-22,2006-09-22T00:00:00Z,daily,97.8667,97.8667,97.8667,97.8667,,97.8667,factor_candle,FRED CSV Gateway mirror,learning_only_mirror
DTWEXBGS,2006-09-25,2006-09-25T00:00:00Z,daily,97.9909,97.9909,97.9909,97.9909,,97.9909,factor_candle,FRED CSV Gateway mirror,learning_only_mirror
DTWEXBGS,2006-09-26,2006-09-26T00:00:00Z,daily,98.0555,98.0555,98.0555,98.0555,,98.0555,factor_candle,FRED CSV Gateway mirror,learning_only_mirror
DTWEXBGS,2006-09-27,2006-09-27T00:00:00Z,daily,98.0107,98.0107,98.0107,98.0107,,98.0107,factor_candle,FRED CSV Gateway mirror,learning_only_mirror
DTWEXBGS,2006-09-28,2006-09-28T00:00:00Z,daily,98.0381,98.0381,98.0381,98.0381,,98.0381,factor_candle,FRED CSV Gateway mirror,learning_only_mirror
DTWEXBGS,2006-09-29,2006-09-29T00:00:00Z,daily,98.1054,98.1054,98.1054,98.1054,,98.1054,factor_candle,FRED CSV Gateway mirror,learning_only_mirror
DTWEXBGS,2006-10-02,2006-10-02T00:00:00Z,daily,97.9247,97.9247,97.9247,97.9247,,97.9247,factor_candle,FRED CSV Gateway mirror,learning_only_mirror
DTWEXBGS,2006-10-03,2006-10-03T00:00:00Z,daily,98.1267,98.1267,98.1267,98.1267,,98.1267,factor_candle,FRED CSV Gateway mirror,learning_only_mirror
DTWEXBGS,2006-10-04,2006-10-04T00:00:00Z,daily,98.3682,98.3682,98.3682,98.3682,,98.3682,factor_candle,FRED CSV Gateway mirror,learning_only_mirror
DTWEXBGS,2006-10-05,2006-10-05T00:00:00Z,daily,98.2776,98.2776,98.2776,98.2776,,98.2776,factor_candle,FRED CSV Gateway mirror,learning_only_mirror
DTWEXBGS,2006-10-06,2006-10-06T00:00:00Z,daily,98.5619,98.5619,98.5619,98.5619,,98.5619,factor_candle,FRED CSV Gateway mirror,learning_only_mirror
DTWEXBGS,2006-10-09,2006-10-09T00:00:00Z,daily,98.5702,98.5702,98.5702,98.5702,,98.5702,factor_candle,FRED CSV Gateway mirror,learning_only_mirror
DTWEXBGS,2006-10-10,2006-10-10T00:00:00Z,daily,98.9125,98.9125,98.9125,98.9125,,98.9125,factor_candle,FRED CSV Gateway mirror,learning_only_mirror
DTWEXBGS,2006-10-11,2006-10-11T00:00:00Z,daily,98.9146,98.9146,98.9146,98.9146,,98.9146,factor_candle,FRED CSV Gateway mirror,learning_only_mirror
DTWEXBGS,2006-10-12,2006-10-12T00:00:00Z,daily,98.831,98.831,98.831,98.831,,98.831,factor_candle,FRED CSV Gateway mirror,learning_only_mirror
DTWEXBGS,2006-10-13,2006-10-13T00:00:00Z,daily,98.8002,98.8002,98.8002,98.8002,,98.8002,factor_candle,FRED CSV Gateway mirror,learning_only_mirror
DTWEXBGS,2006-10-16,2006-10-16T00:00:00Z,daily,98.71,98.71,98.71,98.71,,98.71,factor_candle,FRED CSV Gateway mirror,learning_only_mirror
DTWEXBGS,2006-10-17,2006-10-17T00:00:00Z,daily,98.5354,98.5354,98.5354,98.5354,,98.5354,factor_candle,FRED CSV Gateway mirror,learning_only_mirror
DTWEXBGS,2006-10-18,2006-10-18T00:00:00Z,daily,98.6164,98.6164,98.6164,98.6164,,98.6164,factor_candle,FRED CSV Gateway mirror,learning_only_mirror
DTWEXBGS,2006-10-19,2006-10-19T00:00:00Z,daily,98.2897,98.2897,98.2897,98.2897,,98.2897,factor_candle,FRED CSV Gateway mirror,learning_only_mirror
DTWEXBGS,2006-10-20,2006-10-20T00:00:00Z,daily,98.1629,98.1629,98.1629,98.1629,,98.1629,factor_candle,FRED CSV Gateway mirror,learning_only_mirror
DTWEXBGS,2006-10-23,2006-10-23T00:00:00Z,daily,98.4483,98.4483,98.4483,98.4483,,98.4483,factor_candle,FRED CSV Gateway mirror,learning_only_mirror
DTWEXBGS,2006-10-24,2006-10-24T00:00:00Z,daily,98.349,98.349,98.349,98.349,,98.349,factor_candle,FRED CSV Gateway mirror,learning_only_mirror
DTWEXBGS,2006-10-25,2006-10-25T00:00:00Z,daily,98.2057,98.2057,98.2057,98.2057,,98.2057,factor_candle,FRED CSV Gateway mirror,learning_only_mirror
DTWEXBGS,2006-10-26,2006-10-26T00:00:00Z,daily,97.8907,97.8907,97.8907,97.8907,,97.8907,factor_candle,FRED CSV Gateway mirror,learning_only_mirror
DTWEXBGS,2006-10-27,2006-10-27T00:00:00Z,daily,97.4914,97.4914,97.4914,97.4914,,97.4914,factor_candle,FRED CSV Gateway mirror,learning_only_mirror
DTWEXBGS,2006-10-30,2006-10-30T00:00:00Z,daily,97.5672,97.5672,97.5672,97.5672,,97.5672,factor_candle,FRED CSV Gateway mirror,learning_only_mirror
DTWEXBGS,2006-10-31,2006-10-31T00:00:00Z,daily,97.3901,97.3901,97.3901,97.3901,,97.3901,factor_candle,FRED CSV Gateway mirror,learning_only_mirror
DTWEXBGS,2006-11-01,2006-11-01T00:00:00Z,daily,97.4949,97.4949,97.4949,97.4949,,97.4949,factor_candle,FRED CSV Gateway mirror,learning_only_mirror
DTWEXBGS,2006-11-02,2006-11-02T00:00:00Z,daily,97.6556,97.6556,97.6556,97.6556,,97.6556,factor_candle,FRED CSV Gateway mirror,learning_only_mirror
DTWEXBGS,2006-11-03,2006-11-03T00:00:00Z,daily,97.7209,97.7209,97.7209,97.7209,,97.7209,factor_candle,FRED CSV Gateway mirror,learning_only_mirror
DTWEXBGS,2006-11-06,2006-11-06T00:00:00Z,daily,97.806,97.806,97.806,97.806,,97.806,factor_candle,FRED CSV Gateway mirror,learning_only_mirror
DTWEXBGS,2006-11-07,2006-11-07T00:00:00Z,daily,97.4453,97.4453,97.4453,97.4453,,97.4453,factor_candle,FRED CSV Gateway mirror,learning_only_mirror
DTWEXBGS,2006-11-08,2006-11-08T00:00:00Z,daily,97.58,97.58,97.58,97.58,,97.58,factor_candle,FRED CSV Gateway mirror,learning_only_mirror
DTWEXBGS,2006-11-09,2006-11-09T00:00:00Z,daily,97.5041,97.5041,97.5041,97.5041,,97.5041,factor_candle,FRED CSV Gateway mirror,learning_only_mirror
DTWEXBGS,2006-11-10,2006-11-10T00:00:00Z,daily,97.4638,97.4638,97.4638,97.4638,,97.4638,factor_candle,FRED CSV Gateway mirror,learning_only_mirror
DTWEXBGS,2006-11-13,2006-11-13T00:00:00Z,daily,97.7904,97.7904,97.7904,97.7904,,97.7904,factor_candle,FRED CSV Gateway mirror,learning_only_mirror
DTWEXBGS,2006-11-14,2006-11-14T00:00:00Z,daily,97.7475,97.7475,97.7475,97.7475,,97.7475,factor_candle,FRED CSV Gateway mirror,learning_only_mirror
DTWEXBGS,2006-11-15,2006-11-15T00:00:00Z,daily,97.8359,97.8359,97.8359,97.8359,,97.8359,factor_candle,FRED CSV Gateway mirror,learning_only_mirror
DTWEXBGS,2006-11-16,2006-11-16T00:00:00Z,daily,97.8098,97.8098,97.8098,97.8098,,97.8098,factor_candle,FRED CSV Gateway mirror,learning_only_mirror
DTWEXBGS,2006-11-17,2006-11-17T00:00:00Z,daily,97.9855,97.9855,97.9855,97.9855,,97.9855,factor_candle,FRED CSV Gateway mirror,learning_only_mirror
DTWEXBGS,2006-11-20,2006-11-20T00:00:00Z,daily,98.0254,98.0254,98.0254,98.0254,,98.0254,factor_candle,FRED CSV Gateway mirror,learning_only_mirror
DTWEXBGS,2006-11-21,2006-11-21T00:00:00Z,daily,98.0215,98.0215,98.0215,98.0215,,98.0215,factor_candle,FRED CSV Gateway mirror,learning_only_mirror
DTWEXBGS,2006-11-22,2006-11-22T00:00:00Z,daily,97.5315,97.5315,97.5315,97.5315,,97.5315,factor_candle,FRED CSV Gateway mirror,learning_only_mirror
DTWEXBGS,2006-11-23,2006-11-23T00:00:00Z,daily,97.5314,97.5314,97.5314,97.5314,,97.5314,factor_candle,FRED CSV Gateway mirror,learning_only_mirror
DTWEXBGS,2006-11-24,2006-11-24T00:00:00Z,daily,97.0657,97.0657,97.0657,97.0657,,97.0657,factor_candle,FRED CSV Gateway mirror,learning_only_mirror
DTWEXBGS,2006-11-27,2006-11-27T00:00:00Z,daily,96.9986,96.9986,96.9986,96.9986,,96.9986,factor_candle,FRED CSV Gateway mirror,learning_only_mirror
DTWEXBGS,2006-11-28,2006-11-28T00:00:00Z,daily,96.8428,96.8428,96.8428,96.8428,,96.8428,factor_candle,FRED CSV Gateway mirror,learning_only_mirror
DTWEXBGS,2006-11-29,2006-11-29T00:00:00Z,daily,96.8577,96.8577,96.8577,96.8577,,96.8577,factor_candle,FRED CSV Gateway mirror,learning_only_mirror
DTWEXBGS,2006-11-30,2006-11-30T00:00:00Z,daily,96.5779,96.5779,96.5779,96.5779,,96.5779,factor_candle,FRED CSV Gateway mirror,learning_only_mirror
DTWEXBGS,2006-12-01,2006-12-01T00:00:00Z,daily,96.4585,96.4585,96.4585,96.4585,,96.4585,factor_candle,FRED CSV Gateway mirror,learning_only_mirror
DTWEXBGS,2006-12-04,2006-12-04T00:00:00Z,daily,96.4319,96.4319,96.4319,96.4319,,96.4319,factor_candle,FRED CSV Gateway mirror,learning_only_mirror
DTWEXBGS,2006-12-05,2006-12-05T00:00:00Z,daily,96.2082,96.2082,96.2082,96.2082,,96.2082,factor_candle,FRED CSV Gateway mirror,learning_only_mirror
DTWEXBGS,2006-12-06,2006-12-06T00:00:00Z,daily,96.2839,96.2839,96.2839,96.2839,,96.2839,factor_candle,FRED CSV Gateway mirror,learning_only_mirror
DTWEXBGS,2006-12-07,2006-12-07T00:00:00Z,daily,96.3207,96.3207,96.3207,96.3207,,96.3207,factor_candle,FRED CSV Gateway mirror,learning_only_mirror
DTWEXBGS,2006-12-08,2006-12-08T00:00:00Z,daily,96.6123,96.6123,96.6123,96.6123,,96.6123,factor_candle,FRED CSV Gateway mirror,learning_only_mirror
DTWEXBGS,2006-12-11,2006-12-11T00:00:00Z,daily,96.6646,96.6646,96.6646,96.6646,,96.6646,factor_candle,FRED CSV Gateway mirror,learning_only_mirror
DTWEXBGS,2006-12-12,2006-12-12T00:00:00Z,daily,96.7119,96.7119,96.7119,96.7119,,96.7119,factor_candle,FRED CSV Gateway mirror,learning_only_mirror
DTWEXBGS,2006-12-13,2006-12-13T00:00:00Z,daily,96.7296,96.7296,96.7296,96.7296,,96.7296,factor_candle,FRED CSV Gateway mirror,learning_only_mirror
DTWEXBGS,2006-12-14,2006-12-14T00:00:00Z,daily,96.7946,96.7946,96.7946,96.7946,,96.7946,factor_candle,FRED CSV Gateway mirror,learning_only_mirror
DTWEXBGS,2006-12-15,2006-12-15T00:00:00Z,daily,96.9857,96.9857,96.9857,96.9857,,96.9857,factor_candle,FRED CSV Gateway mirror,learning_only_mirror
DTWEXBGS,2006-12-18,2006-12-18T00:00:00Z,daily,97.1559,97.1559,97.1559,97.1559,,97.1559,factor_candle,FRED CSV Gateway mirror,learning_only_mirror
DTWEXBGS,2006-12-19,2006-12-19T00:00:00Z,daily,96.9313,96.9313,96.9313,96.9313,,96.9313,factor_candle,FRED CSV Gateway mirror,learning_only_mirror
DTWEXBGS,2006-12-20,2006-12-20T00:00:00Z,daily,96.7762,96.7762,96.7762,96.7762,,96.7762,factor_candle,FRED CSV Gateway mirror,learning_only_mirror
DTWEXBGS,2006-12-21,2006-12-21T00:00:00Z,daily,96.9148,96.9148,96.9148,96.9148,,96.9148,factor_candle,FRED CSV Gateway mirror,learning_only_mirror
DTWEXBGS,2006-12-22,2006-12-22T00:00:00Z,daily,97.1113,97.1113,97.1113,97.1113,,97.1113,factor_candle,FRED CSV Gateway mirror,learning_only_mirror
DTWEXBGS,2006-12-25,2006-12-25T00:00:00Z,daily,97.1221,97.1221,97.1221,97.1221,,97.1221,factor_candle,FRED CSV Gateway mirror,learning_only_mirror
DTWEXBGS,2006-12-26,2006-12-26T00:00:00Z,daily,97.1786,97.1786,97.1786,97.1786,,97.1786,factor_candle,FRED CSV Gateway mirror,learning_only_mirror
DTWEXBGS,2006-12-27,2006-12-27T00:00:00Z,daily,97.2076,97.2076,97.2076,97.2076,,97.2076,factor_candle,FRED CSV Gateway mirror,learning_only_mirror
DTWEXBGS,2006-12-28,2006-12-28T00:00:00Z,daily,97.0656,97.0656,97.0656,97.0656,,97.0656,factor_candle,FRED CSV Gateway mirror,learning_only_mirror
DTWEXBGS,2006-12-29,2006-12-29T00:00:00Z,daily,97.0312,97.0312,97.0312,97.0312,,97.0312,factor_candle,FRED CSV Gateway mirror,learning_only_mirror
DTWEXBGS,2007-01-01,2007-01-01T00:00:00Z,daily,97.0323,97.0323,97.0323,97.0323,,97.0323,factor_candle,FRED CSV Gateway mirror,learning_only_mirror
DTWEXBGS,2007-01-03,2007-01-03T00:00:00Z,daily,97.1281,97.1281,97.1281,97.1281,,97.1281,factor_candle,FRED CSV Gateway mirror,learning_only_mirror
DTWEXBGS,2007-01-04,2007-01-04T00:00:00Z,daily,97.5251,97.5251,97.5251,97.5251,,97.5251,factor_candle,FRED CSV Gateway mirror,learning_only_mirror
DTWEXBGS,2007-01-05,2007-01-05T00:00:00Z,daily,97.7801,97.7801,97.7801,97.7801,,97.7801,factor_candle,FRED CSV Gateway mirror,learning_only_mirror
DTWEXBGS,2007-01-08,2007-01-08T00:00:00Z,daily,97.788,97.788,97.788,97.788,,97.788,factor_candle,FRED CSV Gateway mirror,learning_only_mirror
DTWEXBGS,2007-01-09,2007-01-09T00:00:00Z,daily,97.9642,97.9642,97.9642,97.9642,,97.9642,factor_candle,FRED CSV Gateway mirror,learning_only_mirror
DTWEXBGS,2007-01-10,2007-01-10T00:00:00Z,daily,98.0943,98.0943,98.0943,98.0943,,98.0943,factor_candle,FRED CSV Gateway mirror,learning_only_mirror
DTWEXBGS,2007-01-11,2007-01-11T00:00:00Z,daily,98.0845,98.0845,98.0845,98.0845,,98.0845,factor_candle,FRED CSV Gateway mirror,learning_only_mirror
DTWEXBGS,2007-01-12,2007-01-12T00:00:00Z,daily,97.921,97.921,97.921,97.921,,97.921,factor_candle,FRED CSV Gateway mirror,learning_only_mirror
DTWEXBGS,2007-01-15,2007-01-15T00:00:00Z,daily,97.9201,97.9201,97.9201,97.9201,,97.9201,factor_candle,FRED CSV Gateway mirror,learning_only_mirror
DTWEXBGS,2007-01-16,2007-01-16T00:00:00Z,daily,97.9816,97.9816,97.9816,97.9816,,97.9816,factor_candle,FRED CSV Gateway mirror,learning_only_mirror
DTWEXBGS,2007-01-17,2007-01-17T00:00:00Z,daily,97.7509,97.7509,97.7509,97.7509,,97.7509,factor_candle,FRED CSV Gateway mirror,learning_only_mirror
DTWEXBGS,2007-01-18,2007-01-18T00:00:00Z,daily,97.8286,97.8286,97.8286,97.8286,,97.8286,factor_candle,FRED CSV Gateway mirror,learning_only_mirror
DTWEXBGS,2007-01-19,2007-01-19T00:00:00Z,daily,97.6868,97.6868,97.6868,97.6868,,97.6868,factor_candle,FRED CSV Gateway mirror,learning_only_mirror
DTWEXBGS,2007-01-22,2007-01-22T00:00:00Z,daily,97.827,97.827,97.827,97.827,,97.827,factor_candle,FRED CSV Gateway mirror,learning_only_mirror
DTWEXBGS,2007-01-23,2007-01-23T00:00:00Z,daily,97.8117,97.8117,97.8117,97.8117,,97.8117,factor_candle,FRED CSV Gateway mirror,learning_only_mirror
DTWEXBGS,2007-01-24,2007-01-24T00:00:00Z,daily,97.908,97.908,97.908,97.908,,97.908,factor_candle,FRED CSV Gateway mirror,learning_only_mirror
DTWEXBGS,2007-01-25,2007-01-25T00:00:00Z,daily,97.8396,97.8396,97.8396,97.8396,,97.8396,factor_candle,FRED CSV Gateway mirror,learning_only_mirror
DTWEXBGS,2007-01-26,2007-01-26T00:00:00Z,daily,98.1491,98.1491,98.1491,98.1491,,98.1491,factor_candle,FRED CSV Gateway mirror,learning_only_mirror
DTWEXBGS,2007-01-29,2007-01-29T00:00:00Z,daily,98.2066,98.2066,98.2066,98.2066,,98.2066,factor_candle,FRED CSV Gateway mirror,learning_only_mirror
DTWEXBGS,2007-01-30,2007-01-30T00:00:00Z,daily,98.1515,98.1515,98.1515,98.1515,,98.1515,factor_candle,FRED CSV Gateway mirror,learning_only_mirror
DTWEXBGS,2007-01-31,2007-01-31T00:00:00Z,daily,97.964,97.964,97.964,97.964,,97.964,factor_candle,FRED CSV Gateway mirror,learning_only_mirror
DTWEXBGS,2007-02-01,2007-02-01T00:00:00Z,daily,97.7101,97.7101,97.7101,97.7101,,97.7101,factor_candle,FRED CSV Gateway mirror,learning_only_mirror
DTWEXBGS,2007-02-02,2007-02-02T00:00:00Z,daily,97.9743,97.9743,97.9743,97.9743,,97.9743,factor_candle,FRED CSV Gateway mirror,learning_only_mirror
DTWEXBGS,2007-02-05,2007-02-05T00:00:00Z,daily,97.87,97.87,97.87,97.87,,97.87,factor_candle,FRED CSV Gateway mirror,learning_only_mirror
DTWEXBGS,2007-02-06,2007-02-06T00:00:00Z,daily,97.7357,97.7357,97.7357,97.7357,,97.7357,factor_candle,FRED CSV Gateway mirror,learning_only_mirror
DTWEXBGS,2007-02-07,2007-02-07T00:00:00Z,daily,97.7239,97.7239,97.7239,97.7239,,97.7239,factor_candle,FRED CSV Gateway mirror,learning_only_mirror
DTWEXBGS,2007-02-08,2007-02-08T00:00:00Z,daily,97.8169,97.8169,97.8169,97.8169,,97.8169,factor_candle,FRED CSV Gateway mirror,learning_only_mirror
DTWEXBGS,2007-02-09,2007-02-09T00:00:00Z,daily,97.7076,97.7076,97.7076,97.7076,,97.7076,factor_candle,FRED CSV Gateway mirror,learning_only_mirror
DTWEXBGS,2007-02-12,2007-02-12T00:00:00Z,daily,97.9409,97.9409,97.9409,97.9409,,97.9409,factor_candle,FRED CSV Gateway mirror,learning_only_mirror
DTWEXBGS,2007-02-13,2007-02-13T00:00:00Z,daily,97.7063,97.7063,97.7063,97.7063,,97.7063,factor_candle,FRED CSV Gateway mirror,learning_only_mirror
DTWEXBGS,2007-02-14,2007-02-14T00:00:00Z,daily,97.2779,97.2779,97.2779,97.2779,,97.2779,factor_candle,FRED CSV Gateway mirror,learning_only_mirror
DTWEXBGS,2007-02-15,2007-02-15T00:00:00Z,daily,97.1588,97.1588,97.1588,97.1588,,97.1588,factor_candle,FRED CSV Gateway mirror,learning_only_mirror
DTWEXBGS,2007-02-16,2007-02-16T00:00:00Z,daily,97.164,97.164,97.164,97.164,,97.164,factor_candle,FRED CSV Gateway mirror,learning_only_mirror
DTWEXBGS,2007-02-19,2007-02-19T00:00:00Z,daily,97.1545,97.1545,97.1545,97.1545,,97.1545,factor_candle,FRED CSV Gateway mirror,learning_only_mirror
DTWEXBGS,2007-02-20,2007-02-20T00:00:00Z,daily,97.321,97.321,97.321,97.321,,97.321,factor_candle,FRED CSV Gateway mirror,learning_only_mirror
DTWEXBGS,2007-02-21,2007-02-21T00:00:00Z,daily,97.27,97.27,97.27,97.27,,97.27,factor_candle,FRED CSV Gateway mirror,learning_only_mirror
DTWEXBGS,2007-02-22,2007-02-22T00:00:00Z,daily,97.266,97.266,97.266,97.266,,97.266,factor_candle,FRED CSV Gateway mirror,learning_only_mirror
DTWEXBGS,2007-02-23,2007-02-23T00:00:00Z,daily,97.1756,97.1756,97.1756,97.1756,,97.1756,factor_candle,FRED CSV Gateway mirror,learning_only_mirror
DTWEXBGS,2007-02-26,2007-02-26T00:00:00Z,daily,97.2281,97.2281,97.2281,97.2281,,97.2281,factor_candle,FRED CSV Gateway mirror,learning_only_mirror
DTWEXBGS,2007-02-27,2007-02-27T00:00:00Z,daily,97.0883,97.0883,97.0883,97.0883,,97.0883,factor_candle,FRED CSV Gateway mirror,learning_only_mirror
DTWEXBGS,2007-02-28,2007-02-28T00:00:00Z,daily,97.2386,97.2386,97.2386,97.2386,,97.2386,factor_candle,FRED CSV Gateway mirror,learning_only_mirror
DTWEXBGS,2007-03-01,2007-03-01T00:00:00Z,daily,97.3358,97.3358,97.3358,97.3358,,97.3358,factor_candle,FRED CSV Gateway mirror,learning_only_mirror
DTWEXBGS,2007-03-02,2007-03-02T00:00:00Z,daily,97.3691,97.3691,97.3691,97.3691,,97.3691,factor_candle,FRED CSV Gateway mirror,learning_only_mirror
DTWEXBGS,2007-03-05,2007-03-05T00:00:00Z,daily,97.6716,97.6716,97.6716,97.6716,,97.6716,factor_candle,FRED CSV Gateway mirror,learning_only_mirror
DTWEXBGS,2007-03-06,2007-03-06T00:00:00Z,daily,97.5123,97.5123,97.5123,97.5123,,97.5123,factor_candle,FRED CSV Gateway mirror,learning_only_mirror
DTWEXBGS,2007-03-07,2007-03-07T00:00:00Z,daily,97.4558,97.4558,97.4558,97.4558,,97.4558,factor_candle,FRED CSV Gateway mirror,learning_only_mirror
DTWEXBGS,2007-03-08,2007-03-08T00:00:00Z,daily,97.5731,97.5731,97.5731,97.5731,,97.5731,factor_candle,FRED CSV Gateway mirror,learning_only_mirror
DTWEXBGS,2007-03-09,2007-03-09T00:00:00Z,daily,97.4559,97.4559,97.4559,97.4559,,97.4559,factor_candle,FRED CSV Gateway mirror,learning_only_mirror
DTWEXBGS,2007-03-12,2007-03-12T00:00:00Z,daily,97.3013,97.3013,97.3013,97.3013,,97.3013,factor_candle,FRED CSV Gateway mirror,learning_only_mirror
DTWEXBGS,2007-03-13,2007-03-13T00:00:00Z,daily,97.2203,97.2203,97.2203,97.2203,,97.2203,factor_candle,FRED CSV Gateway mirror,learning_only_mirror
DTWEXBGS,2007-03-14,2007-03-14T00:00:00Z,daily,97.2759,97.2759,97.2759,97.2759,,97.2759,factor_candle,FRED CSV Gateway mirror,learning_only_mirror
DTWEXBGS,2007-03-15,2007-03-15T00:00:00Z,daily,97.2476,97.2476,97.2476,97.2476,,97.2476,factor_candle,FRED CSV Gateway mirror,learning_only_mirror
DTWEXBGS,2007-03-16,2007-03-16T00:00:00Z,daily,97.0407,97.0407,97.0407,97.0407,,97.0407,factor_candle,FRED CSV Gateway mirror,learning_only_mirror
DTWEXBGS,2007-03-19,2007-03-19T00:00:00Z,daily,97.1062,97.1062,97.1062,97.1062,,97.1062,factor_candle,FRED CSV Gateway mirror,learning_only_mirror
DTWEXBGS,2007-03-20,2007-03-20T00:00:00Z,daily,96.7985,96.7985,96.7985,96.7985,,96.7985,factor_candle,FRED CSV Gateway mirror,learning_only_mirror
DTWEXBGS,2007-03-21,2007-03-21T00:00:00Z,daily,96.6195,96.6195,96.6195,96.6195,,96.6195,factor_candle,FRED CSV Gateway mirror,learning_only_mirror
DTWEXBGS,2007-03-22,2007-03-22T00:00:00Z,daily,96.3893,96.3893,96.3893,96.3893,,96.3893,factor_candle,FRED CSV Gateway mirror,learning_only_mirror
DTWEXBGS,2007-03-23,2007-03-23T00:00:00Z,daily,96.5662,96.5662,96.5662,96.5662,,96.5662,factor_candle,FRED CSV Gateway mirror,learning_only_mirror
DTWEXBGS,2007-03-26,2007-03-26T00:00:00Z,daily,96.5493,96.5493,96.5493,96.5493,,96.5493,factor_candle,FRED CSV Gateway mirror,learning_only_mirror
DTWEXBGS,2007-03-27,2007-03-27T00:00:00Z,daily,96.4558,96.4558,96.4558,96.4558,,96.4558,factor_candle,FRED CSV Gateway mirror,learning_only_mirror
DTWEXBGS,2007-03-28,2007-03-28T00:00:00Z,daily,96.4894,96.4894,96.4894,96.4894,,96.4894,factor_candle,FRED CSV Gateway mirror,learning_only_mirror
DTWEXBGS,2007-03-29,2007-03-29T00:00:00Z,daily,96.5067,96.5067,96.5067,96.5067,,96.5067,factor_candle,FRED CSV Gateway mirror,learning_only_mirror
DTWEXBGS,2007-03-30,2007-03-30T00:00:00Z,daily,96.3183,96.3183,96.3183,96.3183,,96.3183,factor_candle,FRED CSV Gateway mirror,learning_only_mirror
DTWEXBGS,2007-04-02,2007-04-02T00:00:00Z,daily,96.3175,96.3175,96.3175,96.3175,,96.3175,factor_candle,FRED CSV Gateway mirror,learning_only_mirror
DTWEXBGS,2007-04-03,2007-04-03T00:00:00Z,daily,96.3774,96.3774,96.3774,96.3774,,96.3774,factor_candle,FRED CSV Gateway mirror,learning_only_mirror
DTWEXBGS,2007-04-04,2007-04-04T00:00:00Z,daily,96.3646,96.3646,96.3646,96.3646,,96.3646,factor_candle,FRED CSV Gateway mirror,learning_only_mirror
DTWEXBGS,2007-04-05,2007-04-05T00:00:00Z,daily,96.1188,96.1188,96.1188,96.1188,,96.1188,factor_candle,FRED CSV Gateway mirror,learning_only_mirror
DTWEXBGS,2007-04-06,2007-04-06T00:00:00Z,daily,96.2526,96.2526,96.2526,96.2526,,96.2526,factor_candle,FRED CSV Gateway mirror,learning_only_mirror
DTWEXBGS,2007-04-09,2007-04-09T00:00:00Z,daily,96.293,96.293,96.293,96.293,,96.293,factor_candle,FRED CSV Gateway mirror,learning_only_mirror
DTWEXBGS,2007-04-10,2007-04-10T00:00:00Z,daily,96.1179,96.1179,96.1179,96.1179,,96.1179,factor_candle,FRED CSV Gateway mirror,learning_only_mirror
DTWEXBGS,2007-04-11,2007-04-11T00:00:00Z,daily,96.0293,96.0293,96.0293,96.0293,,96.0293,factor_candle,FRED CSV Gateway mirror,learning_only_mirror
DTWEXBGS,2007-04-12,2007-04-12T00:00:00Z,daily,95.7999,95.7999,95.7999,95.7999,,95.7999,factor_candle,FRED CSV Gateway mirror,learning_only_mirror
DTWEXBGS,2007-04-13,2007-04-13T00:00:00Z,daily,95.711,95.711,95.711,95.711,,95.711,factor_candle,FRED CSV Gateway mirror,learning_only_mirror
DTWEXBGS,2007-04-16,2007-04-16T00:00:00Z,daily,95.5538,95.5538,95.5538,95.5538,,95.5538,factor_candle,FRED CSV Gateway mirror,learning_only_mirror
DTWEXBGS,2007-04-17,2007-04-17T00:00:00Z,daily,95.3832,95.3832,95.3832,95.3832,,95.3832,factor_candle,FRED CSV Gateway mirror,learning_only_mirror
DTWEXBGS,2007-04-18,2007-04-18T00:00:00Z,daily,95.3109,95.3109,95.3109,95.3109,,95.3109,factor_candle,FRED CSV Gateway mirror,learning_only_mirror
DTWEXBGS,2007-04-19,2007-04-19T00:00:00Z,daily,95.2712,95.2712,95.2712,95.2712,,95.2712,factor_candle,FRED CSV Gateway mirror,learning_only_mirror
DTWEXBGS,2007-04-20,2007-04-20T00:00:00Z,daily,95.1692,95.1692,95.1692,95.1692,,95.1692,factor_candle,FRED CSV Gateway mirror,learning_only_mirror
DTWEXBGS,2007-04-23,2007-04-23T00:00:00Z,daily,95.1833,95.1833,95.1833,95.1833,,95.1833,factor_candle,FRED CSV Gateway mirror,learning_only_mirror
DTWEXBGS,2007-04-24,2007-04-24T00:00:00Z,daily,95.1608,95.1608,95.1608,95.1608,,95.1608,factor_candle,FRED CSV Gateway mirror,learning_only_mirror
DTWEXBGS,2007-04-25,2007-04-25T00:00:00Z,daily,94.8497,94.8497,94.8497,94.8497,,94.8497,factor_candle,FRED CSV Gateway mirror,learning_only_mirror
DTWEXBGS,2007-04-26,2007-04-26T00:00:00Z,daily,95.1653,95.1653,95.1653,95.1653,,95.1653,factor_candle,FRED CSV Gateway mirror,learning_only_mirror
DTWEXBGS,2007-04-27,2007-04-27T00:00:00Z,daily,95.0103,95.0103,95.0103,95.0103,,95.0103,factor_candle,FRED CSV Gateway mirror,learning_only_mirror
DTWEXBGS,2007-04-30,2007-04-30T00:00:00Z,daily,94.8365,94.8365,94.8365,94.8365,,94.8365,factor_candle,FRED CSV Gateway mirror,learning_only_mirror
DTWEXBGS,2007-05-01,2007-05-01T00:00:00Z,daily,95.0037,95.0037,95.0037,95.0037,,95.0037,factor_candle,FRED CSV Gateway mirror,learning_only_mirror
DTWEXBGS,2007-05-02,2007-05-02T00:00:00Z,daily,95.0352,95.0352,95.0352,95.0352,,95.0352,factor_candle,FRED CSV Gateway mirror,learning_only_mirror
DTWEXBGS,2007-05-03,2007-05-03T00:00:00Z,daily,95.0167,95.0167,95.0167,95.0167,,95.0167,factor_candle,FRED CSV Gateway mirror,learning_only_mirror
DTWEXBGS,2007-05-04,2007-05-04T00:00:00Z,daily,94.9118,94.9118,94.9118,94.9118,,94.9118,factor_candle,FRED CSV Gateway mirror,learning_only_mirror
DTWEXBGS,2007-05-07,2007-05-07T00:00:00Z,daily,94.6914,94.6914,94.6914,94.6914,,94.6914,factor_candle,FRED CSV Gateway mirror,learning_only_mirror
DTWEXBGS,2007-05-08,2007-05-08T00:00:00Z,daily,94.8648,94.8648,94.8648,94.8648,,94.8648,factor_candle,FRED CSV Gateway mirror,learning_only_mirror
DTWEXBGS,2007-05-09,2007-05-09T00:00:00Z,daily,94.7933,94.7933,94.7933,94.7933,,94.7933,factor_candle,FRED CSV Gateway mirror,learning_only_mirror
DTWEXBGS,2007-05-10,2007-05-10T00:00:00Z,daily,94.9506,94.9506,94.9506,94.9506,,94.9506,factor_candle,FRED CSV Gateway mirror,learning_only_mirror
DTWEXBGS,2007-05-11,2007-05-11T00:00:00Z,daily,95.0035,95.0035,95.0035,95.0035,,95.0035,factor_candle,FRED CSV Gateway mirror,learning_only_mirror
DTWEXBGS,2007-05-14,2007-05-14T00:00:00Z,daily,94.8267,94.8267,94.8267,94.8267,,94.8267,factor_candle,FRED CSV Gateway mirror,learning_only_mirror
DTWEXBGS,2007-05-15,2007-05-15T00:00:00Z,daily,94.5574,94.5574,94.5574,94.5574,,94.5574,factor_candle,FRED CSV Gateway mirror,learning_only_mirror
DTWEXBGS,2007-05-16,2007-05-16T00:00:00Z,daily,94.8143,94.8143,94.8143,94.8143,,94.8143,factor_candle,FRED CSV Gateway mirror,learning_only_mirror
DTWEXBGS,2007-05-17,2007-05-17T00:00:00Z,daily,94.8339,94.8339,94.8339,94.8339,,94.8339,factor_candle,FRED CSV Gateway mirror,learning_only_mirror
DTWEXBGS,2007-05-18,2007-05-18T00:00:00Z,daily,94.6573,94.6573,94.6573,94.6573,,94.6573,factor_candle,FRED CSV Gateway mirror,learning_only_mirror
DTWEXBGS,2007-05-21,2007-05-21T00:00:00Z,daily,94.7026,94.7026,94.7026,94.7026,,94.7026,factor_candle,FRED CSV Gateway mirror,learning_only_mirror
DTWEXBGS,2007-05-22,2007-05-22T00:00:00Z,daily,94.5753,94.5753,94.5753,94.5753,,94.5753,factor_candle,FRED CSV Gateway mirror,learning_only_mirror
DTWEXBGS,2007-05-23,2007-05-23T00:00:00Z,daily,94.4557,94.4557,94.4557,94.4557,,94.4557,factor_candle,FRED CSV Gateway mirror,learning_only_mirror
DTWEXBGS,2007-05-24,2007-05-24T00:00:00Z,daily,94.7025,94.7025,94.7025,94.7025,,94.7025,factor_candle,FRED CSV Gateway mirror,learning_only_mirror
DTWEXBGS,2007-05-25,2007-05-25T00:00:00Z,daily,94.5022,94.5022,94.5022,94.5022,,94.5022,factor_candle,FRED CSV Gateway mirror,learning_only_mirror
DTWEXBGS,2007-05-28,2007-05-28T00:00:00Z,daily,94.4959,94.4959,94.4959,94.4959,,94.4959,factor_candle,FRED CSV Gateway mirror,learning_only_mirror
DTWEXBGS,2007-05-29,2007-05-29T00:00:00Z,daily,94.3533,94.3533,94.3533,94.3533,,94.3533,factor_candle,FRED CSV Gateway mirror,learning_only_mirror
DTWEXBGS,2007-05-30,2007-05-30T00:00:00Z,daily,94.549,94.549,94.549,94.549,,94.549,factor_candle,FRED CSV Gateway mirror,learning_only_mirror
DTWEXBGS,2007-05-31,2007-05-31T00:00:00Z,daily,94.3215,94.3215,94.3215,94.3215,,94.3215,factor_candle,FRED CSV Gateway mirror,learning_only_mirror
DTWEXBGS,2007-06-01,2007-06-01T00:00:00Z,daily,94.132,94.132,94.132,94.132,,94.132,factor_candle,FRED CSV Gateway mirror,learning_only_mirror
DTWEXBGS,2007-06-04,2007-06-04T00:00:00Z,daily,93.9969,93.9969,93.9969,93.9969,,93.9969,factor_candle,FRED CSV Gateway mirror,learning_only_mirror
DTWEXBGS,2007-06-05,2007-06-05T00:00:00Z,daily,93.9986,93.9986,93.9986,93.9986,,93.9986,factor_candle,FRED CSV Gateway mirror,learning_only_mirror
DTWEXBGS,2007-06-06,2007-06-06T00:00:00Z,daily,94.1217,94.1217,94.1217,94.1217,,94.1217,factor_candle,FRED CSV Gateway mirror,learning_only_mirror
DTWEXBGS,2007-06-07,2007-06-07T00:00:00Z,daily,94.3537,94.3537,94.3537,94.3537,,94.3537,factor_candle,FRED CSV Gateway mirror,learning_only_mirror
DTWEXBGS,2007-06-08,2007-06-08T00:00:00Z,daily,94.7599,94.7599,94.7599,94.7599,,94.7599,factor_candle,FRED CSV Gateway mirror,learning_only_mirror
DTWEXBGS,2007-06-11,2007-06-11T00:00:00Z,daily,94.6576,94.6576,94.6576,94.6576,,94.6576,factor_candle,FRED CSV Gateway mirror,learning_only_mirror
DTWEXBGS,2007-06-12,2007-06-12T00:00:00Z,daily,94.6991,94.6991,94.6991,94.6991,,94.6991,factor_candle,FRED CSV Gateway mirror,learning_only_mirror
DTWEXBGS,2007-06-13,2007-06-13T00:00:00Z,daily,94.9011,94.9011,94.9011,94.9011,,94.9011,factor_candle,FRED CSV Gateway mirror,learning_only_mirror
DTWEXBGS,2007-06-14,2007-06-14T00:00:00Z,daily,94.9029,94.9029,94.9029,94.9029,,94.9029,factor_candle,FRED CSV Gateway mirror,learning_only_mirror
DTWEXBGS,2007-06-15,2007-06-15T00:00:00Z,daily,94.6228,94.6228,94.6228,94.6228,,94.6228,factor_candle,FRED CSV Gateway mirror,learning_only_mirror
DTWEXBGS,2007-06-18,2007-06-18T00:00:00Z,daily,94.5475,94.5475,94.5475,94.5475,,94.5475,factor_candle,FRED CSV Gateway mirror,learning_only_mirror
DTWEXBGS,2007-06-19,2007-06-19T00:00:00Z,daily,94.3227,94.3227,94.3227,94.3227,,94.3227,factor_candle,FRED CSV Gateway mirror,learning_only_mirror
DTWEXBGS,2007-06-20,2007-06-20T00:00:00Z,daily,94.3618,94.3618,94.3618,94.3618,,94.3618,factor_candle,FRED CSV Gateway mirror,learning_only_mirror
DTWEXBGS,2007-06-21,2007-06-21T00:00:00Z,daily,94.6073,94.6073,94.6073,94.6073,,94.6073,factor_candle,FRED CSV Gateway mirror,learning_only_mirror
DTWEXBGS,2007-06-22,2007-06-22T00:00:00Z,daily,94.4371,94.4371,94.4371,94.4371,,94.4371,factor_candle,FRED CSV Gateway mirror,learning_only_mirror
DTWEXBGS,2007-06-25,2007-06-25T00:00:00Z,daily,94.5105,94.5105,94.5105,94.5105,,94.5105,factor_candle,FRED CSV Gateway mirror,learning_only_mirror
DTWEXBGS,2007-06-26,2007-06-26T00:00:00Z,daily,94.4678,94.4678,94.4678,94.4678,,94.4678,factor_candle,FRED CSV Gateway mirror,learning_only_mirror
DTWEXBGS,2007-06-27,2007-06-27T00:00:00Z,daily,94.5633,94.5633,94.5633,94.5633,,94.5633,factor_candle,FRED CSV Gateway mirror,learning_only_mirror
DTWEXBGS,2007-06-28,2007-06-28T00:00:00Z,daily,94.2395,94.2395,94.2395,94.2395,,94.2395,factor_candle,FRED CSV Gateway mirror,learning_only_mirror
DTWEXBGS,2007-06-29,2007-06-29T00:00:00Z,daily,94.1393,94.1393,94.1393,94.1393,,94.1393,factor_candle,FRED CSV Gateway mirror,learning_only_mirror
DTWEXBGS,2007-07-02,2007-07-02T00:00:00Z,daily,93.634,93.634,93.634,93.634,,93.634,factor_candle,FRED CSV Gateway mirror,learning_only_mirror
DTWEXBGS,2007-07-03,2007-07-03T00:00:00Z,daily,93.697,93.697,93.697,93.697,,93.697,factor_candle,FRED CSV Gateway mirror,learning_only_mirror
DTWEXBGS,2007-07-04,2007-07-04T00:00:00Z,daily,93.6965,93.6965,93.6965,93.6965,,93.6965,factor_candle,FRED CSV Gateway mirror,learning_only_mirror
DTWEXBGS,2007-07-05,2007-07-05T00:00:00Z,daily,93.7653,93.7653,93.7653,93.7653,,93.7653,factor_candle,FRED CSV Gateway mirror,learning_only_mirror
DTWEXBGS,2007-07-06,2007-07-06T00:00:00Z,daily,93.5759,93.5759,93.5759,93.5759,,93.5759,factor_candle,FRED CSV Gateway mirror,learning_only_mirror
DTWEXBGS,2007-07-09,2007-07-09T00:00:00Z,daily,93.5519,93.5519,93.5519,93.5519,,93.5519,factor_candle,FRED CSV Gateway mirror,learning_only_mirror
DTWEXBGS,2007-07-10,2007-07-10T00:00:00Z,daily,93.3339,93.3339,93.3339,93.3339,,93.3339,factor_candle,FRED CSV Gateway mirror,learning_only_mirror
DTWEXBGS,2007-07-11,2007-07-11T00:00:00Z,daily,93.3089,93.3089,93.3089,93.3089,,93.3089,factor_candle,FRED CSV Gateway mirror,learning_only_mirror
DTWEXBGS,2007-07-12,2007-07-12T00:00:00Z,daily,93.1198,93.1198,93.1198,93.1198,,93.1198,factor_candle,FRED CSV Gateway mirror,learning_only_mirror
DTWEXBGS,2007-07-13,2007-07-13T00:00:00Z,daily,93.0133,93.0133,93.0133,93.0133,,93.0133,factor_candle,FRED CSV Gateway mirror,learning_only_mirror
DTWEXBGS,2007-07-16,2007-07-16T00:00:00Z,daily,92.9094,92.9094,92.9094,92.9094,,92.9094,factor_candle,FRED CSV Gateway mirror,learning_only_mirror
DTWEXBGS,2007-07-17,2007-07-17T00:00:00Z,daily,92.9095,92.9095,92.9095,92.9095,,92.9095,factor_candle,FRED CSV Gateway mirror,learning_only_mirror
DTWEXBGS,2007-07-18,2007-07-18T00:00:00Z,daily,92.7959,92.7959,92.7959,92.7959,,92.7959,factor_candle,FRED CSV Gateway mirror,learning_only_mirror
DTWEXBGS,2007-07-19,2007-07-19T00:00:00Z,daily,92.7332,92.7332,92.7332,92.7332,,92.7332,factor_candle,FRED CSV Gateway mirror,learning_only_mirror
DTWEXBGS,2007-07-20,2007-07-20T00:00:00Z,daily,92.7179,92.7179,92.7179,92.7179,,92.7179,factor_candle,FRED CSV Gateway mirror,learning_only_mirror
DTWEXBGS,2007-07-23,2007-07-23T00:00:00Z,daily,92.6585,92.6585,92.6585,92.6585,,92.6585,factor_candle,FRED CSV Gateway mirror,learning_only_mirror
DTWEXBGS,2007-07-24,2007-07-24T00:00:00Z,daily,92.505,92.505,92.505,92.505,,92.505,factor_candle,FRED CSV Gateway mirror,learning_only_mirror
DTWEXBGS,2007-07-25,2007-07-25T00:00:00Z,daily,92.9189,92.9189,92.9189,92.9189,,92.9189,factor_candle,FRED CSV Gateway mirror,learning_only_mirror
DTWEXBGS,2007-07-26,2007-07-26T00:00:00Z,daily,93.1186,93.1186,93.1186,93.1186,,93.1186,factor_candle,FRED CSV Gateway mirror,learning_only_mirror
DTWEXBGS,2007-07-27,2007-07-27T00:00:00Z,daily,93.5485,93.5485,93.5485,93.5485,,93.5485,factor_candle,FRED CSV Gateway mirror,learning_only_mirror
DTWEXBGS,2007-07-30,2007-07-30T00:00:00Z,daily,93.5918,93.5918,93.5918,93.5918,,93.5918,factor_candle,FRED CSV Gateway mirror,learning_only_mirror
DTWEXBGS,2007-07-31,2007-07-31T00:00:00Z,daily,93.4264,93.4264,93.4264,93.4264,,93.4264,factor_candle,FRED CSV Gateway mirror,learning_only_mirror
DTWEXBGS,2007-08-01,2007-08-01T00:00:00Z,daily,93.4011,93.4011,93.4011,93.4011,,93.4011,factor_candle,FRED CSV Gateway mirror,learning_only_mirror
DTWEXBGS,2007-08-02,2007-08-02T00:00:00Z,daily,93.3038,93.3038,93.3038,93.3038,,93.3038,factor_candle,FRED CSV Gateway mirror,learning_only_mirror
DTWEXBGS,2007-08-03,2007-08-03T00:00:00Z,daily,93.1039,93.1039,93.1039,93.1039,,93.1039,factor_candle,FRED CSV Gateway mirror,learning_only_mirror
DTWEXBGS,2007-08-06,2007-08-06T00:00:00Z,daily,93.1112,93.1112,93.1112,93.1112,,93.1112,factor_candle,FRED CSV Gateway mirror,learning_only_mirror
DTWEXBGS,2007-08-07,2007-08-07T00:00:00Z,daily,93.3171,93.3171,93.3171,93.3171,,93.3171,factor_candle,FRED CSV Gateway mirror,learning_only_mirror
DTWEXBGS,2007-08-08,2007-08-08T00:00:00Z,daily,93.0989,93.0989,93.0989,93.0989,,93.0989,factor_candle,FRED CSV Gateway mirror,learning_only_mirror
DTWEXBGS,2007-08-09,2007-08-09T00:00:00Z,daily,93.441,93.441,93.441,93.441,,93.441,factor_candle,FRED CSV Gateway mirror,learning_only_mirror
DTWEXBGS,2007-08-10,2007-08-10T00:00:00Z,daily,93.5214,93.5214,93.5214,93.5214,,93.5214,factor_candle,FRED CSV Gateway mirror,learning_only_mirror
DTWEXBGS,2007-08-13,2007-08-13T00:00:00Z,daily,93.6032,93.6032,93.6032,93.6032,,93.6032,factor_candle,FRED CSV Gateway mirror,learning_only_mirror
DTWEXBGS,2007-08-14,2007-08-14T00:00:00Z,daily,94.0416,94.0416,94.0416,94.0416,,94.0416,factor_candle,FRED CSV Gateway mirror,learning_only_mirror
DTWEXBGS,2007-08-15,2007-08-15T00:00:00Z,daily,94.5014,94.5014,94.5014,94.5014,,94.5014,factor_candle,FRED CSV Gateway mirror,learning_only_mirror
DTWEXBGS,2007-08-16,2007-08-16T00:00:00Z,daily,94.9055,94.9055,94.9055,94.9055,,94.9055,factor_candle,FRED CSV Gateway mirror,learning_only_mirror
DTWEXBGS,2007-08-17,2007-08-17T00:00:00Z,daily,94.319,94.319,94.319,94.319,,94.319,factor_candle,FRED CSV Gateway mirror,learning_only_mirror
DTWEXBGS,2007-08-20,2007-08-20T00:00:00Z,daily,94.2138,94.2138,94.2138,94.2138,,94.2138,factor_candle,FRED CSV Gateway mirror,learning_only_mirror
DTWEXBGS,2007-08-21,2007-08-21T00:00:00Z,daily,94.2676,94.2676,94.2676,94.2676,,94.2676,factor_candle,FRED CSV Gateway mirror,learning_only_mirror
DTWEXBGS,2007-08-22,2007-08-22T00:00:00Z,daily,94.0998,94.0998,94.0998,94.0998,,94.0998,factor_candle,FRED CSV Gateway mirror,learning_only_mirror
DTWEXBGS,2007-08-23,2007-08-23T00:00:00Z,daily,93.9827,93.9827,93.9827,93.9827,,93.9827,factor_candle,FRED CSV Gateway mirror,learning_only_mirror
DTWEXBGS,2007-08-24,2007-08-24T00:00:00Z,daily,93.6863,93.6863,93.6863,93.6863,,93.6863,factor_candle,FRED CSV Gateway mirror,learning_only_mirror
DTWEXBGS,2007-08-27,2007-08-27T00:00:00Z,daily,93.6109,93.6109,93.6109,93.6109,,93.6109,factor_candle,FRED CSV Gateway mirror,learning_only_mirror
DTWEXBGS,2007-08-28,2007-08-28T00:00:00Z,daily,93.8394,93.8394,93.8394,93.8394,,93.8394,factor_candle,FRED CSV Gateway mirror,learning_only_mirror
DTWEXBGS,2007-08-29,2007-08-29T00:00:00Z,daily,93.7174,93.7174,93.7174,93.7174,,93.7174,factor_candle,FRED CSV Gateway mirror,learning_only_mirror
DTWEXBGS,2007-08-30,2007-08-30T00:00:00Z,daily,93.7324,93.7324,93.7324,93.7324,,93.7324,factor_candle,FRED CSV Gateway mirror,learning_only_mirror
DTWEXBGS,2007-08-31,2007-08-31T00:00:00Z,daily,93.6674,93.6674,93.6674,93.6674,,93.6674,factor_candle,FRED CSV Gateway mirror,learning_only_mirror
DTWEXBGS,2007-09-03,2007-09-03T00:00:00Z,daily,93.6691,93.6691,93.6691,93.6691,,93.6691,factor_candle,FRED CSV Gateway mirror,learning_only_mirror
DTWEXBGS,2007-09-04,2007-09-04T00:00:00Z,daily,93.6433,93.6433,93.6433,93.6433,,93.6433,factor_candle,FRED CSV Gateway mirror,learning_only_mirror
DTWEXBGS,2007-09-05,2007-09-05T00:00:00Z,daily,93.5453,93.5453,93.5453,93.5453,,93.5453,factor_candle,FRED CSV Gateway mirror,learning_only_mirror
DTWEXBGS,2007-09-06,2007-09-06T00:00:00Z,daily,93.4468,93.4468,93.4468,93.4468,,93.4468,factor_candle,FRED CSV Gateway mirror,learning_only_mirror
DTWEXBGS,2007-09-07,2007-09-07T00:00:00Z,daily,93.2939,93.2939,93.2939,93.2939,,93.2939,factor_candle,FRED CSV Gateway mirror,learning_only_mirror
DTWEXBGS,2007-09-10,2007-09-10T00:00:00Z,daily,93.2349,93.2349,93.2349,93.2349,,93.2349,factor_candle,FRED CSV Gateway mirror,learning_only_mirror
DTWEXBGS,2007-09-11,2007-09-11T00:00:00Z,daily,92.9244,92.9244,92.9244,92.9244,,92.9244,factor_candle,FRED CSV Gateway mirror,learning_only_mirror
DTWEXBGS,2007-09-12,2007-09-12T00:00:00Z,daily,92.6386,92.6386,92.6386,92.6386,,92.6386,factor_candle,FRED CSV Gateway mirror,learning_only_mirror
DTWEXBGS,2007-09-13,2007-09-13T00:00:00Z,daily,92.6172,92.6172,92.6172,92.6172,,92.6172,factor_candle,FRED CSV Gateway mirror,learning_only_mirror
DTWEXBGS,2007-09-14,2007-09-14T00:00:00Z,daily,92.7083,92.7083,92.7083,92.7083,,92.7083,factor_candle,FRED CSV Gateway mirror,learning_only_mirror
DTWEXBGS,2007-09-17,2007-09-17T00:00:00Z,daily,92.823,92.823,92.823,92.823,,92.823,factor_candle,FRED CSV Gateway mirror,learning_only_mirror
DTWEXBGS,2007-09-18,2007-09-18T00:00:00Z,daily,92.6584,92.6584,92.6584,92.6584,,92.6584,factor_candle,FRED CSV Gateway mirror,learning_only_mirror
DTWEXBGS,2007-09-19,2007-09-19T00:00:00Z,daily,92.1534,92.1534,92.1534,92.1534,,92.1534,factor_candle,FRED CSV Gateway mirror,learning_only_mirror
DTWEXBGS,2007-09-20,2007-09-20T00:00:00Z,daily,91.4212,91.4212,91.4212,91.4212,,91.4212,factor_candle,FRED CSV Gateway mirror,learning_only_mirror
DTWEXBGS,2007-09-21,2007-09-21T00:00:00Z,daily,91.4854,91.4854,91.4854,91.4854,,91.4854,factor_candle,FRED CSV Gateway mirror,learning_only_mirror
DTWEXBGS,2007-09-24,2007-09-24T00:00:00Z,daily,91.4017,91.4017,91.4017,91.4017,,91.4017,factor_candle,FRED CSV Gateway mirror,learning_only_mirror
DTWEXBGS,2007-09-25,2007-09-25T00:00:00Z,daily,91.3392,91.3392,91.3392,91.3392,,91.3392,factor_candle,FRED CSV Gateway mirror,learning_only_mirror
DTWEXBGS,2007-09-26,2007-09-26T00:00:00Z,daily,91.4335,91.4335,91.4335,91.4335,,91.4335,factor_candle,FRED CSV Gateway mirror,learning_only_mirror
DTWEXBGS,2007-09-27,2007-09-27T00:00:00Z,daily,91.3497,91.3497,91.3497,91.3497,,91.3497,factor_candle,FRED CSV Gateway mirror,learning_only_mirror
DTWEXBGS,2007-09-28,2007-09-28T00:00:00Z,daily,90.9446,90.9446,90.9446,90.9446,,90.9446,factor_candle,FRED CSV Gateway mirror,learning_only_mirror
DTWEXBGS,2007-10-01,2007-10-01T00:00:00Z,daily,90.8801,90.8801,90.8801,90.8801,,90.8801,factor_candle,FRED CSV Gateway mirror,learning_only_mirror
DTWEXBGS,2007-10-02,2007-10-02T00:00:00Z,daily,91.12,91.12,91.12,91.12,,91.12,factor_candle,FRED CSV Gateway mirror,learning_only_mirror
DTWEXBGS,2007-10-03,2007-10-03T00:00:00Z,daily,91.1038,91.1038,91.1038,91.1038,,91.1038,factor_candle,FRED CSV Gateway mirror,learning_only_mirror
DTWEXBGS,2007-10-04,2007-10-04T00:00:00Z,daily,91.1632,91.1632,91.1632,91.1632,,91.1632,factor_candle,FRED CSV Gateway mirror,learning_only_mirror
DTWEXBGS,2007-10-05,2007-10-05T00:00:00Z,daily,90.7393,90.7393,90.7393,90.7393,,90.7393,factor_candle,FRED CSV Gateway mirror,learning_only_mirror
DTWEXBGS,2007-10-08,2007-10-08T00:00:00Z,daily,90.748,90.748,90.748,90.748,,90.748,factor_candle,FRED CSV Gateway mirror,learning_only_mirror
DTWEXBGS,2007-10-09,2007-10-09T00:00:00Z,daily,90.8609,90.8609,90.8609,90.8609,,90.8609,factor_candle,FRED CSV Gateway mirror,learning_only_mirror
DTWEXBGS,2007-10-10,2007-10-10T00:00:00Z,daily,90.7154,90.7154,90.7154,90.7154,,90.7154,factor_candle,FRED CSV Gateway mirror,learning_only_mirror
DTWEXBGS,2007-10-11,2007-10-11T00:00:00Z,daily,90.4901,90.4901,90.4901,90.4901,,90.4901,factor_candle,FRED CSV Gateway mirror,learning_only_mirror
DTWEXBGS,2007-10-12,2007-10-12T00:00:00Z,daily,90.5945,90.5945,90.5945,90.5945,,90.5945,factor_candle,FRED CSV Gateway mirror,learning_only_mirror
DTWEXBGS,2007-10-15,2007-10-15T00:00:00Z,daily,90.5387,90.5387,90.5387,90.5387,,90.5387,factor_candle,FRED CSV Gateway mirror,learning_only_mirror
DTWEXBGS,2007-10-16,2007-10-16T00:00:00Z,daily,90.7123,90.7123,90.7123,90.7123,,90.7123,factor_candle,FRED CSV Gateway mirror,learning_only_mirror
DTWEXBGS,2007-10-17,2007-10-17T00:00:00Z,daily,90.515,90.515,90.515,90.515,,90.515,factor_candle,FRED CSV Gateway mirror,learning_only_mirror
DTWEXBGS,2007-10-18,2007-10-18T00:00:00Z,daily,90.3084,90.3084,90.3084,90.3084,,90.3084,factor_candle,FRED CSV Gateway mirror,learning_only_mirror
DTWEXBGS,2007-10-19,2007-10-19T00:00:00Z,daily,90.1014,90.1014,90.1014,90.1014,,90.1014,factor_candle,FRED CSV Gateway mirror,learning_only_mirror
DTWEXBGS,2007-10-22,2007-10-22T00:00:00Z,daily,90.6777,90.6777,90.6777,90.6777,,90.6777,factor_candle,FRED CSV Gateway mirror,learning_only_mirror
DTWEXBGS,2007-10-23,2007-10-23T00:00:00Z,daily,90.1899,90.1899,90.1899,90.1899,,90.1899,factor_candle,FRED CSV Gateway mirror,learning_only_mirror
DTWEXBGS,2007-10-24,2007-10-24T00:00:00Z,daily,90.2262,90.2262,90.2262,90.2262,,90.2262,factor_candle,FRED CSV Gateway mirror,learning_only_mirror
DTWEXBGS,2007-10-25,2007-10-25T00:00:00Z,daily,89.9925,89.9925,89.9925,89.9925,,89.9925,factor_candle,FRED CSV Gateway mirror,learning_only_mirror
DTWEXBGS,2007-10-26,2007-10-26T00:00:00Z,daily,89.6508,89.6508,89.6508,89.6508,,89.6508,factor_candle,FRED CSV Gateway mirror,learning_only_mirror
DTWEXBGS,2007-10-29,2007-10-29T00:00:00Z,daily,89.4118,89.4118,89.4118,89.4118,,89.4118,factor_candle,FRED CSV Gateway mirror,learning_only_mirror
DTWEXBGS,2007-10-30,2007-10-30T00:00:00Z,daily,89.3252,89.3252,89.3252,89.3252,,89.3252,factor_candle,FRED CSV Gateway mirror,learning_only_mirror
DTWEXBGS,2007-10-31,2007-10-31T00:00:00Z,daily,89.1389,89.1389,89.1389,89.1389,,89.1389,factor_candle,FRED CSV Gateway mirror,learning_only_mirror
DTWEXBGS,2007-11-01,2007-11-01T00:00:00Z,daily,89.1628,89.1628,89.1628,89.1628,,89.1628,factor_candle,FRED CSV Gateway mirror,learning_only_mirror
DTWEXBGS,2007-11-02,2007-11-02T00:00:00Z,daily,88.8924,88.8924,88.8924,88.8924,,88.8924,factor_candle,FRED CSV Gateway mirror,learning_only_mirror
DTWEXBGS,2007-11-05,2007-11-05T00:00:00Z,daily,88.8851,88.8851,88.8851,88.8851,,88.8851,factor_candle,FRED CSV Gateway mirror,learning_only_mirror
DTWEXBGS,2007-11-06,2007-11-06T00:00:00Z,daily,88.4938,88.4938,88.4938,88.4938,,88.4938,factor_candle,FRED CSV Gateway mirror,learning_only_mirror
DTWEXBGS,2007-11-07,2007-11-07T00:00:00Z,daily,88.0631,88.0631,88.0631,88.0631,,88.0631,factor_candle,FRED CSV Gateway mirror,learning_only_mirror
DTWEXBGS,2007-11-08,2007-11-08T00:00:00Z,daily,88.2631,88.2631,88.2631,88.2631,,88.2631,factor_candle,FRED CSV Gateway mirror,learning_only_mirror
DTWEXBGS,2007-11-09,2007-11-09T00:00:00Z,daily,88.4615,88.4615,88.4615,88.4615,,88.4615,factor_candle,FRED CSV Gateway mirror,learning_only_mirror
DTWEXBGS,2007-11-12,2007-11-12T00:00:00Z,daily,88.465,88.465,88.465,88.465,,88.465,factor_candle,FRED CSV Gateway mirror,learning_only_mirror
DTWEXBGS,2007-11-13,2007-11-13T00:00:00Z,daily,89.1016,89.1016,89.1016,89.1016,,89.1016,factor_candle,FRED CSV Gateway mirror,learning_only_mirror
DTWEXBGS,2007-11-14,2007-11-14T00:00:00Z,daily,88.9671,88.9671,88.9671,88.9671,,88.9671,factor_candle,FRED CSV Gateway mirror,learning_only_mirror
DTWEXBGS,2007-11-15,2007-11-15T00:00:00Z,daily,89.4413,89.4413,89.4413,89.4413,,89.4413,factor_candle,FRED CSV Gateway mirror,learning_only_mirror
DTWEXBGS,2007-11-16,2007-11-16T00:00:00Z,daily,89.3182,89.3182,89.3182,89.3182,,89.3182,factor_candle,FRED CSV Gateway mirror,learning_only_mirror
DTWEXBGS,2007-11-19,2007-11-19T00:00:00Z,daily,89.5262,89.5262,89.5262,89.5262,,89.5262,factor_candle,FRED CSV Gateway mirror,learning_only_mirror
DTWEXBGS,2007-11-20,2007-11-20T00:00:00Z,daily,89.2622,89.2622,89.2622,89.2622,,89.2622,factor_candle,FRED CSV Gateway mirror,learning_only_mirror
DTWEXBGS,2007-11-21,2007-11-21T00:00:00Z,daily,89.3352,89.3352,89.3352,89.3352,,89.3352,factor_candle,FRED CSV Gateway mirror,learning_only_mirror
DTWEXBGS,2007-11-22,2007-11-22T00:00:00Z,daily,89.3269,89.3269,89.3269,89.3269,,89.3269,factor_candle,FRED CSV Gateway mirror,learning_only_mirror
DTWEXBGS,2007-11-23,2007-11-23T00:00:00Z,daily,89.2384,89.2384,89.2384,89.2384,,89.2384,factor_candle,FRED CSV Gateway mirror,learning_only_mirror
DTWEXBGS,2007-11-26,2007-11-26T00:00:00Z,daily,89.145,89.145,89.145,89.145,,89.145,factor_candle,FRED CSV Gateway mirror,learning_only_mirror
DTWEXBGS,2007-11-27,2007-11-27T00:00:00Z,daily,89.4082,89.4082,89.4082,89.4082,,89.4082,factor_candle,FRED CSV Gateway mirror,learning_only_mirror
DTWEXBGS,2007-11-28,2007-11-28T00:00:00Z,daily,89.4195,89.4195,89.4195,89.4195,,89.4195,factor_candle,FRED CSV Gateway mirror,learning_only_mirror
DTWEXBGS,2007-11-29,2007-11-29T00:00:00Z,daily,89.3681,89.3681,89.3681,89.3681,,89.3681,factor_candle,FRED CSV Gateway mirror,learning_only_mirror
DTWEXBGS,2007-11-30,2007-11-30T00:00:00Z,daily,89.6212,89.6212,89.6212,89.6212,,89.6212,factor_candle,FRED CSV Gateway mirror,learning_only_mirror
DTWEXBGS,2007-12-03,2007-12-03T00:00:00Z,daily,89.6403,89.6403,89.6403,89.6403,,89.6403,factor_candle,FRED CSV Gateway mirror,learning_only_mirror
DTWEXBGS,2007-12-04,2007-12-04T00:00:00Z,daily,89.6672,89.6672,89.6672,89.6672,,89.6672,factor_candle,FRED CSV Gateway mirror,learning_only_mirror
DTWEXBGS,2007-12-05,2007-12-05T00:00:00Z,daily,89.8751,89.8751,89.8751,89.8751,,89.8751,factor_candle,FRED CSV Gateway mirror,learning_only_mirror
DTWEXBGS,2007-12-06,2007-12-06T00:00:00Z,daily,89.9268,89.9268,89.9268,89.9268,,89.9268,factor_candle,FRED CSV Gateway mirror,learning_only_mirror
DTWEXBGS,2007-12-07,2007-12-07T00:00:00Z,daily,89.74,89.74,89.74,89.74,,89.74,factor_candle,FRED CSV Gateway mirror,learning_only_mirror
DTWEXBGS,2007-12-10,2007-12-10T00:00:00Z,daily,89.6811,89.6811,89.6811,89.6811,,89.6811,factor_candle,FRED CSV Gateway mirror,learning_only_mirror
DTWEXBGS,2007-12-11,2007-12-11T00:00:00Z,daily,89.7176,89.7176,89.7176,89.7176,,89.7176,factor_candle,FRED CSV Gateway mirror,learning_only_mirror
DTWEXBGS,2007-12-12,2007-12-12T00:00:00Z,daily,89.7349,89.7349,89.7349,89.7349,,89.7349,factor_candle,FRED CSV Gateway mirror,learning_only_mirror
DTWEXBGS,2007-12-13,2007-12-13T00:00:00Z,daily,90.1374,90.1374,90.1374,90.1374,,90.1374,factor_candle,FRED CSV Gateway mirror,learning_only_mirror
DTWEXBGS,2007-12-14,2007-12-14T00:00:00Z,daily,90.4345,90.4345,90.4345,90.4345,,90.4345,factor_candle,FRED CSV Gateway mirror,learning_only_mirror
DTWEXBGS,2007-12-17,2007-12-17T00:00:00Z,daily,90.5363,90.5363,90.5363,90.5363,,90.5363,factor_candle,FRED CSV Gateway mirror,learning_only_mirror
DTWEXBGS,2007-12-18,2007-12-18T00:00:00Z,daily,90.5602,90.5602,90.5602,90.5602,,90.5602,factor_candle,FRED CSV Gateway mirror,learning_only_mirror
DTWEXBGS,2007-12-19,2007-12-19T00:00:00Z,daily,90.6147,90.6147,90.6147,90.6147,,90.6147,factor_candle,FRED CSV Gateway mirror,learning_only_mirror
DTWEXBGS,2007-12-20,2007-12-20T00:00:00Z,daily,90.4695,90.4695,90.4695,90.4695,,90.4695,factor_candle,FRED CSV Gateway mirror,learning_only_mirror
DTWEXBGS,2007-12-21,2007-12-21T00:00:00Z,daily,90.3672,90.3672,90.3672,90.3672,,90.3672,factor_candle,FRED CSV Gateway mirror,learning_only_mirror
DTWEXBGS,2007-12-24,2007-12-24T00:00:00Z,daily,90.1788,90.1788,90.1788,90.1788,,90.1788,factor_candle,FRED CSV Gateway mirror,learning_only_mirror
DTWEXBGS,2007-12-25,2007-12-25T00:00:00Z,daily,90.1786,90.1786,90.1786,90.1786,,90.1786,factor_candle,FRED CSV Gateway mirror,learning_only_mirror
DTWEXBGS,2007-12-26,2007-12-26T00:00:00Z,daily,89.9226,89.9226,89.9226,89.9226,,89.9226,factor_candle,FRED CSV Gateway mirror,learning_only_mirror
DTWEXBGS,2007-12-27,2007-12-27T00:00:00Z,daily,89.684,89.684,89.684,89.684,,89.684,factor_candle,FRED CSV Gateway mirror,learning_only_mirror
DTWEXBGS,2007-12-28,2007-12-28T00:00:00Z,daily,89.4069,89.4069,89.4069,89.4069,,89.4069,factor_candle,FRED CSV Gateway mirror,learning_only_mirror
DTWEXBGS,2007-12-31,2007-12-31T00:00:00Z,daily,89.6304,89.6304,89.6304,89.6304,,89.6304,factor_candle,FRED CSV Gateway mirror,learning_only_mirror
DTWEXBGS,2008-01-01,2008-01-01T00:00:00Z,daily,89.6297,89.6297,89.6297,89.6297,,89.6297,factor_candle,FRED CSV Gateway mirror,learning_only_mirror
DTWEXBGS,2008-01-02,2008-01-02T00:00:00Z,daily,89.3514,89.3514,89.3514,89.3514,,89.3514,factor_candle,FRED CSV Gateway mirror,learning_only_mirror
DTWEXBGS,2008-01-03,2008-01-03T00:00:00Z,daily,89.231,89.231,89.231,89.231,,89.231,factor_candle,FRED CSV Gateway mirror,learning_only_mirror
DTWEXBGS,2008-01-04,2008-01-04T00:00:00Z,daily,89.2467,89.2467,89.2467,89.2467,,89.2467,factor_candle,FRED CSV Gateway mirror,learning_only_mirror
DTWEXBGS,2008-01-07,2008-01-07T00:00:00Z,daily,89.5718,89.5718,89.5718,89.5718,,89.5718,factor_candle,FRED CSV Gateway mirror,learning_only_mirror
DTWEXBGS,2008-01-08,2008-01-08T00:00:00Z,daily,89.3398,89.3398,89.3398,89.3398,,89.3398,factor_candle,FRED CSV Gateway mirror,learning_only_mirror
DTWEXBGS,2008-01-09,2008-01-09T00:00:00Z,daily,89.6807,89.6807,89.6807,89.6807,,89.6807,factor_candle,FRED CSV Gateway mirror,learning_only_mirror
DTWEXBGS,2008-01-10,2008-01-10T00:00:00Z,daily,89.6226,89.6226,89.6226,89.6226,,89.6226,factor_candle,FRED CSV Gateway mirror,learning_only_mirror
DTWEXBGS,2008-01-11,2008-01-11T00:00:00Z,daily,89.5215,89.5215,89.5215,89.5215,,89.5215,factor_candle,FRED CSV Gateway mirror,learning_only_mirror
DTWEXBGS,2008-01-14,2008-01-14T00:00:00Z,daily,89.2749,89.2749,89.2749,89.2749,,89.2749,factor_candle,FRED CSV Gateway mirror,learning_only_mirror
DTWEXBGS,2008-01-15,2008-01-15T00:00:00Z,daily,89.1555,89.1555,89.1555,89.1555,,89.1555,factor_candle,FRED CSV Gateway mirror,learning_only_mirror
DTWEXBGS,2008-01-16,2008-01-16T00:00:00Z,daily,89.6701,89.6701,89.6701,89.6701,,89.6701,factor_candle,FRED CSV Gateway mirror,learning_only_mirror
DTWEXBGS,2008-01-17,2008-01-17T00:00:00Z,daily,89.6484,89.6484,89.6484,89.6484,,89.6484,factor_candle,FRED CSV Gateway mirror,learning_only_mirror
DTWEXBGS,2008-01-18,2008-01-18T00:00:00Z,daily,89.8993,89.8993,89.8993,89.8993,,89.8993,factor_candle,FRED CSV Gateway mirror,learning_only_mirror
DTWEXBGS,2008-01-21,2008-01-21T00:00:00Z,daily,89.9265,89.9265,89.9265,89.9265,,89.9265,factor_candle,FRED CSV Gateway mirror,learning_only_mirror
DTWEXBGS,2008-01-22,2008-01-22T00:00:00Z,daily,89.84,89.84,89.84,89.84,,89.84,factor_candle,FRED CSV Gateway mirror,learning_only_mirror
DTWEXBGS,2008-01-23,2008-01-23T00:00:00Z,daily,89.9138,89.9138,89.9138,89.9138,,89.9138,factor_candle,FRED CSV Gateway mirror,learning_only_mirror
DTWEXBGS,2008-01-24,2008-01-24T00:00:00Z,daily,89.203,89.203,89.203,89.203,,89.203,factor_candle,FRED CSV Gateway mirror,learning_only_mirror
DTWEXBGS,2008-01-25,2008-01-25T00:00:00Z,daily,89.2184,89.2184,89.2184,89.2184,,89.2184,factor_candle,FRED CSV Gateway mirror,learning_only_mirror
DTWEXBGS,2008-01-28,2008-01-28T00:00:00Z,daily,88.9555,88.9555,88.9555,88.9555,,88.9555,factor_candle,FRED CSV Gateway mirror,learning_only_mirror
DTWEXBGS,2008-01-29,2008-01-29T00:00:00Z,daily,88.8342,88.8342,88.8342,88.8342,,88.8342,factor_candle,FRED CSV Gateway mirror,learning_only_mirror
DTWEXBGS,2008-01-30,2008-01-30T00:00:00Z,daily,88.7442,88.7442,88.7442,88.7442,,88.7442,factor_candle,FRED CSV Gateway mirror,learning_only_mirror
DTWEXBGS,2008-01-31,2008-01-31T00:00:00Z,daily,88.6547,88.6547,88.6547,88.6547,,88.6547,factor_candle,FRED CSV Gateway mirror,learning_only_mirror
DTWEXBGS,2008-02-01,2008-02-01T00:00:00Z,daily,88.4824,88.4824,88.4824,88.4824,,88.4824,factor_candle,FRED CSV Gateway mirror,learning_only_mirror
DTWEXBGS,2008-02-04,2008-02-04T00:00:00Z,daily,88.4788,88.4788,88.4788,88.4788,,88.4788,factor_candle,FRED CSV Gateway mirror,learning_only_mirror
DTWEXBGS,2008-02-05,2008-02-05T00:00:00Z,daily,89.076,89.076,89.076,89.076,,89.076,factor_candle,FRED CSV Gateway mirror,learning_only_mirror
DTWEXBGS,2008-02-06,2008-02-06T00:00:00Z,daily,88.9987,88.9987,88.9987,88.9987,,88.9987,factor_candle,FRED CSV Gateway mirror,learning_only_mirror
DTWEXBGS,2008-02-07,2008-02-07T00:00:00Z,daily,89.4221,89.4221,89.4221,89.4221,,89.4221,factor_candle,FRED CSV Gateway mirror,learning_only_mirror
DTWEXBGS,2008-02-08,2008-02-08T00:00:00Z,daily,89.2226,89.2226,89.2226,89.2226,,89.2226,factor_candle,FRED CSV Gateway mirror,learning_only_mirror
DTWEXBGS,2008-02-11,2008-02-11T00:00:00Z,daily,89.2149,89.2149,89.2149,89.2149,,89.2149,factor_candle,FRED CSV Gateway mirror,learning_only_mirror
DTWEXBGS,2008-02-12,2008-02-12T00:00:00Z,daily,88.9539,88.9539,88.9539,88.9539,,88.9539,factor_candle,FRED CSV Gateway mirror,learning_only_mirror
DTWEXBGS,2008-02-13,2008-02-13T00:00:00Z,daily,89.1382,89.1382,89.1382,89.1382,,89.1382,factor_candle,FRED CSV Gateway mirror,learning_only_mirror
DTWEXBGS,2008-02-14,2008-02-14T00:00:00Z,daily,88.9055,88.9055,88.9055,88.9055,,88.9055,factor_candle,FRED CSV Gateway mirror,learning_only_mirror
DTWEXBGS,2008-02-15,2008-02-15T00:00:00Z,daily,88.9006,88.9006,88.9006,88.9006,,88.9006,factor_candle,FRED CSV Gateway mirror,learning_only_mirror
DTWEXBGS,2008-02-18,2008-02-18T00:00:00Z,daily,88.9004,88.9004,88.9004,88.9004,,88.9004,factor_candle,FRED CSV Gateway mirror,learning_only_mirror
DTWEXBGS,2008-02-19,2008-02-19T00:00:00Z,daily,88.9626,88.9626,88.9626,88.9626,,88.9626,factor_candle,FRED CSV Gateway mirror,learning_only_mirror
DTWEXBGS,2008-02-20,2008-02-20T00:00:00Z,daily,89.2572,89.2572,89.2572,89.2572,,89.2572,factor_candle,FRED CSV Gateway mirror,learning_only_mirror
DTWEXBGS,2008-02-21,2008-02-21T00:00:00Z,daily,88.716,88.716,88.716,88.716,,88.716,factor_candle,FRED CSV Gateway mirror,learning_only_mirror
DTWEXBGS,2008-02-22,2008-02-22T00:00:00Z,daily,88.7082,88.7082,88.7082,88.7082,,88.7082,factor_candle,FRED CSV Gateway mirror,learning_only_mirror
DTWEXBGS,2008-02-25,2008-02-25T00:00:00Z,daily,88.5373,88.5373,88.5373,88.5373,,88.5373,factor_candle,FRED CSV Gateway mirror,learning_only_mirror
DTWEXBGS,2008-02-26,2008-02-26T00:00:00Z,daily,88.0998,88.0998,88.0998,88.0998,,88.0998,factor_candle,FRED CSV Gateway mirror,learning_only_mirror
DTWEXBGS,2008-02-27,2008-02-27T00:00:00Z,daily,87.3353,87.3353,87.3353,87.3353,,87.3353,factor_candle,FRED CSV Gateway mirror,learning_only_mirror
DTWEXBGS,2008-02-28,2008-02-28T00:00:00Z,daily,87.0363,87.0363,87.0363,87.0363,,87.0363,factor_candle,FRED CSV Gateway mirror,learning_only_mirror
DTWEXBGS,2008-02-29,2008-02-29T00:00:00Z,daily,87.1654,87.1654,87.1654,87.1654,,87.1654,factor_candle,FRED CSV Gateway mirror,learning_only_mirror
DTWEXBGS,2008-03-03,2008-03-03T00:00:00Z,daily,87.2381,87.2381,87.2381,87.2381,,87.2381,factor_candle,FRED CSV Gateway mirror,learning_only_mirror
DTWEXBGS,2008-03-04,2008-03-04T00:00:00Z,daily,87.3039,87.3039,87.3039,87.3039,,87.3039,factor_candle,FRED CSV Gateway mirror,learning_only_mirror
DTWEXBGS,2008-03-05,2008-03-05T00:00:00Z,daily,87.1347,87.1347,87.1347,87.1347,,87.1347,factor_candle,FRED CSV Gateway mirror,learning_only_mirror
DTWEXBGS,2008-03-06,2008-03-06T00:00:00Z,daily,86.9105,86.9105,86.9105,86.9105,,86.9105,factor_candle,FRED CSV Gateway mirror,learning_only_mirror
DTWEXBGS,2008-03-07,2008-03-07T00:00:00Z,daily,87.1258,87.1258,87.1258,87.1258,,87.1258,factor_candle,FRED CSV Gateway mirror,learning_only_mirror
DTWEXBGS,2008-03-10,2008-03-10T00:00:00Z,daily,87.1452,87.1452,87.1452,87.1452,,87.1452,factor_candle,FRED CSV Gateway mirror,learning_only_mirror
DTWEXBGS,2008-03-11,2008-03-11T00:00:00Z,daily,87.1763,87.1763,87.1763,87.1763,,87.1763,factor_candle,FRED CSV Gateway mirror,learning_only_mirror
DTWEXBGS,2008-03-12,2008-03-12T00:00:00Z,daily,86.728,86.728,86.728,86.728,,86.728,factor_candle,FRED CSV Gateway mirror,learning_only_mirror
DTWEXBGS,2008-03-13,2008-03-13T00:00:00Z,daily,86.3891,86.3891,86.3891,86.3891,,86.3891,factor_candle,FRED CSV Gateway mirror,learning_only_mirror
DTWEXBGS,2008-03-14,2008-03-14T00:00:00Z,daily,86.4301,86.4301,86.4301,86.4301,,86.4301,factor_candle,FRED CSV Gateway mirror,learning_only_mirror
DTWEXBGS,2008-03-17,2008-03-17T00:00:00Z,daily,86.3417,86.3417,86.3417,86.3417,,86.3417,factor_candle,FRED CSV Gateway mirror,learning_only_mirror
DTWEXBGS,2008-03-18,2008-03-18T00:00:00Z,daily,86.1191,86.1191,86.1191,86.1191,,86.1191,factor_candle,FRED CSV Gateway mirror,learning_only_mirror
DTWEXBGS,2008-03-19,2008-03-19T00:00:00Z,daily,86.5755,86.5755,86.5755,86.5755,,86.5755,factor_candle,FRED CSV Gateway mirror,learning_only_mirror
DTWEXBGS,2008-03-20,2008-03-20T00:00:00Z,daily,87.3293,87.3293,87.3293,87.3293,,87.3293,factor_candle,FRED CSV Gateway mirror,learning_only_mirror
DTWEXBGS,2008-03-21,2008-03-21T00:00:00Z,daily,87.2111,87.2111,87.2111,87.2111,,87.2111,factor_candle,FRED CSV Gateway mirror,learning_only_mirror
DTWEXBGS,2008-03-24,2008-03-24T00:00:00Z,daily,87.3103,87.3103,87.3103,87.3103,,87.3103,factor_candle,FRED CSV Gateway mirror,learning_only_mirror
DTWEXBGS,2008-03-25,2008-03-25T00:00:00Z,daily,86.8339,86.8339,86.8339,86.8339,,86.8339,factor_candle,FRED CSV Gateway mirror,learning_only_mirror
DTWEXBGS,2008-03-26,2008-03-26T00:00:00Z,daily,86.5513,86.5513,86.5513,86.5513,,86.5513,factor_candle,FRED CSV Gateway mirror,learning_only_mirror
DTWEXBGS,2008-03-27,2008-03-27T00:00:00Z,daily,86.4583,86.4583,86.4583,86.4583,,86.4583,factor_candle,FRED CSV Gateway mirror,learning_only_mirror
DTWEXBGS,2008-03-28,2008-03-28T00:00:00Z,daily,86.6369,86.6369,86.6369,86.6369,,86.6369,factor_candle,FRED CSV Gateway mirror,learning_only_mirror
DTWEXBGS,2008-03-31,2008-03-31T00:00:00Z,daily,86.6881,86.6881,86.6881,86.6881,,86.6881,factor_candle,FRED CSV Gateway mirror,learning_only_mirror
DTWEXBGS,2008-04-01,2008-04-01T00:00:00Z,daily,87.0276,87.0276,87.0276,87.0276,,87.0276,factor_candle,FRED CSV Gateway mirror,learning_only_mirror
DTWEXBGS,2008-04-02,2008-04-02T00:00:00Z,daily,86.8886,86.8886,86.8886,86.8886,,86.8886,factor_candle,FRED CSV Gateway mirror,learning_only_mirror
DTWEXBGS,2008-04-03,2008-04-03T00:00:00Z,daily,86.6424,86.6424,86.6424,86.6424,,86.6424,factor_candle,FRED CSV Gateway mirror,learning_only_mirror
DTWEXBGS,2008-04-04,2008-04-04T00:00:00Z,daily,86.5108,86.5108,86.5108,86.5108,,86.5108,factor_candle,FRED CSV Gateway mirror,learning_only_mirror
DTWEXBGS,2008-04-07,2008-04-07T00:00:00Z,daily,86.603,86.603,86.603,86.603,,86.603,factor_candle,FRED CSV Gateway mirror,learning_only_mirror
DTWEXBGS,2008-04-08,2008-04-08T00:00:00Z,daily,86.7369,86.7369,86.7369,86.7369,,86.7369,factor_candle,FRED CSV Gateway mirror,learning_only_mirror
DTWEXBGS,2008-04-09,2008-04-09T00:00:00Z,daily,86.5764,86.5764,86.5764,86.5764,,86.5764,factor_candle,FRED CSV Gateway mirror,learning_only_mirror
DTWEXBGS,2008-04-10,2008-04-10T00:00:00Z,daily,86.5131,86.5131,86.5131,86.5131,,86.5131,factor_candle,FRED CSV Gateway mirror,learning_only_mirror
DTWEXBGS,2008-04-11,2008-04-11T00:00:00Z,daily,86.5029,86.5029,86.5029,86.5029,,86.5029,factor_candle,FRED CSV Gateway mirror,learning_only_mirror
DTWEXBGS,2008-04-14,2008-04-14T00:00:00Z,daily,86.3492,86.3492,86.3492,86.3492,,86.3492,factor_candle,FRED CSV Gateway mirror,learning_only_mirror
DTWEXBGS,2008-04-15,2008-04-15T00:00:00Z,daily,86.4705,86.4705,86.4705,86.4705,,86.4705,factor_candle,FRED CSV Gateway mirror,learning_only_mirror
DTWEXBGS,2008-04-16,2008-04-16T00:00:00Z,daily,85.9037,85.9037,85.9037,85.9037,,85.9037,factor_candle,FRED CSV Gateway mirror,learning_only_mirror
DTWEXBGS,2008-04-17,2008-04-17T00:00:00Z,daily,86.1077,86.1077,86.1077,86.1077,,86.1077,factor_candle,FRED CSV Gateway mirror,learning_only_mirror
DTWEXBGS,2008-04-18,2008-04-18T00:00:00Z,daily,86.5277,86.5277,86.5277,86.5277,,86.5277,factor_candle,FRED CSV Gateway mirror,learning_only_mirror
DTWEXBGS,2008-04-21,2008-04-21T00:00:00Z,daily,86.2979,86.2979,86.2979,86.2979,,86.2979,factor_candle,FRED CSV Gateway mirror,learning_only_mirror
DTWEXBGS,2008-04-22,2008-04-22T00:00:00Z,daily,85.927,85.927,85.927,85.927,,85.927,factor_candle,FRED CSV Gateway mirror,learning_only_mirror
DTWEXBGS,2008-04-23,2008-04-23T00:00:00Z,daily,86.3841,86.3841,86.3841,86.3841,,86.3841,factor_candle,FRED CSV Gateway mirror,learning_only_mirror
DTWEXBGS,2008-04-24,2008-04-24T00:00:00Z,daily,86.7154,86.7154,86.7154,86.7154,,86.7154,factor_candle,FRED CSV Gateway mirror,learning_only_mirror
DTWEXBGS,2008-04-25,2008-04-25T00:00:00Z,daily,86.8337,86.8337,86.8337,86.8337,,86.8337,factor_candle,FRED CSV Gateway mirror,learning_only_mirror
DTWEXBGS,2008-04-28,2008-04-28T00:00:00Z,daily,86.7635,86.7635,86.7635,86.7635,,86.7635,factor_candle,FRED CSV Gateway mirror,learning_only_mirror
DTWEXBGS,2008-04-29,2008-04-29T00:00:00Z,daily,86.873,86.873,86.873,86.873,,86.873,factor_candle,FRED CSV Gateway mirror,learning_only_mirror
DTWEXBGS,2008-04-30,2008-04-30T00:00:00Z,daily,86.8907,86.8907,86.8907,86.8907,,86.8907,factor_candle,FRED CSV Gateway mirror,learning_only_mirror
DTWEXBGS,2008-05-01,2008-05-01T00:00:00Z,daily,87.1347,87.1347,87.1347,87.1347,,87.1347,factor_candle,FRED CSV Gateway mirror,learning_only_mirror
DTWEXBGS,2008-05-02,2008-05-02T00:00:00Z,daily,87.2311,87.2311,87.2311,87.2311,,87.2311,factor_candle,FRED CSV Gateway mirror,learning_only_mirror
DTWEXBGS,2008-05-05,2008-05-05T00:00:00Z,daily,87.0636,87.0636,87.0636,87.0636,,87.0636,factor_candle,FRED CSV Gateway mirror,learning_only_mirror
DTWEXBGS,2008-05-06,2008-05-06T00:00:00Z,daily,86.847,86.847,86.847,86.847,,86.847,factor_candle,FRED CSV Gateway mirror,learning_only_mirror
DTWEXBGS,2008-05-07,2008-05-07T00:00:00Z,daily,87.3421,87.3421,87.3421,87.3421,,87.3421,factor_candle,FRED CSV Gateway mirror,learning_only_mirror
DTWEXBGS,2008-05-08,2008-05-08T00:00:00Z,daily,87.4575,87.4575,87.4575,87.4575,,87.4575,factor_candle,FRED CSV Gateway mirror,learning_only_mirror
DTWEXBGS,2008-05-09,2008-05-09T00:00:00Z,daily,87.2528,87.2528,87.2528,87.2528,,87.2528,factor_candle,FRED CSV Gateway mirror,learning_only_mirror
DTWEXBGS,2008-05-12,2008-05-12T00:00:00Z,daily,87.0403,87.0403,87.0403,87.0403,,87.0403,factor_candle,FRED CSV Gateway mirror,learning_only_mirror
DTWEXBGS,2008-05-13,2008-05-13T00:00:00Z,daily,87.1332,87.1332,87.1332,87.1332,,87.1332,factor_candle,FRED CSV Gateway mirror,learning_only_mirror
DTWEXBGS,2008-05-14,2008-05-14T00:00:00Z,daily,87.3659,87.3659,87.3659,87.3659,,87.3659,factor_candle,FRED CSV Gateway mirror,learning_only_mirror
DTWEXBGS,2008-05-15,2008-05-15T00:00:00Z,daily,87.1823,87.1823,87.1823,87.1823,,87.1823,factor_candle,FRED CSV Gateway mirror,learning_only_mirror
DTWEXBGS,2008-05-16,2008-05-16T00:00:00Z,daily,86.7855,86.7855,86.7855,86.7855,,86.7855,factor_candle,FRED CSV Gateway mirror,learning_only_mirror
DTWEXBGS,2008-05-19,2008-05-19T00:00:00Z,daily,86.8225,86.8225,86.8225,86.8225,,86.8225,factor_candle,FRED CSV Gateway mirror,learning_only_mirror
DTWEXBGS,2008-05-20,2008-05-20T00:00:00Z,daily,86.5627,86.5627,86.5627,86.5627,,86.5627,factor_candle,FRED CSV Gateway mirror,learning_only_mirror
DTWEXBGS,2008-05-21,2008-05-21T00:00:00Z,daily,86.1595,86.1595,86.1595,86.1595,,86.1595,factor_candle,FRED CSV Gateway mirror,learning_only_mirror
DTWEXBGS,2008-05-22,2008-05-22T00:00:00Z,daily,86.3223,86.3223,86.3223,86.3223,,86.3223,factor_candle,FRED CSV Gateway mirror,learning_only_mirror
DTWEXBGS,2008-05-23,2008-05-23T00:00:00Z,daily,86.1922,86.1922,86.1922,86.1922,,86.1922,factor_candle,FRED CSV Gateway mirror,learning_only_mirror
DTWEXBGS,2008-05-26,2008-05-26T00:00:00Z,daily,86.19,86.19,86.19,86.19,,86.19,factor_candle,FRED CSV Gateway mirror,learning_only_mirror
DTWEXBGS,2008-05-27,2008-05-27T00:00:00Z,daily,86.4459,86.4459,86.4459,86.4459,,86.4459,factor_candle,FRED CSV Gateway mirror,learning_only_mirror
DTWEXBGS,2008-05-28,2008-05-28T00:00:00Z,daily,86.4951,86.4951,86.4951,86.4951,,86.4951,factor_candle,FRED CSV Gateway mirror,learning_only_mirror
DTWEXBGS,2008-05-29,2008-05-29T00:00:00Z,daily,86.5616,86.5616,86.5616,86.5616,,86.5616,factor_candle,FRED CSV Gateway mirror,learning_only_mirror
DTWEXBGS,2008-05-30,2008-05-30T00:00:00Z,daily,86.5504,86.5504,86.5504,86.5504,,86.5504,factor_candle,FRED CSV Gateway mirror,learning_only_mirror
DTWEXBGS,2008-06-02,2008-06-02T00:00:00Z,daily,86.6321,86.6321,86.6321,86.6321,,86.6321,factor_candle,FRED CSV Gateway mirror,learning_only_mirror
DTWEXBGS,2008-06-03,2008-06-03T00:00:00Z,daily,86.8359,86.8359,86.8359,86.8359,,86.8359,factor_candle,FRED CSV Gateway mirror,learning_only_mirror
DTWEXBGS,2008-06-04,2008-06-04T00:00:00Z,daily,87.0999,87.0999,87.0999,87.0999,,87.0999,factor_candle,FRED CSV Gateway mirror,learning_only_mirror
DTWEXBGS,2008-06-05,2008-06-05T00:00:00Z,daily,87.0968,87.0968,87.0968,87.0968,,87.0968,factor_candle,FRED CSV Gateway mirror,learning_only_mirror
DTWEXBGS,2008-06-06,2008-06-06T00:00:00Z,daily,86.8028,86.8028,86.8028,86.8028,,86.8028,factor_candle,FRED CSV Gateway mirror,learning_only_mirror
DTWEXBGS,2008-06-09,2008-06-09T00:00:00Z,daily,86.9096,86.9096,86.9096,86.9096,,86.9096,factor_candle,FRED CSV Gateway mirror,learning_only_mirror
DTWEXBGS,2008-06-10,2008-06-10T00:00:00Z,daily,87.4705,87.4705,87.4705,87.4705,,87.4705,factor_candle,FRED CSV Gateway mirror,learning_only_mirror
DTWEXBGS,2008-06-11,2008-06-11T00:00:00Z,daily,87.2059,87.2059,87.2059,87.2059,,87.2059,factor_candle,FRED CSV Gateway mirror,learning_only_mirror
DTWEXBGS,2008-06-12,2008-06-12T00:00:00Z,daily,87.6187,87.6187,87.6187,87.6187,,87.6187,factor_candle,FRED CSV Gateway mirror,learning_only_mirror
DTWEXBGS,2008-06-13,2008-06-13T00:00:00Z,daily,87.7622,87.7622,87.7622,87.7622,,87.7622,factor_candle,FRED CSV Gateway mirror,learning_only_mirror
DTWEXBGS,2008-06-16,2008-06-16T00:00:00Z,daily,87.3911,87.3911,87.3911,87.3911,,87.3911,factor_candle,FRED CSV Gateway mirror,learning_only_mirror
DTWEXBGS,2008-06-17,2008-06-17T00:00:00Z,daily,87.2103,87.2103,87.2103,87.2103,,87.2103,factor_candle,FRED CSV Gateway mirror,learning_only_mirror
DTWEXBGS,2008-06-18,2008-06-18T00:00:00Z,daily,87.1872,87.1872,87.1872,87.1872,,87.1872,factor_candle,FRED CSV Gateway mirror,learning_only_mirror
DTWEXBGS,2008-06-19,2008-06-19T00:00:00Z,daily,87.0815,87.0815,87.0815,87.0815,,87.0815,factor_candle,FRED CSV Gateway mirror,learning_only_mirror
DTWEXBGS,2008-06-20,2008-06-20T00:00:00Z,daily,86.9036,86.9036,86.9036,86.9036,,86.9036,factor_candle,FRED CSV Gateway mirror,learning_only_mirror
DTWEXBGS,2008-06-23,2008-06-23T00:00:00Z,daily,87.2163,87.2163,87.2163,87.2163,,87.2163,factor_candle,FRED CSV Gateway mirror,learning_only_mirror
DTWEXBGS,2008-06-24,2008-06-24T00:00:00Z,daily,86.9666,86.9666,86.9666,86.9666,,86.9666,factor_candle,FRED CSV Gateway mirror,learning_only_mirror
DTWEXBGS,2008-06-25,2008-06-25T00:00:00Z,daily,87.0535,87.0535,87.0535,87.0535,,87.0535,factor_candle,FRED CSV Gateway mirror,learning_only_mirror
DTWEXBGS,2008-06-26,2008-06-26T00:00:00Z,daily,86.6793,86.6793,86.6793,86.6793,,86.6793,factor_candle,FRED CSV Gateway mirror,learning_only_mirror
DTWEXBGS,2008-06-27,2008-06-27T00:00:00Z,daily,86.643,86.643,86.643,86.643,,86.643,factor_candle,FRED CSV Gateway mirror,learning_only_mirror
DTWEXBGS,2008-06-30,2008-06-30T00:00:00Z,daily,86.7621,86.7621,86.7621,86.7621,,86.7621,factor_candle,FRED CSV Gateway mirror,learning_only_mirror
DTWEXBGS,2008-07-01,2008-07-01T00:00:00Z,daily,86.8447,86.8447,86.8447,86.8447,,86.8447,factor_candle,FRED CSV Gateway mirror,learning_only_mirror
DTWEXBGS,2008-07-02,2008-07-02T00:00:00Z,daily,86.4782,86.4782,86.4782,86.4782,,86.4782,factor_candle,FRED CSV Gateway mirror,learning_only_mirror
DTWEXBGS,2008-07-03,2008-07-03T00:00:00Z,daily,86.8843,86.8843,86.8843,86.8843,,86.8843,factor_candle,FRED CSV Gateway mirror,learning_only_mirror
DTWEXBGS,2008-07-04,2008-07-04T00:00:00Z,daily,86.8781,86.8781,86.8781,86.8781,,86.8781,factor_candle,FRED CSV Gateway mirror,learning_only_mirror
DTWEXBGS,2008-07-07,2008-07-07T00:00:00Z,daily,86.9617,86.9617,86.9617,86.9617,,86.9617,factor_candle,FRED CSV Gateway mirror,learning_only_mirror
DTWEXBGS,2008-07-08,2008-07-08T00:00:00Z,daily,86.9778,86.9778,86.9778,86.9778,,86.9778,factor_candle,FRED CSV Gateway mirror,learning_only_mirror
DTWEXBGS,2008-07-09,2008-07-09T00:00:00Z,daily,86.5335,86.5335,86.5335,86.5335,,86.5335,factor_candle,FRED CSV Gateway mirror,learning_only_mirror
DTWEXBGS,2008-07-10,2008-07-10T00:00:00Z,daily,86.5122,86.5122,86.5122,86.5122,,86.5122,factor_candle,FRED CSV Gateway mirror,learning_only_mirror
DTWEXBGS,2008-07-11,2008-07-11T00:00:00Z,daily,86.221,86.221,86.221,86.221,,86.221,factor_candle,FRED CSV Gateway mirror,learning_only_mirror
DTWEXBGS,2008-07-14,2008-07-14T00:00:00Z,daily,86.1079,86.1079,86.1079,86.1079,,86.1079,factor_candle,FRED CSV Gateway mirror,learning_only_mirror
DTWEXBGS,2008-07-15,2008-07-15T00:00:00Z,daily,85.8731,85.8731,85.8731,85.8731,,85.8731,factor_candle,FRED CSV Gateway mirror,learning_only_mirror
DTWEXBGS,2008-07-16,2008-07-16T00:00:00Z,daily,85.9285,85.9285,85.9285,85.9285,,85.9285,factor_candle,FRED CSV Gateway mirror,learning_only_mirror
DTWEXBGS,2008-07-17,2008-07-17T00:00:00Z,daily,85.9387,85.9387,85.9387,85.9387,,85.9387,factor_candle,FRED CSV Gateway mirror,learning_only_mirror
DTWEXBGS,2008-07-18,2008-07-18T00:00:00Z,daily,86.0735,86.0735,86.0735,86.0735,,86.0735,factor_candle,FRED CSV Gateway mirror,learning_only_mirror
DTWEXBGS,2008-07-21,2008-07-21T00:00:00Z,daily,86.0151,86.0151,86.0151,86.0151,,86.0151,factor_candle,FRED CSV Gateway mirror,learning_only_mirror
DTWEXBGS,2008-07-22,2008-07-22T00:00:00Z,daily,86.1909,86.1909,86.1909,86.1909,,86.1909,factor_candle,FRED CSV Gateway mirror,learning_only_mirror
DTWEXBGS,2008-07-23,2008-07-23T00:00:00Z,daily,86.2664,86.2664,86.2664,86.2664,,86.2664,factor_candle,FRED CSV Gateway mirror,learning_only_mirror
DTWEXBGS,2008-07-24,2008-07-24T00:00:00Z,daily,86.4017,86.4017,86.4017,86.4017,,86.4017,factor_candle,FRED CSV Gateway mirror,learning_only_mirror
DTWEXBGS,2008-07-25,2008-07-25T00:00:00Z,daily,86.3916,86.3916,86.3916,86.3916,,86.3916,factor_candle,FRED CSV Gateway mirror,learning_only_mirror
DTWEXBGS,2008-07-28,2008-07-28T00:00:00Z,daily,86.4666,86.4666,86.4666,86.4666,,86.4666,factor_candle,FRED CSV Gateway mirror,learning_only_mirror
DTWEXBGS,2008-07-29,2008-07-29T00:00:00Z,daily,86.8175,86.8175,86.8175,86.8175,,86.8175,factor_candle,FRED CSV Gateway mirror,learning_only_mirror
DTWEXBGS,2008-07-30,2008-07-30T00:00:00Z,daily,86.8167,86.8167,86.8167,86.8167,,86.8167,factor_candle,FRED CSV Gateway mirror,learning_only_mirror
DTWEXBGS,2008-07-31,2008-07-31T00:00:00Z,daily,86.8567,86.8567,86.8567,86.8567,,86.8567,factor_candle,FRED CSV Gateway mirror,learning_only_mirror
DTWEXBGS,2008-08-01,2008-08-01T00:00:00Z,daily,86.8257,86.8257,86.8257,86.8257,,86.8257,factor_candle,FRED CSV Gateway mirror,learning_only_mirror
DTWEXBGS,2008-08-04,2008-08-04T00:00:00Z,daily,87.0611,87.0611,87.0611,87.0611,,87.0611,factor_candle,FRED CSV Gateway mirror,learning_only_mirror
DTWEXBGS,2008-08-05,2008-08-05T00:00:00Z,daily,87.3281,87.3281,87.3281,87.3281,,87.3281,factor_candle,FRED CSV Gateway mirror,learning_only_mirror
DTWEXBGS,2008-08-06,2008-08-06T00:00:00Z,daily,87.6004,87.6004,87.6004,87.6004,,87.6004,factor_candle,FRED CSV Gateway mirror,learning_only_mirror
DTWEXBGS,2008-08-07,2008-08-07T00:00:00Z,daily,87.8732,87.8732,87.8732,87.8732,,87.8732,factor_candle,FRED CSV Gateway mirror,learning_only_mirror
DTWEXBGS,2008-08-08,2008-08-08T00:00:00Z,daily,88.8939,88.8939,88.8939,88.8939,,88.8939,factor_candle,FRED CSV Gateway mirror,learning_only_mirror
DTWEXBGS,2008-08-11,2008-08-11T00:00:00Z,daily,89.035,89.035,89.035,89.035,,89.035,factor_candle,FRED CSV Gateway mirror,learning_only_mirror
DTWEXBGS,2008-08-12,2008-08-12T00:00:00Z,daily,89.1916,89.1916,89.1916,89.1916,,89.1916,factor_candle,FRED CSV Gateway mirror,learning_only_mirror
DTWEXBGS,2008-08-13,2008-08-13T00:00:00Z,daily,89.3211,89.3211,89.3211,89.3211,,89.3211,factor_candle,FRED CSV Gateway mirror,learning_only_mirror
DTWEXBGS,2008-08-14,2008-08-14T00:00:00Z,daily,89.3675,89.3675,89.3675,89.3675,,89.3675,factor_candle,FRED CSV Gateway mirror,learning_only_mirror
DTWEXBGS,2008-08-15,2008-08-15T00:00:00Z,daily,89.7244,89.7244,89.7244,89.7244,,89.7244,factor_candle,FRED CSV Gateway mirror,learning_only_mirror
DTWEXBGS,2008-08-18,2008-08-18T00:00:00Z,daily,89.5966,89.5966,89.5966,89.5966,,89.5966,factor_candle,FRED CSV Gateway mirror,learning_only_mirror
DTWEXBGS,2008-08-19,2008-08-19T00:00:00Z,daily,89.6465,89.6465,89.6465,89.6465,,89.6465,factor_candle,FRED CSV Gateway mirror,learning_only_mirror
DTWEXBGS,2008-08-20,2008-08-20T00:00:00Z,daily,89.6977,89.6977,89.6977,89.6977,,89.6977,factor_candle,FRED CSV Gateway mirror,learning_only_mirror
DTWEXBGS,2008-08-21,2008-08-21T00:00:00Z,daily,88.9128,88.9128,88.9128,88.9128,,88.9128,factor_candle,FRED CSV Gateway mirror,learning_only_mirror
DTWEXBGS,2008-08-22,2008-08-22T00:00:00Z,daily,89.2381,89.2381,89.2381,89.2381,,89.2381,factor_candle,FRED CSV Gateway mirror,learning_only_mirror
DTWEXBGS,2008-08-25,2008-08-25T00:00:00Z,daily,89.3094,89.3094,89.3094,89.3094,,89.3094,factor_candle,FRED CSV Gateway mirror,learning_only_mirror
DTWEXBGS,2008-08-26,2008-08-26T00:00:00Z,daily,89.7007,89.7007,89.7007,89.7007,,89.7007,factor_candle,FRED CSV Gateway mirror,learning_only_mirror
DTWEXBGS,2008-08-27,2008-08-27T00:00:00Z,daily,89.6419,89.6419,89.6419,89.6419,,89.6419,factor_candle,FRED CSV Gateway mirror,learning_only_mirror
DTWEXBGS,2008-08-28,2008-08-28T00:00:00Z,daily,89.8225,89.8225,89.8225,89.8225,,89.8225,factor_candle,FRED CSV Gateway mirror,learning_only_mirror
DTWEXBGS,2008-08-29,2008-08-29T00:00:00Z,daily,90.0567,90.0567,90.0567,90.0567,,90.0567,factor_candle,FRED CSV Gateway mirror,learning_only_mirror
DTWEXBGS,2008-09-01,2008-09-01T00:00:00Z,daily,90.08,90.08,90.08,90.08,,90.08,factor_candle,FRED CSV Gateway mirror,learning_only_mirror
DTWEXBGS,2008-09-02,2008-09-02T00:00:00Z,daily,90.8438,90.8438,90.8438,90.8438,,90.8438,factor_candle,FRED CSV Gateway mirror,learning_only_mirror
DTWEXBGS,2008-09-03,2008-09-03T00:00:00Z,daily,90.8286,90.8286,90.8286,90.8286,,90.8286,factor_candle,FRED CSV Gateway mirror,learning_only_mirror
DTWEXBGS,2008-09-04,2008-09-04T00:00:00Z,daily,91.1621,91.1621,91.1621,91.1621,,91.1621,factor_candle,FRED CSV Gateway mirror,learning_only_mirror
DTWEXBGS,2008-09-05,2008-09-05T00:00:00Z,daily,91.341,91.341,91.341,91.341,,91.341,factor_candle,FRED CSV Gateway mirror,learning_only_mirror
DTWEXBGS,2008-09-08,2008-09-08T00:00:00Z,daily,91.663,91.663,91.663,91.663,,91.663,factor_candle,FRED CSV Gateway mirror,learning_only_mirror
DTWEXBGS,2008-09-09,2008-09-09T00:00:00Z,daily,91.5779,91.5779,91.5779,91.5779,,91.5779,factor_candle,FRED CSV Gateway mirror,learning_only_mirror
DTWEXBGS,2008-09-10,2008-09-10T00:00:00Z,daily,92.1283,92.1283,92.1283,92.1283,,92.1283,factor_candle,FRED CSV Gateway mirror,learning_only_mirror
DTWEXBGS,2008-09-11,2008-09-11T00:00:00Z,daily,92.4901,92.4901,92.4901,92.4901,,92.4901,factor_candle,FRED CSV Gateway mirror,learning_only_mirror
DTWEXBGS,2008-09-12,2008-09-12T00:00:00Z,daily,91.4706,91.4706,91.4706,91.4706,,91.4706,factor_candle,FRED CSV Gateway mirror,learning_only_mirror
DTWEXBGS,2008-09-15,2008-09-15T00:00:00Z,daily,91.757,91.757,91.757,91.757,,91.757,factor_candle,FRED CSV Gateway mirror,learning_only_mirror
DTWEXBGS,2008-09-16,2008-09-16T00:00:00Z,daily,92.0594,92.0594,92.0594,92.0594,,92.0594,factor_candle,FRED CSV Gateway mirror,learning_only_mirror
DTWEXBGS,2008-09-17,2008-09-17T00:00:00Z,daily,92.0982,92.0982,92.0982,92.0982,,92.0982,factor_candle,FRED CSV Gateway mirror,learning_only_mirror
DTWEXBGS,2008-09-18,2008-09-18T00:00:00Z,daily,91.7111,91.7111,91.7111,91.7111,,91.7111,factor_candle,FRED CSV Gateway mirror,learning_only_mirror
DTWEXBGS,2008-09-19,2008-09-19T00:00:00Z,daily,91.0014,91.0014,91.0014,91.0014,,91.0014,factor_candle,FRED CSV Gateway mirror,learning_only_mirror
DTWEXBGS,2008-09-22,2008-09-22T00:00:00Z,daily,90.1119,90.1119,90.1119,90.1119,,90.1119,factor_candle,FRED CSV Gateway mirror,learning_only_mirror
DTWEXBGS,2008-09-23,2008-09-23T00:00:00Z,daily,90.1221,90.1221,90.1221,90.1221,,90.1221,factor_candle,FRED CSV Gateway mirror,learning_only_mirror
DTWEXBGS,2008-09-24,2008-09-24T00:00:00Z,daily,90.4602,90.4602,90.4602,90.4602,,90.4602,factor_candle,FRED CSV Gateway mirror,learning_only_mirror
DTWEXBGS,2008-09-25,2008-09-25T00:00:00Z,daily,90.4651,90.4651,90.4651,90.4651,,90.4651,factor_candle,FRED CSV Gateway mirror,learning_only_mirror
DTWEXBGS,2008-09-26,2008-09-26T00:00:00Z,daily,90.6872,90.6872,90.6872,90.6872,,90.6872,factor_candle,FRED CSV Gateway mirror,learning_only_mirror
DTWEXBGS,2008-09-29,2008-09-29T00:00:00Z,daily,91.3961,91.3961,91.3961,91.3961,,91.3961,factor_candle,FRED CSV Gateway mirror,learning_only_mirror
DTWEXBGS,2008-09-30,2008-09-30T00:00:00Z,daily,92.3773,92.3773,92.3773,92.3773,,92.3773,factor_candle,FRED CSV Gateway mirror,learning_only_mirror
DTWEXBGS,2008-10-01,2008-10-01T00:00:00Z,daily,92.511,92.511,92.511,92.511,,92.511,factor_candle,FRED CSV Gateway mirror,learning_only_mirror
DTWEXBGS,2008-10-02,2008-10-02T00:00:00Z,daily,93.3792,93.3792,93.3792,93.3792,,93.3792,factor_candle,FRED CSV Gateway mirror,learning_only_mirror
DTWEXBGS,2008-10-03,2008-10-03T00:00:00Z,daily,93.5414,93.5414,93.5414,93.5414,,93.5414,factor_candle,FRED CSV Gateway mirror,learning_only_mirror
DTWEXBGS,2008-10-06,2008-10-06T00:00:00Z,daily,95.1629,95.1629,95.1629,95.1629,,95.1629,factor_candle,FRED CSV Gateway mirror,learning_only_mirror
DTWEXBGS,2008-10-07,2008-10-07T00:00:00Z,daily,95.4889,95.4889,95.4889,95.4889,,95.4889,factor_candle,FRED CSV Gateway mirror,learning_only_mirror
DTWEXBGS,2008-10-08,2008-10-08T00:00:00Z,daily,96.9684,96.9684,96.9684,96.9684,,96.9684,factor_candle,FRED CSV Gateway mirror,learning_only_mirror
DTWEXBGS,2008-10-09,2008-10-09T00:00:00Z,daily,96.5143,96.5143,96.5143,96.5143,,96.5143,factor_candle,FRED CSV Gateway mirror,learning_only_mirror
DTWEXBGS,2008-10-10,2008-10-10T00:00:00Z,daily,97.999,97.999,97.999,97.999,,97.999,factor_candle,FRED CSV Gateway mirror,learning_only_mirror
DTWEXBGS,2008-10-13,2008-10-13T00:00:00Z,daily,97.9686,97.9686,97.9686,97.9686,,97.9686,factor_candle,FRED CSV Gateway mirror,learning_only_mirror
DTWEXBGS,2008-10-14,2008-10-14T00:00:00Z,daily,96.2544,96.2544,96.2544,96.2544,,96.2544,factor_candle,FRED CSV Gateway mirror,learning_only_mirror
DTWEXBGS,2008-10-15,2008-10-15T00:00:00Z,daily,97.2045,97.2045,97.2045,97.2045,,97.2045,factor_candle,FRED CSV Gateway mirror,learning_only_mirror
DTWEXBGS,2008-10-16,2008-10-16T00:00:00Z,daily,98.368,98.368,98.368,98.368,,98.368,factor_candle,FRED CSV Gateway mirror,learning_only_mirror
DTWEXBGS,2008-10-17,2008-10-17T00:00:00Z,daily,97.7255,97.7255,97.7255,97.7255,,97.7255,factor_candle,FRED CSV Gateway mirror,learning_only_mirror
DTWEXBGS,2008-10-20,2008-10-20T00:00:00Z,daily,98.1605,98.1605,98.1605,98.1605,,98.1605,factor_candle,FRED CSV Gateway mirror,learning_only_mirror
DTWEXBGS,2008-10-21,2008-10-21T00:00:00Z,daily,99.4242,99.4242,99.4242,99.4242,,99.4242,factor_candle,FRED CSV Gateway mirror,learning_only_mirror
DTWEXBGS,2008-10-22,2008-10-22T00:00:00Z,daily,101.2131,101.2131,101.2131,101.2131,,101.2131,factor_candle,FRED CSV Gateway mirror,learning_only_mirror
DTWEXBGS,2008-10-23,2008-10-23T00:00:00Z,daily,101.1071,101.1071,101.1071,101.1071,,101.1071,factor_candle,FRED CSV Gateway mirror,learning_only_mirror
DTWEXBGS,2008-10-24,2008-10-24T00:00:00Z,daily,101.8442,101.8442,101.8442,101.8442,,101.8442,factor_candle,FRED CSV Gateway mirror,learning_only_mirror
DTWEXBGS,2008-10-27,2008-10-27T00:00:00Z,daily,102.3415,102.3415,102.3415,102.3415,,102.3415,factor_candle,FRED CSV Gateway mirror,learning_only_mirror
DTWEXBGS,2008-10-28,2008-10-28T00:00:00Z,daily,102.4236,102.4236,102.4236,102.4236,,102.4236,factor_candle,FRED CSV Gateway mirror,learning_only_mirror
DTWEXBGS,2008-10-29,2008-10-29T00:00:00Z,daily,100.0967,100.0967,100.0967,100.0967,,100.0967,factor_candle,FRED CSV Gateway mirror,learning_only_mirror
DTWEXBGS,2008-10-30,2008-10-30T00:00:00Z,daily,99.4568,99.4568,99.4568,99.4568,,99.4568,factor_candle,FRED CSV Gateway mirror,learning_only_mirror
DTWEXBGS,2008-10-31,2008-10-31T00:00:00Z,daily,99.7662,99.7662,99.7662,99.7662,,99.7662,factor_candle,FRED CSV Gateway mirror,learning_only_mirror
DTWEXBGS,2008-11-03,2008-11-03T00:00:00Z,daily,99.4345,99.4345,99.4345,99.4345,,99.4345,factor_candle,FRED CSV Gateway mirror,learning_only_mirror
DTWEXBGS,2008-11-04,2008-11-04T00:00:00Z,daily,97.9957,97.9957,97.9957,97.9957,,97.9957,factor_candle,FRED CSV Gateway mirror,learning_only_mirror
DTWEXBGS,2008-11-05,2008-11-05T00:00:00Z,daily,98.0953,98.0953,98.0953,98.0953,,98.0953,factor_candle,FRED CSV Gateway mirror,learning_only_mirror
DTWEXBGS,2008-11-06,2008-11-06T00:00:00Z,daily,99.5364,99.5364,99.5364,99.5364,,99.5364,factor_candle,FRED CSV Gateway mirror,learning_only_mirror
DTWEXBGS,2008-11-07,2008-11-07T00:00:00Z,daily,99.3944,99.3944,99.3944,99.3944,,99.3944,factor_candle,FRED CSV Gateway mirror,learning_only_mirror
DTWEXBGS,2008-11-10,2008-11-10T00:00:00Z,daily,99.5897,99.5897,99.5897,99.5897,,99.5897,factor_candle,FRED CSV Gateway mirror,learning_only_mirror
DTWEXBGS,2008-11-11,2008-11-11T00:00:00Z,daily,99.6041,99.6041,99.6041,99.6041,,99.6041,factor_candle,FRED CSV Gateway mirror,learning_only_mirror
DTWEXBGS,2008-11-12,2008-11-12T00:00:00Z,daily,101.1947,101.1947,101.1947,101.1947,,101.1947,factor_candle,FRED CSV Gateway mirror,learning_only_mirror
DTWEXBGS,2008-11-13,2008-11-13T00:00:00Z,daily,101.774,101.774,101.774,101.774,,101.774,factor_candle,FRED CSV Gateway mirror,learning_only_mirror
DTWEXBGS,2008-11-14,2008-11-14T00:00:00Z,daily,100.9705,100.9705,100.9705,100.9705,,100.9705,factor_candle,FRED CSV Gateway mirror,learning_only_mirror
DTWEXBGS,2008-11-17,2008-11-17T00:00:00Z,daily,101.1029,101.1029,101.1029,101.1029,,101.1029,factor_candle,FRED CSV Gateway mirror,learning_only_mirror
DTWEXBGS,2008-11-18,2008-11-18T00:00:00Z,daily,101.3965,101.3965,101.3965,101.3965,,101.3965,factor_candle,FRED CSV Gateway mirror,learning_only_mirror
DTWEXBGS,2008-11-19,2008-11-19T00:00:00Z,daily,101.8804,101.8804,101.8804,101.8804,,101.8804,factor_candle,FRED CSV Gateway mirror,learning_only_mirror
DTWEXBGS,2008-11-20,2008-11-20T00:00:00Z,daily,103.2737,103.2737,103.2737,103.2737,,103.2737,factor_candle,FRED CSV Gateway mirror,learning_only_mirror
DTWEXBGS,2008-11-21,2008-11-21T00:00:00Z,daily,103.6289,103.6289,103.6289,103.6289,,103.6289,factor_candle,FRED CSV Gateway mirror,learning_only_mirror
DTWEXBGS,2008-11-24,2008-11-24T00:00:00Z,daily,101.502,101.502,101.502,101.502,,101.502,factor_candle,FRED CSV Gateway mirror,learning_only_mirror
DTWEXBGS,2008-11-25,2008-11-25T00:00:00Z,daily,100.7997,100.7997,100.7997,100.7997,,100.7997,factor_candle,FRED CSV Gateway mirror,learning_only_mirror
DTWEXBGS,2008-11-26,2008-11-26T00:00:00Z,daily,101.2566,101.2566,101.2566,101.2566,,101.2566,factor_candle,FRED CSV Gateway mirror,learning_only_mirror
DTWEXBGS,2008-11-27,2008-11-27T00:00:00Z,daily,101.2564,101.2564,101.2564,101.2564,,101.2564,factor_candle,FRED CSV Gateway mirror,learning_only_mirror
DTWEXBGS,2008-11-28,2008-11-28T00:00:00Z,daily,101.6468,101.6468,101.6468,101.6468,,101.6468,factor_candle,FRED CSV Gateway mirror,learning_only_mirror
DTWEXBGS,2008-12-01,2008-12-01T00:00:00Z,daily,102.1744,102.1744,102.1744,102.1744,,102.1744,factor_candle,FRED CSV Gateway mirror,learning_only_mirror
DTWEXBGS,2008-12-02,2008-12-02T00:00:00Z,daily,101.9891,101.9891,101.9891,101.9891,,101.9891,factor_candle,FRED CSV Gateway mirror,learning_only_mirror
DTWEXBGS,2008-12-03,2008-12-03T00:00:00Z,daily,102.4251,102.4251,102.4251,102.4251,,102.4251,factor_candle,FRED CSV Gateway mirror,learning_only_mirror
DTWEXBGS,2008-12-04,2008-12-04T00:00:00Z,daily,102.0715,102.0715,102.0715,102.0715,,102.0715,factor_candle,FRED CSV Gateway mirror,learning_only_mirror
DTWEXBGS,2008-12-05,2008-12-05T00:00:00Z,daily,103.4902,103.4902,103.4902,103.4902,,103.4902,factor_candle,FRED CSV Gateway mirror,learning_only_mirror
DTWEXBGS,2008-12-08,2008-12-08T00:00:00Z,daily,101.7227,101.7227,101.7227,101.7227,,101.7227,factor_candle,FRED CSV Gateway mirror,learning_only_mirror
DTWEXBGS,2008-12-09,2008-12-09T00:00:00Z,daily,101.7346,101.7346,101.7346,101.7346,,101.7346,factor_candle,FRED CSV Gateway mirror,learning_only_mirror
DTWEXBGS,2008-12-10,2008-12-10T00:00:00Z,daily,101.2913,101.2913,101.2913,101.2913,,101.2913,factor_candle,FRED CSV Gateway mirror,learning_only_mirror
DTWEXBGS,2008-12-11,2008-12-11T00:00:00Z,daily,99.5101,99.5101,99.5101,99.5101,,99.5101,factor_candle,FRED CSV Gateway mirror,learning_only_mirror
DTWEXBGS,2008-12-12,2008-12-12T00:00:00Z,daily,100.319,100.319,100.319,100.319,,100.319,factor_candle,FRED CSV Gateway mirror,learning_only_mirror
DTWEXBGS,2008-12-15,2008-12-15T00:00:00Z,daily,99.1001,99.1001,99.1001,99.1001,,99.1001,factor_candle,FRED CSV Gateway mirror,learning_only_mirror
DTWEXBGS,2008-12-16,2008-12-16T00:00:00Z,daily,98.4771,98.4771,98.4771,98.4771,,98.4771,factor_candle,FRED CSV Gateway mirror,learning_only_mirror
DTWEXBGS,2008-12-17,2008-12-17T00:00:00Z,daily,96.8227,96.8227,96.8227,96.8227,,96.8227,factor_candle,FRED CSV Gateway mirror,learning_only_mirror
DTWEXBGS,2008-12-18,2008-12-18T00:00:00Z,daily,96.8447,96.8447,96.8447,96.8447,,96.8447,factor_candle,FRED CSV Gateway mirror,learning_only_mirror
DTWEXBGS,2008-12-19,2008-12-19T00:00:00Z,daily,98.1278,98.1278,98.1278,98.1278,,98.1278,factor_candle,FRED CSV Gateway mirror,learning_only_mirror
DTWEXBGS,2008-12-22,2008-12-22T00:00:00Z,daily,98.1643,98.1643,98.1643,98.1643,,98.1643,factor_candle,FRED CSV Gateway mirror,learning_only_mirror
DTWEXBGS,2008-12-23,2008-12-23T00:00:00Z,daily,98.2698,98.2698,98.2698,98.2698,,98.2698,factor_candle,FRED CSV Gateway mirror,learning_only_mirror
DTWEXBGS,2008-12-24,2008-12-24T00:00:00Z,daily,98.2249,98.2249,98.2249,98.2249,,98.2249,factor_candle,FRED CSV Gateway mirror,learning_only_mirror
DTWEXBGS,2008-12-25,2008-12-25T00:00:00Z,daily,98.2419,98.2419,98.2419,98.2419,,98.2419,factor_candle,FRED CSV Gateway mirror,learning_only_mirror
DTWEXBGS,2008-12-26,2008-12-26T00:00:00Z,daily,98.2594,98.2594,98.2594,98.2594,,98.2594,factor_candle,FRED CSV Gateway mirror,learning_only_mirror
DTWEXBGS,2008-12-29,2008-12-29T00:00:00Z,daily,97.9359,97.9359,97.9359,97.9359,,97.9359,factor_candle,FRED CSV Gateway mirror,learning_only_mirror
DTWEXBGS,2008-12-30,2008-12-30T00:00:00Z,daily,98.3833,98.3833,98.3833,98.3833,,98.3833,factor_candle,FRED CSV Gateway mirror,learning_only_mirror
DTWEXBGS,2008-12-31,2008-12-31T00:00:00Z,daily,98.6518,98.6518,98.6518,98.6518,,98.6518,factor_candle,FRED CSV Gateway mirror,learning_only_mirror
DTWEXBGS,2009-01-02,2009-01-02T00:00:00Z,daily,98.6008,98.6008,98.6008,98.6008,,98.6008,factor_candle,FRED CSV Gateway mirror,learning_only_mirror
DTWEXBGS,2009-01-05,2009-01-05T00:00:00Z,daily,98.9195,98.9195,98.9195,98.9195,,98.9195,factor_candle,FRED CSV Gateway mirror,learning_only_mirror
DTWEXBGS,2009-01-06,2009-01-06T00:00:00Z,daily,98.7871,98.7871,98.7871,98.7871,,98.7871,factor_candle,FRED CSV Gateway mirror,learning_only_mirror
DTWEXBGS,2009-01-07,2009-01-07T00:00:00Z,daily,98.089,98.089,98.089,98.089,,98.089,factor_candle,FRED CSV Gateway mirror,learning_only_mirror
DTWEXBGS,2009-01-08,2009-01-08T00:00:00Z,daily,98.3223,98.3223,98.3223,98.3223,,98.3223,factor_candle,FRED CSV Gateway mirror,learning_only_mirror
DTWEXBGS,2009-01-09,2009-01-09T00:00:00Z,daily,98.8752,98.8752,98.8752,98.8752,,98.8752,factor_candle,FRED CSV Gateway mirror,learning_only_mirror
DTWEXBGS,2009-01-12,2009-01-12T00:00:00Z,daily,99.6022,99.6022,99.6022,99.6022,,99.6022,factor_candle,FRED CSV Gateway mirror,learning_only_mirror
DTWEXBGS,2009-01-13,2009-01-13T00:00:00Z,daily,100.3597,100.3597,100.3597,100.3597,,100.3597,factor_candle,FRED CSV Gateway mirror,learning_only_mirror
DTWEXBGS,2009-01-14,2009-01-14T00:00:00Z,daily,100.7546,100.7546,100.7546,100.7546,,100.7546,factor_candle,FRED CSV Gateway mirror,learning_only_mirror
DTWEXBGS,2009-01-15,2009-01-15T00:00:00Z,daily,101.4653,101.4653,101.4653,101.4653,,101.4653,factor_candle,FRED CSV Gateway mirror,learning_only_mirror
DTWEXBGS,2009-01-16,2009-01-16T00:00:00Z,daily,100.711,100.711,100.711,100.711,,100.711,factor_candle,FRED CSV Gateway mirror,learning_only_mirror
DTWEXBGS,2009-01-21,2009-01-21T00:00:00Z,daily,102.1007,102.1007,102.1007,102.1007,,102.1007,factor_candle,FRED CSV Gateway mirror,learning_only_mirror
DTWEXBGS,2009-01-22,2009-01-22T00:00:00Z,daily,101.8432,101.8432,101.8432,101.8432,,101.8432,factor_candle,FRED CSV Gateway mirror,learning_only_mirror
DTWEXBGS,2009-01-23,2009-01-23T00:00:00Z,daily,102.1096,102.1096,102.1096,102.1096,,102.1096,factor_candle,FRED CSV Gateway mirror,learning_only_mirror
DTWEXBGS,2009-01-26,2009-01-26T00:00:00Z,daily,100.9764,100.9764,100.9764,100.9764,,100.9764,factor_candle,FRED CSV Gateway mirror,learning_only_mirror
DTWEXBGS,2009-01-27,2009-01-27T00:00:00Z,daily,101.1702,101.1702,101.1702,101.1702,,101.1702,factor_candle,FRED CSV Gateway mirror,learning_only_mirror
DTWEXBGS,2009-01-28,2009-01-28T00:00:00Z,daily,100.5461,100.5461,100.5461,100.5461,,100.5461,factor_candle,FRED CSV Gateway mirror,learning_only_mirror
DTWEXBGS,2009-01-29,2009-01-29T00:00:00Z,daily,101.3398,101.3398,101.3398,101.3398,,101.3398,factor_candle,FRED CSV Gateway mirror,learning_only_mirror
DTWEXBGS,2009-01-30,2009-01-30T00:00:00Z,daily,102.1169,102.1169,102.1169,102.1169,,102.1169,factor_candle,FRED CSV Gateway mirror,learning_only_mirror
DTWEXBGS,2009-02-02,2009-02-02T00:00:00Z,daily,102.5067,102.5067,102.5067,102.5067,,102.5067,factor_candle,FRED CSV Gateway mirror,learning_only_mirror
DTWEXBGS,2009-02-03,2009-02-03T00:00:00Z,daily,101.8506,101.8506,101.8506,101.8506,,101.8506,factor_candle,FRED CSV Gateway mirror,learning_only_mirror
DTWEXBGS,2009-02-04,2009-02-04T00:00:00Z,daily,101.9056,101.9056,101.9056,101.9056,,101.9056,factor_candle,FRED CSV Gateway mirror,learning_only_mirror
DTWEXBGS,2009-02-05,2009-02-05T00:00:00Z,daily,101.9517,101.9517,101.9517,101.9517,,101.9517,factor_candle,FRED CSV Gateway mirror,learning_only_mirror
DTWEXBGS,2009-02-06,2009-02-06T00:00:00Z,daily,101.7455,101.7455,101.7455,101.7455,,101.7455,factor_candle,FRED CSV Gateway mirror,learning_only_mirror
DTWEXBGS,2009-02-09,2009-02-09T00:00:00Z,daily,100.9637,100.9637,100.9637,100.9637,,100.9637,factor_candle,FRED CSV Gateway mirror,learning_only_mirror
DTWEXBGS,2009-02-10,2009-02-10T00:00:00Z,daily,101.7094,101.7094,101.7094,101.7094,,101.7094,factor_candle,FRED CSV Gateway mirror,learning_only_mirror
DTWEXBGS,2009-02-11,2009-02-11T00:00:00Z,daily,102.24,102.24,102.24,102.24,,102.24,factor_candle,FRED CSV Gateway mirror,learning_only_mirror
DTWEXBGS,2009-02-12,2009-02-12T00:00:00Z,daily,102.598,102.598,102.598,102.598,,102.598,factor_candle,FRED CSV Gateway mirror,learning_only_mirror
DTWEXBGS,2009-02-13,2009-02-13T00:00:00Z,daily,102.2958,102.2958,102.2958,102.2958,,102.2958,factor_candle,FRED CSV Gateway mirror,learning_only_mirror
DTWEXBGS,2009-02-17,2009-02-17T00:00:00Z,daily,103.7625,103.7625,103.7625,103.7625,,103.7625,factor_candle,FRED CSV Gateway mirror,learning_only_mirror
DTWEXBGS,2009-02-18,2009-02-18T00:00:00Z,daily,104.0385,104.0385,104.0385,104.0385,,104.0385,factor_candle,FRED CSV Gateway mirror,learning_only_mirror
DTWEXBGS,2009-02-19,2009-02-19T00:00:00Z,daily,103.7656,103.7656,103.7656,103.7656,,103.7656,factor_candle,FRED CSV Gateway mirror,learning_only_mirror
DTWEXBGS,2009-02-20,2009-02-20T00:00:00Z,daily,104.0244,104.0244,104.0244,104.0244,,104.0244,factor_candle,FRED CSV Gateway mirror,learning_only_mirror
DTWEXBGS,2009-02-23,2009-02-23T00:00:00Z,daily,103.7416,103.7416,103.7416,103.7416,,103.7416,factor_candle,FRED CSV Gateway mirror,learning_only_mirror
DTWEXBGS,2009-02-24,2009-02-24T00:00:00Z,daily,103.9829,103.9829,103.9829,103.9829,,103.9829,factor_candle,FRED CSV Gateway mirror,learning_only_mirror
DTWEXBGS,2009-02-25,2009-02-25T00:00:00Z,daily,104.3086,104.3086,104.3086,104.3086,,104.3086,factor_candle,FRED CSV Gateway mirror,learning_only_mirror
DTWEXBGS,2009-02-26,2009-02-26T00:00:00Z,daily,104.1813,104.1813,104.1813,104.1813,,104.1813,factor_candle,FRED CSV Gateway mirror,learning_only_mirror
DTWEXBGS,2009-02-27,2009-02-27T00:00:00Z,daily,104.9284,104.9284,104.9284,104.9284,,104.9284,factor_candle,FRED CSV Gateway mirror,learning_only_mirror
DTWEXBGS,2009-03-02,2009-03-02T00:00:00Z,daily,105.9617,105.9617,105.9617,105.9617,,105.9617,factor_candle,FRED CSV Gateway mirror,learning_only_mirror
DTWEXBGS,2009-03-03,2009-03-03T00:00:00Z,daily,106.0249,106.0249,106.0249,106.0249,,106.0249,factor_candle,FRED CSV Gateway mirror,learning_only_mirror
DTWEXBGS,2009-03-04,2009-03-04T00:00:00Z,daily,105.4558,105.4558,105.4558,105.4558,,105.4558,factor_candle,FRED CSV Gateway mirror,learning_only_mirror
DTWEXBGS,2009-03-05,2009-03-05T00:00:00Z,daily,105.8064,105.8064,105.8064,105.8064,,105.8064,factor_candle,FRED CSV Gateway mirror,learning_only_mirror
DTWEXBGS,2009-03-06,2009-03-06T00:00:00Z,daily,105.3937,105.3937,105.3937,105.3937,,105.3937,factor_candle,FRED CSV Gateway mirror,learning_only_mirror
DTWEXBGS,2009-03-09,2009-03-09T00:00:00Z,daily,106.0182,106.0182,106.0182,106.0182,,106.0182,factor_candle,FRED CSV Gateway mirror,learning_only_mirror
DTWEXBGS,2009-03-10,2009-03-10T00:00:00Z,daily,105.1153,105.1153,105.1153,105.1153,,105.1153,factor_candle,FRED CSV Gateway mirror,learning_only_mirror
DTWEXBGS,2009-03-11,2009-03-11T00:00:00Z,daily,104.8499,104.8499,104.8499,104.8499,,104.8499,factor_candle,FRED CSV Gateway mirror,learning_only_mirror
DTWEXBGS,2009-03-12,2009-03-12T00:00:00Z,daily,104.89,104.89,104.89,104.89,,104.89,factor_candle,FRED CSV Gateway mirror,learning_only_mirror
DTWEXBGS,2009-03-13,2009-03-13T00:00:00Z,daily,104.1106,104.1106,104.1106,104.1106,,104.1106,factor_candle,FRED CSV Gateway mirror,learning_only_mirror
DTWEXBGS,2009-03-16,2009-03-16T00:00:00Z,daily,103.2005,103.2005,103.2005,103.2005,,103.2005,factor_candle,FRED CSV Gateway mirror,learning_only_mirror
DTWEXBGS,2009-03-17,2009-03-17T00:00:00Z,daily,103.2305,103.2305,103.2305,103.2305,,103.2305,factor_candle,FRED CSV Gateway mirror,learning_only_mirror
DTWEXBGS,2009-03-18,2009-03-18T00:00:00Z,daily,103.0005,103.0005,103.0005,103.0005,,103.0005,factor_candle,FRED CSV Gateway mirror,learning_only_mirror
DTWEXBGS,2009-03-19,2009-03-19T00:00:00Z,daily,100.3951,100.3951,100.3951,100.3951,,100.3951,factor_candle,FRED CSV Gateway mirror,learning_only_mirror
DTWEXBGS,2009-03-20,2009-03-20T00:00:00Z,daily,101.0581,101.0581,101.0581,101.0581,,101.0581,factor_candle,FRED CSV Gateway mirror,learning_only_mirror
DTWEXBGS,2009-03-23,2009-03-23T00:00:00Z,daily,101.103,101.103,101.103,101.103,,101.103,factor_candle,FRED CSV Gateway mirror,learning_only_mirror
DTWEXBGS,2009-03-24,2009-03-24T00:00:00Z,daily,101.0319,101.0319,101.0319,101.0319,,101.0319,factor_candle,FRED CSV Gateway mirror,learning_only_mirror
DTWEXBGS,2009-03-25,2009-03-25T00:00:00Z,daily,100.9674,100.9674,100.9674,100.9674,,100.9674,factor_candle,FRED CSV Gateway mirror,learning_only_mirror
DTWEXBGS,2009-03-26,2009-03-26T00:00:00Z,daily,101.097,101.097,101.097,101.097,,101.097,factor_candle,FRED CSV Gateway mirror,learning_only_mirror
DTWEXBGS,2009-03-27,2009-03-27T00:00:00Z,daily,101.8388,101.8388,101.8388,101.8388,,101.8388,factor_candle,FRED CSV Gateway mirror,learning_only_mirror
DTWEXBGS,2009-03-30,2009-03-30T00:00:00Z,daily,102.749,102.749,102.749,102.749,,102.749,factor_candle,FRED CSV Gateway mirror,learning_only_mirror
DTWEXBGS,2009-03-31,2009-03-31T00:00:00Z,daily,102.3761,102.3761,102.3761,102.3761,,102.3761,factor_candle,FRED CSV Gateway mirror,learning_only_mirror
DTWEXBGS,2009-04-01,2009-04-01T00:00:00Z,daily,102.1252,102.1252,102.1252,102.1252,,102.1252,factor_candle,FRED CSV Gateway mirror,learning_only_mirror
DTWEXBGS,2009-04-02,2009-04-02T00:00:00Z,daily,100.8733,100.8733,100.8733,100.8733,,100.8733,factor_candle,FRED CSV Gateway mirror,learning_only_mirror
DTWEXBGS,2009-04-03,2009-04-03T00:00:00Z,daily,100.6429,100.6429,100.6429,100.6429,,100.6429,factor_candle,FRED CSV Gateway mirror,learning_only_mirror
DTWEXBGS,2009-04-06,2009-04-06T00:00:00Z,daily,100.9428,100.9428,100.9428,100.9428,,100.9428,factor_candle,FRED CSV Gateway mirror,learning_only_mirror
DTWEXBGS,2009-04-07,2009-04-07T00:00:00Z,daily,100.9808,100.9808,100.9808,100.9808,,100.9808,factor_candle,FRED CSV Gateway mirror,learning_only_mirror
DTWEXBGS,2009-04-08,2009-04-08T00:00:00Z,daily,100.8948,100.8948,100.8948,100.8948,,100.8948,factor_candle,FRED CSV Gateway mirror,learning_only_mirror
DTWEXBGS,2009-04-09,2009-04-09T00:00:00Z,daily,100.7988,100.7988,100.7988,100.7988,,100.7988,factor_candle,FRED CSV Gateway mirror,learning_only_mirror
DTWEXBGS,2009-04-10,2009-04-10T00:00:00Z,daily,100.7597,100.7597,100.7597,100.7597,,100.7597,factor_candle,FRED CSV Gateway mirror,learning_only_mirror
DTWEXBGS,2009-04-13,2009-04-13T00:00:00Z,daily,100.1369,100.1369,100.1369,100.1369,,100.1369,factor_candle,FRED CSV Gateway mirror,learning_only_mirror
DTWEXBGS,2009-04-14,2009-04-14T00:00:00Z,daily,99.9097,99.9097,99.9097,99.9097,,99.9097,factor_candle,FRED CSV Gateway mirror,learning_only_mirror
DTWEXBGS,2009-04-15,2009-04-15T00:00:00Z,daily,100.1497,100.1497,100.1497,100.1497,,100.1497,factor_candle,FRED CSV Gateway mirror,learning_only_mirror
DTWEXBGS,2009-04-16,2009-04-16T00:00:00Z,daily,100.0517,100.0517,100.0517,100.0517,,100.0517,factor_candle,FRED CSV Gateway mirror,learning_only_mirror
DTWEXBGS,2009-04-17,2009-04-17T00:00:00Z,daily,100.5719,100.5719,100.5719,100.5719,,100.5719,factor_candle,FRED CSV Gateway mirror,learning_only_mirror
DTWEXBGS,2009-04-20,2009-04-20T00:00:00Z,daily,101.448,101.448,101.448,101.448,,101.448,factor_candle,FRED CSV Gateway mirror,learning_only_mirror
DTWEXBGS,2009-04-21,2009-04-21T00:00:00Z,daily,101.1794,101.1794,101.1794,101.1794,,101.1794,factor_candle,FRED CSV Gateway mirror,learning_only_mirror
DTWEXBGS,2009-04-22,2009-04-22T00:00:00Z,daily,101.1142,101.1142,101.1142,101.1142,,101.1142,factor_candle,FRED CSV Gateway mirror,learning_only_mirror
DTWEXBGS,2009-04-23,2009-04-23T00:00:00Z,daily,101.0065,101.0065,101.0065,101.0065,,101.0065,factor_candle,FRED CSV Gateway mirror,learning_only_mirror
DTWEXBGS,2009-04-24,2009-04-24T00:00:00Z,daily,100.0244,100.0244,100.0244,100.0244,,100.0244,factor_candle,FRED CSV Gateway mirror,learning_only_mirror
DTWEXBGS,2009-04-27,2009-04-27T00:00:00Z,daily,100.7258,100.7258,100.7258,100.7258,,100.7258,factor_candle,FRED CSV Gateway mirror,learning_only_mirror
DTWEXBGS,2009-04-28,2009-04-28T00:00:00Z,daily,101.3145,101.3145,101.3145,101.3145,,101.3145,factor_candle,FRED CSV Gateway mirror,learning_only_mirror
DTWEXBGS,2009-04-29,2009-04-29T00:00:00Z,daily,100.0009,100.0009,100.0009,100.0009,,100.0009,factor_candle,FRED CSV Gateway mirror,learning_only_mirror
DTWEXBGS,2009-04-30,2009-04-30T00:00:00Z,daily,100.1042,100.1042,100.1042,100.1042,,100.1042,factor_candle,FRED CSV Gateway mirror,learning_only_mirror
DTWEXBGS,2009-05-01,2009-05-01T00:00:00Z,daily,100.0057,100.0057,100.0057,100.0057,,100.0057,factor_candle,FRED CSV Gateway mirror,learning_only_mirror
DTWEXBGS,2009-05-04,2009-05-04T00:00:00Z,daily,99.134,99.134,99.134,99.134,,99.134,factor_candle,FRED CSV Gateway mirror,learning_only_mirror
DTWEXBGS,2009-05-05,2009-05-05T00:00:00Z,daily,98.8529,98.8529,98.8529,98.8529,,98.8529,factor_candle,FRED CSV Gateway mirror,learning_only_mirror
DTWEXBGS,2009-05-06,2009-05-06T00:00:00Z,daily,98.9044,98.9044,98.9044,98.9044,,98.9044,factor_candle,FRED CSV Gateway mirror,learning_only_mirror
DTWEXBGS,2009-05-07,2009-05-07T00:00:00Z,daily,98.552,98.552,98.552,98.552,,98.552,factor_candle,FRED CSV Gateway mirror,learning_only_mirror
DTWEXBGS,2009-05-08,2009-05-08T00:00:00Z,daily,98.1269,98.1269,98.1269,98.1269,,98.1269,factor_candle,FRED CSV Gateway mirror,learning_only_mirror
DTWEXBGS,2009-05-11,2009-05-11T00:00:00Z,daily,97.747,97.747,97.747,97.747,,97.747,factor_candle,FRED CSV Gateway mirror,learning_only_mirror
DTWEXBGS,2009-05-12,2009-05-12T00:00:00Z,daily,97.8269,97.8269,97.8269,97.8269,,97.8269,factor_candle,FRED CSV Gateway mirror,learning_only_mirror
DTWEXBGS,2009-05-13,2009-05-13T00:00:00Z,daily,98.0276,98.0276,98.0276,98.0276,,98.0276,factor_candle,FRED CSV Gateway mirror,learning_only_mirror
DTWEXBGS,2009-05-14,2009-05-14T00:00:00Z,daily,98.1271,98.1271,98.1271,98.1271,,98.1271,factor_candle,FRED CSV Gateway mirror,learning_only_mirror
DTWEXBGS,2009-05-15,2009-05-15T00:00:00Z,daily,98.1063,98.1063,98.1063,98.1063,,98.1063,factor_candle,FRED CSV Gateway mirror,learning_only_mirror
DTWEXBGS,2009-05-18,2009-05-18T00:00:00Z,daily,97.9412,97.9412,97.9412,97.9412,,97.9412,factor_candle,FRED CSV Gateway mirror,learning_only_mirror
DTWEXBGS,2009-05-19,2009-05-19T00:00:00Z,daily,97.2827,97.2827,97.2827,97.2827,,97.2827,factor_candle,FRED CSV Gateway mirror,learning_only_mirror
DTWEXBGS,2009-05-20,2009-05-20T00:00:00Z,daily,96.5707,96.5707,96.5707,96.5707,,96.5707,factor_candle,FRED CSV Gateway mirror,learning_only_mirror
DTWEXBGS,2009-05-21,2009-05-21T00:00:00Z,daily,96.6039,96.6039,96.6039,96.6039,,96.6039,factor_candle,FRED CSV Gateway mirror,learning_only_mirror
DTWEXBGS,2009-05-22,2009-05-22T00:00:00Z,daily,95.8788,95.8788,95.8788,95.8788,,95.8788,factor_candle,FRED CSV Gateway mirror,learning_only_mirror
DTWEXBGS,2009-05-26,2009-05-26T00:00:00Z,daily,95.988,95.988,95.988,95.988,,95.988,factor_candle,FRED CSV Gateway mirror,learning_only_mirror
DTWEXBGS,2009-05-27,2009-05-27T00:00:00Z,daily,95.9622,95.9622,95.9622,95.9622,,95.9622,factor_candle,FRED CSV Gateway mirror,learning_only_mirror
DTWEXBGS,2009-05-28,2009-05-28T00:00:00Z,daily,96.1313,96.1313,96.1313,96.1313,,96.1313,factor_candle,FRED CSV Gateway mirror,learning_only_mirror
DTWEXBGS,2009-05-29,2009-05-29T00:00:00Z,daily,95.268,95.268,95.268,95.268,,95.268,factor_candle,FRED CSV Gateway mirror,learning_only_mirror
DTWEXBGS,2009-06-01,2009-06-01T00:00:00Z,daily,94.8107,94.8107,94.8107,94.8107,,94.8107,factor_candle,FRED CSV Gateway mirror,learning_only_mirror
DTWEXBGS,2009-06-02,2009-06-02T00:00:00Z,daily,94.6556,94.6556,94.6556,94.6556,,94.6556,factor_candle,FRED CSV Gateway mirror,learning_only_mirror
DTWEXBGS,2009-06-03,2009-06-03T00:00:00Z,daily,95.0751,95.0751,95.0751,95.0751,,95.0751,factor_candle,FRED CSV Gateway mirror,learning_only_mirror
DTWEXBGS,2009-06-04,2009-06-04T00:00:00Z,daily,95.2922,95.2922,95.2922,95.2922,,95.2922,factor_candle,FRED CSV Gateway mirror,learning_only_mirror
DTWEXBGS,2009-06-05,2009-06-05T00:00:00Z,daily,96.0412,96.0412,96.0412,96.0412,,96.0412,factor_candle,FRED CSV Gateway mirror,learning_only_mirror
DTWEXBGS,2009-06-08,2009-06-08T00:00:00Z,daily,96.6548,96.6548,96.6548,96.6548,,96.6548,factor_candle,FRED CSV Gateway mirror,learning_only_mirror
DTWEXBGS,2009-06-09,2009-06-09T00:00:00Z,daily,95.9537,95.9537,95.9537,95.9537,,95.9537,factor_candle,FRED CSV Gateway mirror,learning_only_mirror
DTWEXBGS,2009-06-10,2009-06-10T00:00:00Z,daily,96.1277,96.1277,96.1277,96.1277,,96.1277,factor_candle,FRED CSV Gateway mirror,learning_only_mirror
DTWEXBGS,2009-06-11,2009-06-11T00:00:00Z,daily,95.4993,95.4993,95.4993,95.4993,,95.4993,factor_candle,FRED CSV Gateway mirror,learning_only_mirror
DTWEXBGS,2009-06-12,2009-06-12T00:00:00Z,daily,95.836,95.836,95.836,95.836,,95.836,factor_candle,FRED CSV Gateway mirror,learning_only_mirror
DTWEXBGS,2009-06-15,2009-06-15T00:00:00Z,daily,96.7519,96.7519,96.7519,96.7519,,96.7519,factor_candle,FRED CSV Gateway mirror,learning_only_mirror
DTWEXBGS,2009-06-16,2009-06-16T00:00:00Z,daily,96.2616,96.2616,96.2616,96.2616,,96.2616,factor_candle,FRED CSV Gateway mirror,learning_only_mirror
DTWEXBGS,2009-06-17,2009-06-17T00:00:00Z,daily,96.64,96.64,96.64,96.64,,96.64,factor_candle,FRED CSV Gateway mirror,learning_only_mirror
DTWEXBGS,2009-06-18,2009-06-18T00:00:00Z,daily,96.1482,96.1482,96.1482,96.1482,,96.1482,factor_candle,FRED CSV Gateway mirror,learning_only_mirror
DTWEXBGS,2009-06-19,2009-06-19T00:00:00Z,daily,96.0325,96.0325,96.0325,96.0325,,96.0325,factor_candle,FRED CSV Gateway mirror,learning_only_mirror
DTWEXBGS,2009-06-22,2009-06-22T00:00:00Z,daily,96.8818,96.8818,96.8818,96.8818,,96.8818,factor_candle,FRED CSV Gateway mirror,learning_only_mirror
DTWEXBGS,2009-06-23,2009-06-23T00:00:00Z,daily,96.5196,96.5196,96.5196,96.5196,,96.5196,factor_candle,FRED CSV Gateway mirror,learning_only_mirror
DTWEXBGS,2009-06-24,2009-06-24T00:00:00Z,daily,96.2369,96.2369,96.2369,96.2369,,96.2369,factor_candle,FRED CSV Gateway mirror,learning_only_mirror
DTWEXBGS,2009-06-25,2009-06-25T00:00:00Z,daily,96.7072,96.7072,96.7072,96.7072,,96.7072,factor_candle,FRED CSV Gateway mirror,learning_only_mirror
DTWEXBGS,2009-06-26,2009-06-26T00:00:00Z,daily,96.1935,96.1935,96.1935,96.1935,,96.1935,factor_candle,FRED CSV Gateway mirror,learning_only_mirror
DTWEXBGS,2009-06-29,2009-06-29T00:00:00Z,daily,96.242,96.242,96.242,96.242,,96.242,factor_candle,FRED CSV Gateway mirror,learning_only_mirror
DTWEXBGS,2009-06-30,2009-06-30T00:00:00Z,daily,96.3761,96.3761,96.3761,96.3761,,96.3761,factor_candle,FRED CSV Gateway mirror,learning_only_mirror
DTWEXBGS,2009-07-01,2009-07-01T00:00:00Z,daily,95.6581,95.6581,95.6581,95.6581,,95.6581,factor_candle,FRED CSV Gateway mirror,learning_only_mirror
DTWEXBGS,2009-07-02,2009-07-02T00:00:00Z,daily,96.3216,96.3216,96.3216,96.3216,,96.3216,factor_candle,FRED CSV Gateway mirror,learning_only_mirror
DTWEXBGS,2009-07-06,2009-07-06T00:00:00Z,daily,96.6174,96.6174,96.6174,96.6174,,96.6174,factor_candle,FRED CSV Gateway mirror,learning_only_mirror
DTWEXBGS,2009-07-07,2009-07-07T00:00:00Z,daily,96.6321,96.6321,96.6321,96.6321,,96.6321,factor_candle,FRED CSV Gateway mirror,learning_only_mirror
DTWEXBGS,2009-07-08,2009-07-08T00:00:00Z,daily,97.0204,97.0204,97.0204,97.0204,,97.0204,factor_candle,FRED CSV Gateway mirror,learning_only_mirror
DTWEXBGS,2009-07-09,2009-07-09T00:00:00Z,daily,96.6219,96.6219,96.6219,96.6219,,96.6219,factor_candle,FRED CSV Gateway mirror,learning_only_mirror
DTWEXBGS,2009-07-10,2009-07-10T00:00:00Z,daily,97.0819,97.0819,97.0819,97.0819,,97.0819,factor_candle,FRED CSV Gateway mirror,learning_only_mirror
DTWEXBGS,2009-07-13,2009-07-13T00:00:00Z,daily,96.9995,96.9995,96.9995,96.9995,,96.9995,factor_candle,FRED CSV Gateway mirror,learning_only_mirror
DTWEXBGS,2009-07-14,2009-07-14T00:00:00Z,daily,96.6599,96.6599,96.6599,96.6599,,96.6599,factor_candle,FRED CSV Gateway mirror,learning_only_mirror
DTWEXBGS,2009-07-15,2009-07-15T00:00:00Z,daily,95.8004,95.8004,95.8004,95.8004,,95.8004,factor_candle,FRED CSV Gateway mirror,learning_only_mirror
DTWEXBGS,2009-07-16,2009-07-16T00:00:00Z,daily,95.7241,95.7241,95.7241,95.7241,,95.7241,factor_candle,FRED CSV Gateway mirror,learning_only_mirror
DTWEXBGS,2009-07-17,2009-07-17T00:00:00Z,daily,95.6036,95.6036,95.6036,95.6036,,95.6036,factor_candle,FRED CSV Gateway mirror,learning_only_mirror
DTWEXBGS,2009-07-20,2009-07-20T00:00:00Z,daily,95.0903,95.0903,95.0903,95.0903,,95.0903,factor_candle,FRED CSV Gateway mirror,learning_only_mirror
DTWEXBGS,2009-07-21,2009-07-21T00:00:00Z,daily,95.0564,95.0564,95.0564,95.0564,,95.0564,factor_candle,FRED CSV Gateway mirror,learning_only_mirror
DTWEXBGS,2009-07-22,2009-07-22T00:00:00Z,daily,94.8659,94.8659,94.8659,94.8659,,94.8659,factor_candle,FRED CSV Gateway mirror,learning_only_mirror
DTWEXBGS,2009-07-23,2009-07-23T00:00:00Z,daily,94.532,94.532,94.532,94.532,,94.532,factor_candle,FRED CSV Gateway mirror,learning_only_mirror
DTWEXBGS,2009-07-24,2009-07-24T00:00:00Z,daily,94.7046,94.7046,94.7046,94.7046,,94.7046,factor_candle,FRED CSV Gateway mirror,learning_only_mirror
DTWEXBGS,2009-07-27,2009-07-27T00:00:00Z,daily,94.6659,94.6659,94.6659,94.6659,,94.6659,factor_candle,FRED CSV Gateway mirror,learning_only_mirror
DTWEXBGS,2009-07-28,2009-07-28T00:00:00Z,daily,94.5592,94.5592,94.5592,94.5592,,94.5592,factor_candle,FRED CSV Gateway mirror,learning_only_mirror
DTWEXBGS,2009-07-29,2009-07-29T00:00:00Z,daily,95.1678,95.1678,95.1678,95.1678,,95.1678,factor_candle,FRED CSV Gateway mirror,learning_only_mirror
DTWEXBGS,2009-07-30,2009-07-30T00:00:00Z,daily,94.8967,94.8967,94.8967,94.8967,,94.8967,factor_candle,FRED CSV Gateway mirror,learning_only_mirror
DTWEXBGS,2009-07-31,2009-07-31T00:00:00Z,daily,94.2526,94.2526,94.2526,94.2526,,94.2526,factor_candle,FRED CSV Gateway mirror,learning_only_mirror
DTWEXBGS,2009-08-03,2009-08-03T00:00:00Z,daily,93.6331,93.6331,93.6331,93.6331,,93.6331,factor_candle,FRED CSV Gateway mirror,learning_only_mirror
DTWEXBGS,2009-08-04,2009-08-04T00:00:00Z,daily,93.7281,93.7281,93.7281,93.7281,,93.7281,factor_candle,FRED CSV Gateway mirror,learning_only_mirror
DTWEXBGS,2009-08-05,2009-08-05T00:00:00Z,daily,93.7848,93.7848,93.7848,93.7848,,93.7848,factor_candle,FRED CSV Gateway mirror,learning_only_mirror
DTWEXBGS,2009-08-06,2009-08-06T00:00:00Z,daily,93.9358,93.9358,93.9358,93.9358,,93.9358,factor_candle,FRED CSV Gateway mirror,learning_only_mirror
DTWEXBGS,2009-08-07,2009-08-07T00:00:00Z,daily,94.4692,94.4692,94.4692,94.4692,,94.4692,factor_candle,FRED CSV Gateway mirror,learning_only_mirror
DTWEXBGS,2009-08-10,2009-08-10T00:00:00Z,daily,94.6087,94.6087,94.6087,94.6087,,94.6087,factor_candle,FRED CSV Gateway mirror,learning_only_mirror
DTWEXBGS,2009-08-11,2009-08-11T00:00:00Z,daily,94.8678,94.8678,94.8678,94.8678,,94.8678,factor_candle,FRED CSV Gateway mirror,learning_only_mirror
DTWEXBGS,2009-08-12,2009-08-12T00:00:00Z,daily,94.5394,94.5394,94.5394,94.5394,,94.5394,factor_candle,FRED CSV Gateway mirror,learning_only_mirror
DTWEXBGS,2009-08-13,2009-08-13T00:00:00Z,daily,94.2392,94.2392,94.2392,94.2392,,94.2392,factor_candle,FRED CSV Gateway mirror,learning_only_mirror
DTWEXBGS,2009-08-14,2009-08-14T00:00:00Z,daily,94.475,94.475,94.475,94.475,,94.475,factor_candle,FRED CSV Gateway mirror,learning_only_mirror
DTWEXBGS,2009-08-17,2009-08-17T00:00:00Z,daily,95.1024,95.1024,95.1024,95.1024,,95.1024,factor_candle,FRED CSV Gateway mirror,learning_only_mirror
DTWEXBGS,2009-08-18,2009-08-18T00:00:00Z,daily,95.1118,95.1118,95.1118,95.1118,,95.1118,factor_candle,FRED CSV Gateway mirror,learning_only_mirror
DTWEXBGS,2009-08-19,2009-08-19T00:00:00Z,daily,94.4084,94.4084,94.4084,94.4084,,94.4084,factor_candle,FRED CSV Gateway mirror,learning_only_mirror
DTWEXBGS,2009-08-20,2009-08-20T00:00:00Z,daily,94.3492,94.3492,94.3492,94.3492,,94.3492,factor_candle,FRED CSV Gateway mirror,learning_only_mirror
DTWEXBGS,2009-08-21,2009-08-21T00:00:00Z,daily,94.0103,94.0103,94.0103,94.0103,,94.0103,factor_candle,FRED CSV Gateway mirror,learning_only_mirror
DTWEXBGS,2009-08-24,2009-08-24T00:00:00Z,daily,93.9345,93.9345,93.9345,93.9345,,93.9345,factor_candle,FRED CSV Gateway mirror,learning_only_mirror
DTWEXBGS,2009-08-25,2009-08-25T00:00:00Z,daily,93.9066,93.9066,93.9066,93.9066,,93.9066,factor_candle,FRED CSV Gateway mirror,learning_only_mirror
DTWEXBGS,2009-08-26,2009-08-26T00:00:00Z,daily,94.8662,94.8662,94.8662,94.8662,,94.8662,factor_candle,FRED CSV Gateway mirror,learning_only_mirror
DTWEXBGS,2009-08-27,2009-08-27T00:00:00Z,daily,94.7943,94.7943,94.7943,94.7943,,94.7943,factor_candle,FRED CSV Gateway mirror,learning_only_mirror
DTWEXBGS,2009-08-28,2009-08-28T00:00:00Z,daily,94.4489,94.4489,94.4489,94.4489,,94.4489,factor_candle,FRED CSV Gateway mirror,learning_only_mirror
DTWEXBGS,2009-08-31,2009-08-31T00:00:00Z,daily,94.6202,94.6202,94.6202,94.6202,,94.6202,factor_candle,FRED CSV Gateway mirror,learning_only_mirror
DTWEXBGS,2009-09-01,2009-09-01T00:00:00Z,daily,95.2201,95.2201,95.2201,95.2201,,95.2201,factor_candle,FRED CSV Gateway mirror,learning_only_mirror
DTWEXBGS,2009-09-02,2009-09-02T00:00:00Z,daily,95.1575,95.1575,95.1575,95.1575,,95.1575,factor_candle,FRED CSV Gateway mirror,learning_only_mirror
DTWEXBGS,2009-09-03,2009-09-03T00:00:00Z,daily,94.959,94.959,94.959,94.959,,94.959,factor_candle,FRED CSV Gateway mirror,learning_only_mirror
DTWEXBGS,2009-09-04,2009-09-04T00:00:00Z,daily,94.5811,94.5811,94.5811,94.5811,,94.5811,factor_candle,FRED CSV Gateway mirror,learning_only_mirror
DTWEXBGS,2009-09-08,2009-09-08T00:00:00Z,daily,93.7323,93.7323,93.7323,93.7323,,93.7323,factor_candle,FRED CSV Gateway mirror,learning_only_mirror
DTWEXBGS,2009-09-09,2009-09-09T00:00:00Z,daily,93.6915,93.6915,93.6915,93.6915,,93.6915,factor_candle,FRED CSV Gateway mirror,learning_only_mirror
DTWEXBGS,2009-09-10,2009-09-10T00:00:00Z,daily,93.6947,93.6947,93.6947,93.6947,,93.6947,factor_candle,FRED CSV Gateway mirror,learning_only_mirror
DTWEXBGS,2009-09-11,2009-09-11T00:00:00Z,daily,93.3225,93.3225,93.3225,93.3225,,93.3225,factor_candle,FRED CSV Gateway mirror,learning_only_mirror
DTWEXBGS,2009-09-14,2009-09-14T00:00:00Z,daily,93.6196,93.6196,93.6196,93.6196,,93.6196,factor_candle,FRED CSV Gateway mirror,learning_only_mirror
DTWEXBGS,2009-09-15,2009-09-15T00:00:00Z,daily,93.4427,93.4427,93.4427,93.4427,,93.4427,factor_candle,FRED CSV Gateway mirror,learning_only_mirror
DTWEXBGS,2009-09-16,2009-09-16T00:00:00Z,daily,92.9072,92.9072,92.9072,92.9072,,92.9072,factor_candle,FRED CSV Gateway mirror,learning_only_mirror
DTWEXBGS,2009-09-17,2009-09-17T00:00:00Z,daily,92.8287,92.8287,92.8287,92.8287,,92.8287,factor_candle,FRED CSV Gateway mirror,learning_only_mirror
DTWEXBGS,2009-09-18,2009-09-18T00:00:00Z,daily,93.1233,93.1233,93.1233,93.1233,,93.1233,factor_candle,FRED CSV Gateway mirror,learning_only_mirror
DTWEXBGS,2009-09-21,2009-09-21T00:00:00Z,daily,93.3547,93.3547,93.3547,93.3547,,93.3547,factor_candle,FRED CSV Gateway mirror,learning_only_mirror
DTWEXBGS,2009-09-22,2009-09-22T00:00:00Z,daily,92.8664,92.8664,92.8664,92.8664,,92.8664,factor_candle,FRED CSV Gateway mirror,learning_only_mirror
DTWEXBGS,2009-09-23,2009-09-23T00:00:00Z,daily,92.979,92.979,92.979,92.979,,92.979,factor_candle,FRED CSV Gateway mirror,learning_only_mirror
DTWEXBGS,2009-09-24,2009-09-24T00:00:00Z,daily,93.4708,93.4708,93.4708,93.4708,,93.4708,factor_candle,FRED CSV Gateway mirror,learning_only_mirror
DTWEXBGS,2009-09-25,2009-09-25T00:00:00Z,daily,93.5535,93.5535,93.5535,93.5535,,93.5535,factor_candle,FRED CSV Gateway mirror,learning_only_mirror
DTWEXBGS,2009-09-28,2009-09-28T00:00:00Z,daily,93.4669,93.4669,93.4669,93.4669,,93.4669,factor_candle,FRED CSV Gateway mirror,learning_only_mirror
DTWEXBGS,2009-09-29,2009-09-29T00:00:00Z,daily,93.7776,93.7776,93.7776,93.7776,,93.7776,factor_candle,FRED CSV Gateway mirror,learning_only_mirror
DTWEXBGS,2009-09-30,2009-09-30T00:00:00Z,daily,93.1907,93.1907,93.1907,93.1907,,93.1907,factor_candle,FRED CSV Gateway mirror,learning_only_mirror
DTWEXBGS,2009-10-01,2009-10-01T00:00:00Z,daily,93.5995,93.5995,93.5995,93.5995,,93.5995,factor_candle,FRED CSV Gateway mirror,learning_only_mirror
DTWEXBGS,2009-10-02,2009-10-02T00:00:00Z,daily,93.6756,93.6756,93.6756,93.6756,,93.6756,factor_candle,FRED CSV Gateway mirror,learning_only_mirror
DTWEXBGS,2009-10-05,2009-10-05T00:00:00Z,daily,93.3356,93.3356,93.3356,93.3356,,93.3356,factor_candle,FRED CSV Gateway mirror,learning_only_mirror
DTWEXBGS,2009-10-06,2009-10-06T00:00:00Z,daily,92.619,92.619,92.619,92.619,,92.619,factor_candle,FRED CSV Gateway mirror,learning_only_mirror
DTWEXBGS,2009-10-07,2009-10-07T00:00:00Z,daily,92.794,92.794,92.794,92.794,,92.794,factor_candle,FRED CSV Gateway mirror,learning_only_mirror
DTWEXBGS,2009-10-08,2009-10-08T00:00:00Z,daily,92.2074,92.2074,92.2074,92.2074,,92.2074,factor_candle,FRED CSV Gateway mirror,learning_only_mirror
DTWEXBGS,2009-10-09,2009-10-09T00:00:00Z,daily,92.2984,92.2984,92.2984,92.2984,,92.2984,factor_candle,FRED CSV Gateway mirror,learning_only_mirror
DTWEXBGS,2009-10-13,2009-10-13T00:00:00Z,daily,91.8273,91.8273,91.8273,91.8273,,91.8273,factor_candle,FRED CSV Gateway mirror,learning_only_mirror
DTWEXBGS,2009-10-14,2009-10-14T00:00:00Z,daily,91.5047,91.5047,91.5047,91.5047,,91.5047,factor_candle,FRED CSV Gateway mirror,learning_only_mirror
DTWEXBGS,2009-10-15,2009-10-15T00:00:00Z,daily,91.4367,91.4367,91.4367,91.4367,,91.4367,factor_candle,FRED CSV Gateway mirror,learning_only_mirror
DTWEXBGS,2009-10-16,2009-10-16T00:00:00Z,daily,91.6541,91.6541,91.6541,91.6541,,91.6541,factor_candle,FRED CSV Gateway mirror,learning_only_mirror
DTWEXBGS,2009-10-19,2009-10-19T00:00:00Z,daily,91.4406,91.4406,91.4406,91.4406,,91.4406,factor_candle,FRED CSV Gateway mirror,learning_only_mirror
DTWEXBGS,2009-10-20,2009-10-20T00:00:00Z,daily,91.801,91.801,91.801,91.801,,91.801,factor_candle,FRED CSV Gateway mirror,learning_only_mirror
DTWEXBGS,2009-10-21,2009-10-21T00:00:00Z,daily,91.3805,91.3805,91.3805,91.3805,,91.3805,factor_candle,FRED CSV Gateway mirror,learning_only_mirror
DTWEXBGS,2009-10-22,2009-10-22T00:00:00Z,daily,91.6075,91.6075,91.6075,91.6075,,91.6075,factor_candle,FRED CSV Gateway mirror,learning_only_mirror
DTWEXBGS,2009-10-23,2009-10-23T00:00:00Z,daily,91.7331,91.7331,91.7331,91.7331,,91.7331,factor_candle,FRED CSV Gateway mirror,learning_only_mirror
DTWEXBGS,2009-10-26,2009-10-26T00:00:00Z,daily,92.0998,92.0998,92.0998,92.0998,,92.0998,factor_candle,FRED CSV Gateway mirror,learning_only_mirror
DTWEXBGS,2009-10-27,2009-10-27T00:00:00Z,daily,92.5335,92.5335,92.5335,92.5335,,92.5335,factor_candle,FRED CSV Gateway mirror,learning_only_mirror
DTWEXBGS,2009-10-28,2009-10-28T00:00:00Z,daily,92.8152,92.8152,92.8152,92.8152,,92.8152,factor_candle,FRED CSV Gateway mirror,learning_only_mirror
DTWEXBGS,2009-10-29,2009-10-29T00:00:00Z,daily,92.4708,92.4708,92.4708,92.4708,,92.4708,factor_candle,FRED CSV Gateway mirror,learning_only_mirror
DTWEXBGS,2009-10-30,2009-10-30T00:00:00Z,daily,92.6207,92.6207,92.6207,92.6207,,92.6207,factor_candle,FRED CSV Gateway mirror,learning_only_mirror
DTWEXBGS,2009-11-02,2009-11-02T00:00:00Z,daily,92.4501,92.4501,92.4501,92.4501,,92.4501,factor_candle,FRED CSV Gateway mirror,learning_only_mirror
DTWEXBGS,2009-11-03,2009-11-03T00:00:00Z,daily,92.9037,92.9037,92.9037,92.9037,,92.9037,factor_candle,FRED CSV Gateway mirror,learning_only_mirror
DTWEXBGS,2009-11-04,2009-11-04T00:00:00Z,daily,92.3725,92.3725,92.3725,92.3725,,92.3725,factor_candle,FRED CSV Gateway mirror,learning_only_mirror
DTWEXBGS,2009-11-05,2009-11-05T00:00:00Z,daily,92.3437,92.3437,92.3437,92.3437,,92.3437,factor_candle,FRED CSV Gateway mirror,learning_only_mirror
DTWEXBGS,2009-11-06,2009-11-06T00:00:00Z,daily,92.3848,92.3848,92.3848,92.3848,,92.3848,factor_candle,FRED CSV Gateway mirror,learning_only_mirror
DTWEXBGS,2009-11-09,2009-11-09T00:00:00Z,daily,91.6861,91.6861,91.6861,91.6861,,91.6861,factor_candle,FRED CSV Gateway mirror,learning_only_mirror
DTWEXBGS,2009-11-10,2009-11-10T00:00:00Z,daily,91.6659,91.6659,91.6659,91.6659,,91.6659,factor_candle,FRED CSV Gateway mirror,learning_only_mirror
DTWEXBGS,2009-11-12,2009-11-12T00:00:00Z,daily,91.9461,91.9461,91.9461,91.9461,,91.9461,factor_candle,FRED CSV Gateway mirror,learning_only_mirror
DTWEXBGS,2009-11-13,2009-11-13T00:00:00Z,daily,91.5754,91.5754,91.5754,91.5754,,91.5754,factor_candle,FRED CSV Gateway mirror,learning_only_mirror
DTWEXBGS,2009-11-16,2009-11-16T00:00:00Z,daily,91.194,91.194,91.194,91.194,,91.194,factor_candle,FRED CSV Gateway mirror,learning_only_mirror
DTWEXBGS,2009-11-17,2009-11-17T00:00:00Z,daily,91.7419,91.7419,91.7419,91.7419,,91.7419,factor_candle,FRED CSV Gateway mirror,learning_only_mirror
DTWEXBGS,2009-11-18,2009-11-18T00:00:00Z,daily,91.249,91.249,91.249,91.249,,91.249,factor_candle,FRED CSV Gateway mirror,learning_only_mirror
DTWEXBGS,2009-11-19,2009-11-19T00:00:00Z,daily,91.7827,91.7827,91.7827,91.7827,,91.7827,factor_candle,FRED CSV Gateway mirror,learning_only_mirror
DTWEXBGS,2009-11-20,2009-11-20T00:00:00Z,daily,91.9906,91.9906,91.9906,91.9906,,91.9906,factor_candle,FRED CSV Gateway mirror,learning_only_mirror
DTWEXBGS,2009-11-23,2009-11-23T00:00:00Z,daily,91.4864,91.4864,91.4864,91.4864,,91.4864,factor_candle,FRED CSV Gateway mirror,learning_only_mirror
DTWEXBGS,2009-11-24,2009-11-24T00:00:00Z,daily,91.5539,91.5539,91.5539,91.5539,,91.5539,factor_candle,FRED CSV Gateway mirror,learning_only_mirror
DTWEXBGS,2009-11-25,2009-11-25T00:00:00Z,daily,90.9669,90.9669,90.9669,90.9669,,90.9669,factor_candle,FRED CSV Gateway mirror,learning_only_mirror
DTWEXBGS,2009-11-27,2009-11-27T00:00:00Z,daily,91.5272,91.5272,91.5272,91.5272,,91.5272,factor_candle,FRED CSV Gateway mirror,learning_only_mirror
DTWEXBGS,2009-11-30,2009-11-30T00:00:00Z,daily,91.3717,91.3717,91.3717,91.3717,,91.3717,factor_candle,FRED CSV Gateway mirror,learning_only_mirror
DTWEXBGS,2009-12-01,2009-12-01T00:00:00Z,daily,90.8323,90.8323,90.8323,90.8323,,90.8323,factor_candle,FRED CSV Gateway mirror,learning_only_mirror
DTWEXBGS,2009-12-02,2009-12-02T00:00:00Z,daily,90.8906,90.8906,90.8906,90.8906,,90.8906,factor_candle,FRED CSV Gateway mirror,learning_only_mirror
DTWEXBGS,2009-12-03,2009-12-03T00:00:00Z,daily,90.9152,90.9152,90.9152,90.9152,,90.9152,factor_candle,FRED CSV Gateway mirror,learning_only_mirror
DTWEXBGS,2009-12-04,2009-12-04T00:00:00Z,daily,91.3806,91.3806,91.3806,91.3806,,91.3806,factor_candle,FRED CSV Gateway mirror,learning_only_mirror
DTWEXBGS,2009-12-07,2009-12-07T00:00:00Z,daily,91.5414,91.5414,91.5414,91.5414,,91.5414,factor_candle,FRED CSV Gateway mirror,learning_only_mirror
DTWEXBGS,2009-12-08,2009-12-08T00:00:00Z,daily,91.9513,91.9513,91.9513,91.9513,,91.9513,factor_candle,FRED CSV Gateway mirror,learning_only_mirror
DTWEXBGS,2009-12-09,2009-12-09T00:00:00Z,daily,92.014,92.014,92.014,92.014,,92.014,factor_candle,FRED CSV Gateway mirror,learning_only_mirror
DTWEXBGS,2009-12-10,2009-12-10T00:00:00Z,daily,92.0073,92.0073,92.0073,92.0073,,92.0073,factor_candle,FRED CSV Gateway mirror,learning_only_mirror
DTWEXBGS,2009-12-11,2009-12-11T00:00:00Z,daily,92.2946,92.2946,92.2946,92.2946,,92.2946,factor_candle,FRED CSV Gateway mirror,learning_only_mirror
DTWEXBGS,2009-12-14,2009-12-14T00:00:00Z,daily,92.0305,92.0305,92.0305,92.0305,,92.0305,factor_candle,FRED CSV Gateway mirror,learning_only_mirror
DTWEXBGS,2009-12-15,2009-12-15T00:00:00Z,daily,92.3635,92.3635,92.3635,92.3635,,92.3635,factor_candle,FRED CSV Gateway mirror,learning_only_mirror
DTWEXBGS,2009-12-16,2009-12-16T00:00:00Z,daily,92.1496,92.1496,92.1496,92.1496,,92.1496,factor_candle,FRED CSV Gateway mirror,learning_only_mirror
DTWEXBGS,2009-12-17,2009-12-17T00:00:00Z,daily,93.225,93.225,93.225,93.225,,93.225,factor_candle,FRED CSV Gateway mirror,learning_only_mirror
DTWEXBGS,2009-12-18,2009-12-18T00:00:00Z,daily,93.1632,93.1632,93.1632,93.1632,,93.1632,factor_candle,FRED CSV Gateway mirror,learning_only_mirror
DTWEXBGS,2009-12-22,2009-12-22T00:00:00Z,daily,93.2903,93.2903,93.2903,93.2903,,93.2903,factor_candle,FRED CSV Gateway mirror,learning_only_mirror
DTWEXBGS,2009-12-23,2009-12-23T00:00:00Z,daily,92.9295,92.9295,92.9295,92.9295,,92.9295,factor_candle,FRED CSV Gateway mirror,learning_only_mirror
DTWEXBGS,2009-12-24,2009-12-24T00:00:00Z,daily,92.8694,92.8694,92.8694,92.8694,,92.8694,factor_candle,FRED CSV Gateway mirror,learning_only_mirror
DTWEXBGS,2009-12-28,2009-12-28T00:00:00Z,daily,92.6993,92.6993,92.6993,92.6993,,92.6993,factor_candle,FRED CSV Gateway mirror,learning_only_mirror
DTWEXBGS,2009-12-29,2009-12-29T00:00:00Z,daily,92.8838,92.8838,92.8838,92.8838,,92.8838,factor_candle,FRED CSV Gateway mirror,learning_only_mirror
DTWEXBGS,2009-12-30,2009-12-30T00:00:00Z,daily,93.0872,93.0872,93.0872,93.0872,,93.0872,factor_candle,FRED CSV Gateway mirror,learning_only_mirror
DTWEXBGS,2009-12-31,2009-12-31T00:00:00Z,daily,92.9124,92.9124,92.9124,92.9124,,92.9124,factor_candle,FRED CSV Gateway mirror,learning_only_mirror
DTWEXBGS,2010-01-04,2010-01-04T00:00:00Z,daily,92.3566,92.3566,92.3566,92.3566,,92.3566,factor_candle,FRED CSV Gateway mirror,learning_only_mirror
DTWEXBGS,2010-01-05,2010-01-05T00:00:00Z,daily,92.2236,92.2236,92.2236,92.2236,,92.2236,factor_candle,FRED CSV Gateway mirror,learning_only_mirror
DTWEXBGS,2010-01-06,2010-01-06T00:00:00Z,daily,92.0941,92.0941,92.0941,92.0941,,92.0941,factor_candle,FRED CSV Gateway mirror,learning_only_mirror
DTWEXBGS,2010-01-07,2010-01-07T00:00:00Z,daily,92.3684,92.3684,92.3684,92.3684,,92.3684,factor_candle,FRED CSV Gateway mirror,learning_only_mirror
DTWEXBGS,2010-01-08,2010-01-08T00:00:00Z,daily,92.1485,92.1485,92.1485,92.1485,,92.1485,factor_candle,FRED CSV Gateway mirror,learning_only_mirror
DTWEXBGS,2010-01-11,2010-01-11T00:00:00Z,daily,91.5997,91.5997,91.5997,91.5997,,91.5997,factor_candle,FRED CSV Gateway mirror,learning_only_mirror
DTWEXBGS,2010-01-12,2010-01-12T00:00:00Z,daily,91.7005,91.7005,91.7005,91.7005,,91.7005,factor_candle,FRED CSV Gateway mirror,learning_only_mirror
DTWEXBGS,2010-01-13,2010-01-13T00:00:00Z,daily,91.7272,91.7272,91.7272,91.7272,,91.7272,factor_candle,FRED CSV Gateway mirror,learning_only_mirror
DTWEXBGS,2010-01-14,2010-01-14T00:00:00Z,daily,91.5864,91.5864,91.5864,91.5864,,91.5864,factor_candle,FRED CSV Gateway mirror,learning_only_mirror
DTWEXBGS,2010-01-15,2010-01-15T00:00:00Z,daily,91.7668,91.7668,91.7668,91.7668,,91.7668,factor_candle,FRED CSV Gateway mirror,learning_only_mirror
DTWEXBGS,2010-01-19,2010-01-19T00:00:00Z,daily,91.9611,91.9611,91.9611,91.9611,,91.9611,factor_candle,FRED CSV Gateway mirror,learning_only_mirror
DTWEXBGS,2010-01-20,2010-01-20T00:00:00Z,daily,92.6766,92.6766,92.6766,92.6766,,92.6766,factor_candle,FRED CSV Gateway mirror,learning_only_mirror
DTWEXBGS,2010-01-21,2010-01-21T00:00:00Z,daily,92.6627,92.6627,92.6627,92.6627,,92.6627,factor_candle,FRED CSV Gateway mirror,learning_only_mirror
DTWEXBGS,2010-01-22,2010-01-22T00:00:00Z,daily,92.943,92.943,92.943,92.943,,92.943,factor_candle,FRED CSV Gateway mirror,learning_only_mirror
DTWEXBGS,2010-01-25,2010-01-25T00:00:00Z,daily,92.9099,92.9099,92.9099,92.9099,,92.9099,factor_candle,FRED CSV Gateway mirror,learning_only_mirror
DTWEXBGS,2010-01-26,2010-01-26T00:00:00Z,daily,93.3298,93.3298,93.3298,93.3298,,93.3298,factor_candle,FRED CSV Gateway mirror,learning_only_mirror
DTWEXBGS,2010-01-27,2010-01-27T00:00:00Z,daily,93.2835,93.2835,93.2835,93.2835,,93.2835,factor_candle,FRED CSV Gateway mirror,learning_only_mirror
DTWEXBGS,2010-01-28,2010-01-28T00:00:00Z,daily,93.2635,93.2635,93.2635,93.2635,,93.2635,factor_candle,FRED CSV Gateway mirror,learning_only_mirror
DTWEXBGS,2010-01-29,2010-01-29T00:00:00Z,daily,93.7638,93.7638,93.7638,93.7638,,93.7638,factor_candle,FRED CSV Gateway mirror,learning_only_mirror
DTWEXBGS,2010-02-01,2010-02-01T00:00:00Z,daily,93.7321,93.7321,93.7321,93.7321,,93.7321,factor_candle,FRED CSV Gateway mirror,learning_only_mirror
DTWEXBGS,2010-02-02,2010-02-02T00:00:00Z,daily,93.4136,93.4136,93.4136,93.4136,,93.4136,factor_candle,FRED CSV Gateway mirror,learning_only_mirror
DTWEXBGS,2010-02-03,2010-02-03T00:00:00Z,daily,93.6268,93.6268,93.6268,93.6268,,93.6268,factor_candle,FRED CSV Gateway mirror,learning_only_mirror
DTWEXBGS,2010-02-04,2010-02-04T00:00:00Z,daily,94.1401,94.1401,94.1401,94.1401,,94.1401,factor_candle,FRED CSV Gateway mirror,learning_only_mirror
DTWEXBGS,2010-02-05,2010-02-05T00:00:00Z,daily,94.6218,94.6218,94.6218,94.6218,,94.6218,factor_candle,FRED CSV Gateway mirror,learning_only_mirror
DTWEXBGS,2010-02-12,2010-02-12T00:00:00Z,daily,93.9976,93.9976,93.9976,93.9976,,93.9976,factor_candle,FRED CSV Gateway mirror,learning_only_mirror
DTWEXBGS,2010-02-16,2010-02-16T00:00:00Z,daily,93.482,93.482,93.482,93.482,,93.482,factor_candle,FRED CSV Gateway mirror,learning_only_mirror
DTWEXBGS,2010-02-17,2010-02-17T00:00:00Z,daily,93.7171,93.7171,93.7171,93.7171,,93.7171,factor_candle,FRED CSV Gateway mirror,learning_only_mirror
DTWEXBGS,2010-02-18,2010-02-18T00:00:00Z,daily,93.8752,93.8752,93.8752,93.8752,,93.8752,factor_candle,FRED CSV Gateway mirror,learning_only_mirror
DTWEXBGS,2010-02-19,2010-02-19T00:00:00Z,daily,93.9569,93.9569,93.9569,93.9569,,93.9569,factor_candle,FRED CSV Gateway mirror,learning_only_mirror
DTWEXBGS,2010-02-22,2010-02-22T00:00:00Z,daily,93.7402,93.7402,93.7402,93.7402,,93.7402,factor_candle,FRED CSV Gateway mirror,learning_only_mirror
DTWEXBGS,2010-02-23,2010-02-23T00:00:00Z,daily,93.9794,93.9794,93.9794,93.9794,,93.9794,factor_candle,FRED CSV Gateway mirror,learning_only_mirror
DTWEXBGS,2010-02-24,2010-02-24T00:00:00Z,daily,93.9775,93.9775,93.9775,93.9775,,93.9775,factor_candle,FRED CSV Gateway mirror,learning_only_mirror
DTWEXBGS,2010-02-25,2010-02-25T00:00:00Z,daily,94.3797,94.3797,94.3797,94.3797,,94.3797,factor_candle,FRED CSV Gateway mirror,learning_only_mirror
DTWEXBGS,2010-02-26,2010-02-26T00:00:00Z,daily,93.6602,93.6602,93.6602,93.6602,,93.6602,factor_candle,FRED CSV Gateway mirror,learning_only_mirror
DTWEXBGS,2010-03-01,2010-03-01T00:00:00Z,daily,93.7979,93.7979,93.7979,93.7979,,93.7979,factor_candle,FRED CSV Gateway mirror,learning_only_mirror
DTWEXBGS,2010-03-02,2010-03-02T00:00:00Z,daily,93.488,93.488,93.488,93.488,,93.488,factor_candle,FRED CSV Gateway mirror,learning_only_mirror
DTWEXBGS,2010-03-03,2010-03-03T00:00:00Z,daily,92.9861,92.9861,92.9861,92.9861,,92.9861,factor_candle,FRED CSV Gateway mirror,learning_only_mirror
DTWEXBGS,2010-03-04,2010-03-04T00:00:00Z,daily,93.4079,93.4079,93.4079,93.4079,,93.4079,factor_candle,FRED CSV Gateway mirror,learning_only_mirror
DTWEXBGS,2010-03-05,2010-03-05T00:00:00Z,daily,93.2623,93.2623,93.2623,93.2623,,93.2623,factor_candle,FRED CSV Gateway mirror,learning_only_mirror
DTWEXBGS,2010-03-08,2010-03-08T00:00:00Z,daily,93.2446,93.2446,93.2446,93.2446,,93.2446,factor_candle,FRED CSV Gateway mirror,learning_only_mirror
DTWEXBGS,2010-03-09,2010-03-09T00:00:00Z,daily,93.1941,93.1941,93.1941,93.1941,,93.1941,factor_candle,FRED CSV Gateway mirror,learning_only_mirror
DTWEXBGS,2010-03-10,2010-03-10T00:00:00Z,daily,93.0426,93.0426,93.0426,93.0426,,93.0426,factor_candle,FRED CSV Gateway mirror,learning_only_mirror
DTWEXBGS,2010-03-11,2010-03-11T00:00:00Z,daily,93.0533,93.0533,93.0533,93.0533,,93.0533,factor_candle,FRED CSV Gateway mirror,learning_only_mirror
DTWEXBGS,2010-03-12,2010-03-12T00:00:00Z,daily,92.6616,92.6616,92.6616,92.6616,,92.6616,factor_candle,FRED CSV Gateway mirror,learning_only_mirror
DTWEXBGS,2010-03-15,2010-03-15T00:00:00Z,daily,92.9642,92.9642,92.9642,92.9642,,92.9642,factor_candle,FRED CSV Gateway mirror,learning_only_mirror
DTWEXBGS,2010-03-16,2010-03-16T00:00:00Z,daily,92.595,92.595,92.595,92.595,,92.595,factor_candle,FRED CSV Gateway mirror,learning_only_mirror
DTWEXBGS,2010-03-17,2010-03-17T00:00:00Z,daily,92.4446,92.4446,92.4446,92.4446,,92.4446,factor_candle,FRED CSV Gateway mirror,learning_only_mirror
DTWEXBGS,2010-03-18,2010-03-18T00:00:00Z,daily,92.7451,92.7451,92.7451,92.7451,,92.7451,factor_candle,FRED CSV Gateway mirror,learning_only_mirror
DTWEXBGS,2010-03-19,2010-03-19T00:00:00Z,daily,93.0407,93.0407,93.0407,93.0407,,93.0407,factor_candle,FRED CSV Gateway mirror,learning_only_mirror
DTWEXBGS,2010-03-22,2010-03-22T00:00:00Z,daily,93.1333,93.1333,93.1333,93.1333,,93.1333,factor_candle,FRED CSV Gateway mirror,learning_only_mirror
DTWEXBGS,2010-03-23,2010-03-23T00:00:00Z,daily,93.006,93.006,93.006,93.006,,93.006,factor_candle,FRED CSV Gateway mirror,learning_only_mirror
DTWEXBGS,2010-03-24,2010-03-24T00:00:00Z,daily,93.6468,93.6468,93.6468,93.6468,,93.6468,factor_candle,FRED CSV Gateway mirror,learning_only_mirror
DTWEXBGS,2010-03-25,2010-03-25T00:00:00Z,daily,93.5885,93.5885,93.5885,93.5885,,93.5885,factor_candle,FRED CSV Gateway mirror,learning_only_mirror
DTWEXBGS,2010-03-26,2010-03-26T00:00:00Z,daily,93.6873,93.6873,93.6873,93.6873,,93.6873,factor_candle,FRED CSV Gateway mirror,learning_only_mirror
DTWEXBGS,2010-03-29,2010-03-29T00:00:00Z,daily,93.2959,93.2959,93.2959,93.2959,,93.2959,factor_candle,FRED CSV Gateway mirror,learning_only_mirror
DTWEXBGS,2010-03-30,2010-03-30T00:00:00Z,daily,93.2627,93.2627,93.2627,93.2627,,93.2627,factor_candle,FRED CSV Gateway mirror,learning_only_mirror
DTWEXBGS,2010-03-31,2010-03-31T00:00:00Z,daily,92.8987,92.8987,92.8987,92.8987,,92.8987,factor_candle,FRED CSV Gateway mirror,learning_only_mirror
DTWEXBGS,2010-04-01,2010-04-01T00:00:00Z,daily,92.6661,92.6661,92.6661,92.6661,,92.6661,factor_candle,FRED CSV Gateway mirror,learning_only_mirror
DTWEXBGS,2010-04-02,2010-04-02T00:00:00Z,daily,92.9057,92.9057,92.9057,92.9057,,92.9057,factor_candle,FRED CSV Gateway mirror,learning_only_mirror
DTWEXBGS,2010-04-05,2010-04-05T00:00:00Z,daily,92.6644,92.6644,92.6644,92.6644,,92.6644,factor_candle,FRED CSV Gateway mirror,learning_only_mirror
DTWEXBGS,2010-04-06,2010-04-06T00:00:00Z,daily,92.7373,92.7373,92.7373,92.7373,,92.7373,factor_candle,FRED CSV Gateway mirror,learning_only_mirror
DTWEXBGS,2010-04-07,2010-04-07T00:00:00Z,daily,92.7452,92.7452,92.7452,92.7452,,92.7452,factor_candle,FRED CSV Gateway mirror,learning_only_mirror
DTWEXBGS,2010-04-08,2010-04-08T00:00:00Z,daily,92.7211,92.7211,92.7211,92.7211,,92.7211,factor_candle,FRED CSV Gateway mirror,learning_only_mirror
DTWEXBGS,2010-04-09,2010-04-09T00:00:00Z,daily,92.4772,92.4772,92.4772,92.4772,,92.4772,factor_candle,FRED CSV Gateway mirror,learning_only_mirror
DTWEXBGS,2010-04-12,2010-04-12T00:00:00Z,daily,92.243,92.243,92.243,92.243,,92.243,factor_candle,FRED CSV Gateway mirror,learning_only_mirror
DTWEXBGS,2010-04-13,2010-04-13T00:00:00Z,daily,92.2689,92.2689,92.2689,92.2689,,92.2689,factor_candle,FRED CSV Gateway mirror,learning_only_mirror
DTWEXBGS,2010-04-14,2010-04-14T00:00:00Z,daily,91.9297,91.9297,91.9297,91.9297,,91.9297,factor_candle,FRED CSV Gateway mirror,learning_only_mirror
DTWEXBGS,2010-04-15,2010-04-15T00:00:00Z,daily,92.2029,92.2029,92.2029,92.2029,,92.2029,factor_candle,FRED CSV Gateway mirror,learning_only_mirror
DTWEXBGS,2010-04-16,2010-04-16T00:00:00Z,daily,92.5253,92.5253,92.5253,92.5253,,92.5253,factor_candle,FRED CSV Gateway mirror,learning_only_mirror
DTWEXBGS,2010-04-19,2010-04-19T00:00:00Z,daily,92.8577,92.8577,92.8577,92.8577,,92.8577,factor_candle,FRED CSV Gateway mirror,learning_only_mirror
DTWEXBGS,2010-04-20,2010-04-20T00:00:00Z,daily,92.4338,92.4338,92.4338,92.4338,,92.4338,factor_candle,FRED CSV Gateway mirror,learning_only_mirror
DTWEXBGS,2010-04-21,2010-04-21T00:00:00Z,daily,92.4482,92.4482,92.4482,92.4482,,92.4482,factor_candle,FRED CSV Gateway mirror,learning_only_mirror
DTWEXBGS,2010-04-22,2010-04-22T00:00:00Z,daily,92.7277,92.7277,92.7277,92.7277,,92.7277,factor_candle,FRED CSV Gateway mirror,learning_only_mirror
DTWEXBGS,2010-04-23,2010-04-23T00:00:00Z,daily,92.6622,92.6622,92.6622,92.6622,,92.6622,factor_candle,FRED CSV Gateway mirror,learning_only_mirror
DTWEXBGS,2010-04-26,2010-04-26T00:00:00Z,daily,92.5187,92.5187,92.5187,92.5187,,92.5187,factor_candle,FRED CSV Gateway mirror,learning_only_mirror
DTWEXBGS,2010-04-27,2010-04-27T00:00:00Z,daily,93.0956,93.0956,93.0956,93.0956,,93.0956,factor_candle,FRED CSV Gateway mirror,learning_only_mirror
DTWEXBGS,2010-04-28,2010-04-28T00:00:00Z,daily,93.4856,93.4856,93.4856,93.4856,,93.4856,factor_candle,FRED CSV Gateway mirror,learning_only_mirror
DTWEXBGS,2010-04-29,2010-04-29T00:00:00Z,daily,92.9013,92.9013,92.9013,92.9013,,92.9013,factor_candle,FRED CSV Gateway mirror,learning_only_mirror
DTWEXBGS,2010-04-30,2010-04-30T00:00:00Z,daily,92.8423,92.8423,92.8423,92.8423,,92.8423,factor_candle,FRED CSV Gateway mirror,learning_only_mirror
DTWEXBGS,2010-05-03,2010-05-03T00:00:00Z,daily,93.235,93.235,93.235,93.235,,93.235,factor_candle,FRED CSV Gateway mirror,learning_only_mirror
DTWEXBGS,2010-05-04,2010-05-04T00:00:00Z,daily,93.8137,93.8137,93.8137,93.8137,,93.8137,factor_candle,FRED CSV Gateway mirror,learning_only_mirror
DTWEXBGS,2010-05-05,2010-05-05T00:00:00Z,daily,94.3968,94.3968,94.3968,94.3968,,94.3968,factor_candle,FRED CSV Gateway mirror,learning_only_mirror
DTWEXBGS,2010-05-06,2010-05-06T00:00:00Z,daily,95.3032,95.3032,95.3032,95.3032,,95.3032,factor_candle,FRED CSV Gateway mirror,learning_only_mirror
DTWEXBGS,2010-05-07,2010-05-07T00:00:00Z,daily,95.2952,95.2952,95.2952,95.2952,,95.2952,factor_candle,FRED CSV Gateway mirror,learning_only_mirror
DTWEXBGS,2010-05-10,2010-05-10T00:00:00Z,daily,94.3096,94.3096,94.3096,94.3096,,94.3096,factor_candle,FRED CSV Gateway mirror,learning_only_mirror
DTWEXBGS,2010-05-11,2010-05-11T00:00:00Z,daily,94.4305,94.4305,94.4305,94.4305,,94.4305,factor_candle,FRED CSV Gateway mirror,learning_only_mirror
DTWEXBGS,2010-05-12,2010-05-12T00:00:00Z,daily,94.5515,94.5515,94.5515,94.5515,,94.5515,factor_candle,FRED CSV Gateway mirror,learning_only_mirror
DTWEXBGS,2010-05-13,2010-05-13T00:00:00Z,daily,94.5071,94.5071,94.5071,94.5071,,94.5071,factor_candle,FRED CSV Gateway mirror,learning_only_mirror
DTWEXBGS,2010-05-14,2010-05-14T00:00:00Z,daily,95.3746,95.3746,95.3746,95.3746,,95.3746,factor_candle,FRED CSV Gateway mirror,learning_only_mirror
DTWEXBGS,2010-05-17,2010-05-17T00:00:00Z,daily,95.9795,95.9795,95.9795,95.9795,,95.9795,factor_candle,FRED CSV Gateway mirror,learning_only_mirror
DTWEXBGS,2010-05-18,2010-05-18T00:00:00Z,daily,95.6212,95.6212,95.6212,95.6212,,95.6212,factor_candle,FRED CSV Gateway mirror,learning_only_mirror
DTWEXBGS,2010-05-19,2010-05-19T00:00:00Z,daily,96.5083,96.5083,96.5083,96.5083,,96.5083,factor_candle,FRED CSV Gateway mirror,learning_only_mirror
DTWEXBGS,2010-05-20,2010-05-20T00:00:00Z,daily,96.9483,96.9483,96.9483,96.9483,,96.9483,factor_candle,FRED CSV Gateway mirror,learning_only_mirror
DTWEXBGS,2010-05-21,2010-05-21T00:00:00Z,daily,96.2911,96.2911,96.2911,96.2911,,96.2911,factor_candle,FRED CSV Gateway mirror,learning_only_mirror
DTWEXBGS,2010-05-24,2010-05-24T00:00:00Z,daily,96.6433,96.6433,96.6433,96.6433,,96.6433,factor_candle,FRED CSV Gateway mirror,learning_only_mirror
DTWEXBGS,2010-05-25,2010-05-25T00:00:00Z,daily,97.5487,97.5487,97.5487,97.5487,,97.5487,factor_candle,FRED CSV Gateway mirror,learning_only_mirror
DTWEXBGS,2010-05-26,2010-05-26T00:00:00Z,daily,97.1879,97.1879,97.1879,97.1879,,97.1879,factor_candle,FRED CSV Gateway mirror,learning_only_mirror
DTWEXBGS,2010-05-27,2010-05-27T00:00:00Z,daily,96.3611,96.3611,96.3611,96.3611,,96.3611,factor_candle,FRED CSV Gateway mirror,learning_only_mirror
DTWEXBGS,2010-05-28,2010-05-28T00:00:00Z,daily,96.3062,96.3062,96.3062,96.3062,,96.3062,factor_candle,FRED CSV Gateway mirror,learning_only_mirror
DTWEXBGS,2010-06-01,2010-06-01T00:00:00Z,daily,96.6123,96.6123,96.6123,96.6123,,96.6123,factor_candle,FRED CSV Gateway mirror,learning_only_mirror
DTWEXBGS,2010-06-02,2010-06-02T00:00:00Z,daily,96.615,96.615,96.615,96.615,,96.615,factor_candle,FRED CSV Gateway mirror,learning_only_mirror
DTWEXBGS,2010-06-03,2010-06-03T00:00:00Z,daily,96.461,96.461,96.461,96.461,,96.461,factor_candle,FRED CSV Gateway mirror,learning_only_mirror
DTWEXBGS,2010-06-04,2010-06-04T00:00:00Z,daily,97.1688,97.1688,97.1688,97.1688,,97.1688,factor_candle,FRED CSV Gateway mirror,learning_only_mirror
DTWEXBGS,2010-06-07,2010-06-07T00:00:00Z,daily,97.503,97.503,97.503,97.503,,97.503,factor_candle,FRED CSV Gateway mirror,learning_only_mirror
DTWEXBGS,2010-06-08,2010-06-08T00:00:00Z,daily,97.3425,97.3425,97.3425,97.3425,,97.3425,factor_candle,FRED CSV Gateway mirror,learning_only_mirror
DTWEXBGS,2010-06-09,2010-06-09T00:00:00Z,daily,96.8938,96.8938,96.8938,96.8938,,96.8938,factor_candle,FRED CSV Gateway mirror,learning_only_mirror
DTWEXBGS,2010-06-10,2010-06-10T00:00:00Z,daily,96.4877,96.4877,96.4877,96.4877,,96.4877,factor_candle,FRED CSV Gateway mirror,learning_only_mirror
DTWEXBGS,2010-06-11,2010-06-11T00:00:00Z,daily,96.5616,96.5616,96.5616,96.5616,,96.5616,factor_candle,FRED CSV Gateway mirror,learning_only_mirror
DTWEXBGS,2010-06-14,2010-06-14T00:00:00Z,daily,95.8082,95.8082,95.8082,95.8082,,95.8082,factor_candle,FRED CSV Gateway mirror,learning_only_mirror
DTWEXBGS,2010-06-15,2010-06-15T00:00:00Z,daily,95.7049,95.7049,95.7049,95.7049,,95.7049,factor_candle,FRED CSV Gateway mirror,learning_only_mirror
DTWEXBGS,2010-06-16,2010-06-16T00:00:00Z,daily,95.5668,95.5668,95.5668,95.5668,,95.5668,factor_candle,FRED CSV Gateway mirror,learning_only_mirror
DTWEXBGS,2010-06-17,2010-06-17T00:00:00Z,daily,95.4973,95.4973,95.4973,95.4973,,95.4973,factor_candle,FRED CSV Gateway mirror,learning_only_mirror
DTWEXBGS,2010-06-18,2010-06-18T00:00:00Z,daily,95.2981,95.2981,95.2981,95.2981,,95.2981,factor_candle,FRED CSV Gateway mirror,learning_only_mirror
DTWEXBGS,2010-06-21,2010-06-21T00:00:00Z,daily,94.8505,94.8505,94.8505,94.8505,,94.8505,factor_candle,FRED CSV Gateway mirror,learning_only_mirror
DTWEXBGS,2010-06-22,2010-06-22T00:00:00Z,daily,95.1165,95.1165,95.1165,95.1165,,95.1165,factor_candle,FRED CSV Gateway mirror,learning_only_mirror
DTWEXBGS,2010-06-23,2010-06-23T00:00:00Z,daily,95.4853,95.4853,95.4853,95.4853,,95.4853,factor_candle,FRED CSV Gateway mirror,learning_only_mirror
DTWEXBGS,2010-06-24,2010-06-24T00:00:00Z,daily,95.6194,95.6194,95.6194,95.6194,,95.6194,factor_candle,FRED CSV Gateway mirror,learning_only_mirror
DTWEXBGS,2010-06-25,2010-06-25T00:00:00Z,daily,95.4582,95.4582,95.4582,95.4582,,95.4582,factor_candle,FRED CSV Gateway mirror,learning_only_mirror
DTWEXBGS,2010-06-28,2010-06-28T00:00:00Z,daily,95.2696,95.2696,95.2696,95.2696,,95.2696,factor_candle,FRED CSV Gateway mirror,learning_only_mirror
DTWEXBGS,2010-06-29,2010-06-29T00:00:00Z,daily,96.0199,96.0199,96.0199,96.0199,,96.0199,factor_candle,FRED CSV Gateway mirror,learning_only_mirror
DTWEXBGS,2010-06-30,2010-06-30T00:00:00Z,daily,95.9934,95.9934,95.9934,95.9934,,95.9934,factor_candle,FRED CSV Gateway mirror,learning_only_mirror
DTWEXBGS,2010-07-01,2010-07-01T00:00:00Z,daily,95.8018,95.8018,95.8018,95.8018,,95.8018,factor_candle,FRED CSV Gateway mirror,learning_only_mirror
DTWEXBGS,2010-07-02,2010-07-02T00:00:00Z,daily,95.6345,95.6345,95.6345,95.6345,,95.6345,factor_candle,FRED CSV Gateway mirror,learning_only_mirror
DTWEXBGS,2010-07-06,2010-07-06T00:00:00Z,daily,95.1069,95.1069,95.1069,95.1069,,95.1069,factor_candle,FRED CSV Gateway mirror,learning_only_mirror
DTWEXBGS,2010-07-07,2010-07-07T00:00:00Z,daily,95.1795,95.1795,95.1795,95.1795,,95.1795,factor_candle,FRED CSV Gateway mirror,learning_only_mirror
DTWEXBGS,2010-07-08,2010-07-08T00:00:00Z,daily,94.7734,94.7734,94.7734,94.7734,,94.7734,factor_candle,FRED CSV Gateway mirror,learning_only_mirror
DTWEXBGS,2010-07-09,2010-07-09T00:00:00Z,daily,94.683,94.683,94.683,94.683,,94.683,factor_candle,FRED CSV Gateway mirror,learning_only_mirror
DTWEXBGS,2010-07-12,2010-07-12T00:00:00Z,daily,94.9598,94.9598,94.9598,94.9598,,94.9598,factor_candle,FRED CSV Gateway mirror,learning_only_mirror
DTWEXBGS,2010-07-13,2010-07-13T00:00:00Z,daily,94.3856,94.3856,94.3856,94.3856,,94.3856,factor_candle,FRED CSV Gateway mirror,learning_only_mirror
DTWEXBGS,2010-07-14,2010-07-14T00:00:00Z,daily,94.3247,94.3247,94.3247,94.3247,,94.3247,factor_candle,FRED CSV Gateway mirror,learning_only_mirror
DTWEXBGS,2010-07-15,2010-07-15T00:00:00Z,daily,94.1988,94.1988,94.1988,94.1988,,94.1988,factor_candle,FRED CSV Gateway mirror,learning_only_mirror
DTWEXBGS,2010-07-16,2010-07-16T00:00:00Z,daily,94.5061,94.5061,94.5061,94.5061,,94.5061,factor_candle,FRED CSV Gateway mirror,learning_only_mirror
DTWEXBGS,2010-07-19,2010-07-19T00:00:00Z,daily,94.602,94.602,94.602,94.602,,94.602,factor_candle,FRED CSV Gateway mirror,learning_only_mirror
DTWEXBGS,2010-07-20,2010-07-20T00:00:00Z,daily,94.542,94.542,94.542,94.542,,94.542,factor_candle,FRED CSV Gateway mirror,learning_only_mirror
DTWEXBGS,2010-07-21,2010-07-21T00:00:00Z,daily,94.4496,94.4496,94.4496,94.4496,,94.4496,factor_candle,FRED CSV Gateway mirror,learning_only_mirror
DTWEXBGS,2010-07-22,2010-07-22T00:00:00Z,daily,94.1135,94.1135,94.1135,94.1135,,94.1135,factor_candle,FRED CSV Gateway mirror,learning_only_mirror
DTWEXBGS,2010-07-23,2010-07-23T00:00:00Z,daily,94.1431,94.1431,94.1431,94.1431,,94.1431,factor_candle,FRED CSV Gateway mirror,learning_only_mirror
DTWEXBGS,2010-07-26,2010-07-26T00:00:00Z,daily,93.7556,93.7556,93.7556,93.7556,,93.7556,factor_candle,FRED CSV Gateway mirror,learning_only_mirror
DTWEXBGS,2010-07-27,2010-07-27T00:00:00Z,daily,93.7583,93.7583,93.7583,93.7583,,93.7583,factor_candle,FRED CSV Gateway mirror,learning_only_mirror
DTWEXBGS,2010-07-28,2010-07-28T00:00:00Z,daily,93.7506,93.7506,93.7506,93.7506,,93.7506,factor_candle,FRED CSV Gateway mirror,learning_only_mirror
DTWEXBGS,2010-07-29,2010-07-29T00:00:00Z,daily,93.6004,93.6004,93.6004,93.6004,,93.6004,factor_candle,FRED CSV Gateway mirror,learning_only_mirror
DTWEXBGS,2010-07-30,2010-07-30T00:00:00Z,daily,93.2793,93.2793,93.2793,93.2793,,93.2793,factor_candle,FRED CSV Gateway mirror,learning_only_mirror
DTWEXBGS,2010-08-02,2010-08-02T00:00:00Z,daily,92.7916,92.7916,92.7916,92.7916,,92.7916,factor_candle,FRED CSV Gateway mirror,learning_only_mirror
DTWEXBGS,2010-08-03,2010-08-03T00:00:00Z,daily,92.6258,92.6258,92.6258,92.6258,,92.6258,factor_candle,FRED CSV Gateway mirror,learning_only_mirror
DTWEXBGS,2010-08-04,2010-08-04T00:00:00Z,daily,92.731,92.731,92.731,92.731,,92.731,factor_candle,FRED CSV Gateway mirror,learning_only_mirror
DTWEXBGS,2010-08-05,2010-08-05T00:00:00Z,daily,92.6401,92.6401,92.6401,92.6401,,92.6401,factor_candle,FRED CSV Gateway mirror,learning_only_mirror
DTWEXBGS,2010-08-06,2010-08-06T00:00:00Z,daily,92.5915,92.5915,92.5915,92.5915,,92.5915,factor_candle,FRED CSV Gateway mirror,learning_only_mirror
DTWEXBGS,2010-08-09,2010-08-09T00:00:00Z,daily,92.6726,92.6726,92.6726,92.6726,,92.6726,factor_candle,FRED CSV Gateway mirror,learning_only_mirror
DTWEXBGS,2010-08-10,2010-08-10T00:00:00Z,daily,93.2197,93.2197,93.2197,93.2197,,93.2197,factor_candle,FRED CSV Gateway mirror,learning_only_mirror
DTWEXBGS,2010-08-11,2010-08-11T00:00:00Z,daily,93.7778,93.7778,93.7778,93.7778,,93.7778,factor_candle,FRED CSV Gateway mirror,learning_only_mirror
DTWEXBGS,2010-08-12,2010-08-12T00:00:00Z,daily,93.8905,93.8905,93.8905,93.8905,,93.8905,factor_candle,FRED CSV Gateway mirror,learning_only_mirror
DTWEXBGS,2010-08-13,2010-08-13T00:00:00Z,daily,94.0457,94.0457,94.0457,94.0457,,94.0457,factor_candle,FRED CSV Gateway mirror,learning_only_mirror
DTWEXBGS,2010-08-16,2010-08-16T00:00:00Z,daily,93.7902,93.7902,93.7902,93.7902,,93.7902,factor_candle,FRED CSV Gateway mirror,learning_only_mirror
DTWEXBGS,2010-08-17,2010-08-17T00:00:00Z,daily,93.4239,93.4239,93.4239,93.4239,,93.4239,factor_candle,FRED CSV Gateway mirror,learning_only_mirror
DTWEXBGS,2010-08-18,2010-08-18T00:00:00Z,daily,93.3719,93.3719,93.3719,93.3719,,93.3719,factor_candle,FRED CSV Gateway mirror,learning_only_mirror
DTWEXBGS,2010-08-19,2010-08-19T00:00:00Z,daily,93.7141,93.7141,93.7141,93.7141,,93.7141,factor_candle,FRED CSV Gateway mirror,learning_only_mirror
DTWEXBGS,2010-08-20,2010-08-20T00:00:00Z,daily,94.2087,94.2087,94.2087,94.2087,,94.2087,factor_candle,FRED CSV Gateway mirror,learning_only_mirror
DTWEXBGS,2010-08-23,2010-08-23T00:00:00Z,daily,94.3295,94.3295,94.3295,94.3295,,94.3295,factor_candle,FRED CSV Gateway mirror,learning_only_mirror
DTWEXBGS,2010-08-24,2010-08-24T00:00:00Z,daily,94.4362,94.4362,94.4362,94.4362,,94.4362,factor_candle,FRED CSV Gateway mirror,learning_only_mirror
DTWEXBGS,2010-08-25,2010-08-25T00:00:00Z,daily,94.7372,94.7372,94.7372,94.7372,,94.7372,factor_candle,FRED CSV Gateway mirror,learning_only_mirror
DTWEXBGS,2010-08-26,2010-08-26T00:00:00Z,daily,94.3523,94.3523,94.3523,94.3523,,94.3523,factor_candle,FRED CSV Gateway mirror,learning_only_mirror
DTWEXBGS,2010-08-27,2010-08-27T00:00:00Z,daily,94.3462,94.3462,94.3462,94.3462,,94.3462,factor_candle,FRED CSV Gateway mirror,learning_only_mirror
DTWEXBGS,2010-08-30,2010-08-30T00:00:00Z,daily,94.5922,94.5922,94.5922,94.5922,,94.5922,factor_candle,FRED CSV Gateway mirror,learning_only_mirror
DTWEXBGS,2010-08-31,2010-08-31T00:00:00Z,daily,94.7204,94.7204,94.7204,94.7204,,94.7204,factor_candle,FRED CSV Gateway mirror,learning_only_mirror
DTWEXBGS,2010-09-01,2010-09-01T00:00:00Z,daily,94.1148,94.1148,94.1148,94.1148,,94.1148,factor_candle,FRED CSV Gateway mirror,learning_only_mirror
DTWEXBGS,2010-09-02,2010-09-02T00:00:00Z,daily,94.0852,94.0852,94.0852,94.0852,,94.0852,factor_candle,FRED CSV Gateway mirror,learning_only_mirror
DTWEXBGS,2010-09-03,2010-09-03T00:00:00Z,daily,93.6952,93.6952,93.6952,93.6952,,93.6952,factor_candle,FRED CSV Gateway mirror,learning_only_mirror
DTWEXBGS,2010-09-07,2010-09-07T00:00:00Z,daily,94.042,94.042,94.042,94.042,,94.042,factor_candle,FRED CSV Gateway mirror,learning_only_mirror
DTWEXBGS,2010-09-08,2010-09-08T00:00:00Z,daily,93.7785,93.7785,93.7785,93.7785,,93.7785,factor_candle,FRED CSV Gateway mirror,learning_only_mirror
DTWEXBGS,2010-09-09,2010-09-09T00:00:00Z,daily,93.7033,93.7033,93.7033,93.7033,,93.7033,factor_candle,FRED CSV Gateway mirror,learning_only_mirror
DTWEXBGS,2010-09-10,2010-09-10T00:00:00Z,daily,93.6768,93.6768,93.6768,93.6768,,93.6768,factor_candle,FRED CSV Gateway mirror,learning_only_mirror
DTWEXBGS,2010-09-13,2010-09-13T00:00:00Z,daily,93.0767,93.0767,93.0767,93.0767,,93.0767,factor_candle,FRED CSV Gateway mirror,learning_only_mirror
DTWEXBGS,2010-09-14,2010-09-14T00:00:00Z,daily,92.6182,92.6182,92.6182,92.6182,,92.6182,factor_candle,FRED CSV Gateway mirror,learning_only_mirror
DTWEXBGS,2010-09-15,2010-09-15T00:00:00Z,daily,92.9313,92.9313,92.9313,92.9313,,92.9313,factor_candle,FRED CSV Gateway mirror,learning_only_mirror
DTWEXBGS,2010-09-16,2010-09-16T00:00:00Z,daily,92.9108,92.9108,92.9108,92.9108,,92.9108,factor_candle,FRED CSV Gateway mirror,learning_only_mirror
DTWEXBGS,2010-09-17,2010-09-17T00:00:00Z,daily,92.9418,92.9418,92.9418,92.9418,,92.9418,factor_candle,FRED CSV Gateway mirror,learning_only_mirror
DTWEXBGS,2010-09-20,2010-09-20T00:00:00Z,daily,92.7496,92.7496,92.7496,92.7496,,92.7496,factor_candle,FRED CSV Gateway mirror,learning_only_mirror
DTWEXBGS,2010-09-21,2010-09-21T00:00:00Z,daily,92.6684,92.6684,92.6684,92.6684,,92.6684,factor_candle,FRED CSV Gateway mirror,learning_only_mirror
DTWEXBGS,2010-09-22,2010-09-22T00:00:00Z,daily,92.0647,92.0647,92.0647,92.0647,,92.0647,factor_candle,FRED CSV Gateway mirror,learning_only_mirror
DTWEXBGS,2010-09-23,2010-09-23T00:00:00Z,daily,92.0233,92.0233,92.0233,92.0233,,92.0233,factor_candle,FRED CSV Gateway mirror,learning_only_mirror
DTWEXBGS,2010-09-24,2010-09-24T00:00:00Z,daily,91.5996,91.5996,91.5996,91.5996,,91.5996,factor_candle,FRED CSV Gateway mirror,learning_only_mirror
DTWEXBGS,2010-09-27,2010-09-27T00:00:00Z,daily,91.4803,91.4803,91.4803,91.4803,,91.4803,factor_candle,FRED CSV Gateway mirror,learning_only_mirror
DTWEXBGS,2010-09-28,2010-09-28T00:00:00Z,daily,91.3493,91.3493,91.3493,91.3493,,91.3493,factor_candle,FRED CSV Gateway mirror,learning_only_mirror
DTWEXBGS,2010-09-29,2010-09-29T00:00:00Z,daily,91.1632,91.1632,91.1632,91.1632,,91.1632,factor_candle,FRED CSV Gateway mirror,learning_only_mirror
DTWEXBGS,2010-09-30,2010-09-30T00:00:00Z,daily,91.3415,91.3415,91.3415,91.3415,,91.3415,factor_candle,FRED CSV Gateway mirror,learning_only_mirror
DTWEXBGS,2010-10-01,2010-10-01T00:00:00Z,daily,90.836,90.836,90.836,90.836,,90.836,factor_candle,FRED CSV Gateway mirror,learning_only_mirror
DTWEXBGS,2010-10-04,2010-10-04T00:00:00Z,daily,91.0015,91.0015,91.0015,91.0015,,91.0015,factor_candle,FRED CSV Gateway mirror,learning_only_mirror
DTWEXBGS,2010-10-05,2010-10-05T00:00:00Z,daily,90.5622,90.5622,90.5622,90.5622,,90.5622,factor_candle,FRED CSV Gateway mirror,learning_only_mirror
DTWEXBGS,2010-10-06,2010-10-06T00:00:00Z,daily,90.1411,90.1411,90.1411,90.1411,,90.1411,factor_candle,FRED CSV Gateway mirror,learning_only_mirror
DTWEXBGS,2010-10-07,2010-10-07T00:00:00Z,daily,90.286,90.286,90.286,90.286,,90.286,factor_candle,FRED CSV Gateway mirror,learning_only_mirror
DTWEXBGS,2010-10-08,2010-10-08T00:00:00Z,daily,90.1133,90.1133,90.1133,90.1133,,90.1133,factor_candle,FRED CSV Gateway mirror,learning_only_mirror
DTWEXBGS,2010-10-12,2010-10-12T00:00:00Z,daily,90.2203,90.2203,90.2203,90.2203,,90.2203,factor_candle,FRED CSV Gateway mirror,learning_only_mirror
DTWEXBGS,2010-10-13,2010-10-13T00:00:00Z,daily,89.7779,89.7779,89.7779,89.7779,,89.7779,factor_candle,FRED CSV Gateway mirror,learning_only_mirror
DTWEXBGS,2010-10-14,2010-10-14T00:00:00Z,daily,89.5228,89.5228,89.5228,89.5228,,89.5228,factor_candle,FRED CSV Gateway mirror,learning_only_mirror
DTWEXBGS,2010-10-15,2010-10-15T00:00:00Z,daily,89.6815,89.6815,89.6815,89.6815,,89.6815,factor_candle,FRED CSV Gateway mirror,learning_only_mirror
DTWEXBGS,2010-10-18,2010-10-18T00:00:00Z,daily,89.8484,89.8484,89.8484,89.8484,,89.8484,factor_candle,FRED CSV Gateway mirror,learning_only_mirror
DTWEXBGS,2010-10-19,2010-10-19T00:00:00Z,daily,90.5499,90.5499,90.5499,90.5499,,90.5499,factor_candle,FRED CSV Gateway mirror,learning_only_mirror
DTWEXBGS,2010-10-20,2010-10-20T00:00:00Z,daily,90.1446,90.1446,90.1446,90.1446,,90.1446,factor_candle,FRED CSV Gateway mirror,learning_only_mirror
DTWEXBGS,2010-10-21,2010-10-21T00:00:00Z,daily,90.138,90.138,90.138,90.138,,90.138,factor_candle,FRED CSV Gateway mirror,learning_only_mirror
DTWEXBGS,2010-10-22,2010-10-22T00:00:00Z,daily,90.4063,90.4063,90.4063,90.4063,,90.4063,factor_candle,FRED CSV Gateway mirror,learning_only_mirror
DTWEXBGS,2010-10-25,2010-10-25T00:00:00Z,daily,89.9328,89.9328,89.9328,89.9328,,89.9328,factor_candle,FRED CSV Gateway mirror,learning_only_mirror
DTWEXBGS,2010-10-26,2010-10-26T00:00:00Z,daily,90.2818,90.2818,90.2818,90.2818,,90.2818,factor_candle,FRED CSV Gateway mirror,learning_only_mirror
DTWEXBGS,2010-10-27,2010-10-27T00:00:00Z,daily,90.8038,90.8038,90.8038,90.8038,,90.8038,factor_candle,FRED CSV Gateway mirror,learning_only_mirror
DTWEXBGS,2010-10-28,2010-10-28T00:00:00Z,daily,90.2407,90.2407,90.2407,90.2407,,90.2407,factor_candle,FRED CSV Gateway mirror,learning_only_mirror
DTWEXBGS,2010-10-29,2010-10-29T00:00:00Z,daily,90.0935,90.0935,90.0935,90.0935,,90.0935,factor_candle,FRED CSV Gateway mirror,learning_only_mirror
DTWEXBGS,2010-11-01,2010-11-01T00:00:00Z,daily,90.0307,90.0307,90.0307,90.0307,,90.0307,factor_candle,FRED CSV Gateway mirror,learning_only_mirror
DTWEXBGS,2010-11-02,2010-11-02T00:00:00Z,daily,89.6847,89.6847,89.6847,89.6847,,89.6847,factor_candle,FRED CSV Gateway mirror,learning_only_mirror
DTWEXBGS,2010-11-03,2010-11-03T00:00:00Z,daily,89.7079,89.7079,89.7079,89.7079,,89.7079,factor_candle,FRED CSV Gateway mirror,learning_only_mirror
DTWEXBGS,2010-11-04,2010-11-04T00:00:00Z,daily,88.9831,88.9831,88.9831,88.9831,,88.9831,factor_candle,FRED CSV Gateway mirror,learning_only_mirror
DTWEXBGS,2010-11-05,2010-11-05T00:00:00Z,daily,89.2441,89.2441,89.2441,89.2441,,89.2441,factor_candle,FRED CSV Gateway mirror,learning_only_mirror
DTWEXBGS,2010-11-08,2010-11-08T00:00:00Z,daily,89.5711,89.5711,89.5711,89.5711,,89.5711,factor_candle,FRED CSV Gateway mirror,learning_only_mirror
DTWEXBGS,2010-11-09,2010-11-09T00:00:00Z,daily,89.558,89.558,89.558,89.558,,89.558,factor_candle,FRED CSV Gateway mirror,learning_only_mirror
DTWEXBGS,2010-11-10,2010-11-10T00:00:00Z,daily,89.9056,89.9056,89.9056,89.9056,,89.9056,factor_candle,FRED CSV Gateway mirror,learning_only_mirror
DTWEXBGS,2010-11-12,2010-11-12T00:00:00Z,daily,90.1701,90.1701,90.1701,90.1701,,90.1701,factor_candle,FRED CSV Gateway mirror,learning_only_mirror
DTWEXBGS,2010-11-15,2010-11-15T00:00:00Z,daily,90.4331,90.4331,90.4331,90.4331,,90.4331,factor_candle,FRED CSV Gateway mirror,learning_only_mirror
DTWEXBGS,2010-11-16,2010-11-16T00:00:00Z,daily,91.1102,91.1102,91.1102,91.1102,,91.1102,factor_candle,FRED CSV Gateway mirror,learning_only_mirror
DTWEXBGS,2010-11-17,2010-11-17T00:00:00Z,daily,90.9282,90.9282,90.9282,90.9282,,90.9282,factor_candle,FRED CSV Gateway mirror,learning_only_mirror
DTWEXBGS,2010-11-18,2010-11-18T00:00:00Z,daily,90.649,90.649,90.649,90.649,,90.649,factor_candle,FRED CSV Gateway mirror,learning_only_mirror
DTWEXBGS,2010-11-19,2010-11-19T00:00:00Z,daily,90.6986,90.6986,90.6986,90.6986,,90.6986,factor_candle,FRED CSV Gateway mirror,learning_only_mirror
DTWEXBGS,2010-11-22,2010-11-22T00:00:00Z,daily,90.7023,90.7023,90.7023,90.7023,,90.7023,factor_candle,FRED CSV Gateway mirror,learning_only_mirror
DTWEXBGS,2010-11-23,2010-11-23T00:00:00Z,daily,91.4318,91.4318,91.4318,91.4318,,91.4318,factor_candle,FRED CSV Gateway mirror,learning_only_mirror
DTWEXBGS,2010-11-24,2010-11-24T00:00:00Z,daily,91.2179,91.2179,91.2179,91.2179,,91.2179,factor_candle,FRED CSV Gateway mirror,learning_only_mirror
DTWEXBGS,2010-11-26,2010-11-26T00:00:00Z,daily,91.8152,91.8152,91.8152,91.8152,,91.8152,factor_candle,FRED CSV Gateway mirror,learning_only_mirror
DTWEXBGS,2010-11-29,2010-11-29T00:00:00Z,daily,92.1997,92.1997,92.1997,92.1997,,92.1997,factor_candle,FRED CSV Gateway mirror,learning_only_mirror
DTWEXBGS,2010-11-30,2010-11-30T00:00:00Z,daily,92.1494,92.1494,92.1494,92.1494,,92.1494,factor_candle,FRED CSV Gateway mirror,learning_only_mirror
DTWEXBGS,2010-12-01,2010-12-01T00:00:00Z,daily,91.6799,91.6799,91.6799,91.6799,,91.6799,factor_candle,FRED CSV Gateway mirror,learning_only_mirror
DTWEXBGS,2010-12-02,2010-12-02T00:00:00Z,daily,91.2651,91.2651,91.2651,91.2651,,91.2651,factor_candle,FRED CSV Gateway mirror,learning_only_mirror
DTWEXBGS,2010-12-03,2010-12-03T00:00:00Z,daily,90.8788,90.8788,90.8788,90.8788,,90.8788,factor_candle,FRED CSV Gateway mirror,learning_only_mirror
DTWEXBGS,2010-12-06,2010-12-06T00:00:00Z,daily,91.0167,91.0167,91.0167,91.0167,,91.0167,factor_candle,FRED CSV Gateway mirror,learning_only_mirror
DTWEXBGS,2010-12-07,2010-12-07T00:00:00Z,daily,90.9732,90.9732,90.9732,90.9732,,90.9732,factor_candle,FRED CSV Gateway mirror,learning_only_mirror
DTWEXBGS,2010-12-08,2010-12-08T00:00:00Z,daily,91.3376,91.3376,91.3376,91.3376,,91.3376,factor_candle,FRED CSV Gateway mirror,learning_only_mirror
DTWEXBGS,2010-12-09,2010-12-09T00:00:00Z,daily,91.3923,91.3923,91.3923,91.3923,,91.3923,factor_candle,FRED CSV Gateway mirror,learning_only_mirror
DTWEXBGS,2010-12-10,2010-12-10T00:00:00Z,daily,91.2831,91.2831,91.2831,91.2831,,91.2831,factor_candle,FRED CSV Gateway mirror,learning_only_mirror
DTWEXBGS,2010-12-13,2010-12-13T00:00:00Z,daily,90.8837,90.8837,90.8837,90.8837,,90.8837,factor_candle,FRED CSV Gateway mirror,learning_only_mirror
DTWEXBGS,2010-12-14,2010-12-14T00:00:00Z,daily,90.764,90.764,90.764,90.764,,90.764,factor_candle,FRED CSV Gateway mirror,learning_only_mirror
DTWEXBGS,2010-12-15,2010-12-15T00:00:00Z,daily,91.094,91.094,91.094,91.094,,91.094,factor_candle,FRED CSV Gateway mirror,learning_only_mirror
DTWEXBGS,2010-12-16,2010-12-16T00:00:00Z,daily,91.3773,91.3773,91.3773,91.3773,,91.3773,factor_candle,FRED CSV Gateway mirror,learning_only_mirror
DTWEXBGS,2010-12-17,2010-12-17T00:00:00Z,daily,91.5555,91.5555,91.5555,91.5555,,91.5555,factor_candle,FRED CSV Gateway mirror,learning_only_mirror
DTWEXBGS,2010-12-20,2010-12-20T00:00:00Z,daily,91.6398,91.6398,91.6398,91.6398,,91.6398,factor_candle,FRED CSV Gateway mirror,learning_only_mirror
DTWEXBGS,2010-12-21,2010-12-21T00:00:00Z,daily,91.519,91.519,91.519,91.519,,91.519,factor_candle,FRED CSV Gateway mirror,learning_only_mirror
DTWEXBGS,2010-12-22,2010-12-22T00:00:00Z,daily,91.429,91.429,91.429,91.429,,91.429,factor_candle,FRED CSV Gateway mirror,learning_only_mirror
DTWEXBGS,2010-12-23,2010-12-23T00:00:00Z,daily,91.3013,91.3013,91.3013,91.3013,,91.3013,factor_candle,FRED CSV Gateway mirror,learning_only_mirror
DTWEXBGS,2010-12-27,2010-12-27T00:00:00Z,daily,91.1963,91.1963,91.1963,91.1963,,91.1963,factor_candle,FRED CSV Gateway mirror,learning_only_mirror
DTWEXBGS,2010-12-28,2010-12-28T00:00:00Z,daily,90.9848,90.9848,90.9848,90.9848,,90.9848,factor_candle,FRED CSV Gateway mirror,learning_only_mirror
DTWEXBGS,2010-12-29,2010-12-29T00:00:00Z,daily,90.7669,90.7669,90.7669,90.7669,,90.7669,factor_candle,FRED CSV Gateway mirror,learning_only_mirror
DTWEXBGS,2010-12-30,2010-12-30T00:00:00Z,daily,90.5146,90.5146,90.5146,90.5146,,90.5146,factor_candle,FRED CSV Gateway mirror,learning_only_mirror
DTWEXBGS,2011-01-03,2011-01-03T00:00:00Z,daily,89.9524,89.9524,89.9524,89.9524,,89.9524,factor_candle,FRED CSV Gateway mirror,learning_only_mirror
DTWEXBGS,2011-01-04,2011-01-04T00:00:00Z,daily,90.3277,90.3277,90.3277,90.3277,,90.3277,factor_candle,FRED CSV Gateway mirror,learning_only_mirror
DTWEXBGS,2011-01-05,2011-01-05T00:00:00Z,daily,90.5715,90.5715,90.5715,90.5715,,90.5715,factor_candle,FRED CSV Gateway mirror,learning_only_mirror
DTWEXBGS,2011-01-06,2011-01-06T00:00:00Z,daily,90.9125,90.9125,90.9125,90.9125,,90.9125,factor_candle,FRED CSV Gateway mirror,learning_only_mirror
DTWEXBGS,2011-01-07,2011-01-07T00:00:00Z,daily,91.0001,91.0001,91.0001,91.0001,,91.0001,factor_candle,FRED CSV Gateway mirror,learning_only_mirror
DTWEXBGS,2011-01-10,2011-01-10T00:00:00Z,daily,91.03,91.03,91.03,91.03,,91.03,factor_candle,FRED CSV Gateway mirror,learning_only_mirror
DTWEXBGS,2011-01-11,2011-01-11T00:00:00Z,daily,90.8431,90.8431,90.8431,90.8431,,90.8431,factor_candle,FRED CSV Gateway mirror,learning_only_mirror
DTWEXBGS,2011-01-12,2011-01-12T00:00:00Z,daily,90.4111,90.4111,90.4111,90.4111,,90.4111,factor_candle,FRED CSV Gateway mirror,learning_only_mirror
DTWEXBGS,2011-01-13,2011-01-13T00:00:00Z,daily,89.9019,89.9019,89.9019,89.9019,,89.9019,factor_candle,FRED CSV Gateway mirror,learning_only_mirror
DTWEXBGS,2011-01-14,2011-01-14T00:00:00Z,daily,90.0461,90.0461,90.0461,90.0461,,90.0461,factor_candle,FRED CSV Gateway mirror,learning_only_mirror
DTWEXBGS,2011-01-18,2011-01-18T00:00:00Z,daily,89.821,89.821,89.821,89.821,,89.821,factor_candle,FRED CSV Gateway mirror,learning_only_mirror
DTWEXBGS,2011-01-19,2011-01-19T00:00:00Z,daily,89.6948,89.6948,89.6948,89.6948,,89.6948,factor_candle,FRED CSV Gateway mirror,learning_only_mirror
DTWEXBGS,2011-01-20,2011-01-20T00:00:00Z,daily,90.1316,90.1316,90.1316,90.1316,,90.1316,factor_candle,FRED CSV Gateway mirror,learning_only_mirror
DTWEXBGS,2011-01-21,2011-01-21T00:00:00Z,daily,89.7204,89.7204,89.7204,89.7204,,89.7204,factor_candle,FRED CSV Gateway mirror,learning_only_mirror
DTWEXBGS,2011-01-24,2011-01-24T00:00:00Z,daily,89.5375,89.5375,89.5375,89.5375,,89.5375,factor_candle,FRED CSV Gateway mirror,learning_only_mirror
DTWEXBGS,2011-01-25,2011-01-25T00:00:00Z,daily,89.7279,89.7279,89.7279,89.7279,,89.7279,factor_candle,FRED CSV Gateway mirror,learning_only_mirror
DTWEXBGS,2011-01-26,2011-01-26T00:00:00Z,daily,89.5091,89.5091,89.5091,89.5091,,89.5091,factor_candle,FRED CSV Gateway mirror,learning_only_mirror
DTWEXBGS,2011-01-27,2011-01-27T00:00:00Z,daily,89.5728,89.5728,89.5728,89.5728,,89.5728,factor_candle,FRED CSV Gateway mirror,learning_only_mirror
DTWEXBGS,2011-01-28,2011-01-28T00:00:00Z,daily,89.8189,89.8189,89.8189,89.8189,,89.8189,factor_candle,FRED CSV Gateway mirror,learning_only_mirror
DTWEXBGS,2011-01-31,2011-01-31T00:00:00Z,daily,89.694,89.694,89.694,89.694,,89.694,factor_candle,FRED CSV Gateway mirror,learning_only_mirror
DTWEXBGS,2011-02-01,2011-02-01T00:00:00Z,daily,89.1436,89.1436,89.1436,89.1436,,89.1436,factor_candle,FRED CSV Gateway mirror,learning_only_mirror
DTWEXBGS,2011-02-02,2011-02-02T00:00:00Z,daily,89.0737,89.0737,89.0737,89.0737,,89.0737,factor_candle,FRED CSV Gateway mirror,learning_only_mirror
DTWEXBGS,2011-02-03,2011-02-03T00:00:00Z,daily,89.2522,89.2522,89.2522,89.2522,,89.2522,factor_candle,FRED CSV Gateway mirror,learning_only_mirror
DTWEXBGS,2011-02-04,2011-02-04T00:00:00Z,daily,89.391,89.391,89.391,89.391,,89.391,factor_candle,FRED CSV Gateway mirror,learning_only_mirror
DTWEXBGS,2011-02-07,2011-02-07T00:00:00Z,daily,89.3556,89.3556,89.3556,89.3556,,89.3556,factor_candle,FRED CSV Gateway mirror,learning_only_mirror
DTWEXBGS,2011-02-08,2011-02-08T00:00:00Z,daily,89.1241,89.1241,89.1241,89.1241,,89.1241,factor_candle,FRED CSV Gateway mirror,learning_only_mirror
DTWEXBGS,2011-02-09,2011-02-09T00:00:00Z,daily,89.4166,89.4166,89.4166,89.4166,,89.4166,factor_candle,FRED CSV Gateway mirror,learning_only_mirror
DTWEXBGS,2011-02-10,2011-02-10T00:00:00Z,daily,89.6266,89.6266,89.6266,89.6266,,89.6266,factor_candle,FRED CSV Gateway mirror,learning_only_mirror
DTWEXBGS,2011-02-11,2011-02-11T00:00:00Z,daily,89.8784,89.8784,89.8784,89.8784,,89.8784,factor_candle,FRED CSV Gateway mirror,learning_only_mirror
DTWEXBGS,2011-02-14,2011-02-14T00:00:00Z,daily,89.8543,89.8543,89.8543,89.8543,,89.8543,factor_candle,FRED CSV Gateway mirror,learning_only_mirror
DTWEXBGS,2011-02-15,2011-02-15T00:00:00Z,daily,89.8871,89.8871,89.8871,89.8871,,89.8871,factor_candle,FRED CSV Gateway mirror,learning_only_mirror
DTWEXBGS,2011-02-16,2011-02-16T00:00:00Z,daily,89.7059,89.7059,89.7059,89.7059,,89.7059,factor_candle,FRED CSV Gateway mirror,learning_only_mirror
DTWEXBGS,2011-02-17,2011-02-17T00:00:00Z,daily,89.4102,89.4102,89.4102,89.4102,,89.4102,factor_candle,FRED CSV Gateway mirror,learning_only_mirror
DTWEXBGS,2011-02-18,2011-02-18T00:00:00Z,daily,89.1974,89.1974,89.1974,89.1974,,89.1974,factor_candle,FRED CSV Gateway mirror,learning_only_mirror
DTWEXBGS,2011-02-22,2011-02-22T00:00:00Z,daily,89.4617,89.4617,89.4617,89.4617,,89.4617,factor_candle,FRED CSV Gateway mirror,learning_only_mirror
DTWEXBGS,2011-02-23,2011-02-23T00:00:00Z,daily,89.4186,89.4186,89.4186,89.4186,,89.4186,factor_candle,FRED CSV Gateway mirror,learning_only_mirror
DTWEXBGS,2011-02-24,2011-02-24T00:00:00Z,daily,89.2346,89.2346,89.2346,89.2346,,89.2346,factor_candle,FRED CSV Gateway mirror,learning_only_mirror
DTWEXBGS,2011-02-25,2011-02-25T00:00:00Z,daily,89.1664,89.1664,89.1664,89.1664,,89.1664,factor_candle,FRED CSV Gateway mirror,learning_only_mirror
DTWEXBGS,2011-02-28,2011-02-28T00:00:00Z,daily,88.9391,88.9391,88.9391,88.9391,,88.9391,factor_candle,FRED CSV Gateway mirror,learning_only_mirror
DTWEXBGS,2011-03-01,2011-03-01T00:00:00Z,daily,88.831,88.831,88.831,88.831,,88.831,factor_candle,FRED CSV Gateway mirror,learning_only_mirror
DTWEXBGS,2011-03-02,2011-03-02T00:00:00Z,daily,88.7317,88.7317,88.7317,88.7317,,88.7317,factor_candle,FRED CSV Gateway mirror,learning_only_mirror
DTWEXBGS,2011-03-03,2011-03-03T00:00:00Z,daily,88.637,88.637,88.637,88.637,,88.637,factor_candle,FRED CSV Gateway mirror,learning_only_mirror
DTWEXBGS,2011-03-04,2011-03-04T00:00:00Z,daily,88.4898,88.4898,88.4898,88.4898,,88.4898,factor_candle,FRED CSV Gateway mirror,learning_only_mirror
DTWEXBGS,2011-03-07,2011-03-07T00:00:00Z,daily,88.5207,88.5207,88.5207,88.5207,,88.5207,factor_candle,FRED CSV Gateway mirror,learning_only_mirror
DTWEXBGS,2011-03-08,2011-03-08T00:00:00Z,daily,88.6454,88.6454,88.6454,88.6454,,88.6454,factor_candle,FRED CSV Gateway mirror,learning_only_mirror
DTWEXBGS,2011-03-09,2011-03-09T00:00:00Z,daily,88.5328,88.5328,88.5328,88.5328,,88.5328,factor_candle,FRED CSV Gateway mirror,learning_only_mirror
DTWEXBGS,2011-03-10,2011-03-10T00:00:00Z,daily,88.8698,88.8698,88.8698,88.8698,,88.8698,factor_candle,FRED CSV Gateway mirror,learning_only_mirror
DTWEXBGS,2011-03-11,2011-03-11T00:00:00Z,daily,88.691,88.691,88.691,88.691,,88.691,factor_candle,FRED CSV Gateway mirror,learning_only_mirror
DTWEXBGS,2011-03-14,2011-03-14T00:00:00Z,daily,88.5191,88.5191,88.5191,88.5191,,88.5191,factor_candle,FRED CSV Gateway mirror,learning_only_mirror
DTWEXBGS,2011-03-15,2011-03-15T00:00:00Z,daily,88.7845,88.7845,88.7845,88.7845,,88.7845,factor_candle,FRED CSV Gateway mirror,learning_only_mirror
DTWEXBGS,2011-03-16,2011-03-16T00:00:00Z,daily,88.9785,88.9785,88.9785,88.9785,,88.9785,factor_candle,FRED CSV Gateway mirror,learning_only_mirror
DTWEXBGS,2011-03-17,2011-03-17T00:00:00Z,daily,88.6549,88.6549,88.6549,88.6549,,88.6549,factor_candle,FRED CSV Gateway mirror,learning_only_mirror
DTWEXBGS,2011-03-18,2011-03-18T00:00:00Z,daily,88.5221,88.5221,88.5221,88.5221,,88.5221,factor_candle,FRED CSV Gateway mirror,learning_only_mirror
DTWEXBGS,2011-03-21,2011-03-21T00:00:00Z,daily,88.2032,88.2032,88.2032,88.2032,,88.2032,factor_candle,FRED CSV Gateway mirror,learning_only_mirror
DTWEXBGS,2011-03-22,2011-03-22T00:00:00Z,daily,88.0665,88.0665,88.0665,88.0665,,88.0665,factor_candle,FRED CSV Gateway mirror,learning_only_mirror
DTWEXBGS,2011-03-23,2011-03-23T00:00:00Z,daily,88.3328,88.3328,88.3328,88.3328,,88.3328,factor_candle,FRED CSV Gateway mirror,learning_only_mirror
DTWEXBGS,2011-03-24,2011-03-24T00:00:00Z,daily,88.0592,88.0592,88.0592,88.0592,,88.0592,factor_candle,FRED CSV Gateway mirror,learning_only_mirror
DTWEXBGS,2011-03-25,2011-03-25T00:00:00Z,daily,88.1716,88.1716,88.1716,88.1716,,88.1716,factor_candle,FRED CSV Gateway mirror,learning_only_mirror
DTWEXBGS,2011-03-28,2011-03-28T00:00:00Z,daily,88.3058,88.3058,88.3058,88.3058,,88.3058,factor_candle,FRED CSV Gateway mirror,learning_only_mirror
DTWEXBGS,2011-03-29,2011-03-29T00:00:00Z,daily,88.3991,88.3991,88.3991,88.3991,,88.3991,factor_candle,FRED CSV Gateway mirror,learning_only_mirror
DTWEXBGS,2011-03-30,2011-03-30T00:00:00Z,daily,88.2298,88.2298,88.2298,88.2298,,88.2298,factor_candle,FRED CSV Gateway mirror,learning_only_mirror
DTWEXBGS,2011-03-31,2011-03-31T00:00:00Z,daily,88.0299,88.0299,88.0299,88.0299,,88.0299,factor_candle,FRED CSV Gateway mirror,learning_only_mirror
DTWEXBGS,2011-04-01,2011-04-01T00:00:00Z,daily,87.7993,87.7993,87.7993,87.7993,,87.7993,factor_candle,FRED CSV Gateway mirror,learning_only_mirror
DTWEXBGS,2011-04-04,2011-04-04T00:00:00Z,daily,87.8406,87.8406,87.8406,87.8406,,87.8406,factor_candle,FRED CSV Gateway mirror,learning_only_mirror
DTWEXBGS,2011-04-05,2011-04-05T00:00:00Z,daily,87.7483,87.7483,87.7483,87.7483,,87.7483,factor_candle,FRED CSV Gateway mirror,learning_only_mirror
DTWEXBGS,2011-04-06,2011-04-06T00:00:00Z,daily,87.4913,87.4913,87.4913,87.4913,,87.4913,factor_candle,FRED CSV Gateway mirror,learning_only_mirror
DTWEXBGS,2011-04-07,2011-04-07T00:00:00Z,daily,87.532,87.532,87.532,87.532,,87.532,factor_candle,FRED CSV Gateway mirror,learning_only_mirror
DTWEXBGS,2011-04-08,2011-04-08T00:00:00Z,daily,87.1493,87.1493,87.1493,87.1493,,87.1493,factor_candle,FRED CSV Gateway mirror,learning_only_mirror
DTWEXBGS,2011-04-11,2011-04-11T00:00:00Z,daily,87.094,87.094,87.094,87.094,,87.094,factor_candle,FRED CSV Gateway mirror,learning_only_mirror
DTWEXBGS,2011-04-12,2011-04-12T00:00:00Z,daily,87.2943,87.2943,87.2943,87.2943,,87.2943,factor_candle,FRED CSV Gateway mirror,learning_only_mirror
DTWEXBGS,2011-04-13,2011-04-13T00:00:00Z,daily,87.2093,87.2093,87.2093,87.2093,,87.2093,factor_candle,FRED CSV Gateway mirror,learning_only_mirror
DTWEXBGS,2011-04-14,2011-04-14T00:00:00Z,daily,87.0802,87.0802,87.0802,87.0802,,87.0802,factor_candle,FRED CSV Gateway mirror,learning_only_mirror
DTWEXBGS,2011-04-15,2011-04-15T00:00:00Z,daily,87.005,87.005,87.005,87.005,,87.005,factor_candle,FRED CSV Gateway mirror,learning_only_mirror
DTWEXBGS,2011-04-18,2011-04-18T00:00:00Z,daily,87.5081,87.5081,87.5081,87.5081,,87.5081,factor_candle,FRED CSV Gateway mirror,learning_only_mirror
DTWEXBGS,2011-04-19,2011-04-19T00:00:00Z,daily,87.0791,87.0791,87.0791,87.0791,,87.0791,factor_candle,FRED CSV Gateway mirror,learning_only_mirror
DTWEXBGS,2011-04-20,2011-04-20T00:00:00Z,daily,86.5642,86.5642,86.5642,86.5642,,86.5642,factor_candle,FRED CSV Gateway mirror,learning_only_mirror
DTWEXBGS,2011-04-21,2011-04-21T00:00:00Z,daily,86.2256,86.2256,86.2256,86.2256,,86.2256,factor_candle,FRED CSV Gateway mirror,learning_only_mirror
DTWEXBGS,2011-04-22,2011-04-22T00:00:00Z,daily,86.3742,86.3742,86.3742,86.3742,,86.3742,factor_candle,FRED CSV Gateway mirror,learning_only_mirror
DTWEXBGS,2011-04-25,2011-04-25T00:00:00Z,daily,86.4026,86.4026,86.4026,86.4026,,86.4026,factor_candle,FRED CSV Gateway mirror,learning_only_mirror
DTWEXBGS,2011-04-26,2011-04-26T00:00:00Z,daily,86.2576,86.2576,86.2576,86.2576,,86.2576,factor_candle,FRED CSV Gateway mirror,learning_only_mirror
DTWEXBGS,2011-04-27,2011-04-27T00:00:00Z,daily,86.2519,86.2519,86.2519,86.2519,,86.2519,factor_candle,FRED CSV Gateway mirror,learning_only_mirror
DTWEXBGS,2011-04-28,2011-04-28T00:00:00Z,daily,85.8419,85.8419,85.8419,85.8419,,85.8419,factor_candle,FRED CSV Gateway mirror,learning_only_mirror
DTWEXBGS,2011-04-29,2011-04-29T00:00:00Z,daily,85.5999,85.5999,85.5999,85.5999,,85.5999,factor_candle,FRED CSV Gateway mirror,learning_only_mirror
DTWEXBGS,2011-05-02,2011-05-02T00:00:00Z,daily,85.5199,85.5199,85.5199,85.5199,,85.5199,factor_candle,FRED CSV Gateway mirror,learning_only_mirror
DTWEXBGS,2011-05-03,2011-05-03T00:00:00Z,daily,85.6352,85.6352,85.6352,85.6352,,85.6352,factor_candle,FRED CSV Gateway mirror,learning_only_mirror
DTWEXBGS,2011-05-04,2011-05-04T00:00:00Z,daily,85.8917,85.8917,85.8917,85.8917,,85.8917,factor_candle,FRED CSV Gateway mirror,learning_only_mirror
DTWEXBGS,2011-05-05,2011-05-05T00:00:00Z,daily,86.508,86.508,86.508,86.508,,86.508,factor_candle,FRED CSV Gateway mirror,learning_only_mirror
DTWEXBGS,2011-05-06,2011-05-06T00:00:00Z,daily,86.4575,86.4575,86.4575,86.4575,,86.4575,factor_candle,FRED CSV Gateway mirror,learning_only_mirror
DTWEXBGS,2011-05-09,2011-05-09T00:00:00Z,daily,86.8346,86.8346,86.8346,86.8346,,86.8346,factor_candle,FRED CSV Gateway mirror,learning_only_mirror
DTWEXBGS,2011-05-10,2011-05-10T00:00:00Z,daily,86.6518,86.6518,86.6518,86.6518,,86.6518,factor_candle,FRED CSV Gateway mirror,learning_only_mirror
DTWEXBGS,2011-05-11,2011-05-11T00:00:00Z,daily,86.7195,86.7195,86.7195,86.7195,,86.7195,factor_candle,FRED CSV Gateway mirror,learning_only_mirror
DTWEXBGS,2011-05-12,2011-05-12T00:00:00Z,daily,87.0767,87.0767,87.0767,87.0767,,87.0767,factor_candle,FRED CSV Gateway mirror,learning_only_mirror
DTWEXBGS,2011-05-13,2011-05-13T00:00:00Z,daily,87.4176,87.4176,87.4176,87.4176,,87.4176,factor_candle,FRED CSV Gateway mirror,learning_only_mirror
DTWEXBGS,2011-05-16,2011-05-16T00:00:00Z,daily,87.3311,87.3311,87.3311,87.3311,,87.3311,factor_candle,FRED CSV Gateway mirror,learning_only_mirror
DTWEXBGS,2011-05-17,2011-05-17T00:00:00Z,daily,87.6307,87.6307,87.6307,87.6307,,87.6307,factor_candle,FRED CSV Gateway mirror,learning_only_mirror
DTWEXBGS,2011-05-18,2011-05-18T00:00:00Z,daily,87.295,87.295,87.295,87.295,,87.295,factor_candle,FRED CSV Gateway mirror,learning_only_mirror
DTWEXBGS,2011-05-19,2011-05-19T00:00:00Z,daily,87.2638,87.2638,87.2638,87.2638,,87.2638,factor_candle,FRED CSV Gateway mirror,learning_only_mirror
DTWEXBGS,2011-05-20,2011-05-20T00:00:00Z,daily,87.3044,87.3044,87.3044,87.3044,,87.3044,factor_candle,FRED CSV Gateway mirror,learning_only_mirror
DTWEXBGS,2011-05-23,2011-05-23T00:00:00Z,daily,87.8941,87.8941,87.8941,87.8941,,87.8941,factor_candle,FRED CSV Gateway mirror,learning_only_mirror
DTWEXBGS,2011-05-24,2011-05-24T00:00:00Z,daily,87.662,87.662,87.662,87.662,,87.662,factor_candle,FRED CSV Gateway mirror,learning_only_mirror
DTWEXBGS,2011-05-25,2011-05-25T00:00:00Z,daily,87.6136,87.6136,87.6136,87.6136,,87.6136,factor_candle,FRED CSV Gateway mirror,learning_only_mirror
DTWEXBGS,2011-05-26,2011-05-26T00:00:00Z,daily,87.5588,87.5588,87.5588,87.5588,,87.5588,factor_candle,FRED CSV Gateway mirror,learning_only_mirror
DTWEXBGS,2011-05-27,2011-05-27T00:00:00Z,daily,86.9525,86.9525,86.9525,86.9525,,86.9525,factor_candle,FRED CSV Gateway mirror,learning_only_mirror
DTWEXBGS,2011-05-31,2011-05-31T00:00:00Z,daily,86.656,86.656,86.656,86.656,,86.656,factor_candle,FRED CSV Gateway mirror,learning_only_mirror
DTWEXBGS,2011-06-01,2011-06-01T00:00:00Z,daily,86.5964,86.5964,86.5964,86.5964,,86.5964,factor_candle,FRED CSV Gateway mirror,learning_only_mirror
DTWEXBGS,2011-06-02,2011-06-02T00:00:00Z,daily,86.8435,86.8435,86.8435,86.8435,,86.8435,factor_candle,FRED CSV Gateway mirror,learning_only_mirror
DTWEXBGS,2011-06-03,2011-06-03T00:00:00Z,daily,86.4234,86.4234,86.4234,86.4234,,86.4234,factor_candle,FRED CSV Gateway mirror,learning_only_mirror
DTWEXBGS,2011-06-06,2011-06-06T00:00:00Z,daily,86.4669,86.4669,86.4669,86.4669,,86.4669,factor_candle,FRED CSV Gateway mirror,learning_only_mirror
DTWEXBGS,2011-06-07,2011-06-07T00:00:00Z,daily,86.3627,86.3627,86.3627,86.3627,,86.3627,factor_candle,FRED CSV Gateway mirror,learning_only_mirror
DTWEXBGS,2011-06-08,2011-06-08T00:00:00Z,daily,86.5714,86.5714,86.5714,86.5714,,86.5714,factor_candle,FRED CSV Gateway mirror,learning_only_mirror
DTWEXBGS,2011-06-09,2011-06-09T00:00:00Z,daily,86.5913,86.5913,86.5913,86.5913,,86.5913,factor_candle,FRED CSV Gateway mirror,learning_only_mirror
DTWEXBGS,2011-06-10,2011-06-10T00:00:00Z,daily,87.042,87.042,87.042,87.042,,87.042,factor_candle,FRED CSV Gateway mirror,learning_only_mirror
DTWEXBGS,2011-06-13,2011-06-13T00:00:00Z,daily,87.0579,87.0579,87.0579,87.0579,,87.0579,factor_candle,FRED CSV Gateway mirror,learning_only_mirror
DTWEXBGS,2011-06-14,2011-06-14T00:00:00Z,daily,86.6771,86.6771,86.6771,86.6771,,86.6771,factor_candle,FRED CSV Gateway mirror,learning_only_mirror
DTWEXBGS,2011-06-15,2011-06-15T00:00:00Z,daily,87.3342,87.3342,87.3342,87.3342,,87.3342,factor_candle,FRED CSV Gateway mirror,learning_only_mirror
DTWEXBGS,2011-06-16,2011-06-16T00:00:00Z,daily,87.6917,87.6917,87.6917,87.6917,,87.6917,factor_candle,FRED CSV Gateway mirror,learning_only_mirror
DTWEXBGS,2011-06-17,2011-06-17T00:00:00Z,daily,87.2179,87.2179,87.2179,87.2179,,87.2179,factor_candle,FRED CSV Gateway mirror,learning_only_mirror
DTWEXBGS,2011-06-20,2011-06-20T00:00:00Z,daily,87.1908,87.1908,87.1908,87.1908,,87.1908,factor_candle,FRED CSV Gateway mirror,learning_only_mirror
DTWEXBGS,2011-06-21,2011-06-21T00:00:00Z,daily,86.857,86.857,86.857,86.857,,86.857,factor_candle,FRED CSV Gateway mirror,learning_only_mirror
DTWEXBGS,2011-06-22,2011-06-22T00:00:00Z,daily,86.8067,86.8067,86.8067,86.8067,,86.8067,factor_candle,FRED CSV Gateway mirror,learning_only_mirror
DTWEXBGS,2011-06-23,2011-06-23T00:00:00Z,daily,87.455,87.455,87.455,87.455,,87.455,factor_candle,FRED CSV Gateway mirror,learning_only_mirror
DTWEXBGS,2011-06-24,2011-06-24T00:00:00Z,daily,87.5014,87.5014,87.5014,87.5014,,87.5014,factor_candle,FRED CSV Gateway mirror,learning_only_mirror
DTWEXBGS,2011-06-27,2011-06-27T00:00:00Z,daily,87.5225,87.5225,87.5225,87.5225,,87.5225,factor_candle,FRED CSV Gateway mirror,learning_only_mirror
DTWEXBGS,2011-06-28,2011-06-28T00:00:00Z,daily,87.2178,87.2178,87.2178,87.2178,,87.2178,factor_candle,FRED CSV Gateway mirror,learning_only_mirror
DTWEXBGS,2011-06-29,2011-06-29T00:00:00Z,daily,86.8014,86.8014,86.8014,86.8014,,86.8014,factor_candle,FRED CSV Gateway mirror,learning_only_mirror
DTWEXBGS,2011-06-30,2011-06-30T00:00:00Z,daily,86.4786,86.4786,86.4786,86.4786,,86.4786,factor_candle,FRED CSV Gateway mirror,learning_only_mirror
DTWEXBGS,2011-07-01,2011-07-01T00:00:00Z,daily,86.3613,86.3613,86.3613,86.3613,,86.3613,factor_candle,FRED CSV Gateway mirror,learning_only_mirror
DTWEXBGS,2011-07-05,2011-07-05T00:00:00Z,daily,86.4253,86.4253,86.4253,86.4253,,86.4253,factor_candle,FRED CSV Gateway mirror,learning_only_mirror
DTWEXBGS,2011-07-06,2011-07-06T00:00:00Z,daily,86.6825,86.6825,86.6825,86.6825,,86.6825,factor_candle,FRED CSV Gateway mirror,learning_only_mirror
DTWEXBGS,2011-07-07,2011-07-07T00:00:00Z,daily,86.4825,86.4825,86.4825,86.4825,,86.4825,factor_candle,FRED CSV Gateway mirror,learning_only_mirror
DTWEXBGS,2011-07-08,2011-07-08T00:00:00Z,daily,86.615,86.615,86.615,86.615,,86.615,factor_candle,FRED CSV Gateway mirror,learning_only_mirror
DTWEXBGS,2011-07-11,2011-07-11T00:00:00Z,daily,87.1013,87.1013,87.1013,87.1013,,87.1013,factor_candle,FRED CSV Gateway mirror,learning_only_mirror
DTWEXBGS,2011-07-12,2011-07-12T00:00:00Z,daily,87.1701,87.1701,87.1701,87.1701,,87.1701,factor_candle,FRED CSV Gateway mirror,learning_only_mirror
DTWEXBGS,2011-07-13,2011-07-13T00:00:00Z,daily,86.5697,86.5697,86.5697,86.5697,,86.5697,factor_candle,FRED CSV Gateway mirror,learning_only_mirror
DTWEXBGS,2011-07-14,2011-07-14T00:00:00Z,daily,86.5234,86.5234,86.5234,86.5234,,86.5234,factor_candle,FRED CSV Gateway mirror,learning_only_mirror
DTWEXBGS,2011-07-15,2011-07-15T00:00:00Z,daily,86.5169,86.5169,86.5169,86.5169,,86.5169,factor_candle,FRED CSV Gateway mirror,learning_only_mirror
DTWEXBGS,2011-07-18,2011-07-18T00:00:00Z,daily,86.9549,86.9549,86.9549,86.9549,,86.9549,factor_candle,FRED CSV Gateway mirror,learning_only_mirror
DTWEXBGS,2011-07-19,2011-07-19T00:00:00Z,daily,86.4386,86.4386,86.4386,86.4386,,86.4386,factor_candle,FRED CSV Gateway mirror,learning_only_mirror
DTWEXBGS,2011-07-20,2011-07-20T00:00:00Z,daily,86.2794,86.2794,86.2794,86.2794,,86.2794,factor_candle,FRED CSV Gateway mirror,learning_only_mirror
DTWEXBGS,2011-07-21,2011-07-21T00:00:00Z,daily,85.8378,85.8378,85.8378,85.8378,,85.8378,factor_candle,FRED CSV Gateway mirror,learning_only_mirror
DTWEXBGS,2011-07-22,2011-07-22T00:00:00Z,daily,85.8623,85.8623,85.8623,85.8623,,85.8623,factor_candle,FRED CSV Gateway mirror,learning_only_mirror
DTWEXBGS,2011-07-25,2011-07-25T00:00:00Z,daily,85.8006,85.8006,85.8006,85.8006,,85.8006,factor_candle,FRED CSV Gateway mirror,learning_only_mirror
DTWEXBGS,2011-07-26,2011-07-26T00:00:00Z,daily,85.4692,85.4692,85.4692,85.4692,,85.4692,factor_candle,FRED CSV Gateway mirror,learning_only_mirror
DTWEXBGS,2011-07-27,2011-07-27T00:00:00Z,daily,85.7126,85.7126,85.7126,85.7126,,85.7126,factor_candle,FRED CSV Gateway mirror,learning_only_mirror
DTWEXBGS,2011-07-28,2011-07-28T00:00:00Z,daily,85.8245,85.8245,85.8245,85.8245,,85.8245,factor_candle,FRED CSV Gateway mirror,learning_only_mirror
DTWEXBGS,2011-07-29,2011-07-29T00:00:00Z,daily,85.7282,85.7282,85.7282,85.7282,,85.7282,factor_candle,FRED CSV Gateway mirror,learning_only_mirror
DTWEXBGS,2011-08-01,2011-08-01T00:00:00Z,daily,86.0391,86.0391,86.0391,86.0391,,86.0391,factor_candle,FRED CSV Gateway mirror,learning_only_mirror
DTWEXBGS,2011-08-02,2011-08-02T00:00:00Z,daily,86.0533,86.0533,86.0533,86.0533,,86.0533,factor_candle,FRED CSV Gateway mirror,learning_only_mirror
DTWEXBGS,2011-08-03,2011-08-03T00:00:00Z,daily,86.0706,86.0706,86.0706,86.0706,,86.0706,factor_candle,FRED CSV Gateway mirror,learning_only_mirror
DTWEXBGS,2011-08-04,2011-08-04T00:00:00Z,daily,86.9299,86.9299,86.9299,86.9299,,86.9299,factor_candle,FRED CSV Gateway mirror,learning_only_mirror
DTWEXBGS,2011-08-05,2011-08-05T00:00:00Z,daily,87.1084,87.1084,87.1084,87.1084,,87.1084,factor_candle,FRED CSV Gateway mirror,learning_only_mirror
DTWEXBGS,2011-08-08,2011-08-08T00:00:00Z,daily,87.1873,87.1873,87.1873,87.1873,,87.1873,factor_candle,FRED CSV Gateway mirror,learning_only_mirror
DTWEXBGS,2011-08-09,2011-08-09T00:00:00Z,daily,87.3919,87.3919,87.3919,87.3919,,87.3919,factor_candle,FRED CSV Gateway mirror,learning_only_mirror
DTWEXBGS,2011-08-10,2011-08-10T00:00:00Z,daily,87.3792,87.3792,87.3792,87.3792,,87.3792,factor_candle,FRED CSV Gateway mirror,learning_only_mirror
DTWEXBGS,2011-08-11,2011-08-11T00:00:00Z,daily,87.3215,87.3215,87.3215,87.3215,,87.3215,factor_candle,FRED CSV Gateway mirror,learning_only_mirror
DTWEXBGS,2011-08-12,2011-08-12T00:00:00Z,daily,87.177,87.177,87.177,87.177,,87.177,factor_candle,FRED CSV Gateway mirror,learning_only_mirror
DTWEXBGS,2011-08-15,2011-08-15T00:00:00Z,daily,86.7515,86.7515,86.7515,86.7515,,86.7515,factor_candle,FRED CSV Gateway mirror,learning_only_mirror
DTWEXBGS,2011-08-16,2011-08-16T00:00:00Z,daily,86.7115,86.7115,86.7115,86.7115,,86.7115,factor_candle,FRED CSV Gateway mirror,learning_only_mirror
DTWEXBGS,2011-08-17,2011-08-17T00:00:00Z,daily,86.5518,86.5518,86.5518,86.5518,,86.5518,factor_candle,FRED CSV Gateway mirror,learning_only_mirror
DTWEXBGS,2011-08-18,2011-08-18T00:00:00Z,daily,87.1271,87.1271,87.1271,87.1271,,87.1271,factor_candle,FRED CSV Gateway mirror,learning_only_mirror
DTWEXBGS,2011-08-19,2011-08-19T00:00:00Z,daily,86.8286,86.8286,86.8286,86.8286,,86.8286,factor_candle,FRED CSV Gateway mirror,learning_only_mirror
DTWEXBGS,2011-08-22,2011-08-22T00:00:00Z,daily,87.0753,87.0753,87.0753,87.0753,,87.0753,factor_candle,FRED CSV Gateway mirror,learning_only_mirror
DTWEXBGS,2011-08-23,2011-08-23T00:00:00Z,daily,86.9001,86.9001,86.9001,86.9001,,86.9001,factor_candle,FRED CSV Gateway mirror,learning_only_mirror
DTWEXBGS,2011-08-24,2011-08-24T00:00:00Z,daily,87.1316,87.1316,87.1316,87.1316,,87.1316,factor_candle,FRED CSV Gateway mirror,learning_only_mirror
DTWEXBGS,2011-08-25,2011-08-25T00:00:00Z,daily,87.2306,87.2306,87.2306,87.2306,,87.2306,factor_candle,FRED CSV Gateway mirror,learning_only_mirror
DTWEXBGS,2011-08-26,2011-08-26T00:00:00Z,daily,87.0751,87.0751,87.0751,87.0751,,87.0751,factor_candle,FRED CSV Gateway mirror,learning_only_mirror
DTWEXBGS,2011-08-29,2011-08-29T00:00:00Z,daily,86.8433,86.8433,86.8433,86.8433,,86.8433,factor_candle,FRED CSV Gateway mirror,learning_only_mirror
DTWEXBGS,2011-08-30,2011-08-30T00:00:00Z,daily,87.001,87.001,87.001,87.001,,87.001,factor_candle,FRED CSV Gateway mirror,learning_only_mirror
DTWEXBGS,2011-08-31,2011-08-31T00:00:00Z,daily,86.7739,86.7739,86.7739,86.7739,,86.7739,factor_candle,FRED CSV Gateway mirror,learning_only_mirror
DTWEXBGS,2011-09-01,2011-09-01T00:00:00Z,daily,86.8512,86.8512,86.8512,86.8512,,86.8512,factor_candle,FRED CSV Gateway mirror,learning_only_mirror
DTWEXBGS,2011-09-02,2011-09-02T00:00:00Z,daily,87.1797,87.1797,87.1797,87.1797,,87.1797,factor_candle,FRED CSV Gateway mirror,learning_only_mirror
DTWEXBGS,2011-09-06,2011-09-06T00:00:00Z,daily,88.1645,88.1645,88.1645,88.1645,,88.1645,factor_candle,FRED CSV Gateway mirror,learning_only_mirror
DTWEXBGS,2011-09-07,2011-09-07T00:00:00Z,daily,87.9699,87.9699,87.9699,87.9699,,87.9699,factor_candle,FRED CSV Gateway mirror,learning_only_mirror
DTWEXBGS,2011-09-08,2011-09-08T00:00:00Z,daily,88.1162,88.1162,88.1162,88.1162,,88.1162,factor_candle,FRED CSV Gateway mirror,learning_only_mirror
DTWEXBGS,2011-09-09,2011-09-09T00:00:00Z,daily,88.9514,88.9514,88.9514,88.9514,,88.9514,factor_candle,FRED CSV Gateway mirror,learning_only_mirror
DTWEXBGS,2011-09-12,2011-09-12T00:00:00Z,daily,89.2192,89.2192,89.2192,89.2192,,89.2192,factor_candle,FRED CSV Gateway mirror,learning_only_mirror
DTWEXBGS,2011-09-13,2011-09-13T00:00:00Z,daily,89.2653,89.2653,89.2653,89.2653,,89.2653,factor_candle,FRED CSV Gateway mirror,learning_only_mirror
DTWEXBGS,2011-09-14,2011-09-14T00:00:00Z,daily,89.419,89.419,89.419,89.419,,89.419,factor_candle,FRED CSV Gateway mirror,learning_only_mirror
DTWEXBGS,2011-09-15,2011-09-15T00:00:00Z,daily,89.0647,89.0647,89.0647,89.0647,,89.0647,factor_candle,FRED CSV Gateway mirror,learning_only_mirror
DTWEXBGS,2011-09-16,2011-09-16T00:00:00Z,daily,89.1108,89.1108,89.1108,89.1108,,89.1108,factor_candle,FRED CSV Gateway mirror,learning_only_mirror
DTWEXBGS,2011-09-19,2011-09-19T00:00:00Z,daily,89.9336,89.9336,89.9336,89.9336,,89.9336,factor_candle,FRED CSV Gateway mirror,learning_only_mirror
DTWEXBGS,2011-09-20,2011-09-20T00:00:00Z,daily,89.8777,89.8777,89.8777,89.8777,,89.8777,factor_candle,FRED CSV Gateway mirror,learning_only_mirror
DTWEXBGS,2011-09-21,2011-09-21T00:00:00Z,daily,90.3453,90.3453,90.3453,90.3453,,90.3453,factor_candle,FRED CSV Gateway mirror,learning_only_mirror
DTWEXBGS,2011-09-22,2011-09-22T00:00:00Z,daily,92.075,92.075,92.075,92.075,,92.075,factor_candle,FRED CSV Gateway mirror,learning_only_mirror
DTWEXBGS,2011-09-23,2011-09-23T00:00:00Z,daily,91.6904,91.6904,91.6904,91.6904,,91.6904,factor_candle,FRED CSV Gateway mirror,learning_only_mirror
DTWEXBGS,2011-09-26,2011-09-26T00:00:00Z,daily,91.7724,91.7724,91.7724,91.7724,,91.7724,factor_candle,FRED CSV Gateway mirror,learning_only_mirror
DTWEXBGS,2011-09-27,2011-09-27T00:00:00Z,daily,90.8985,90.8985,90.8985,90.8985,,90.8985,factor_candle,FRED CSV Gateway mirror,learning_only_mirror
DTWEXBGS,2011-09-28,2011-09-28T00:00:00Z,daily,91.0227,91.0227,91.0227,91.0227,,91.0227,factor_candle,FRED CSV Gateway mirror,learning_only_mirror
DTWEXBGS,2011-09-29,2011-09-29T00:00:00Z,daily,91.3033,91.3033,91.3033,91.3033,,91.3033,factor_candle,FRED CSV Gateway mirror,learning_only_mirror
DTWEXBGS,2011-09-30,2011-09-30T00:00:00Z,daily,91.9998,91.9998,91.9998,91.9998,,91.9998,factor_candle,FRED CSV Gateway mirror,learning_only_mirror
DTWEXBGS,2011-10-03,2011-10-03T00:00:00Z,daily,92.5128,92.5128,92.5128,92.5128,,92.5128,factor_candle,FRED CSV Gateway mirror,learning_only_mirror
DTWEXBGS,2011-10-04,2011-10-04T00:00:00Z,daily,92.9508,92.9508,92.9508,92.9508,,92.9508,factor_candle,FRED CSV Gateway mirror,learning_only_mirror
DTWEXBGS,2011-10-05,2011-10-05T00:00:00Z,daily,92.3008,92.3008,92.3008,92.3008,,92.3008,factor_candle,FRED CSV Gateway mirror,learning_only_mirror
DTWEXBGS,2011-10-06,2011-10-06T00:00:00Z,daily,91.9661,91.9661,91.9661,91.9661,,91.9661,factor_candle,FRED CSV Gateway mirror,learning_only_mirror
DTWEXBGS,2011-10-07,2011-10-07T00:00:00Z,daily,91.2469,91.2469,91.2469,91.2469,,91.2469,factor_candle,FRED CSV Gateway mirror,learning_only_mirror
DTWEXBGS,2011-10-11,2011-10-11T00:00:00Z,daily,90.9162,90.9162,90.9162,90.9162,,90.9162,factor_candle,FRED CSV Gateway mirror,learning_only_mirror
DTWEXBGS,2011-10-12,2011-10-12T00:00:00Z,daily,90.3378,90.3378,90.3378,90.3378,,90.3378,factor_candle,FRED CSV Gateway mirror,learning_only_mirror
DTWEXBGS,2011-10-13,2011-10-13T00:00:00Z,daily,90.6603,90.6603,90.6603,90.6603,,90.6603,factor_candle,FRED CSV Gateway mirror,learning_only_mirror
DTWEXBGS,2011-10-14,2011-10-14T00:00:00Z,daily,90.2116,90.2116,90.2116,90.2116,,90.2116,factor_candle,FRED CSV Gateway mirror,learning_only_mirror
DTWEXBGS,2011-10-17,2011-10-17T00:00:00Z,daily,90.266,90.266,90.266,90.266,,90.266,factor_candle,FRED CSV Gateway mirror,learning_only_mirror
DTWEXBGS,2011-10-18,2011-10-18T00:00:00Z,daily,90.5907,90.5907,90.5907,90.5907,,90.5907,factor_candle,FRED CSV Gateway mirror,learning_only_mirror
DTWEXBGS,2011-10-19,2011-10-19T00:00:00Z,daily,90.3317,90.3317,90.3317,90.3317,,90.3317,factor_candle,FRED CSV Gateway mirror,learning_only_mirror
DTWEXBGS,2011-10-20,2011-10-20T00:00:00Z,daily,91.1026,91.1026,91.1026,91.1026,,91.1026,factor_candle,FRED CSV Gateway mirror,learning_only_mirror
DTWEXBGS,2011-10-21,2011-10-21T00:00:00Z,daily,90.279,90.279,90.279,90.279,,90.279,factor_candle,FRED CSV Gateway mirror,learning_only_mirror
DTWEXBGS,2011-10-24,2011-10-24T00:00:00Z,daily,89.8558,89.8558,89.8558,89.8558,,89.8558,factor_candle,FRED CSV Gateway mirror,learning_only_mirror
DTWEXBGS,2011-10-25,2011-10-25T00:00:00Z,daily,89.9525,89.9525,89.9525,89.9525,,89.9525,factor_candle,FRED CSV Gateway mirror,learning_only_mirror
DTWEXBGS,2011-10-26,2011-10-26T00:00:00Z,daily,90.0836,90.0836,90.0836,90.0836,,90.0836,factor_candle,FRED CSV Gateway mirror,learning_only_mirror
DTWEXBGS,2011-10-27,2011-10-27T00:00:00Z,daily,88.7882,88.7882,88.7882,88.7882,,88.7882,factor_candle,FRED CSV Gateway mirror,learning_only_mirror
DTWEXBGS,2011-10-28,2011-10-28T00:00:00Z,daily,88.6382,88.6382,88.6382,88.6382,,88.6382,factor_candle,FRED CSV Gateway mirror,learning_only_mirror
DTWEXBGS,2011-10-31,2011-10-31T00:00:00Z,daily,89.2053,89.2053,89.2053,89.2053,,89.2053,factor_candle,FRED CSV Gateway mirror,learning_only_mirror
DTWEXBGS,2011-11-01,2011-11-01T00:00:00Z,daily,90.7296,90.7296,90.7296,90.7296,,90.7296,factor_candle,FRED CSV Gateway mirror,learning_only_mirror
DTWEXBGS,2011-11-02,2011-11-02T00:00:00Z,daily,90.244,90.244,90.244,90.244,,90.244,factor_candle,FRED CSV Gateway mirror,learning_only_mirror
DTWEXBGS,2011-11-03,2011-11-03T00:00:00Z,daily,90.2961,90.2961,90.2961,90.2961,,90.2961,factor_candle,FRED CSV Gateway mirror,learning_only_mirror
DTWEXBGS,2011-11-04,2011-11-04T00:00:00Z,daily,90.3154,90.3154,90.3154,90.3154,,90.3154,factor_candle,FRED CSV Gateway mirror,learning_only_mirror
DTWEXBGS,2011-11-07,2011-11-07T00:00:00Z,daily,90.3832,90.3832,90.3832,90.3832,,90.3832,factor_candle,FRED CSV Gateway mirror,learning_only_mirror
DTWEXBGS,2011-11-08,2011-11-08T00:00:00Z,daily,90.172,90.172,90.172,90.172,,90.172,factor_candle,FRED CSV Gateway mirror,learning_only_mirror
DTWEXBGS,2011-11-09,2011-11-09T00:00:00Z,daily,90.6991,90.6991,90.6991,90.6991,,90.6991,factor_candle,FRED CSV Gateway mirror,learning_only_mirror
DTWEXBGS,2011-11-10,2011-11-10T00:00:00Z,daily,90.8588,90.8588,90.8588,90.8588,,90.8588,factor_candle,FRED CSV Gateway mirror,learning_only_mirror
DTWEXBGS,2011-11-14,2011-11-14T00:00:00Z,daily,90.7215,90.7215,90.7215,90.7215,,90.7215,factor_candle,FRED CSV Gateway mirror,learning_only_mirror
DTWEXBGS,2011-11-15,2011-11-15T00:00:00Z,daily,91.1081,91.1081,91.1081,91.1081,,91.1081,factor_candle,FRED CSV Gateway mirror,learning_only_mirror
DTWEXBGS,2011-11-16,2011-11-16T00:00:00Z,daily,91.1237,91.1237,91.1237,91.1237,,91.1237,factor_candle,FRED CSV Gateway mirror,learning_only_mirror
DTWEXBGS,2011-11-17,2011-11-17T00:00:00Z,daily,91.1822,91.1822,91.1822,91.1822,,91.1822,factor_candle,FRED CSV Gateway mirror,learning_only_mirror
DTWEXBGS,2011-11-18,2011-11-18T00:00:00Z,daily,91.3676,91.3676,91.3676,91.3676,,91.3676,factor_candle,FRED CSV Gateway mirror,learning_only_mirror
DTWEXBGS,2011-11-21,2011-11-21T00:00:00Z,daily,91.9978,91.9978,91.9978,91.9978,,91.9978,factor_candle,FRED CSV Gateway mirror,learning_only_mirror
DTWEXBGS,2011-11-22,2011-11-22T00:00:00Z,daily,92.0193,92.0193,92.0193,92.0193,,92.0193,factor_candle,FRED CSV Gateway mirror,learning_only_mirror
DTWEXBGS,2011-11-23,2011-11-23T00:00:00Z,daily,92.7463,92.7463,92.7463,92.7463,,92.7463,factor_candle,FRED CSV Gateway mirror,learning_only_mirror
DTWEXBGS,2011-11-25,2011-11-25T00:00:00Z,daily,93.1455,93.1455,93.1455,93.1455,,93.1455,factor_candle,FRED CSV Gateway mirror,learning_only_mirror
DTWEXBGS,2011-11-28,2011-11-28T00:00:00Z,daily,92.4983,92.4983,92.4983,92.4983,,92.4983,factor_candle,FRED CSV Gateway mirror,learning_only_mirror
DTWEXBGS,2011-11-29,2011-11-29T00:00:00Z,daily,92.2163,92.2163,92.2163,92.2163,,92.2163,factor_candle,FRED CSV Gateway mirror,learning_only_mirror
DTWEXBGS,2011-11-30,2011-11-30T00:00:00Z,daily,91.4728,91.4728,91.4728,91.4728,,91.4728,factor_candle,FRED CSV Gateway mirror,learning_only_mirror
DTWEXBGS,2011-12-01,2011-12-01T00:00:00Z,daily,91.227,91.227,91.227,91.227,,91.227,factor_candle,FRED CSV Gateway mirror,learning_only_mirror
DTWEXBGS,2011-12-02,2011-12-02T00:00:00Z,daily,91.3532,91.3532,91.3532,91.3532,,91.3532,factor_candle,FRED CSV Gateway mirror,learning_only_mirror
DTWEXBGS,2011-12-05,2011-12-05T00:00:00Z,daily,91.1087,91.1087,91.1087,91.1087,,91.1087,factor_candle,FRED CSV Gateway mirror,learning_only_mirror
DTWEXBGS,2011-12-06,2011-12-06T00:00:00Z,daily,91.2817,91.2817,91.2817,91.2817,,91.2817,factor_candle,FRED CSV Gateway mirror,learning_only_mirror
DTWEXBGS,2011-12-07,2011-12-07T00:00:00Z,daily,91.2331,91.2331,91.2331,91.2331,,91.2331,factor_candle,FRED CSV Gateway mirror,learning_only_mirror
DTWEXBGS,2011-12-08,2011-12-08T00:00:00Z,daily,91.668,91.668,91.668,91.668,,91.668,factor_candle,FRED CSV Gateway mirror,learning_only_mirror
DTWEXBGS,2011-12-09,2011-12-09T00:00:00Z,daily,91.6122,91.6122,91.6122,91.6122,,91.6122,factor_candle,FRED CSV Gateway mirror,learning_only_mirror
DTWEXBGS,2011-12-12,2011-12-12T00:00:00Z,daily,92.3375,92.3375,92.3375,92.3375,,92.3375,factor_candle,FRED CSV Gateway mirror,learning_only_mirror
DTWEXBGS,2011-12-13,2011-12-13T00:00:00Z,daily,92.5456,92.5456,92.5456,92.5456,,92.5456,factor_candle,FRED CSV Gateway mirror,learning_only_mirror
DTWEXBGS,2011-12-14,2011-12-14T00:00:00Z,daily,93.2176,93.2176,93.2176,93.2176,,93.2176,factor_candle,FRED CSV Gateway mirror,learning_only_mirror
DTWEXBGS,2011-12-15,2011-12-15T00:00:00Z,daily,92.8858,92.8858,92.8858,92.8858,,92.8858,factor_candle,FRED CSV Gateway mirror,learning_only_mirror
DTWEXBGS,2011-12-16,2011-12-16T00:00:00Z,daily,92.8252,92.8252,92.8252,92.8252,,92.8252,factor_candle,FRED CSV Gateway mirror,learning_only_mirror
DTWEXBGS,2011-12-19,2011-12-19T00:00:00Z,daily,92.8685,92.8685,92.8685,92.8685,,92.8685,factor_candle,FRED CSV Gateway mirror,learning_only_mirror
DTWEXBGS,2011-12-20,2011-12-20T00:00:00Z,daily,92.432,92.432,92.432,92.432,,92.432,factor_candle,FRED CSV Gateway mirror,learning_only_mirror
DTWEXBGS,2011-12-21,2011-12-21T00:00:00Z,daily,92.5262,92.5262,92.5262,92.5262,,92.5262,factor_candle,FRED CSV Gateway mirror,learning_only_mirror
DTWEXBGS,2011-12-22,2011-12-22T00:00:00Z,daily,92.3883,92.3883,92.3883,92.3883,,92.3883,factor_candle,FRED CSV Gateway mirror,learning_only_mirror
DTWEXBGS,2011-12-23,2011-12-23T00:00:00Z,daily,92.3897,92.3897,92.3897,92.3897,,92.3897,factor_candle,FRED CSV Gateway mirror,learning_only_mirror
DTWEXBGS,2011-12-27,2011-12-27T00:00:00Z,daily,92.4137,92.4137,92.4137,92.4137,,92.4137,factor_candle,FRED CSV Gateway mirror,learning_only_mirror
DTWEXBGS,2011-12-28,2011-12-28T00:00:00Z,daily,92.8374,92.8374,92.8374,92.8374,,92.8374,factor_candle,FRED CSV Gateway mirror,learning_only_mirror
DTWEXBGS,2011-12-29,2011-12-29T00:00:00Z,daily,92.7398,92.7398,92.7398,92.7398,,92.7398,factor_candle,FRED CSV Gateway mirror,learning_only_mirror
DTWEXBGS,2011-12-30,2011-12-30T00:00:00Z,daily,92.4262,92.4262,92.4262,92.4262,,92.4262,factor_candle,FRED CSV Gateway mirror,learning_only_mirror
DTWEXBGS,2012-01-03,2012-01-03T00:00:00Z,daily,91.7551,91.7551,91.7551,91.7551,,91.7551,factor_candle,FRED CSV Gateway mirror,learning_only_mirror
DTWEXBGS,2012-01-04,2012-01-04T00:00:00Z,daily,92.0345,92.0345,92.0345,92.0345,,92.0345,factor_candle,FRED CSV Gateway mirror,learning_only_mirror
DTWEXBGS,2012-01-05,2012-01-05T00:00:00Z,daily,92.5773,92.5773,92.5773,92.5773,,92.5773,factor_candle,FRED CSV Gateway mirror,learning_only_mirror
DTWEXBGS,2012-01-06,2012-01-06T00:00:00Z,daily,92.7183,92.7183,92.7183,92.7183,,92.7183,factor_candle,FRED CSV Gateway mirror,learning_only_mirror
DTWEXBGS,2012-01-09,2012-01-09T00:00:00Z,daily,92.7418,92.7418,92.7418,92.7418,,92.7418,factor_candle,FRED CSV Gateway mirror,learning_only_mirror
DTWEXBGS,2012-01-10,2012-01-10T00:00:00Z,daily,92.2461,92.2461,92.2461,92.2461,,92.2461,factor_candle,FRED CSV Gateway mirror,learning_only_mirror
DTWEXBGS,2012-01-11,2012-01-11T00:00:00Z,daily,92.554,92.554,92.554,92.554,,92.554,factor_candle,FRED CSV Gateway mirror,learning_only_mirror
DTWEXBGS,2012-01-12,2012-01-12T00:00:00Z,daily,92.2274,92.2274,92.2274,92.2274,,92.2274,factor_candle,FRED CSV Gateway mirror,learning_only_mirror
DTWEXBGS,2012-01-13,2012-01-13T00:00:00Z,daily,92.5385,92.5385,92.5385,92.5385,,92.5385,factor_candle,FRED CSV Gateway mirror,learning_only_mirror
DTWEXBGS,2012-01-17,2012-01-17T00:00:00Z,daily,92.0142,92.0142,92.0142,92.0142,,92.0142,factor_candle,FRED CSV Gateway mirror,learning_only_mirror
DTWEXBGS,2012-01-18,2012-01-18T00:00:00Z,daily,91.6943,91.6943,91.6943,91.6943,,91.6943,factor_candle,FRED CSV Gateway mirror,learning_only_mirror
DTWEXBGS,2012-01-19,2012-01-19T00:00:00Z,daily,91.3316,91.3316,91.3316,91.3316,,91.3316,factor_candle,FRED CSV Gateway mirror,learning_only_mirror
DTWEXBGS,2012-01-20,2012-01-20T00:00:00Z,daily,91.3661,91.3661,91.3661,91.3661,,91.3661,factor_candle,FRED CSV Gateway mirror,learning_only_mirror
DTWEXBGS,2012-01-23,2012-01-23T00:00:00Z,daily,90.986,90.986,90.986,90.986,,90.986,factor_candle,FRED CSV Gateway mirror,learning_only_mirror
DTWEXBGS,2012-01-24,2012-01-24T00:00:00Z,daily,91.181,91.181,91.181,91.181,,91.181,factor_candle,FRED CSV Gateway mirror,learning_only_mirror
DTWEXBGS,2012-01-25,2012-01-25T00:00:00Z,daily,91.277,91.277,91.277,91.277,,91.277,factor_candle,FRED CSV Gateway mirror,learning_only_mirror
DTWEXBGS,2012-01-26,2012-01-26T00:00:00Z,daily,90.3962,90.3962,90.3962,90.3962,,90.3962,factor_candle,FRED CSV Gateway mirror,learning_only_mirror
DTWEXBGS,2012-01-27,2012-01-27T00:00:00Z,daily,90.2559,90.2559,90.2559,90.2559,,90.2559,factor_candle,FRED CSV Gateway mirror,learning_only_mirror
DTWEXBGS,2012-01-30,2012-01-30T00:00:00Z,daily,90.4762,90.4762,90.4762,90.4762,,90.4762,factor_candle,FRED CSV Gateway mirror,learning_only_mirror
DTWEXBGS,2012-01-31,2012-01-31T00:00:00Z,daily,90.5538,90.5538,90.5538,90.5538,,90.5538,factor_candle,FRED CSV Gateway mirror,learning_only_mirror
DTWEXBGS,2012-02-01,2012-02-01T00:00:00Z,daily,90.0963,90.0963,90.0963,90.0963,,90.0963,factor_candle,FRED CSV Gateway mirror,learning_only_mirror
DTWEXBGS,2012-02-02,2012-02-02T00:00:00Z,daily,89.8765,89.8765,89.8765,89.8765,,89.8765,factor_candle,FRED CSV Gateway mirror,learning_only_mirror
DTWEXBGS,2012-02-03,2012-02-03T00:00:00Z,daily,89.8491,89.8491,89.8491,89.8491,,89.8491,factor_candle,FRED CSV Gateway mirror,learning_only_mirror
DTWEXBGS,2012-02-06,2012-02-06T00:00:00Z,daily,89.7907,89.7907,89.7907,89.7907,,89.7907,factor_candle,FRED CSV Gateway mirror,learning_only_mirror
DTWEXBGS,2012-02-07,2012-02-07T00:00:00Z,daily,89.5968,89.5968,89.5968,89.5968,,89.5968,factor_candle,FRED CSV Gateway mirror,learning_only_mirror
DTWEXBGS,2012-02-08,2012-02-08T00:00:00Z,daily,89.6555,89.6555,89.6555,89.6555,,89.6555,factor_candle,FRED CSV Gateway mirror,learning_only_mirror
DTWEXBGS,2012-02-09,2012-02-09T00:00:00Z,daily,89.6246,89.6246,89.6246,89.6246,,89.6246,factor_candle,FRED CSV Gateway mirror,learning_only_mirror
DTWEXBGS,2012-02-10,2012-02-10T00:00:00Z,daily,90.1024,90.1024,90.1024,90.1024,,90.1024,factor_candle,FRED CSV Gateway mirror,learning_only_mirror
DTWEXBGS,2012-02-13,2012-02-13T00:00:00Z,daily,89.8895,89.8895,89.8895,89.8895,,89.8895,factor_candle,FRED CSV Gateway mirror,learning_only_mirror
DTWEXBGS,2012-02-14,2012-02-14T00:00:00Z,daily,90.1919,90.1919,90.1919,90.1919,,90.1919,factor_candle,FRED CSV Gateway mirror,learning_only_mirror
DTWEXBGS,2012-02-15,2012-02-15T00:00:00Z,daily,90.1932,90.1932,90.1932,90.1932,,90.1932,factor_candle,FRED CSV Gateway mirror,learning_only_mirror
DTWEXBGS,2012-02-16,2012-02-16T00:00:00Z,daily,90.3109,90.3109,90.3109,90.3109,,90.3109,factor_candle,FRED CSV Gateway mirror,learning_only_mirror
DTWEXBGS,2012-02-17,2012-02-17T00:00:00Z,daily,90.23,90.23,90.23,90.23,,90.23,factor_candle,FRED CSV Gateway mirror,learning_only_mirror
DTWEXBGS,2012-02-21,2012-02-21T00:00:00Z,daily,90.0117,90.0117,90.0117,90.0117,,90.0117,factor_candle,FRED CSV Gateway mirror,learning_only_mirror
DTWEXBGS,2012-02-22,2012-02-22T00:00:00Z,daily,90.2472,90.2472,90.2472,90.2472,,90.2472,factor_candle,FRED CSV Gateway mirror,learning_only_mirror
DTWEXBGS,2012-02-23,2012-02-23T00:00:00Z,daily,90.1108,90.1108,90.1108,90.1108,,90.1108,factor_candle,FRED CSV Gateway mirror,learning_only_mirror
DTWEXBGS,2012-02-24,2012-02-24T00:00:00Z,daily,89.9104,89.9104,89.9104,89.9104,,89.9104,factor_candle,FRED CSV Gateway mirror,learning_only_mirror
DTWEXBGS,2012-02-27,2012-02-27T00:00:00Z,daily,89.9635,89.9635,89.9635,89.9635,,89.9635,factor_candle,FRED CSV Gateway mirror,learning_only_mirror
DTWEXBGS,2012-02-28,2012-02-28T00:00:00Z,daily,89.8103,89.8103,89.8103,89.8103,,89.8103,factor_candle,FRED CSV Gateway mirror,learning_only_mirror
DTWEXBGS,2012-02-29,2012-02-29T00:00:00Z,daily,89.7487,89.7487,89.7487,89.7487,,89.7487,factor_candle,FRED CSV Gateway mirror,learning_only_mirror
DTWEXBGS,2012-03-01,2012-03-01T00:00:00Z,daily,89.7817,89.7817,89.7817,89.7817,,89.7817,factor_candle,FRED CSV Gateway mirror,learning_only_mirror
DTWEXBGS,2012-03-02,2012-03-02T00:00:00Z,daily,90.135,90.135,90.135,90.135,,90.135,factor_candle,FRED CSV Gateway mirror,learning_only_mirror
DTWEXBGS,2012-03-05,2012-03-05T00:00:00Z,daily,90.2748,90.2748,90.2748,90.2748,,90.2748,factor_candle,FRED CSV Gateway mirror,learning_only_mirror
DTWEXBGS,2012-03-06,2012-03-06T00:00:00Z,daily,90.8237,90.8237,90.8237,90.8237,,90.8237,factor_candle,FRED CSV Gateway mirror,learning_only_mirror
DTWEXBGS,2012-03-07,2012-03-07T00:00:00Z,daily,90.6837,90.6837,90.6837,90.6837,,90.6837,factor_candle,FRED CSV Gateway mirror,learning_only_mirror
DTWEXBGS,2012-03-08,2012-03-08T00:00:00Z,daily,90.2598,90.2598,90.2598,90.2598,,90.2598,factor_candle,FRED CSV Gateway mirror,learning_only_mirror
DTWEXBGS,2012-03-09,2012-03-09T00:00:00Z,daily,90.4341,90.4341,90.4341,90.4341,,90.4341,factor_candle,FRED CSV Gateway mirror,learning_only_mirror
DTWEXBGS,2012-03-12,2012-03-12T00:00:00Z,daily,90.6643,90.6643,90.6643,90.6643,,90.6643,factor_candle,FRED CSV Gateway mirror,learning_only_mirror
DTWEXBGS,2012-03-13,2012-03-13T00:00:00Z,daily,90.5363,90.5363,90.5363,90.5363,,90.5363,factor_candle,FRED CSV Gateway mirror,learning_only_mirror
DTWEXBGS,2012-03-14,2012-03-14T00:00:00Z,daily,90.9325,90.9325,90.9325,90.9325,,90.9325,factor_candle,FRED CSV Gateway mirror,learning_only_mirror
DTWEXBGS,2012-03-15,2012-03-15T00:00:00Z,daily,90.7866,90.7866,90.7866,90.7866,,90.7866,factor_candle,FRED CSV Gateway mirror,learning_only_mirror
DTWEXBGS,2012-03-16,2012-03-16T00:00:00Z,daily,90.5245,90.5245,90.5245,90.5245,,90.5245,factor_candle,FRED CSV Gateway mirror,learning_only_mirror
DTWEXBGS,2012-03-19,2012-03-19T00:00:00Z,daily,90.292,90.292,90.292,90.292,,90.292,factor_candle,FRED CSV Gateway mirror,learning_only_mirror
DTWEXBGS,2012-03-20,2012-03-20T00:00:00Z,daily,90.6065,90.6065,90.6065,90.6065,,90.6065,factor_candle,FRED CSV Gateway mirror,learning_only_mirror
DTWEXBGS,2012-03-21,2012-03-21T00:00:00Z,daily,90.6761,90.6761,90.6761,90.6761,,90.6761,factor_candle,FRED CSV Gateway mirror,learning_only_mirror
DTWEXBGS,2012-03-22,2012-03-22T00:00:00Z,daily,90.8225,90.8225,90.8225,90.8225,,90.8225,factor_candle,FRED CSV Gateway mirror,learning_only_mirror
DTWEXBGS,2012-03-23,2012-03-23T00:00:00Z,daily,90.6156,90.6156,90.6156,90.6156,,90.6156,factor_candle,FRED CSV Gateway mirror,learning_only_mirror
DTWEXBGS,2012-03-26,2012-03-26T00:00:00Z,daily,90.3266,90.3266,90.3266,90.3266,,90.3266,factor_candle,FRED CSV Gateway mirror,learning_only_mirror
DTWEXBGS,2012-03-27,2012-03-27T00:00:00Z,daily,90.2796,90.2796,90.2796,90.2796,,90.2796,factor_candle,FRED CSV Gateway mirror,learning_only_mirror
DTWEXBGS,2012-03-28,2012-03-28T00:00:00Z,daily,90.603,90.603,90.603,90.603,,90.603,factor_candle,FRED CSV Gateway mirror,learning_only_mirror
DTWEXBGS,2012-03-29,2012-03-29T00:00:00Z,daily,90.7285,90.7285,90.7285,90.7285,,90.7285,factor_candle,FRED CSV Gateway mirror,learning_only_mirror
DTWEXBGS,2012-03-30,2012-03-30T00:00:00Z,daily,90.4593,90.4593,90.4593,90.4593,,90.4593,factor_candle,FRED CSV Gateway mirror,learning_only_mirror
DTWEXBGS,2012-04-02,2012-04-02T00:00:00Z,daily,90.247,90.247,90.247,90.247,,90.247,factor_candle,FRED CSV Gateway mirror,learning_only_mirror
DTWEXBGS,2012-04-03,2012-04-03T00:00:00Z,daily,90.1921,90.1921,90.1921,90.1921,,90.1921,factor_candle,FRED CSV Gateway mirror,learning_only_mirror
DTWEXBGS,2012-04-04,2012-04-04T00:00:00Z,daily,90.8284,90.8284,90.8284,90.8284,,90.8284,factor_candle,FRED CSV Gateway mirror,learning_only_mirror
DTWEXBGS,2012-04-05,2012-04-05T00:00:00Z,daily,90.8781,90.8781,90.8781,90.8781,,90.8781,factor_candle,FRED CSV Gateway mirror,learning_only_mirror
DTWEXBGS,2012-04-06,2012-04-06T00:00:00Z,daily,90.9375,90.9375,90.9375,90.9375,,90.9375,factor_candle,FRED CSV Gateway mirror,learning_only_mirror
DTWEXBGS,2012-04-09,2012-04-09T00:00:00Z,daily,90.9624,90.9624,90.9624,90.9624,,90.9624,factor_candle,FRED CSV Gateway mirror,learning_only_mirror
DTWEXBGS,2012-04-10,2012-04-10T00:00:00Z,daily,91.2728,91.2728,91.2728,91.2728,,91.2728,factor_candle,FRED CSV Gateway mirror,learning_only_mirror
DTWEXBGS,2012-04-11,2012-04-11T00:00:00Z,daily,91.1768,91.1768,91.1768,91.1768,,91.1768,factor_candle,FRED CSV Gateway mirror,learning_only_mirror
DTWEXBGS,2012-04-12,2012-04-12T00:00:00Z,daily,90.7694,90.7694,90.7694,90.7694,,90.7694,factor_candle,FRED CSV Gateway mirror,learning_only_mirror
DTWEXBGS,2012-04-13,2012-04-13T00:00:00Z,daily,91.0558,91.0558,91.0558,91.0558,,91.0558,factor_candle,FRED CSV Gateway mirror,learning_only_mirror
DTWEXBGS,2012-04-16,2012-04-16T00:00:00Z,daily,91.2355,91.2355,91.2355,91.2355,,91.2355,factor_candle,FRED CSV Gateway mirror,learning_only_mirror
DTWEXBGS,2012-04-17,2012-04-17T00:00:00Z,daily,90.7661,90.7661,90.7661,90.7661,,90.7661,factor_candle,FRED CSV Gateway mirror,learning_only_mirror
DTWEXBGS,2012-04-18,2012-04-18T00:00:00Z,daily,90.9326,90.9326,90.9326,90.9326,,90.9326,factor_candle,FRED CSV Gateway mirror,learning_only_mirror
DTWEXBGS,2012-04-19,2012-04-19T00:00:00Z,daily,91.0833,91.0833,91.0833,91.0833,,91.0833,factor_candle,FRED CSV Gateway mirror,learning_only_mirror
DTWEXBGS,2012-04-20,2012-04-20T00:00:00Z,daily,90.8066,90.8066,90.8066,90.8066,,90.8066,factor_candle,FRED CSV Gateway mirror,learning_only_mirror
DTWEXBGS,2012-04-23,2012-04-23T00:00:00Z,daily,91.079,91.079,91.079,91.079,,91.079,factor_candle,FRED CSV Gateway mirror,learning_only_mirror
DTWEXBGS,2012-04-24,2012-04-24T00:00:00Z,daily,90.8153,90.8153,90.8153,90.8153,,90.8153,factor_candle,FRED CSV Gateway mirror,learning_only_mirror
DTWEXBGS,2012-04-25,2012-04-25T00:00:00Z,daily,90.756,90.756,90.756,90.756,,90.756,factor_candle,FRED CSV Gateway mirror,learning_only_mirror
DTWEXBGS,2012-04-26,2012-04-26T00:00:00Z,daily,90.6428,90.6428,90.6428,90.6428,,90.6428,factor_candle,FRED CSV Gateway mirror,learning_only_mirror
DTWEXBGS,2012-04-27,2012-04-27T00:00:00Z,daily,90.3269,90.3269,90.3269,90.3269,,90.3269,factor_candle,FRED CSV Gateway mirror,learning_only_mirror
DTWEXBGS,2012-04-30,2012-04-30T00:00:00Z,daily,90.3634,90.3634,90.3634,90.3634,,90.3634,factor_candle,FRED CSV Gateway mirror,learning_only_mirror
DTWEXBGS,2012-05-01,2012-05-01T00:00:00Z,daily,90.3227,90.3227,90.3227,90.3227,,90.3227,factor_candle,FRED CSV Gateway mirror,learning_only_mirror
DTWEXBGS,2012-05-02,2012-05-02T00:00:00Z,daily,90.6144,90.6144,90.6144,90.6144,,90.6144,factor_candle,FRED CSV Gateway mirror,learning_only_mirror
DTWEXBGS,2012-05-03,2012-05-03T00:00:00Z,daily,90.6839,90.6839,90.6839,90.6839,,90.6839,factor_candle,FRED CSV Gateway mirror,learning_only_mirror
DTWEXBGS,2012-05-04,2012-05-04T00:00:00Z,daily,91.0497,91.0497,91.0497,91.0497,,91.0497,factor_candle,FRED CSV Gateway mirror,learning_only_mirror
DTWEXBGS,2012-05-07,2012-05-07T00:00:00Z,daily,91.0747,91.0747,91.0747,91.0747,,91.0747,factor_candle,FRED CSV Gateway mirror,learning_only_mirror
DTWEXBGS,2012-05-08,2012-05-08T00:00:00Z,daily,91.4107,91.4107,91.4107,91.4107,,91.4107,factor_candle,FRED CSV Gateway mirror,learning_only_mirror
DTWEXBGS,2012-05-09,2012-05-09T00:00:00Z,daily,91.7632,91.7632,91.7632,91.7632,,91.7632,factor_candle,FRED CSV Gateway mirror,learning_only_mirror
DTWEXBGS,2012-05-10,2012-05-10T00:00:00Z,daily,91.7077,91.7077,91.7077,91.7077,,91.7077,factor_candle,FRED CSV Gateway mirror,learning_only_mirror
DTWEXBGS,2012-05-11,2012-05-11T00:00:00Z,daily,91.7306,91.7306,91.7306,91.7306,,91.7306,factor_candle,FRED CSV Gateway mirror,learning_only_mirror
DTWEXBGS,2012-05-14,2012-05-14T00:00:00Z,daily,92.2491,92.2491,92.2491,92.2491,,92.2491,factor_candle,FRED CSV Gateway mirror,learning_only_mirror
DTWEXBGS,2012-05-15,2012-05-15T00:00:00Z,daily,92.5235,92.5235,92.5235,92.5235,,92.5235,factor_candle,FRED CSV Gateway mirror,learning_only_mirror
DTWEXBGS,2012-05-16,2012-05-16T00:00:00Z,daily,92.903,92.903,92.903,92.903,,92.903,factor_candle,FRED CSV Gateway mirror,learning_only_mirror
DTWEXBGS,2012-05-17,2012-05-17T00:00:00Z,daily,92.9632,92.9632,92.9632,92.9632,,92.9632,factor_candle,FRED CSV Gateway mirror,learning_only_mirror
DTWEXBGS,2012-05-18,2012-05-18T00:00:00Z,daily,93.1395,93.1395,93.1395,93.1395,,93.1395,factor_candle,FRED CSV Gateway mirror,learning_only_mirror
DTWEXBGS,2012-05-21,2012-05-21T00:00:00Z,daily,93.0945,93.0945,93.0945,93.0945,,93.0945,factor_candle,FRED CSV Gateway mirror,learning_only_mirror
DTWEXBGS,2012-05-22,2012-05-22T00:00:00Z,daily,93.1113,93.1113,93.1113,93.1113,,93.1113,factor_candle,FRED CSV Gateway mirror,learning_only_mirror
DTWEXBGS,2012-05-23,2012-05-23T00:00:00Z,daily,93.8855,93.8855,93.8855,93.8855,,93.8855,factor_candle,FRED CSV Gateway mirror,learning_only_mirror
DTWEXBGS,2012-05-24,2012-05-24T00:00:00Z,daily,93.8027,93.8027,93.8027,93.8027,,93.8027,factor_candle,FRED CSV Gateway mirror,learning_only_mirror
DTWEXBGS,2012-05-25,2012-05-25T00:00:00Z,daily,93.9488,93.9488,93.9488,93.9488,,93.9488,factor_candle,FRED CSV Gateway mirror,learning_only_mirror
DTWEXBGS,2012-05-29,2012-05-29T00:00:00Z,daily,93.875,93.875,93.875,93.875,,93.875,factor_candle,FRED CSV Gateway mirror,learning_only_mirror
DTWEXBGS,2012-05-30,2012-05-30T00:00:00Z,daily,94.302,94.302,94.302,94.302,,94.302,factor_candle,FRED CSV Gateway mirror,learning_only_mirror
DTWEXBGS,2012-05-31,2012-05-31T00:00:00Z,daily,94.6856,94.6856,94.6856,94.6856,,94.6856,factor_candle,FRED CSV Gateway mirror,learning_only_mirror
DTWEXBGS,2012-06-01,2012-06-01T00:00:00Z,daily,94.6979,94.6979,94.6979,94.6979,,94.6979,factor_candle,FRED CSV Gateway mirror,learning_only_mirror
DTWEXBGS,2012-06-04,2012-06-04T00:00:00Z,daily,94.5184,94.5184,94.5184,94.5184,,94.5184,factor_candle,FRED CSV Gateway mirror,learning_only_mirror
DTWEXBGS,2012-06-05,2012-06-05T00:00:00Z,daily,94.6184,94.6184,94.6184,94.6184,,94.6184,factor_candle,FRED CSV Gateway mirror,learning_only_mirror
DTWEXBGS,2012-06-06,2012-06-06T00:00:00Z,daily,94.0362,94.0362,94.0362,94.0362,,94.0362,factor_candle,FRED CSV Gateway mirror,learning_only_mirror
DTWEXBGS,2012-06-07,2012-06-07T00:00:00Z,daily,93.774,93.774,93.774,93.774,,93.774,factor_candle,FRED CSV Gateway mirror,learning_only_mirror
DTWEXBGS,2012-06-08,2012-06-08T00:00:00Z,daily,94.2024,94.2024,94.2024,94.2024,,94.2024,factor_candle,FRED CSV Gateway mirror,learning_only_mirror
DTWEXBGS,2012-06-11,2012-06-11T00:00:00Z,daily,94.0369,94.0369,94.0369,94.0369,,94.0369,factor_candle,FRED CSV Gateway mirror,learning_only_mirror
DTWEXBGS,2012-06-12,2012-06-12T00:00:00Z,daily,94.0693,94.0693,94.0693,94.0693,,94.0693,factor_candle,FRED CSV Gateway mirror,learning_only_mirror
DTWEXBGS,2012-06-13,2012-06-13T00:00:00Z,daily,93.8309,93.8309,93.8309,93.8309,,93.8309,factor_candle,FRED CSV Gateway mirror,learning_only_mirror
DTWEXBGS,2012-06-14,2012-06-14T00:00:00Z,daily,93.8152,93.8152,93.8152,93.8152,,93.8152,factor_candle,FRED CSV Gateway mirror,learning_only_mirror
DTWEXBGS,2012-06-15,2012-06-15T00:00:00Z,daily,93.5203,93.5203,93.5203,93.5203,,93.5203,factor_candle,FRED CSV Gateway mirror,learning_only_mirror
DTWEXBGS,2012-06-18,2012-06-18T00:00:00Z,daily,93.6431,93.6431,93.6431,93.6431,,93.6431,factor_candle,FRED CSV Gateway mirror,learning_only_mirror
DTWEXBGS,2012-06-19,2012-06-19T00:00:00Z,daily,93.0524,93.0524,93.0524,93.0524,,93.0524,factor_candle,FRED CSV Gateway mirror,learning_only_mirror
DTWEXBGS,2012-06-20,2012-06-20T00:00:00Z,daily,93.1602,93.1602,93.1602,93.1602,,93.1602,factor_candle,FRED CSV Gateway mirror,learning_only_mirror
DTWEXBGS,2012-06-21,2012-06-21T00:00:00Z,daily,93.6378,93.6378,93.6378,93.6378,,93.6378,factor_candle,FRED CSV Gateway mirror,learning_only_mirror
DTWEXBGS,2012-06-22,2012-06-22T00:00:00Z,daily,93.9205,93.9205,93.9205,93.9205,,93.9205,factor_candle,FRED CSV Gateway mirror,learning_only_mirror
DTWEXBGS,2012-06-25,2012-06-25T00:00:00Z,daily,94.1757,94.1757,94.1757,94.1757,,94.1757,factor_candle,FRED CSV Gateway mirror,learning_only_mirror
DTWEXBGS,2012-06-26,2012-06-26T00:00:00Z,daily,93.9859,93.9859,93.9859,93.9859,,93.9859,factor_candle,FRED CSV Gateway mirror,learning_only_mirror
DTWEXBGS,2012-06-27,2012-06-27T00:00:00Z,daily,93.8728,93.8728,93.8728,93.8728,,93.8728,factor_candle,FRED CSV Gateway mirror,learning_only_mirror
DTWEXBGS,2012-06-28,2012-06-28T00:00:00Z,daily,94.0203,94.0203,94.0203,94.0203,,94.0203,factor_candle,FRED CSV Gateway mirror,learning_only_mirror
DTWEXBGS,2012-06-29,2012-06-29T00:00:00Z,daily,92.9096,92.9096,92.9096,92.9096,,92.9096,factor_candle,FRED CSV Gateway mirror,learning_only_mirror
DTWEXBGS,2012-07-02,2012-07-02T00:00:00Z,daily,92.951,92.951,92.951,92.951,,92.951,factor_candle,FRED CSV Gateway mirror,learning_only_mirror
DTWEXBGS,2012-07-03,2012-07-03T00:00:00Z,daily,92.6508,92.6508,92.6508,92.6508,,92.6508,factor_candle,FRED CSV Gateway mirror,learning_only_mirror
DTWEXBGS,2012-07-05,2012-07-05T00:00:00Z,daily,93.2211,93.2211,93.2211,93.2211,,93.2211,factor_candle,FRED CSV Gateway mirror,learning_only_mirror
DTWEXBGS,2012-07-06,2012-07-06T00:00:00Z,daily,93.7087,93.7087,93.7087,93.7087,,93.7087,factor_candle,FRED CSV Gateway mirror,learning_only_mirror
DTWEXBGS,2012-07-09,2012-07-09T00:00:00Z,daily,93.6974,93.6974,93.6974,93.6974,,93.6974,factor_candle,FRED CSV Gateway mirror,learning_only_mirror
DTWEXBGS,2012-07-10,2012-07-10T00:00:00Z,daily,93.5552,93.5552,93.5552,93.5552,,93.5552,factor_candle,FRED CSV Gateway mirror,learning_only_mirror
DTWEXBGS,2012-07-11,2012-07-11T00:00:00Z,daily,93.5981,93.5981,93.5981,93.5981,,93.5981,factor_candle,FRED CSV Gateway mirror,learning_only_mirror
DTWEXBGS,2012-07-12,2012-07-12T00:00:00Z,daily,93.9298,93.9298,93.9298,93.9298,,93.9298,factor_candle,FRED CSV Gateway mirror,learning_only_mirror
DTWEXBGS,2012-07-13,2012-07-13T00:00:00Z,daily,93.5515,93.5515,93.5515,93.5515,,93.5515,factor_candle,FRED CSV Gateway mirror,learning_only_mirror
DTWEXBGS,2012-07-16,2012-07-16T00:00:00Z,daily,93.3746,93.3746,93.3746,93.3746,,93.3746,factor_candle,FRED CSV Gateway mirror,learning_only_mirror
DTWEXBGS,2012-07-17,2012-07-17T00:00:00Z,daily,93.3479,93.3479,93.3479,93.3479,,93.3479,factor_candle,FRED CSV Gateway mirror,learning_only_mirror
DTWEXBGS,2012-07-18,2012-07-18T00:00:00Z,daily,93.0973,93.0973,93.0973,93.0973,,93.0973,factor_candle,FRED CSV Gateway mirror,learning_only_mirror
DTWEXBGS,2012-07-19,2012-07-19T00:00:00Z,daily,93.0438,93.0438,93.0438,93.0438,,93.0438,factor_candle,FRED CSV Gateway mirror,learning_only_mirror
DTWEXBGS,2012-07-20,2012-07-20T00:00:00Z,daily,93.3653,93.3653,93.3653,93.3653,,93.3653,factor_candle,FRED CSV Gateway mirror,learning_only_mirror
DTWEXBGS,2012-07-23,2012-07-23T00:00:00Z,daily,93.9297,93.9297,93.9297,93.9297,,93.9297,factor_candle,FRED CSV Gateway mirror,learning_only_mirror
DTWEXBGS,2012-07-24,2012-07-24T00:00:00Z,daily,94.2635,94.2635,94.2635,94.2635,,94.2635,factor_candle,FRED CSV Gateway mirror,learning_only_mirror
DTWEXBGS,2012-07-25,2012-07-25T00:00:00Z,daily,94.0564,94.0564,94.0564,94.0564,,94.0564,factor_candle,FRED CSV Gateway mirror,learning_only_mirror
DTWEXBGS,2012-07-26,2012-07-26T00:00:00Z,daily,93.3595,93.3595,93.3595,93.3595,,93.3595,factor_candle,FRED CSV Gateway mirror,learning_only_mirror
DTWEXBGS,2012-07-27,2012-07-27T00:00:00Z,daily,92.9333,92.9333,92.9333,92.9333,,92.9333,factor_candle,FRED CSV Gateway mirror,learning_only_mirror
DTWEXBGS,2012-07-30,2012-07-30T00:00:00Z,daily,93.0524,93.0524,93.0524,93.0524,,93.0524,factor_candle,FRED CSV Gateway mirror,learning_only_mirror
DTWEXBGS,2012-07-31,2012-07-31T00:00:00Z,daily,92.8422,92.8422,92.8422,92.8422,,92.8422,factor_candle,FRED CSV Gateway mirror,learning_only_mirror
DTWEXBGS,2012-08-01,2012-08-01T00:00:00Z,daily,92.8905,92.8905,92.8905,92.8905,,92.8905,factor_candle,FRED CSV Gateway mirror,learning_only_mirror
DTWEXBGS,2012-08-02,2012-08-02T00:00:00Z,daily,93.4269,93.4269,93.4269,93.4269,,93.4269,factor_candle,FRED CSV Gateway mirror,learning_only_mirror
DTWEXBGS,2012-08-03,2012-08-03T00:00:00Z,daily,92.6048,92.6048,92.6048,92.6048,,92.6048,factor_candle,FRED CSV Gateway mirror,learning_only_mirror
DTWEXBGS,2012-08-06,2012-08-06T00:00:00Z,daily,92.4339,92.4339,92.4339,92.4339,,92.4339,factor_candle,FRED CSV Gateway mirror,learning_only_mirror
DTWEXBGS,2012-08-07,2012-08-07T00:00:00Z,daily,92.5128,92.5128,92.5128,92.5128,,92.5128,factor_candle,FRED CSV Gateway mirror,learning_only_mirror
DTWEXBGS,2012-08-08,2012-08-08T00:00:00Z,daily,92.5407,92.5407,92.5407,92.5407,,92.5407,factor_candle,FRED CSV Gateway mirror,learning_only_mirror
DTWEXBGS,2012-08-09,2012-08-09T00:00:00Z,daily,92.6057,92.6057,92.6057,92.6057,,92.6057,factor_candle,FRED CSV Gateway mirror,learning_only_mirror
DTWEXBGS,2012-08-10,2012-08-10T00:00:00Z,daily,92.5129,92.5129,92.5129,92.5129,,92.5129,factor_candle,FRED CSV Gateway mirror,learning_only_mirror
DTWEXBGS,2012-08-13,2012-08-13T00:00:00Z,daily,92.5955,92.5955,92.5955,92.5955,,92.5955,factor_candle,FRED CSV Gateway mirror,learning_only_mirror
DTWEXBGS,2012-08-14,2012-08-14T00:00:00Z,daily,92.6152,92.6152,92.6152,92.6152,,92.6152,factor_candle,FRED CSV Gateway mirror,learning_only_mirror
DTWEXBGS,2012-08-15,2012-08-15T00:00:00Z,daily,92.6838,92.6838,92.6838,92.6838,,92.6838,factor_candle,FRED CSV Gateway mirror,learning_only_mirror
DTWEXBGS,2012-08-16,2012-08-16T00:00:00Z,daily,92.5737,92.5737,92.5737,92.5737,,92.5737,factor_candle,FRED CSV Gateway mirror,learning_only_mirror
DTWEXBGS,2012-08-17,2012-08-17T00:00:00Z,daily,92.711,92.711,92.711,92.711,,92.711,factor_candle,FRED CSV Gateway mirror,learning_only_mirror
DTWEXBGS,2012-08-20,2012-08-20T00:00:00Z,daily,92.6263,92.6263,92.6263,92.6263,,92.6263,factor_candle,FRED CSV Gateway mirror,learning_only_mirror
DTWEXBGS,2012-08-21,2012-08-21T00:00:00Z,daily,92.3053,92.3053,92.3053,92.3053,,92.3053,factor_candle,FRED CSV Gateway mirror,learning_only_mirror
DTWEXBGS,2012-08-22,2012-08-22T00:00:00Z,daily,92.4362,92.4362,92.4362,92.4362,,92.4362,factor_candle,FRED CSV Gateway mirror,learning_only_mirror
DTWEXBGS,2012-08-23,2012-08-23T00:00:00Z,daily,92.1057,92.1057,92.1057,92.1057,,92.1057,factor_candle,FRED CSV Gateway mirror,learning_only_mirror
DTWEXBGS,2012-08-24,2012-08-24T00:00:00Z,daily,92.2785,92.2785,92.2785,92.2785,,92.2785,factor_candle,FRED CSV Gateway mirror,learning_only_mirror
DTWEXBGS,2012-08-27,2012-08-27T00:00:00Z,daily,92.3135,92.3135,92.3135,92.3135,,92.3135,factor_candle,FRED CSV Gateway mirror,learning_only_mirror
DTWEXBGS,2012-08-28,2012-08-28T00:00:00Z,daily,92.2033,92.2033,92.2033,92.2033,,92.2033,factor_candle,FRED CSV Gateway mirror,learning_only_mirror
DTWEXBGS,2012-08-29,2012-08-29T00:00:00Z,daily,92.3823,92.3823,92.3823,92.3823,,92.3823,factor_candle,FRED CSV Gateway mirror,learning_only_mirror
DTWEXBGS,2012-08-30,2012-08-30T00:00:00Z,daily,92.6239,92.6239,92.6239,92.6239,,92.6239,factor_candle,FRED CSV Gateway mirror,learning_only_mirror
DTWEXBGS,2012-08-31,2012-08-31T00:00:00Z,daily,92.1677,92.1677,92.1677,92.1677,,92.1677,factor_candle,FRED CSV Gateway mirror,learning_only_mirror
DTWEXBGS,2012-09-04,2012-09-04T00:00:00Z,daily,92.1582,92.1582,92.1582,92.1582,,92.1582,factor_candle,FRED CSV Gateway mirror,learning_only_mirror
DTWEXBGS,2012-09-05,2012-09-05T00:00:00Z,daily,92.1262,92.1262,92.1262,92.1262,,92.1262,factor_candle,FRED CSV Gateway mirror,learning_only_mirror
DTWEXBGS,2012-09-06,2012-09-06T00:00:00Z,daily,91.8973,91.8973,91.8973,91.8973,,91.8973,factor_candle,FRED CSV Gateway mirror,learning_only_mirror
DTWEXBGS,2012-09-07,2012-09-07T00:00:00Z,daily,91.3469,91.3469,91.3469,91.3469,,91.3469,factor_candle,FRED CSV Gateway mirror,learning_only_mirror
DTWEXBGS,2012-09-10,2012-09-10T00:00:00Z,daily,91.3102,91.3102,91.3102,91.3102,,91.3102,factor_candle,FRED CSV Gateway mirror,learning_only_mirror
DTWEXBGS,2012-09-11,2012-09-11T00:00:00Z,daily,91.0575,91.0575,91.0575,91.0575,,91.0575,factor_candle,FRED CSV Gateway mirror,learning_only_mirror
DTWEXBGS,2012-09-12,2012-09-12T00:00:00Z,daily,91.0477,91.0477,91.0477,91.0477,,91.0477,factor_candle,FRED CSV Gateway mirror,learning_only_mirror
DTWEXBGS,2012-09-13,2012-09-13T00:00:00Z,daily,90.9632,90.9632,90.9632,90.9632,,90.9632,factor_candle,FRED CSV Gateway mirror,learning_only_mirror
DTWEXBGS,2012-09-14,2012-09-14T00:00:00Z,daily,90.1436,90.1436,90.1436,90.1436,,90.1436,factor_candle,FRED CSV Gateway mirror,learning_only_mirror
DTWEXBGS,2012-09-17,2012-09-17T00:00:00Z,daily,90.2837,90.2837,90.2837,90.2837,,90.2837,factor_candle,FRED CSV Gateway mirror,learning_only_mirror
DTWEXBGS,2012-09-18,2012-09-18T00:00:00Z,daily,90.5029,90.5029,90.5029,90.5029,,90.5029,factor_candle,FRED CSV Gateway mirror,learning_only_mirror
DTWEXBGS,2012-09-19,2012-09-19T00:00:00Z,daily,90.4646,90.4646,90.4646,90.4646,,90.4646,factor_candle,FRED CSV Gateway mirror,learning_only_mirror
DTWEXBGS,2012-09-20,2012-09-20T00:00:00Z,daily,90.7631,90.7631,90.7631,90.7631,,90.7631,factor_candle,FRED CSV Gateway mirror,learning_only_mirror
DTWEXBGS,2012-09-21,2012-09-21T00:00:00Z,daily,90.5342,90.5342,90.5342,90.5342,,90.5342,factor_candle,FRED CSV Gateway mirror,learning_only_mirror
DTWEXBGS,2012-09-24,2012-09-24T00:00:00Z,daily,90.8263,90.8263,90.8263,90.8263,,90.8263,factor_candle,FRED CSV Gateway mirror,learning_only_mirror
DTWEXBGS,2012-09-25,2012-09-25T00:00:00Z,daily,90.6074,90.6074,90.6074,90.6074,,90.6074,factor_candle,FRED CSV Gateway mirror,learning_only_mirror
DTWEXBGS,2012-09-26,2012-09-26T00:00:00Z,daily,91.0028,91.0028,91.0028,91.0028,,91.0028,factor_candle,FRED CSV Gateway mirror,learning_only_mirror
DTWEXBGS,2012-09-27,2012-09-27T00:00:00Z,daily,90.7538,90.7538,90.7538,90.7538,,90.7538,factor_candle,FRED CSV Gateway mirror,learning_only_mirror
DTWEXBGS,2012-09-28,2012-09-28T00:00:00Z,daily,90.8342,90.8342,90.8342,90.8342,,90.8342,factor_candle,FRED CSV Gateway mirror,learning_only_mirror
DTWEXBGS,2012-10-01,2012-10-01T00:00:00Z,daily,90.7011,90.7011,90.7011,90.7011,,90.7011,factor_candle,FRED CSV Gateway mirror,learning_only_mirror
DTWEXBGS,2012-10-02,2012-10-02T00:00:00Z,daily,90.644,90.644,90.644,90.644,,90.644,factor_candle,FRED CSV Gateway mirror,learning_only_mirror
DTWEXBGS,2012-10-03,2012-10-03T00:00:00Z,daily,90.8726,90.8726,90.8726,90.8726,,90.8726,factor_candle,FRED CSV Gateway mirror,learning_only_mirror
DTWEXBGS,2012-10-04,2012-10-04T00:00:00Z,daily,90.4932,90.4932,90.4932,90.4932,,90.4932,factor_candle,FRED CSV Gateway mirror,learning_only_mirror
DTWEXBGS,2012-10-05,2012-10-05T00:00:00Z,daily,90.2851,90.2851,90.2851,90.2851,,90.2851,factor_candle,FRED CSV Gateway mirror,learning_only_mirror
DTWEXBGS,2012-10-09,2012-10-09T00:00:00Z,daily,90.8703,90.8703,90.8703,90.8703,,90.8703,factor_candle,FRED CSV Gateway mirror,learning_only_mirror
DTWEXBGS,2012-10-10,2012-10-10T00:00:00Z,daily,90.883,90.883,90.883,90.883,,90.883,factor_candle,FRED CSV Gateway mirror,learning_only_mirror
DTWEXBGS,2012-10-11,2012-10-11T00:00:00Z,daily,90.7437,90.7437,90.7437,90.7437,,90.7437,factor_candle,FRED CSV Gateway mirror,learning_only_mirror
DTWEXBGS,2012-10-12,2012-10-12T00:00:00Z,daily,90.6833,90.6833,90.6833,90.6833,,90.6833,factor_candle,FRED CSV Gateway mirror,learning_only_mirror
DTWEXBGS,2012-10-15,2012-10-15T00:00:00Z,daily,90.6409,90.6409,90.6409,90.6409,,90.6409,factor_candle,FRED CSV Gateway mirror,learning_only_mirror
DTWEXBGS,2012-10-16,2012-10-16T00:00:00Z,daily,90.5583,90.5583,90.5583,90.5583,,90.5583,factor_candle,FRED CSV Gateway mirror,learning_only_mirror
DTWEXBGS,2012-10-17,2012-10-17T00:00:00Z,daily,90.2309,90.2309,90.2309,90.2309,,90.2309,factor_candle,FRED CSV Gateway mirror,learning_only_mirror
DTWEXBGS,2012-10-18,2012-10-18T00:00:00Z,daily,90.3804,90.3804,90.3804,90.3804,,90.3804,factor_candle,FRED CSV Gateway mirror,learning_only_mirror
DTWEXBGS,2012-10-19,2012-10-19T00:00:00Z,daily,90.8107,90.8107,90.8107,90.8107,,90.8107,factor_candle,FRED CSV Gateway mirror,learning_only_mirror
DTWEXBGS,2012-10-22,2012-10-22T00:00:00Z,daily,90.7911,90.7911,90.7911,90.7911,,90.7911,factor_candle,FRED CSV Gateway mirror,learning_only_mirror
DTWEXBGS,2012-10-23,2012-10-23T00:00:00Z,daily,91.0945,91.0945,91.0945,91.0945,,91.0945,factor_candle,FRED CSV Gateway mirror,learning_only_mirror
DTWEXBGS,2012-10-24,2012-10-24T00:00:00Z,daily,91.1275,91.1275,91.1275,91.1275,,91.1275,factor_candle,FRED CSV Gateway mirror,learning_only_mirror
DTWEXBGS,2012-10-25,2012-10-25T00:00:00Z,daily,91.02,91.02,91.02,91.02,,91.02,factor_candle,FRED CSV Gateway mirror,learning_only_mirror
DTWEXBGS,2012-10-26,2012-10-26T00:00:00Z,daily,91.1411,91.1411,91.1411,91.1411,,91.1411,factor_candle,FRED CSV Gateway mirror,learning_only_mirror
DTWEXBGS,2012-10-31,2012-10-31T00:00:00Z,daily,91.1609,91.1609,91.1609,91.1609,,91.1609,factor_candle,FRED CSV Gateway mirror,learning_only_mirror
DTWEXBGS,2012-11-01,2012-11-01T00:00:00Z,daily,91.1217,91.1217,91.1217,91.1217,,91.1217,factor_candle,FRED CSV Gateway mirror,learning_only_mirror
DTWEXBGS,2012-11-02,2012-11-02T00:00:00Z,daily,91.281,91.281,91.281,91.281,,91.281,factor_candle,FRED CSV Gateway mirror,learning_only_mirror
DTWEXBGS,2012-11-05,2012-11-05T00:00:00Z,daily,91.4778,91.4778,91.4778,91.4778,,91.4778,factor_candle,FRED CSV Gateway mirror,learning_only_mirror
DTWEXBGS,2012-11-06,2012-11-06T00:00:00Z,daily,91.2908,91.2908,91.2908,91.2908,,91.2908,factor_candle,FRED CSV Gateway mirror,learning_only_mirror
DTWEXBGS,2012-11-07,2012-11-07T00:00:00Z,daily,91.4514,91.4514,91.4514,91.4514,,91.4514,factor_candle,FRED CSV Gateway mirror,learning_only_mirror
DTWEXBGS,2012-11-08,2012-11-08T00:00:00Z,daily,91.5375,91.5375,91.5375,91.5375,,91.5375,factor_candle,FRED CSV Gateway mirror,learning_only_mirror
DTWEXBGS,2012-11-09,2012-11-09T00:00:00Z,daily,91.6871,91.6871,91.6871,91.6871,,91.6871,factor_candle,FRED CSV Gateway mirror,learning_only_mirror
DTWEXBGS,2012-11-13,2012-11-13T00:00:00Z,daily,91.7356,91.7356,91.7356,91.7356,,91.7356,factor_candle,FRED CSV Gateway mirror,learning_only_mirror
DTWEXBGS,2012-11-14,2012-11-14T00:00:00Z,daily,91.7942,91.7942,91.7942,91.7942,,91.7942,factor_candle,FRED CSV Gateway mirror,learning_only_mirror
DTWEXBGS,2012-11-15,2012-11-15T00:00:00Z,daily,91.8837,91.8837,91.8837,91.8837,,91.8837,factor_candle,FRED CSV Gateway mirror,learning_only_mirror
DTWEXBGS,2012-11-16,2012-11-16T00:00:00Z,daily,92.0095,92.0095,92.0095,92.0095,,92.0095,factor_candle,FRED CSV Gateway mirror,learning_only_mirror
DTWEXBGS,2012-11-19,2012-11-19T00:00:00Z,daily,91.5653,91.5653,91.5653,91.5653,,91.5653,factor_candle,FRED CSV Gateway mirror,learning_only_mirror
DTWEXBGS,2012-11-20,2012-11-20T00:00:00Z,daily,91.556,91.556,91.556,91.556,,91.556,factor_candle,FRED CSV Gateway mirror,learning_only_mirror
DTWEXBGS,2012-11-21,2012-11-21T00:00:00Z,daily,91.6645,91.6645,91.6645,91.6645,,91.6645,factor_candle,FRED CSV Gateway mirror,learning_only_mirror
DTWEXBGS,2012-11-23,2012-11-23T00:00:00Z,daily,91.2616,91.2616,91.2616,91.2616,,91.2616,factor_candle,FRED CSV Gateway mirror,learning_only_mirror
DTWEXBGS,2012-11-26,2012-11-26T00:00:00Z,daily,91.2789,91.2789,91.2789,91.2789,,91.2789,factor_candle,FRED CSV Gateway mirror,learning_only_mirror
DTWEXBGS,2012-11-27,2012-11-27T00:00:00Z,daily,91.2608,91.2608,91.2608,91.2608,,91.2608,factor_candle,FRED CSV Gateway mirror,learning_only_mirror
DTWEXBGS,2012-11-28,2012-11-28T00:00:00Z,daily,91.33,91.33,91.33,91.33,,91.33,factor_candle,FRED CSV Gateway mirror,learning_only_mirror
DTWEXBGS,2012-11-29,2012-11-29T00:00:00Z,daily,91.2104,91.2104,91.2104,91.2104,,91.2104,factor_candle,FRED CSV Gateway mirror,learning_only_mirror
DTWEXBGS,2012-11-30,2012-11-30T00:00:00Z,daily,91.1038,91.1038,91.1038,91.1038,,91.1038,factor_candle,FRED CSV Gateway mirror,learning_only_mirror
DTWEXBGS,2012-12-03,2012-12-03T00:00:00Z,daily,91.0084,91.0084,91.0084,91.0084,,91.0084,factor_candle,FRED CSV Gateway mirror,learning_only_mirror
DTWEXBGS,2012-12-04,2012-12-04T00:00:00Z,daily,90.9748,90.9748,90.9748,90.9748,,90.9748,factor_candle,FRED CSV Gateway mirror,learning_only_mirror
DTWEXBGS,2012-12-05,2012-12-05T00:00:00Z,daily,90.9423,90.9423,90.9423,90.9423,,90.9423,factor_candle,FRED CSV Gateway mirror,learning_only_mirror
DTWEXBGS,2012-12-06,2012-12-06T00:00:00Z,daily,91.0629,91.0629,91.0629,91.0629,,91.0629,factor_candle,FRED CSV Gateway mirror,learning_only_mirror
DTWEXBGS,2012-12-07,2012-12-07T00:00:00Z,daily,91.0437,91.0437,91.0437,91.0437,,91.0437,factor_candle,FRED CSV Gateway mirror,learning_only_mirror
DTWEXBGS,2012-12-10,2012-12-10T00:00:00Z,daily,90.9631,90.9631,90.9631,90.9631,,90.9631,factor_candle,FRED CSV Gateway mirror,learning_only_mirror
DTWEXBGS,2012-12-11,2012-12-11T00:00:00Z,daily,90.8403,90.8403,90.8403,90.8403,,90.8403,factor_candle,FRED CSV Gateway mirror,learning_only_mirror
DTWEXBGS,2012-12-12,2012-12-12T00:00:00Z,daily,90.7708,90.7708,90.7708,90.7708,,90.7708,factor_candle,FRED CSV Gateway mirror,learning_only_mirror
DTWEXBGS,2012-12-13,2012-12-13T00:00:00Z,daily,90.776,90.776,90.776,90.776,,90.776,factor_candle,FRED CSV Gateway mirror,learning_only_mirror
DTWEXBGS,2012-12-14,2012-12-14T00:00:00Z,daily,90.7156,90.7156,90.7156,90.7156,,90.7156,factor_candle,FRED CSV Gateway mirror,learning_only_mirror
DTWEXBGS,2012-12-17,2012-12-17T00:00:00Z,daily,90.6193,90.6193,90.6193,90.6193,,90.6193,factor_candle,FRED CSV Gateway mirror,learning_only_mirror
DTWEXBGS,2012-12-18,2012-12-18T00:00:00Z,daily,90.5161,90.5161,90.5161,90.5161,,90.5161,factor_candle,FRED CSV Gateway mirror,learning_only_mirror
DTWEXBGS,2012-12-19,2012-12-19T00:00:00Z,daily,90.4896,90.4896,90.4896,90.4896,,90.4896,factor_candle,FRED CSV Gateway mirror,learning_only_mirror
DTWEXBGS,2012-12-20,2012-12-20T00:00:00Z,daily,90.6002,90.6002,90.6002,90.6002,,90.6002,factor_candle,FRED CSV Gateway mirror,learning_only_mirror
DTWEXBGS,2012-12-21,2012-12-21T00:00:00Z,daily,90.9597,90.9597,90.9597,90.9597,,90.9597,factor_candle,FRED CSV Gateway mirror,learning_only_mirror
DTWEXBGS,2012-12-24,2012-12-24T00:00:00Z,daily,91.0354,91.0354,91.0354,91.0354,,91.0354,factor_candle,FRED CSV Gateway mirror,learning_only_mirror
DTWEXBGS,2012-12-26,2012-12-26T00:00:00Z,daily,91.0606,91.0606,91.0606,91.0606,,91.0606,factor_candle,FRED CSV Gateway mirror,learning_only_mirror
DTWEXBGS,2012-12-27,2012-12-27T00:00:00Z,daily,91.1037,91.1037,91.1037,91.1037,,91.1037,factor_candle,FRED CSV Gateway mirror,learning_only_mirror
DTWEXBGS,2012-12-28,2012-12-28T00:00:00Z,daily,91.0419,91.0419,91.0419,91.0419,,91.0419,factor_candle,FRED CSV Gateway mirror,learning_only_mirror
DTWEXBGS,2012-12-31,2012-12-31T00:00:00Z,daily,91.0834,91.0834,91.0834,91.0834,,91.0834,factor_candle,FRED CSV Gateway mirror,learning_only_mirror
DTWEXBGS,2013-01-02,2013-01-02T00:00:00Z,daily,90.6941,90.6941,90.6941,90.6941,,90.6941,factor_candle,FRED CSV Gateway mirror,learning_only_mirror
DTWEXBGS,2013-01-03,2013-01-03T00:00:00Z,daily,90.8097,90.8097,90.8097,90.8097,,90.8097,factor_candle,FRED CSV Gateway mirror,learning_only_mirror
DTWEXBGS,2013-01-04,2013-01-04T00:00:00Z,daily,91.1025,91.1025,91.1025,91.1025,,91.1025,factor_candle,FRED CSV Gateway mirror,learning_only_mirror
DTWEXBGS,2013-01-07,2013-01-07T00:00:00Z,daily,90.9852,90.9852,90.9852,90.9852,,90.9852,factor_candle,FRED CSV Gateway mirror,learning_only_mirror
DTWEXBGS,2013-01-08,2013-01-08T00:00:00Z,daily,91.057,91.057,91.057,91.057,,91.057,factor_candle,FRED CSV Gateway mirror,learning_only_mirror
DTWEXBGS,2013-01-09,2013-01-09T00:00:00Z,daily,91.0088,91.0088,91.0088,91.0088,,91.0088,factor_candle,FRED CSV Gateway mirror,learning_only_mirror
DTWEXBGS,2013-01-10,2013-01-10T00:00:00Z,daily,90.6425,90.6425,90.6425,90.6425,,90.6425,factor_candle,FRED CSV Gateway mirror,learning_only_mirror
DTWEXBGS,2013-01-11,2013-01-11T00:00:00Z,daily,90.5352,90.5352,90.5352,90.5352,,90.5352,factor_candle,FRED CSV Gateway mirror,learning_only_mirror
DTWEXBGS,2013-01-14,2013-01-14T00:00:00Z,daily,90.4935,90.4935,90.4935,90.4935,,90.4935,factor_candle,FRED CSV Gateway mirror,learning_only_mirror
DTWEXBGS,2013-01-15,2013-01-15T00:00:00Z,daily,90.5191,90.5191,90.5191,90.5191,,90.5191,factor_candle,FRED CSV Gateway mirror,learning_only_mirror
DTWEXBGS,2013-01-16,2013-01-16T00:00:00Z,daily,90.596,90.596,90.596,90.596,,90.596,factor_candle,FRED CSV Gateway mirror,learning_only_mirror
DTWEXBGS,2013-01-17,2013-01-17T00:00:00Z,daily,90.5401,90.5401,90.5401,90.5401,,90.5401,factor_candle,FRED CSV Gateway mirror,learning_only_mirror
DTWEXBGS,2013-01-18,2013-01-18T00:00:00Z,daily,90.8697,90.8697,90.8697,90.8697,,90.8697,factor_candle,FRED CSV Gateway mirror,learning_only_mirror
DTWEXBGS,2013-01-22,2013-01-22T00:00:00Z,daily,90.7892,90.7892,90.7892,90.7892,,90.7892,factor_candle,FRED CSV Gateway mirror,learning_only_mirror
DTWEXBGS,2013-01-23,2013-01-23T00:00:00Z,daily,90.8376,90.8376,90.8376,90.8376,,90.8376,factor_candle,FRED CSV Gateway mirror,learning_only_mirror
DTWEXBGS,2013-01-24,2013-01-24T00:00:00Z,daily,90.9112,90.9112,90.9112,90.9112,,90.9112,factor_candle,FRED CSV Gateway mirror,learning_only_mirror
DTWEXBGS,2013-01-25,2013-01-25T00:00:00Z,daily,91.0868,91.0868,91.0868,91.0868,,91.0868,factor_candle,FRED CSV Gateway mirror,learning_only_mirror
DTWEXBGS,2013-01-28,2013-01-28T00:00:00Z,daily,91.2354,91.2354,91.2354,91.2354,,91.2354,factor_candle,FRED CSV Gateway mirror,learning_only_mirror
DTWEXBGS,2013-01-29,2013-01-29T00:00:00Z,daily,90.9406,90.9406,90.9406,90.9406,,90.9406,factor_candle,FRED CSV Gateway mirror,learning_only_mirror
DTWEXBGS,2013-01-30,2013-01-30T00:00:00Z,daily,90.8836,90.8836,90.8836,90.8836,,90.8836,factor_candle,FRED CSV Gateway mirror,learning_only_mirror
DTWEXBGS,2013-01-31,2013-01-31T00:00:00Z,daily,90.798,90.798,90.798,90.798,,90.798,factor_candle,FRED CSV Gateway mirror,learning_only_mirror
DTWEXBGS,2013-02-01,2013-02-01T00:00:00Z,daily,90.6923,90.6923,90.6923,90.6923,,90.6923,factor_candle,FRED CSV Gateway mirror,learning_only_mirror
DTWEXBGS,2013-02-04,2013-02-04T00:00:00Z,daily,90.9774,90.9774,90.9774,90.9774,,90.9774,factor_candle,FRED CSV Gateway mirror,learning_only_mirror
DTWEXBGS,2013-02-05,2013-02-05T00:00:00Z,daily,90.881,90.881,90.881,90.881,,90.881,factor_candle,FRED CSV Gateway mirror,learning_only_mirror
DTWEXBGS,2013-02-06,2013-02-06T00:00:00Z,daily,91.0176,91.0176,91.0176,91.0176,,91.0176,factor_candle,FRED CSV Gateway mirror,learning_only_mirror
DTWEXBGS,2013-02-07,2013-02-07T00:00:00Z,daily,91.2912,91.2912,91.2912,91.2912,,91.2912,factor_candle,FRED CSV Gateway mirror,learning_only_mirror
DTWEXBGS,2013-02-08,2013-02-08T00:00:00Z,daily,91.3056,91.3056,91.3056,91.3056,,91.3056,factor_candle,FRED CSV Gateway mirror,learning_only_mirror
DTWEXBGS,2013-02-11,2013-02-11T00:00:00Z,daily,91.4451,91.4451,91.4451,91.4451,,91.4451,factor_candle,FRED CSV Gateway mirror,learning_only_mirror
DTWEXBGS,2013-02-12,2013-02-12T00:00:00Z,daily,91.2779,91.2779,91.2779,91.2779,,91.2779,factor_candle,FRED CSV Gateway mirror,learning_only_mirror
DTWEXBGS,2013-02-13,2013-02-13T00:00:00Z,daily,91.2709,91.2709,91.2709,91.2709,,91.2709,factor_candle,FRED CSV Gateway mirror,learning_only_mirror
DTWEXBGS,2013-02-14,2013-02-14T00:00:00Z,daily,91.366,91.366,91.366,91.366,,91.366,factor_candle,FRED CSV Gateway mirror,learning_only_mirror
DTWEXBGS,2013-02-15,2013-02-15T00:00:00Z,daily,91.4551,91.4551,91.4551,91.4551,,91.4551,factor_candle,FRED CSV Gateway mirror,learning_only_mirror
DTWEXBGS,2013-02-19,2013-02-19T00:00:00Z,daily,91.5073,91.5073,91.5073,91.5073,,91.5073,factor_candle,FRED CSV Gateway mirror,learning_only_mirror
DTWEXBGS,2013-02-20,2013-02-20T00:00:00Z,daily,91.6689,91.6689,91.6689,91.6689,,91.6689,factor_candle,FRED CSV Gateway mirror,learning_only_mirror
DTWEXBGS,2013-02-21,2013-02-21T00:00:00Z,daily,92.0394,92.0394,92.0394,92.0394,,92.0394,factor_candle,FRED CSV Gateway mirror,learning_only_mirror
DTWEXBGS,2013-02-22,2013-02-22T00:00:00Z,daily,92.1197,92.1197,92.1197,92.1197,,92.1197,factor_candle,FRED CSV Gateway mirror,learning_only_mirror
DTWEXBGS,2013-02-25,2013-02-25T00:00:00Z,daily,92.1975,92.1975,92.1975,92.1975,,92.1975,factor_candle,FRED CSV Gateway mirror,learning_only_mirror
DTWEXBGS,2013-02-26,2013-02-26T00:00:00Z,daily,92.4247,92.4247,92.4247,92.4247,,92.4247,factor_candle,FRED CSV Gateway mirror,learning_only_mirror
DTWEXBGS,2013-02-27,2013-02-27T00:00:00Z,daily,92.234,92.234,92.234,92.234,,92.234,factor_candle,FRED CSV Gateway mirror,learning_only_mirror
DTWEXBGS,2013-02-28,2013-02-28T00:00:00Z,daily,92.295,92.295,92.295,92.295,,92.295,factor_candle,FRED CSV Gateway mirror,learning_only_mirror
DTWEXBGS,2013-03-01,2013-03-01T00:00:00Z,daily,92.6177,92.6177,92.6177,92.6177,,92.6177,factor_candle,FRED CSV Gateway mirror,learning_only_mirror
DTWEXBGS,2013-03-04,2013-03-04T00:00:00Z,daily,92.6316,92.6316,92.6316,92.6316,,92.6316,factor_candle,FRED CSV Gateway mirror,learning_only_mirror
DTWEXBGS,2013-03-05,2013-03-05T00:00:00Z,daily,92.4965,92.4965,92.4965,92.4965,,92.4965,factor_candle,FRED CSV Gateway mirror,learning_only_mirror
DTWEXBGS,2013-03-07,2013-03-07T00:00:00Z,daily,92.5462,92.5462,92.5462,92.5462,,92.5462,factor_candle,FRED CSV Gateway mirror,learning_only_mirror
DTWEXBGS,2013-03-08,2013-03-08T00:00:00Z,daily,92.6252,92.6252,92.6252,92.6252,,92.6252,factor_candle,FRED CSV Gateway mirror,learning_only_mirror
DTWEXBGS,2013-03-11,2013-03-11T00:00:00Z,daily,92.5351,92.5351,92.5351,92.5351,,92.5351,factor_candle,FRED CSV Gateway mirror,learning_only_mirror
DTWEXBGS,2013-03-12,2013-03-12T00:00:00Z,daily,92.3853,92.3853,92.3853,92.3853,,92.3853,factor_candle,FRED CSV Gateway mirror,learning_only_mirror
DTWEXBGS,2013-03-13,2013-03-13T00:00:00Z,daily,92.4709,92.4709,92.4709,92.4709,,92.4709,factor_candle,FRED CSV Gateway mirror,learning_only_mirror
DTWEXBGS,2013-03-14,2013-03-14T00:00:00Z,daily,92.4695,92.4695,92.4695,92.4695,,92.4695,factor_candle,FRED CSV Gateway mirror,learning_only_mirror
DTWEXBGS,2013-03-15,2013-03-15T00:00:00Z,daily,92.128,92.128,92.128,92.128,,92.128,factor_candle,FRED CSV Gateway mirror,learning_only_mirror
DTWEXBGS,2013-03-18,2013-03-18T00:00:00Z,daily,92.3377,92.3377,92.3377,92.3377,,92.3377,factor_candle,FRED CSV Gateway mirror,learning_only_mirror
DTWEXBGS,2013-03-19,2013-03-19T00:00:00Z,daily,92.526,92.526,92.526,92.526,,92.526,factor_candle,FRED CSV Gateway mirror,learning_only_mirror
DTWEXBGS,2013-03-20,2013-03-20T00:00:00Z,daily,92.4141,92.4141,92.4141,92.4141,,92.4141,factor_candle,FRED CSV Gateway mirror,learning_only_mirror
DTWEXBGS,2013-03-21,2013-03-21T00:00:00Z,daily,92.3322,92.3322,92.3322,92.3322,,92.3322,factor_candle,FRED CSV Gateway mirror,learning_only_mirror
DTWEXBGS,2013-03-22,2013-03-22T00:00:00Z,daily,92.2051,92.2051,92.2051,92.2051,,92.2051,factor_candle,FRED CSV Gateway mirror,learning_only_mirror
DTWEXBGS,2013-03-25,2013-03-25T00:00:00Z,daily,92.3081,92.3081,92.3081,92.3081,,92.3081,factor_candle,FRED CSV Gateway mirror,learning_only_mirror
DTWEXBGS,2013-03-26,2013-03-26T00:00:00Z,daily,92.232,92.232,92.232,92.232,,92.232,factor_candle,FRED CSV Gateway mirror,learning_only_mirror
DTWEXBGS,2013-03-27,2013-03-27T00:00:00Z,daily,92.446,92.446,92.446,92.446,,92.446,factor_candle,FRED CSV Gateway mirror,learning_only_mirror
DTWEXBGS,2013-03-28,2013-03-28T00:00:00Z,daily,92.2544,92.2544,92.2544,92.2544,,92.2544,factor_candle,FRED CSV Gateway mirror,learning_only_mirror
DTWEXBGS,2013-03-29,2013-03-29T00:00:00Z,daily,92.302,92.302,92.302,92.302,,92.302,factor_candle,FRED CSV Gateway mirror,learning_only_mirror
DTWEXBGS,2013-04-01,2013-04-01T00:00:00Z,daily,92.1687,92.1687,92.1687,92.1687,,92.1687,factor_candle,FRED CSV Gateway mirror,learning_only_mirror
DTWEXBGS,2013-04-02,2013-04-02T00:00:00Z,daily,92.1432,92.1432,92.1432,92.1432,,92.1432,factor_candle,FRED CSV Gateway mirror,learning_only_mirror
DTWEXBGS,2013-04-03,2013-04-03T00:00:00Z,daily,92.104,92.104,92.104,92.104,,92.104,factor_candle,FRED CSV Gateway mirror,learning_only_mirror
DTWEXBGS,2013-04-04,2013-04-04T00:00:00Z,daily,92.3896,92.3896,92.3896,92.3896,,92.3896,factor_candle,FRED CSV Gateway mirror,learning_only_mirror
DTWEXBGS,2013-04-05,2013-04-05T00:00:00Z,daily,92.1043,92.1043,92.1043,92.1043,,92.1043,factor_candle,FRED CSV Gateway mirror,learning_only_mirror
DTWEXBGS,2013-04-08,2013-04-08T00:00:00Z,daily,92.2317,92.2317,92.2317,92.2317,,92.2317,factor_candle,FRED CSV Gateway mirror,learning_only_mirror
DTWEXBGS,2013-04-09,2013-04-09T00:00:00Z,daily,91.9669,91.9669,91.9669,91.9669,,91.9669,factor_candle,FRED CSV Gateway mirror,learning_only_mirror
DTWEXBGS,2013-04-10,2013-04-10T00:00:00Z,daily,91.9598,91.9598,91.9598,91.9598,,91.9598,factor_candle,FRED CSV Gateway mirror,learning_only_mirror
DTWEXBGS,2013-04-11,2013-04-11T00:00:00Z,daily,91.6972,91.6972,91.6972,91.6972,,91.6972,factor_candle,FRED CSV Gateway mirror,learning_only_mirror
DTWEXBGS,2013-04-12,2013-04-12T00:00:00Z,daily,91.7967,91.7967,91.7967,91.7967,,91.7967,factor_candle,FRED CSV Gateway mirror,learning_only_mirror
DTWEXBGS,2013-04-15,2013-04-15T00:00:00Z,daily,91.9457,91.9457,91.9457,91.9457,,91.9457,factor_candle,FRED CSV Gateway mirror,learning_only_mirror
DTWEXBGS,2013-04-16,2013-04-16T00:00:00Z,daily,91.8451,91.8451,91.8451,91.8451,,91.8451,factor_candle,FRED CSV Gateway mirror,learning_only_mirror
DTWEXBGS,2013-04-17,2013-04-17T00:00:00Z,daily,92.1372,92.1372,92.1372,92.1372,,92.1372,factor_candle,FRED CSV Gateway mirror,learning_only_mirror
DTWEXBGS,2013-04-18,2013-04-18T00:00:00Z,daily,92.176,92.176,92.176,92.176,,92.176,factor_candle,FRED CSV Gateway mirror,learning_only_mirror
DTWEXBGS,2013-04-19,2013-04-19T00:00:00Z,daily,92.2166,92.2166,92.2166,92.2166,,92.2166,factor_candle,FRED CSV Gateway mirror,learning_only_mirror
DTWEXBGS,2013-04-22,2013-04-22T00:00:00Z,daily,92.3591,92.3591,92.3591,92.3591,,92.3591,factor_candle,FRED CSV Gateway mirror,learning_only_mirror
DTWEXBGS,2013-04-23,2013-04-23T00:00:00Z,daily,92.3836,92.3836,92.3836,92.3836,,92.3836,factor_candle,FRED CSV Gateway mirror,learning_only_mirror
DTWEXBGS,2013-04-24,2013-04-24T00:00:00Z,daily,92.4581,92.4581,92.4581,92.4581,,92.4581,factor_candle,FRED CSV Gateway mirror,learning_only_mirror
DTWEXBGS,2013-04-25,2013-04-25T00:00:00Z,daily,92.0394,92.0394,92.0394,92.0394,,92.0394,factor_candle,FRED CSV Gateway mirror,learning_only_mirror
DTWEXBGS,2013-04-26,2013-04-26T00:00:00Z,daily,91.9012,91.9012,91.9012,91.9012,,91.9012,factor_candle,FRED CSV Gateway mirror,learning_only_mirror
DTWEXBGS,2013-04-29,2013-04-29T00:00:00Z,daily,91.6539,91.6539,91.6539,91.6539,,91.6539,factor_candle,FRED CSV Gateway mirror,learning_only_mirror
DTWEXBGS,2013-04-30,2013-04-30T00:00:00Z,daily,91.3741,91.3741,91.3741,91.3741,,91.3741,factor_candle,FRED CSV Gateway mirror,learning_only_mirror
DTWEXBGS,2013-05-01,2013-05-01T00:00:00Z,daily,91.4331,91.4331,91.4331,91.4331,,91.4331,factor_candle,FRED CSV Gateway mirror,learning_only_mirror
DTWEXBGS,2013-05-02,2013-05-02T00:00:00Z,daily,91.6174,91.6174,91.6174,91.6174,,91.6174,factor_candle,FRED CSV Gateway mirror,learning_only_mirror
DTWEXBGS,2013-05-03,2013-05-03T00:00:00Z,daily,91.5087,91.5087,91.5087,91.5087,,91.5087,factor_candle,FRED CSV Gateway mirror,learning_only_mirror
DTWEXBGS,2013-05-06,2013-05-06T00:00:00Z,daily,91.6387,91.6387,91.6387,91.6387,,91.6387,factor_candle,FRED CSV Gateway mirror,learning_only_mirror
DTWEXBGS,2013-05-07,2013-05-07T00:00:00Z,daily,91.5201,91.5201,91.5201,91.5201,,91.5201,factor_candle,FRED CSV Gateway mirror,learning_only_mirror
DTWEXBGS,2013-05-08,2013-05-08T00:00:00Z,daily,91.1848,91.1848,91.1848,91.1848,,91.1848,factor_candle,FRED CSV Gateway mirror,learning_only_mirror
DTWEXBGS,2013-05-09,2013-05-09T00:00:00Z,daily,91.3036,91.3036,91.3036,91.3036,,91.3036,factor_candle,FRED CSV Gateway mirror,learning_only_mirror
DTWEXBGS,2013-05-10,2013-05-10T00:00:00Z,daily,92.2527,92.2527,92.2527,92.2527,,92.2527,factor_candle,FRED CSV Gateway mirror,learning_only_mirror
DTWEXBGS,2013-05-13,2013-05-13T00:00:00Z,daily,92.2711,92.2711,92.2711,92.2711,,92.2711,factor_candle,FRED CSV Gateway mirror,learning_only_mirror
DTWEXBGS,2013-05-14,2013-05-14T00:00:00Z,daily,92.3697,92.3697,92.3697,92.3697,,92.3697,factor_candle,FRED CSV Gateway mirror,learning_only_mirror
DTWEXBGS,2013-05-15,2013-05-15T00:00:00Z,daily,92.7691,92.7691,92.7691,92.7691,,92.7691,factor_candle,FRED CSV Gateway mirror,learning_only_mirror
DTWEXBGS,2013-05-16,2013-05-16T00:00:00Z,daily,92.6602,92.6602,92.6602,92.6602,,92.6602,factor_candle,FRED CSV Gateway mirror,learning_only_mirror
DTWEXBGS,2013-05-17,2013-05-17T00:00:00Z,daily,93.1617,93.1617,93.1617,93.1617,,93.1617,factor_candle,FRED CSV Gateway mirror,learning_only_mirror
DTWEXBGS,2013-05-20,2013-05-20T00:00:00Z,daily,93.0359,93.0359,93.0359,93.0359,,93.0359,factor_candle,FRED CSV Gateway mirror,learning_only_mirror
DTWEXBGS,2013-05-21,2013-05-21T00:00:00Z,daily,92.9662,92.9662,92.9662,92.9662,,92.9662,factor_candle,FRED CSV Gateway mirror,learning_only_mirror
DTWEXBGS,2013-05-22,2013-05-22T00:00:00Z,daily,93.3104,93.3104,93.3104,93.3104,,93.3104,factor_candle,FRED CSV Gateway mirror,learning_only_mirror
DTWEXBGS,2013-05-23,2013-05-23T00:00:00Z,daily,93.2113,93.2113,93.2113,93.2113,,93.2113,factor_candle,FRED CSV Gateway mirror,learning_only_mirror
DTWEXBGS,2013-05-24,2013-05-24T00:00:00Z,daily,93.2768,93.2768,93.2768,93.2768,,93.2768,factor_candle,FRED CSV Gateway mirror,learning_only_mirror
DTWEXBGS,2013-05-28,2013-05-28T00:00:00Z,daily,93.5853,93.5853,93.5853,93.5853,,93.5853,factor_candle,FRED CSV Gateway mirror,learning_only_mirror
DTWEXBGS,2013-05-29,2013-05-29T00:00:00Z,daily,93.531,93.531,93.531,93.531,,93.531,factor_candle,FRED CSV Gateway mirror,learning_only_mirror
DTWEXBGS,2013-05-30,2013-05-30T00:00:00Z,daily,93.4219,93.4219,93.4219,93.4219,,93.4219,factor_candle,FRED CSV Gateway mirror,learning_only_mirror
DTWEXBGS,2013-05-31,2013-05-31T00:00:00Z,daily,93.6076,93.6076,93.6076,93.6076,,93.6076,factor_candle,FRED CSV Gateway mirror,learning_only_mirror
DTWEXBGS,2013-06-03,2013-06-03T00:00:00Z,daily,93.163,93.163,93.163,93.163,,93.163,factor_candle,FRED CSV Gateway mirror,learning_only_mirror
DTWEXBGS,2013-06-04,2013-06-04T00:00:00Z,daily,93.3067,93.3067,93.3067,93.3067,,93.3067,factor_candle,FRED CSV Gateway mirror,learning_only_mirror
DTWEXBGS,2013-06-05,2013-06-05T00:00:00Z,daily,93.275,93.275,93.275,93.275,,93.275,factor_candle,FRED CSV Gateway mirror,learning_only_mirror
DTWEXBGS,2013-06-06,2013-06-06T00:00:00Z,daily,92.809,92.809,92.809,92.809,,92.809,factor_candle,FRED CSV Gateway mirror,learning_only_mirror
DTWEXBGS,2013-06-07,2013-06-07T00:00:00Z,daily,92.6056,92.6056,92.6056,92.6056,,92.6056,factor_candle,FRED CSV Gateway mirror,learning_only_mirror
DTWEXBGS,2013-06-10,2013-06-10T00:00:00Z,daily,92.973,92.973,92.973,92.973,,92.973,factor_candle,FRED CSV Gateway mirror,learning_only_mirror
DTWEXBGS,2013-06-11,2013-06-11T00:00:00Z,daily,92.7996,92.7996,92.7996,92.7996,,92.7996,factor_candle,FRED CSV Gateway mirror,learning_only_mirror
DTWEXBGS,2013-06-12,2013-06-12T00:00:00Z,daily,92.4775,92.4775,92.4775,92.4775,,92.4775,factor_candle,FRED CSV Gateway mirror,learning_only_mirror
DTWEXBGS,2013-06-13,2013-06-13T00:00:00Z,daily,92.3449,92.3449,92.3449,92.3449,,92.3449,factor_candle,FRED CSV Gateway mirror,learning_only_mirror
DTWEXBGS,2013-06-14,2013-06-14T00:00:00Z,daily,92.1886,92.1886,92.1886,92.1886,,92.1886,factor_candle,FRED CSV Gateway mirror,learning_only_mirror
DTWEXBGS,2013-06-17,2013-06-17T00:00:00Z,daily,92.3332,92.3332,92.3332,92.3332,,92.3332,factor_candle,FRED CSV Gateway mirror,learning_only_mirror
DTWEXBGS,2013-06-18,2013-06-18T00:00:00Z,daily,92.5432,92.5432,92.5432,92.5432,,92.5432,factor_candle,FRED CSV Gateway mirror,learning_only_mirror
DTWEXBGS,2013-06-19,2013-06-19T00:00:00Z,daily,92.4755,92.4755,92.4755,92.4755,,92.4755,factor_candle,FRED CSV Gateway mirror,learning_only_mirror
DTWEXBGS,2013-06-20,2013-06-20T00:00:00Z,daily,94.125,94.125,94.125,94.125,,94.125,factor_candle,FRED CSV Gateway mirror,learning_only_mirror
DTWEXBGS,2013-06-21,2013-06-21T00:00:00Z,daily,94.4243,94.4243,94.4243,94.4243,,94.4243,factor_candle,FRED CSV Gateway mirror,learning_only_mirror
DTWEXBGS,2013-06-24,2013-06-24T00:00:00Z,daily,94.5714,94.5714,94.5714,94.5714,,94.5714,factor_candle,FRED CSV Gateway mirror,learning_only_mirror
DTWEXBGS,2013-06-25,2013-06-25T00:00:00Z,daily,94.3285,94.3285,94.3285,94.3285,,94.3285,factor_candle,FRED CSV Gateway mirror,learning_only_mirror
DTWEXBGS,2013-06-26,2013-06-26T00:00:00Z,daily,94.3807,94.3807,94.3807,94.3807,,94.3807,factor_candle,FRED CSV Gateway mirror,learning_only_mirror
DTWEXBGS,2013-06-27,2013-06-27T00:00:00Z,daily,94.2429,94.2429,94.2429,94.2429,,94.2429,factor_candle,FRED CSV Gateway mirror,learning_only_mirror
DTWEXBGS,2013-06-28,2013-06-28T00:00:00Z,daily,94.3047,94.3047,94.3047,94.3047,,94.3047,factor_candle,FRED CSV Gateway mirror,learning_only_mirror
DTWEXBGS,2013-07-01,2013-07-01T00:00:00Z,daily,94.0998,94.0998,94.0998,94.0998,,94.0998,factor_candle,FRED CSV Gateway mirror,learning_only_mirror
DTWEXBGS,2013-07-02,2013-07-02T00:00:00Z,daily,94.4051,94.4051,94.4051,94.4051,,94.4051,factor_candle,FRED CSV Gateway mirror,learning_only_mirror
DTWEXBGS,2013-07-03,2013-07-03T00:00:00Z,daily,94.4767,94.4767,94.4767,94.4767,,94.4767,factor_candle,FRED CSV Gateway mirror,learning_only_mirror
DTWEXBGS,2013-07-05,2013-07-05T00:00:00Z,daily,95.0639,95.0639,95.0639,95.0639,,95.0639,factor_candle,FRED CSV Gateway mirror,learning_only_mirror
DTWEXBGS,2013-07-08,2013-07-08T00:00:00Z,daily,94.9954,94.9954,94.9954,94.9954,,94.9954,factor_candle,FRED CSV Gateway mirror,learning_only_mirror
DTWEXBGS,2013-07-09,2013-07-09T00:00:00Z,daily,94.9467,94.9467,94.9467,94.9467,,94.9467,factor_candle,FRED CSV Gateway mirror,learning_only_mirror
DTWEXBGS,2013-07-10,2013-07-10T00:00:00Z,daily,94.7595,94.7595,94.7595,94.7595,,94.7595,factor_candle,FRED CSV Gateway mirror,learning_only_mirror
DTWEXBGS,2013-07-11,2013-07-11T00:00:00Z,daily,93.949,93.949,93.949,93.949,,93.949,factor_candle,FRED CSV Gateway mirror,learning_only_mirror
DTWEXBGS,2013-07-12,2013-07-12T00:00:00Z,daily,94.0029,94.0029,94.0029,94.0029,,94.0029,factor_candle,FRED CSV Gateway mirror,learning_only_mirror
DTWEXBGS,2013-07-15,2013-07-15T00:00:00Z,daily,93.9729,93.9729,93.9729,93.9729,,93.9729,factor_candle,FRED CSV Gateway mirror,learning_only_mirror
DTWEXBGS,2013-07-16,2013-07-16T00:00:00Z,daily,93.5232,93.5232,93.5232,93.5232,,93.5232,factor_candle,FRED CSV Gateway mirror,learning_only_mirror
DTWEXBGS,2013-07-17,2013-07-17T00:00:00Z,daily,93.5498,93.5498,93.5498,93.5498,,93.5498,factor_candle,FRED CSV Gateway mirror,learning_only_mirror
DTWEXBGS,2013-07-18,2013-07-18T00:00:00Z,daily,93.681,93.681,93.681,93.681,,93.681,factor_candle,FRED CSV Gateway mirror,learning_only_mirror
DTWEXBGS,2013-07-19,2013-07-19T00:00:00Z,daily,93.4759,93.4759,93.4759,93.4759,,93.4759,factor_candle,FRED CSV Gateway mirror,learning_only_mirror
DTWEXBGS,2013-07-22,2013-07-22T00:00:00Z,daily,93.2253,93.2253,93.2253,93.2253,,93.2253,factor_candle,FRED CSV Gateway mirror,learning_only_mirror
DTWEXBGS,2013-07-23,2013-07-23T00:00:00Z,daily,93.1631,93.1631,93.1631,93.1631,,93.1631,factor_candle,FRED CSV Gateway mirror,learning_only_mirror
DTWEXBGS,2013-07-24,2013-07-24T00:00:00Z,daily,93.3124,93.3124,93.3124,93.3124,,93.3124,factor_candle,FRED CSV Gateway mirror,learning_only_mirror
DTWEXBGS,2013-07-25,2013-07-25T00:00:00Z,daily,93.2862,93.2862,93.2862,93.2862,,93.2862,factor_candle,FRED CSV Gateway mirror,learning_only_mirror
DTWEXBGS,2013-07-26,2013-07-26T00:00:00Z,daily,93.1695,93.1695,93.1695,93.1695,,93.1695,factor_candle,FRED CSV Gateway mirror,learning_only_mirror
DTWEXBGS,2013-07-29,2013-07-29T00:00:00Z,daily,93.1663,93.1663,93.1663,93.1663,,93.1663,factor_candle,FRED CSV Gateway mirror,learning_only_mirror
DTWEXBGS,2013-07-30,2013-07-30T00:00:00Z,daily,93.3976,93.3976,93.3976,93.3976,,93.3976,factor_candle,FRED CSV Gateway mirror,learning_only_mirror
DTWEXBGS,2013-07-31,2013-07-31T00:00:00Z,daily,93.5703,93.5703,93.5703,93.5703,,93.5703,factor_candle,FRED CSV Gateway mirror,learning_only_mirror
DTWEXBGS,2013-08-01,2013-08-01T00:00:00Z,daily,93.7972,93.7972,93.7972,93.7972,,93.7972,factor_candle,FRED CSV Gateway mirror,learning_only_mirror
DTWEXBGS,2013-08-02,2013-08-02T00:00:00Z,daily,93.5789,93.5789,93.5789,93.5789,,93.5789,factor_candle,FRED CSV Gateway mirror,learning_only_mirror
DTWEXBGS,2013-08-05,2013-08-05T00:00:00Z,daily,93.507,93.507,93.507,93.507,,93.507,factor_candle,FRED CSV Gateway mirror,learning_only_mirror
DTWEXBGS,2013-08-06,2013-08-06T00:00:00Z,daily,93.3199,93.3199,93.3199,93.3199,,93.3199,factor_candle,FRED CSV Gateway mirror,learning_only_mirror
DTWEXBGS,2013-08-07,2013-08-07T00:00:00Z,daily,93.2652,93.2652,93.2652,93.2652,,93.2652,factor_candle,FRED CSV Gateway mirror,learning_only_mirror
DTWEXBGS,2013-08-08,2013-08-08T00:00:00Z,daily,92.8483,92.8483,92.8483,92.8483,,92.8483,factor_candle,FRED CSV Gateway mirror,learning_only_mirror
DTWEXBGS,2013-08-09,2013-08-09T00:00:00Z,daily,92.8394,92.8394,92.8394,92.8394,,92.8394,factor_candle,FRED CSV Gateway mirror,learning_only_mirror
DTWEXBGS,2013-08-12,2013-08-12T00:00:00Z,daily,92.9178,92.9178,92.9178,92.9178,,92.9178,factor_candle,FRED CSV Gateway mirror,learning_only_mirror
DTWEXBGS,2013-08-13,2013-08-13T00:00:00Z,daily,93.476,93.476,93.476,93.476,,93.476,factor_candle,FRED CSV Gateway mirror,learning_only_mirror
DTWEXBGS,2013-08-14,2013-08-14T00:00:00Z,daily,93.382,93.382,93.382,93.382,,93.382,factor_candle,FRED CSV Gateway mirror,learning_only_mirror
DTWEXBGS,2013-08-15,2013-08-15T00:00:00Z,daily,93.5059,93.5059,93.5059,93.5059,,93.5059,factor_candle,FRED CSV Gateway mirror,learning_only_mirror
DTWEXBGS,2013-08-16,2013-08-16T00:00:00Z,daily,93.4255,93.4255,93.4255,93.4255,,93.4255,factor_candle,FRED CSV Gateway mirror,learning_only_mirror
DTWEXBGS,2013-08-19,2013-08-19T00:00:00Z,daily,93.6623,93.6623,93.6623,93.6623,,93.6623,factor_candle,FRED CSV Gateway mirror,learning_only_mirror
DTWEXBGS,2013-08-20,2013-08-20T00:00:00Z,daily,93.5536,93.5536,93.5536,93.5536,,93.5536,factor_candle,FRED CSV Gateway mirror,learning_only_mirror
DTWEXBGS,2013-08-21,2013-08-21T00:00:00Z,daily,94.0362,94.0362,94.0362,94.0362,,94.0362,factor_candle,FRED CSV Gateway mirror,learning_only_mirror
DTWEXBGS,2013-08-22,2013-08-22T00:00:00Z,daily,94.2804,94.2804,94.2804,94.2804,,94.2804,factor_candle,FRED CSV Gateway mirror,learning_only_mirror
DTWEXBGS,2013-08-23,2013-08-23T00:00:00Z,daily,93.9466,93.9466,93.9466,93.9466,,93.9466,factor_candle,FRED CSV Gateway mirror,learning_only_mirror
DTWEXBGS,2013-08-26,2013-08-26T00:00:00Z,daily,94.1853,94.1853,94.1853,94.1853,,94.1853,factor_candle,FRED CSV Gateway mirror,learning_only_mirror
DTWEXBGS,2013-08-27,2013-08-27T00:00:00Z,daily,94.3934,94.3934,94.3934,94.3934,,94.3934,factor_candle,FRED CSV Gateway mirror,learning_only_mirror
DTWEXBGS,2013-08-28,2013-08-28T00:00:00Z,daily,94.4127,94.4127,94.4127,94.4127,,94.4127,factor_candle,FRED CSV Gateway mirror,learning_only_mirror
DTWEXBGS,2013-08-29,2013-08-29T00:00:00Z,daily,94.6398,94.6398,94.6398,94.6398,,94.6398,factor_candle,FRED CSV Gateway mirror,learning_only_mirror
DTWEXBGS,2013-08-30,2013-08-30T00:00:00Z,daily,94.7541,94.7541,94.7541,94.7541,,94.7541,factor_candle,FRED CSV Gateway mirror,learning_only_mirror
DTWEXBGS,2013-09-03,2013-09-03T00:00:00Z,daily,94.9574,94.9574,94.9574,94.9574,,94.9574,factor_candle,FRED CSV Gateway mirror,learning_only_mirror
DTWEXBGS,2013-09-04,2013-09-04T00:00:00Z,daily,94.5739,94.5739,94.5739,94.5739,,94.5739,factor_candle,FRED CSV Gateway mirror,learning_only_mirror
DTWEXBGS,2013-09-05,2013-09-05T00:00:00Z,daily,94.8891,94.8891,94.8891,94.8891,,94.8891,factor_candle,FRED CSV Gateway mirror,learning_only_mirror
DTWEXBGS,2013-09-06,2013-09-06T00:00:00Z,daily,94.2487,94.2487,94.2487,94.2487,,94.2487,factor_candle,FRED CSV Gateway mirror,learning_only_mirror
DTWEXBGS,2013-09-09,2013-09-09T00:00:00Z,daily,94.0009,94.0009,94.0009,94.0009,,94.0009,factor_candle,FRED CSV Gateway mirror,learning_only_mirror
DTWEXBGS,2013-09-10,2013-09-10T00:00:00Z,daily,93.938,93.938,93.938,93.938,,93.938,factor_candle,FRED CSV Gateway mirror,learning_only_mirror
DTWEXBGS,2013-09-11,2013-09-11T00:00:00Z,daily,93.7112,93.7112,93.7112,93.7112,,93.7112,factor_candle,FRED CSV Gateway mirror,learning_only_mirror
DTWEXBGS,2013-09-12,2013-09-12T00:00:00Z,daily,93.5903,93.5903,93.5903,93.5903,,93.5903,factor_candle,FRED CSV Gateway mirror,learning_only_mirror
DTWEXBGS,2013-09-13,2013-09-13T00:00:00Z,daily,93.6666,93.6666,93.6666,93.6666,,93.6666,factor_candle,FRED CSV Gateway mirror,learning_only_mirror
DTWEXBGS,2013-09-16,2013-09-16T00:00:00Z,daily,93.2875,93.2875,93.2875,93.2875,,93.2875,factor_candle,FRED CSV Gateway mirror,learning_only_mirror
DTWEXBGS,2013-09-17,2013-09-17T00:00:00Z,daily,93.2231,93.2231,93.2231,93.2231,,93.2231,factor_candle,FRED CSV Gateway mirror,learning_only_mirror
DTWEXBGS,2013-09-18,2013-09-18T00:00:00Z,daily,93.2569,93.2569,93.2569,93.2569,,93.2569,factor_candle,FRED CSV Gateway mirror,learning_only_mirror
DTWEXBGS,2013-09-19,2013-09-19T00:00:00Z,daily,92.4082,92.4082,92.4082,92.4082,,92.4082,factor_candle,FRED CSV Gateway mirror,learning_only_mirror
DTWEXBGS,2013-09-20,2013-09-20T00:00:00Z,daily,92.6049,92.6049,92.6049,92.6049,,92.6049,factor_candle,FRED CSV Gateway mirror,learning_only_mirror
DTWEXBGS,2013-09-23,2013-09-23T00:00:00Z,daily,92.613,92.613,92.613,92.613,,92.613,factor_candle,FRED CSV Gateway mirror,learning_only_mirror
DTWEXBGS,2013-09-24,2013-09-24T00:00:00Z,daily,92.7691,92.7691,92.7691,92.7691,,92.7691,factor_candle,FRED CSV Gateway mirror,learning_only_mirror
DTWEXBGS,2013-09-25,2013-09-25T00:00:00Z,daily,92.7675,92.7675,92.7675,92.7675,,92.7675,factor_candle,FRED CSV Gateway mirror,learning_only_mirror
DTWEXBGS,2013-09-26,2013-09-26T00:00:00Z,daily,93.0096,93.0096,93.0096,93.0096,,93.0096,factor_candle,FRED CSV Gateway mirror,learning_only_mirror
DTWEXBGS,2013-09-27,2013-09-27T00:00:00Z,daily,92.9747,92.9747,92.9747,92.9747,,92.9747,factor_candle,FRED CSV Gateway mirror,learning_only_mirror
DTWEXBGS,2013-09-30,2013-09-30T00:00:00Z,daily,92.9207,92.9207,92.9207,92.9207,,92.9207,factor_candle,FRED CSV Gateway mirror,learning_only_mirror
DTWEXBGS,2013-10-01,2013-10-01T00:00:00Z,daily,92.9515,92.9515,92.9515,92.9515,,92.9515,factor_candle,FRED CSV Gateway mirror,learning_only_mirror
DTWEXBGS,2013-10-02,2013-10-02T00:00:00Z,daily,92.772,92.772,92.772,92.772,,92.772,factor_candle,FRED CSV Gateway mirror,learning_only_mirror
DTWEXBGS,2013-10-03,2013-10-03T00:00:00Z,daily,92.7461,92.7461,92.7461,92.7461,,92.7461,factor_candle,FRED CSV Gateway mirror,learning_only_mirror
DTWEXBGS,2013-10-04,2013-10-04T00:00:00Z,daily,92.6469,92.6469,92.6469,92.6469,,92.6469,factor_candle,FRED CSV Gateway mirror,learning_only_mirror
DTWEXBGS,2013-10-07,2013-10-07T00:00:00Z,daily,92.6725,92.6725,92.6725,92.6725,,92.6725,factor_candle,FRED CSV Gateway mirror,learning_only_mirror
DTWEXBGS,2013-10-08,2013-10-08T00:00:00Z,daily,92.7558,92.7558,92.7558,92.7558,,92.7558,factor_candle,FRED CSV Gateway mirror,learning_only_mirror
DTWEXBGS,2013-10-09,2013-10-09T00:00:00Z,daily,93.0829,93.0829,93.0829,93.0829,,93.0829,factor_candle,FRED CSV Gateway mirror,learning_only_mirror
DTWEXBGS,2013-10-10,2013-10-10T00:00:00Z,daily,92.8579,92.8579,92.8579,92.8579,,92.8579,factor_candle,FRED CSV Gateway mirror,learning_only_mirror
DTWEXBGS,2013-10-11,2013-10-11T00:00:00Z,daily,92.854,92.854,92.854,92.854,,92.854,factor_candle,FRED CSV Gateway mirror,learning_only_mirror
DTWEXBGS,2013-10-15,2013-10-15T00:00:00Z,daily,92.7642,92.7642,92.7642,92.7642,,92.7642,factor_candle,FRED CSV Gateway mirror,learning_only_mirror
DTWEXBGS,2013-10-16,2013-10-16T00:00:00Z,daily,92.6819,92.6819,92.6819,92.6819,,92.6819,factor_candle,FRED CSV Gateway mirror,learning_only_mirror
DTWEXBGS,2013-10-17,2013-10-17T00:00:00Z,daily,92.0246,92.0246,92.0246,92.0246,,92.0246,factor_candle,FRED CSV Gateway mirror,learning_only_mirror
DTWEXBGS,2013-10-18,2013-10-18T00:00:00Z,daily,91.9989,91.9989,91.9989,91.9989,,91.9989,factor_candle,FRED CSV Gateway mirror,learning_only_mirror
DTWEXBGS,2013-10-21,2013-10-21T00:00:00Z,daily,92.2498,92.2498,92.2498,92.2498,,92.2498,factor_candle,FRED CSV Gateway mirror,learning_only_mirror
DTWEXBGS,2013-10-22,2013-10-22T00:00:00Z,daily,91.9563,91.9563,91.9563,91.9563,,91.9563,factor_candle,FRED CSV Gateway mirror,learning_only_mirror
DTWEXBGS,2013-10-23,2013-10-23T00:00:00Z,daily,92.0947,92.0947,92.0947,92.0947,,92.0947,factor_candle,FRED CSV Gateway mirror,learning_only_mirror
DTWEXBGS,2013-10-24,2013-10-24T00:00:00Z,daily,92.1867,92.1867,92.1867,92.1867,,92.1867,factor_candle,FRED CSV Gateway mirror,learning_only_mirror
DTWEXBGS,2013-10-25,2013-10-25T00:00:00Z,daily,92.1623,92.1623,92.1623,92.1623,,92.1623,factor_candle,FRED CSV Gateway mirror,learning_only_mirror
DTWEXBGS,2013-10-28,2013-10-28T00:00:00Z,daily,92.1872,92.1872,92.1872,92.1872,,92.1872,factor_candle,FRED CSV Gateway mirror,learning_only_mirror
DTWEXBGS,2013-10-29,2013-10-29T00:00:00Z,daily,92.301,92.301,92.301,92.301,,92.301,factor_candle,FRED CSV Gateway mirror,learning_only_mirror
DTWEXBGS,2013-10-30,2013-10-30T00:00:00Z,daily,92.3057,92.3057,92.3057,92.3057,,92.3057,factor_candle,FRED CSV Gateway mirror,learning_only_mirror
DTWEXBGS,2013-10-31,2013-10-31T00:00:00Z,daily,92.731,92.731,92.731,92.731,,92.731,factor_candle,FRED CSV Gateway mirror,learning_only_mirror
DTWEXBGS,2013-11-01,2013-11-01T00:00:00Z,daily,93.155,93.155,93.155,93.155,,93.155,factor_candle,FRED CSV Gateway mirror,learning_only_mirror
DTWEXBGS,2013-11-04,2013-11-04T00:00:00Z,daily,92.9359,92.9359,92.9359,92.9359,,92.9359,factor_candle,FRED CSV Gateway mirror,learning_only_mirror
DTWEXBGS,2013-11-05,2013-11-05T00:00:00Z,daily,93.2112,93.2112,93.2112,93.2112,,93.2112,factor_candle,FRED CSV Gateway mirror,learning_only_mirror
DTWEXBGS,2013-11-06,2013-11-06T00:00:00Z,daily,93.0943,93.0943,93.0943,93.0943,,93.0943,factor_candle,FRED CSV Gateway mirror,learning_only_mirror
DTWEXBGS,2013-11-07,2013-11-07T00:00:00Z,daily,93.4003,93.4003,93.4003,93.4003,,93.4003,factor_candle,FRED CSV Gateway mirror,learning_only_mirror
DTWEXBGS,2013-11-08,2013-11-08T00:00:00Z,daily,93.6619,93.6619,93.6619,93.6619,,93.6619,factor_candle,FRED CSV Gateway mirror,learning_only_mirror
DTWEXBGS,2013-11-12,2013-11-12T00:00:00Z,daily,93.7651,93.7651,93.7651,93.7651,,93.7651,factor_candle,FRED CSV Gateway mirror,learning_only_mirror
DTWEXBGS,2013-11-13,2013-11-13T00:00:00Z,daily,93.4848,93.4848,93.4848,93.4848,,93.4848,factor_candle,FRED CSV Gateway mirror,learning_only_mirror
DTWEXBGS,2013-11-14,2013-11-14T00:00:00Z,daily,93.4328,93.4328,93.4328,93.4328,,93.4328,factor_candle,FRED CSV Gateway mirror,learning_only_mirror
DTWEXBGS,2013-11-15,2013-11-15T00:00:00Z,daily,93.2854,93.2854,93.2854,93.2854,,93.2854,factor_candle,FRED CSV Gateway mirror,learning_only_mirror
DTWEXBGS,2013-11-18,2013-11-18T00:00:00Z,daily,92.9824,92.9824,92.9824,92.9824,,92.9824,factor_candle,FRED CSV Gateway mirror,learning_only_mirror
DTWEXBGS,2013-11-19,2013-11-19T00:00:00Z,daily,93.0649,93.0649,93.0649,93.0649,,93.0649,factor_candle,FRED CSV Gateway mirror,learning_only_mirror
DTWEXBGS,2013-11-20,2013-11-20T00:00:00Z,daily,93.2501,93.2501,93.2501,93.2501,,93.2501,factor_candle,FRED CSV Gateway mirror,learning_only_mirror
DTWEXBGS,2013-11-21,2013-11-21T00:00:00Z,daily,93.5638,93.5638,93.5638,93.5638,,93.5638,factor_candle,FRED CSV Gateway mirror,learning_only_mirror
DTWEXBGS,2013-11-22,2013-11-22T00:00:00Z,daily,93.4198,93.4198,93.4198,93.4198,,93.4198,factor_candle,FRED CSV Gateway mirror,learning_only_mirror
DTWEXBGS,2013-11-25,2013-11-25T00:00:00Z,daily,93.5539,93.5539,93.5539,93.5539,,93.5539,factor_candle,FRED CSV Gateway mirror,learning_only_mirror
DTWEXBGS,2013-11-26,2013-11-26T00:00:00Z,daily,93.5226,93.5226,93.5226,93.5226,,93.5226,factor_candle,FRED CSV Gateway mirror,learning_only_mirror
DTWEXBGS,2013-11-27,2013-11-27T00:00:00Z,daily,93.6864,93.6864,93.6864,93.6864,,93.6864,factor_candle,FRED CSV Gateway mirror,learning_only_mirror
DTWEXBGS,2013-11-29,2013-11-29T00:00:00Z,daily,93.6291,93.6291,93.6291,93.6291,,93.6291,factor_candle,FRED CSV Gateway mirror,learning_only_mirror
DTWEXBGS,2013-12-02,2013-12-02T00:00:00Z,daily,93.8856,93.8856,93.8856,93.8856,,93.8856,factor_candle,FRED CSV Gateway mirror,learning_only_mirror
DTWEXBGS,2013-12-03,2013-12-03T00:00:00Z,daily,93.8251,93.8251,93.8251,93.8251,,93.8251,factor_candle,FRED CSV Gateway mirror,learning_only_mirror
DTWEXBGS,2013-12-04,2013-12-04T00:00:00Z,daily,93.8997,93.8997,93.8997,93.8997,,93.8997,factor_candle,FRED CSV Gateway mirror,learning_only_mirror
DTWEXBGS,2013-12-05,2013-12-05T00:00:00Z,daily,93.4954,93.4954,93.4954,93.4954,,93.4954,factor_candle,FRED CSV Gateway mirror,learning_only_mirror
DTWEXBGS,2013-12-06,2013-12-06T00:00:00Z,daily,93.4045,93.4045,93.4045,93.4045,,93.4045,factor_candle,FRED CSV Gateway mirror,learning_only_mirror
DTWEXBGS,2013-12-09,2013-12-09T00:00:00Z,daily,93.1444,93.1444,93.1444,93.1444,,93.1444,factor_candle,FRED CSV Gateway mirror,learning_only_mirror
DTWEXBGS,2013-12-11,2013-12-11T00:00:00Z,daily,93.0842,93.0842,93.0842,93.0842,,93.0842,factor_candle,FRED CSV Gateway mirror,learning_only_mirror
DTWEXBGS,2013-12-12,2013-12-12T00:00:00Z,daily,93.4292,93.4292,93.4292,93.4292,,93.4292,factor_candle,FRED CSV Gateway mirror,learning_only_mirror
DTWEXBGS,2013-12-13,2013-12-13T00:00:00Z,daily,93.3568,93.3568,93.3568,93.3568,,93.3568,factor_candle,FRED CSV Gateway mirror,learning_only_mirror
DTWEXBGS,2013-12-16,2013-12-16T00:00:00Z,daily,93.2175,93.2175,93.2175,93.2175,,93.2175,factor_candle,FRED CSV Gateway mirror,learning_only_mirror
DTWEXBGS,2013-12-17,2013-12-17T00:00:00Z,daily,93.302,93.302,93.302,93.302,,93.302,factor_candle,FRED CSV Gateway mirror,learning_only_mirror
DTWEXBGS,2013-12-18,2013-12-18T00:00:00Z,daily,93.4207,93.4207,93.4207,93.4207,,93.4207,factor_candle,FRED CSV Gateway mirror,learning_only_mirror
DTWEXBGS,2013-12-19,2013-12-19T00:00:00Z,daily,93.7368,93.7368,93.7368,93.7368,,93.7368,factor_candle,FRED CSV Gateway mirror,learning_only_mirror
DTWEXBGS,2013-12-20,2013-12-20T00:00:00Z,daily,93.7211,93.7211,93.7211,93.7211,,93.7211,factor_candle,FRED CSV Gateway mirror,learning_only_mirror
DTWEXBGS,2013-12-23,2013-12-23T00:00:00Z,daily,93.572,93.572,93.572,93.572,,93.572,factor_candle,FRED CSV Gateway mirror,learning_only_mirror
DTWEXBGS,2013-12-24,2013-12-24T00:00:00Z,daily,93.6734,93.6734,93.6734,93.6734,,93.6734,factor_candle,FRED CSV Gateway mirror,learning_only_mirror
DTWEXBGS,2013-12-26,2013-12-26T00:00:00Z,daily,93.766,93.766,93.766,93.766,,93.766,factor_candle,FRED CSV Gateway mirror,learning_only_mirror
DTWEXBGS,2013-12-27,2013-12-27T00:00:00Z,daily,93.7018,93.7018,93.7018,93.7018,,93.7018,factor_candle,FRED CSV Gateway mirror,learning_only_mirror
DTWEXBGS,2013-12-30,2013-12-30T00:00:00Z,daily,93.4866,93.4866,93.4866,93.4866,,93.4866,factor_candle,FRED CSV Gateway mirror,learning_only_mirror
DTWEXBGS,2013-12-31,2013-12-31T00:00:00Z,daily,93.5576,93.5576,93.5576,93.5576,,93.5576,factor_candle,FRED CSV Gateway mirror,learning_only_mirror
DTWEXBGS,2014-01-02,2014-01-02T00:00:00Z,daily,93.8192,93.8192,93.8192,93.8192,,93.8192,factor_candle,FRED CSV Gateway mirror,learning_only_mirror
DTWEXBGS,2014-01-03,2014-01-03T00:00:00Z,daily,93.853,93.853,93.853,93.853,,93.853,factor_candle,FRED CSV Gateway mirror,learning_only_mirror
DTWEXBGS,2014-01-06,2014-01-06T00:00:00Z,daily,93.9109,93.9109,93.9109,93.9109,,93.9109,factor_candle,FRED CSV Gateway mirror,learning_only_mirror
DTWEXBGS,2014-01-07,2014-01-07T00:00:00Z,daily,94.0398,94.0398,94.0398,94.0398,,94.0398,factor_candle,FRED CSV Gateway mirror,learning_only_mirror
DTWEXBGS,2014-01-08,2014-01-08T00:00:00Z,daily,94.2181,94.2181,94.2181,94.2181,,94.2181,factor_candle,FRED CSV Gateway mirror,learning_only_mirror
DTWEXBGS,2014-01-09,2014-01-09T00:00:00Z,daily,94.3299,94.3299,94.3299,94.3299,,94.3299,factor_candle,FRED CSV Gateway mirror,learning_only_mirror
DTWEXBGS,2014-01-10,2014-01-10T00:00:00Z,daily,94.0045,94.0045,94.0045,94.0045,,94.0045,factor_candle,FRED CSV Gateway mirror,learning_only_mirror
DTWEXBGS,2014-01-13,2014-01-13T00:00:00Z,daily,93.899,93.899,93.899,93.899,,93.899,factor_candle,FRED CSV Gateway mirror,learning_only_mirror
DTWEXBGS,2014-01-14,2014-01-14T00:00:00Z,daily,94.0303,94.0303,94.0303,94.0303,,94.0303,factor_candle,FRED CSV Gateway mirror,learning_only_mirror
DTWEXBGS,2014-01-15,2014-01-15T00:00:00Z,daily,94.341,94.341,94.341,94.341,,94.341,factor_candle,FRED CSV Gateway mirror,learning_only_mirror
DTWEXBGS,2014-01-16,2014-01-16T00:00:00Z,daily,94.5507,94.5507,94.5507,94.5507,,94.5507,factor_candle,FRED CSV Gateway mirror,learning_only_mirror
DTWEXBGS,2014-01-17,2014-01-17T00:00:00Z,daily,94.5846,94.5846,94.5846,94.5846,,94.5846,factor_candle,FRED CSV Gateway mirror,learning_only_mirror
DTWEXBGS,2014-01-21,2014-01-21T00:00:00Z,daily,94.679,94.679,94.679,94.679,,94.679,factor_candle,FRED CSV Gateway mirror,learning_only_mirror
DTWEXBGS,2014-01-22,2014-01-22T00:00:00Z,daily,94.8479,94.8479,94.8479,94.8479,,94.8479,factor_candle,FRED CSV Gateway mirror,learning_only_mirror
DTWEXBGS,2014-01-23,2014-01-23T00:00:00Z,daily,94.8415,94.8415,94.8415,94.8415,,94.8415,factor_candle,FRED CSV Gateway mirror,learning_only_mirror
DTWEXBGS,2014-01-24,2014-01-24T00:00:00Z,daily,94.8555,94.8555,94.8555,94.8555,,94.8555,factor_candle,FRED CSV Gateway mirror,learning_only_mirror
DTWEXBGS,2014-01-27,2014-01-27T00:00:00Z,daily,94.9059,94.9059,94.9059,94.9059,,94.9059,factor_candle,FRED CSV Gateway mirror,learning_only_mirror
DTWEXBGS,2014-01-28,2014-01-28T00:00:00Z,daily,94.88,94.88,94.88,94.88,,94.88,factor_candle,FRED CSV Gateway mirror,learning_only_mirror
DTWEXBGS,2014-01-29,2014-01-29T00:00:00Z,daily,94.8621,94.8621,94.8621,94.8621,,94.8621,factor_candle,FRED CSV Gateway mirror,learning_only_mirror
DTWEXBGS,2014-01-30,2014-01-30T00:00:00Z,daily,95.1294,95.1294,95.1294,95.1294,,95.1294,factor_candle,FRED CSV Gateway mirror,learning_only_mirror
DTWEXBGS,2014-01-31,2014-01-31T00:00:00Z,daily,95.1774,95.1774,95.1774,95.1774,,95.1774,factor_candle,FRED CSV Gateway mirror,learning_only_mirror
DTWEXBGS,2014-02-03,2014-02-03T00:00:00Z,daily,95.2469,95.2469,95.2469,95.2469,,95.2469,factor_candle,FRED CSV Gateway mirror,learning_only_mirror
DTWEXBGS,2014-02-04,2014-02-04T00:00:00Z,daily,95.0438,95.0438,95.0438,95.0438,,95.0438,factor_candle,FRED CSV Gateway mirror,learning_only_mirror
DTWEXBGS,2014-02-05,2014-02-05T00:00:00Z,daily,95.0285,95.0285,95.0285,95.0285,,95.0285,factor_candle,FRED CSV Gateway mirror,learning_only_mirror
DTWEXBGS,2014-02-06,2014-02-06T00:00:00Z,daily,94.7177,94.7177,94.7177,94.7177,,94.7177,factor_candle,FRED CSV Gateway mirror,learning_only_mirror
DTWEXBGS,2014-02-07,2014-02-07T00:00:00Z,daily,94.7457,94.7457,94.7457,94.7457,,94.7457,factor_candle,FRED CSV Gateway mirror,learning_only_mirror
DTWEXBGS,2014-02-10,2014-02-10T00:00:00Z,daily,94.7189,94.7189,94.7189,94.7189,,94.7189,factor_candle,FRED CSV Gateway mirror,learning_only_mirror
DTWEXBGS,2014-02-11,2014-02-11T00:00:00Z,daily,94.6377,94.6377,94.6377,94.6377,,94.6377,factor_candle,FRED CSV Gateway mirror,learning_only_mirror
DTWEXBGS,2014-02-12,2014-02-12T00:00:00Z,daily,94.6209,94.6209,94.6209,94.6209,,94.6209,factor_candle,FRED CSV Gateway mirror,learning_only_mirror
DTWEXBGS,2014-02-14,2014-02-14T00:00:00Z,daily,94.2711,94.2711,94.2711,94.2711,,94.2711,factor_candle,FRED CSV Gateway mirror,learning_only_mirror
DTWEXBGS,2014-02-18,2014-02-18T00:00:00Z,daily,94.1934,94.1934,94.1934,94.1934,,94.1934,factor_candle,FRED CSV Gateway mirror,learning_only_mirror
DTWEXBGS,2014-02-19,2014-02-19T00:00:00Z,daily,94.38,94.38,94.38,94.38,,94.38,factor_candle,FRED CSV Gateway mirror,learning_only_mirror
DTWEXBGS,2014-02-20,2014-02-20T00:00:00Z,daily,94.6571,94.6571,94.6571,94.6571,,94.6571,factor_candle,FRED CSV Gateway mirror,learning_only_mirror
DTWEXBGS,2014-02-24,2014-02-24T00:00:00Z,daily,94.4042,94.4042,94.4042,94.4042,,94.4042,factor_candle,FRED CSV Gateway mirror,learning_only_mirror
DTWEXBGS,2014-02-25,2014-02-25T00:00:00Z,daily,94.4735,94.4735,94.4735,94.4735,,94.4735,factor_candle,FRED CSV Gateway mirror,learning_only_mirror
DTWEXBGS,2014-02-26,2014-02-26T00:00:00Z,daily,94.7754,94.7754,94.7754,94.7754,,94.7754,factor_candle,FRED CSV Gateway mirror,learning_only_mirror
DTWEXBGS,2014-02-27,2014-02-27T00:00:00Z,daily,94.6722,94.6722,94.6722,94.6722,,94.6722,factor_candle,FRED CSV Gateway mirror,learning_only_mirror
DTWEXBGS,2014-02-28,2014-02-28T00:00:00Z,daily,94.3879,94.3879,94.3879,94.3879,,94.3879,factor_candle,FRED CSV Gateway mirror,learning_only_mirror
DTWEXBGS,2014-03-04,2014-03-04T00:00:00Z,daily,94.6568,94.6568,94.6568,94.6568,,94.6568,factor_candle,FRED CSV Gateway mirror,learning_only_mirror
DTWEXBGS,2014-03-05,2014-03-05T00:00:00Z,daily,94.4679,94.4679,94.4679,94.4679,,94.4679,factor_candle,FRED CSV Gateway mirror,learning_only_mirror
DTWEXBGS,2014-03-06,2014-03-06T00:00:00Z,daily,93.9858,93.9858,93.9858,93.9858,,93.9858,factor_candle,FRED CSV Gateway mirror,learning_only_mirror
DTWEXBGS,2014-03-07,2014-03-07T00:00:00Z,daily,94.2532,94.2532,94.2532,94.2532,,94.2532,factor_candle,FRED CSV Gateway mirror,learning_only_mirror
DTWEXBGS,2014-03-10,2014-03-10T00:00:00Z,daily,94.3731,94.3731,94.3731,94.3731,,94.3731,factor_candle,FRED CSV Gateway mirror,learning_only_mirror
DTWEXBGS,2014-03-11,2014-03-11T00:00:00Z,daily,94.387,94.387,94.387,94.387,,94.387,factor_candle,FRED CSV Gateway mirror,learning_only_mirror
DTWEXBGS,2014-03-12,2014-03-12T00:00:00Z,daily,94.462,94.462,94.462,94.462,,94.462,factor_candle,FRED CSV Gateway mirror,learning_only_mirror
DTWEXBGS,2014-03-13,2014-03-13T00:00:00Z,daily,94.1872,94.1872,94.1872,94.1872,,94.1872,factor_candle,FRED CSV Gateway mirror,learning_only_mirror
DTWEXBGS,2014-03-14,2014-03-14T00:00:00Z,daily,94.243,94.243,94.243,94.243,,94.243,factor_candle,FRED CSV Gateway mirror,learning_only_mirror
DTWEXBGS,2014-03-18,2014-03-18T00:00:00Z,daily,94.2631,94.2631,94.2631,94.2631,,94.2631,factor_candle,FRED CSV Gateway mirror,learning_only_mirror
DTWEXBGS,2014-03-19,2014-03-19T00:00:00Z,daily,94.3752,94.3752,94.3752,94.3752,,94.3752,factor_candle,FRED CSV Gateway mirror,learning_only_mirror
DTWEXBGS,2014-03-20,2014-03-20T00:00:00Z,daily,94.9986,94.9986,94.9986,94.9986,,94.9986,factor_candle,FRED CSV Gateway mirror,learning_only_mirror
DTWEXBGS,2014-03-21,2014-03-21T00:00:00Z,daily,94.8547,94.8547,94.8547,94.8547,,94.8547,factor_candle,FRED CSV Gateway mirror,learning_only_mirror
DTWEXBGS,2014-03-24,2014-03-24T00:00:00Z,daily,94.759,94.759,94.759,94.759,,94.759,factor_candle,FRED CSV Gateway mirror,learning_only_mirror
DTWEXBGS,2014-03-25,2014-03-25T00:00:00Z,daily,94.6379,94.6379,94.6379,94.6379,,94.6379,factor_candle,FRED CSV Gateway mirror,learning_only_mirror
DTWEXBGS,2014-03-26,2014-03-26T00:00:00Z,daily,94.5281,94.5281,94.5281,94.5281,,94.5281,factor_candle,FRED CSV Gateway mirror,learning_only_mirror
DTWEXBGS,2014-03-27,2014-03-27T00:00:00Z,daily,94.3315,94.3315,94.3315,94.3315,,94.3315,factor_candle,FRED CSV Gateway mirror,learning_only_mirror
DTWEXBGS,2014-03-28,2014-03-28T00:00:00Z,daily,94.3683,94.3683,94.3683,94.3683,,94.3683,factor_candle,FRED CSV Gateway mirror,learning_only_mirror
DTWEXBGS,2014-03-31,2014-03-31T00:00:00Z,daily,94.2432,94.2432,94.2432,94.2432,,94.2432,factor_candle,FRED CSV Gateway mirror,learning_only_mirror
DTWEXBGS,2014-04-01,2014-04-01T00:00:00Z,daily,94.1244,94.1244,94.1244,94.1244,,94.1244,factor_candle,FRED CSV Gateway mirror,learning_only_mirror
DTWEXBGS,2014-04-02,2014-04-02T00:00:00Z,daily,94.3103,94.3103,94.3103,94.3103,,94.3103,factor_candle,FRED CSV Gateway mirror,learning_only_mirror
DTWEXBGS,2014-04-03,2014-04-03T00:00:00Z,daily,94.512,94.512,94.512,94.512,,94.512,factor_candle,FRED CSV Gateway mirror,learning_only_mirror
DTWEXBGS,2014-04-04,2014-04-04T00:00:00Z,daily,94.2191,94.2191,94.2191,94.2191,,94.2191,factor_candle,FRED CSV Gateway mirror,learning_only_mirror
DTWEXBGS,2014-04-07,2014-04-07T00:00:00Z,daily,94.0881,94.0881,94.0881,94.0881,,94.0881,factor_candle,FRED CSV Gateway mirror,learning_only_mirror
DTWEXBGS,2014-04-08,2014-04-08T00:00:00Z,daily,93.6579,93.6579,93.6579,93.6579,,93.6579,factor_candle,FRED CSV Gateway mirror,learning_only_mirror
DTWEXBGS,2014-04-09,2014-04-09T00:00:00Z,daily,93.6716,93.6716,93.6716,93.6716,,93.6716,factor_candle,FRED CSV Gateway mirror,learning_only_mirror
DTWEXBGS,2014-04-10,2014-04-10T00:00:00Z,daily,93.5123,93.5123,93.5123,93.5123,,93.5123,factor_candle,FRED CSV Gateway mirror,learning_only_mirror
DTWEXBGS,2014-04-11,2014-04-11T00:00:00Z,daily,93.6395,93.6395,93.6395,93.6395,,93.6395,factor_candle,FRED CSV Gateway mirror,learning_only_mirror
DTWEXBGS,2014-04-14,2014-04-14T00:00:00Z,daily,93.8046,93.8046,93.8046,93.8046,,93.8046,factor_candle,FRED CSV Gateway mirror,learning_only_mirror
DTWEXBGS,2014-04-15,2014-04-15T00:00:00Z,daily,93.9486,93.9486,93.9486,93.9486,,93.9486,factor_candle,FRED CSV Gateway mirror,learning_only_mirror
DTWEXBGS,2014-04-16,2014-04-16T00:00:00Z,daily,93.9461,93.9461,93.9461,93.9461,,93.9461,factor_candle,FRED CSV Gateway mirror,learning_only_mirror
DTWEXBGS,2014-04-17,2014-04-17T00:00:00Z,daily,93.8936,93.8936,93.8936,93.8936,,93.8936,factor_candle,FRED CSV Gateway mirror,learning_only_mirror
DTWEXBGS,2014-04-18,2014-04-18T00:00:00Z,daily,93.9629,93.9629,93.9629,93.9629,,93.9629,factor_candle,FRED CSV Gateway mirror,learning_only_mirror
DTWEXBGS,2014-04-21,2014-04-21T00:00:00Z,daily,94.0337,94.0337,94.0337,94.0337,,94.0337,factor_candle,FRED CSV Gateway mirror,learning_only_mirror
DTWEXBGS,2014-04-22,2014-04-22T00:00:00Z,daily,94.0802,94.0802,94.0802,94.0802,,94.0802,factor_candle,FRED CSV Gateway mirror,learning_only_mirror
DTWEXBGS,2014-04-23,2014-04-23T00:00:00Z,daily,94.149,94.149,94.149,94.149,,94.149,factor_candle,FRED CSV Gateway mirror,learning_only_mirror
DTWEXBGS,2014-04-24,2014-04-24T00:00:00Z,daily,94.1294,94.1294,94.1294,94.1294,,94.1294,factor_candle,FRED CSV Gateway mirror,learning_only_mirror
DTWEXBGS,2014-04-25,2014-04-25T00:00:00Z,daily,94.1623,94.1623,94.1623,94.1623,,94.1623,factor_candle,FRED CSV Gateway mirror,learning_only_mirror
DTWEXBGS,2014-04-28,2014-04-28T00:00:00Z,daily,94.1374,94.1374,94.1374,94.1374,,94.1374,factor_candle,FRED CSV Gateway mirror,learning_only_mirror
DTWEXBGS,2014-04-29,2014-04-29T00:00:00Z,daily,94.0295,94.0295,94.0295,94.0295,,94.0295,factor_candle,FRED CSV Gateway mirror,learning_only_mirror
DTWEXBGS,2014-04-30,2014-04-30T00:00:00Z,daily,93.8896,93.8896,93.8896,93.8896,,93.8896,factor_candle,FRED CSV Gateway mirror,learning_only_mirror
DTWEXBGS,2014-05-01,2014-05-01T00:00:00Z,daily,93.8707,93.8707,93.8707,93.8707,,93.8707,factor_candle,FRED CSV Gateway mirror,learning_only_mirror
DTWEXBGS,2014-05-02,2014-05-02T00:00:00Z,daily,93.8182,93.8182,93.8182,93.8182,,93.8182,factor_candle,FRED CSV Gateway mirror,learning_only_mirror
DTWEXBGS,2014-05-05,2014-05-05T00:00:00Z,daily,93.7334,93.7334,93.7334,93.7334,,93.7334,factor_candle,FRED CSV Gateway mirror,learning_only_mirror
DTWEXBGS,2014-05-06,2014-05-06T00:00:00Z,daily,93.4324,93.4324,93.4324,93.4324,,93.4324,factor_candle,FRED CSV Gateway mirror,learning_only_mirror
DTWEXBGS,2014-05-07,2014-05-07T00:00:00Z,daily,93.4337,93.4337,93.4337,93.4337,,93.4337,factor_candle,FRED CSV Gateway mirror,learning_only_mirror
DTWEXBGS,2014-05-08,2014-05-08T00:00:00Z,daily,93.3686,93.3686,93.3686,93.3686,,93.3686,factor_candle,FRED CSV Gateway mirror,learning_only_mirror
DTWEXBGS,2014-05-09,2014-05-09T00:00:00Z,daily,93.6614,93.6614,93.6614,93.6614,,93.6614,factor_candle,FRED CSV Gateway mirror,learning_only_mirror
DTWEXBGS,2014-05-12,2014-05-12T00:00:00Z,daily,93.6537,93.6537,93.6537,93.6537,,93.6537,factor_candle,FRED CSV Gateway mirror,learning_only_mirror
DTWEXBGS,2014-05-13,2014-05-13T00:00:00Z,daily,93.6755,93.6755,93.6755,93.6755,,93.6755,factor_candle,FRED CSV Gateway mirror,learning_only_mirror
DTWEXBGS,2014-05-14,2014-05-14T00:00:00Z,daily,93.5968,93.5968,93.5968,93.5968,,93.5968,factor_candle,FRED CSV Gateway mirror,learning_only_mirror
DTWEXBGS,2014-05-15,2014-05-15T00:00:00Z,daily,93.7065,93.7065,93.7065,93.7065,,93.7065,factor_candle,FRED CSV Gateway mirror,learning_only_mirror
DTWEXBGS,2014-05-16,2014-05-16T00:00:00Z,daily,93.6073,93.6073,93.6073,93.6073,,93.6073,factor_candle,FRED CSV Gateway mirror,learning_only_mirror
DTWEXBGS,2014-05-19,2014-05-19T00:00:00Z,daily,93.502,93.502,93.502,93.502,,93.502,factor_candle,FRED CSV Gateway mirror,learning_only_mirror
DTWEXBGS,2014-05-20,2014-05-20T00:00:00Z,daily,93.6699,93.6699,93.6699,93.6699,,93.6699,factor_candle,FRED CSV Gateway mirror,learning_only_mirror
DTWEXBGS,2014-05-21,2014-05-21T00:00:00Z,daily,93.7629,93.7629,93.7629,93.7629,,93.7629,factor_candle,FRED CSV Gateway mirror,learning_only_mirror
DTWEXBGS,2014-05-22,2014-05-22T00:00:00Z,daily,93.6944,93.6944,93.6944,93.6944,,93.6944,factor_candle,FRED CSV Gateway mirror,learning_only_mirror
DTWEXBGS,2014-05-23,2014-05-23T00:00:00Z,daily,93.7042,93.7042,93.7042,93.7042,,93.7042,factor_candle,FRED CSV Gateway mirror,learning_only_mirror
DTWEXBGS,2014-05-27,2014-05-27T00:00:00Z,daily,93.8418,93.8418,93.8418,93.8418,,93.8418,factor_candle,FRED CSV Gateway mirror,learning_only_mirror
DTWEXBGS,2014-05-28,2014-05-28T00:00:00Z,daily,93.8793,93.8793,93.8793,93.8793,,93.8793,factor_candle,FRED CSV Gateway mirror,learning_only_mirror
DTWEXBGS,2014-05-29,2014-05-29T00:00:00Z,daily,93.6973,93.6973,93.6973,93.6973,,93.6973,factor_candle,FRED CSV Gateway mirror,learning_only_mirror
DTWEXBGS,2014-05-30,2014-05-30T00:00:00Z,daily,93.7606,93.7606,93.7606,93.7606,,93.7606,factor_candle,FRED CSV Gateway mirror,learning_only_mirror
DTWEXBGS,2014-06-02,2014-06-02T00:00:00Z,daily,94.0006,94.0006,94.0006,94.0006,,94.0006,factor_candle,FRED CSV Gateway mirror,learning_only_mirror
DTWEXBGS,2014-06-03,2014-06-03T00:00:00Z,daily,94.0536,94.0536,94.0536,94.0536,,94.0536,factor_candle,FRED CSV Gateway mirror,learning_only_mirror
DTWEXBGS,2014-06-04,2014-06-04T00:00:00Z,daily,94.1239,94.1239,94.1239,94.1239,,94.1239,factor_candle,FRED CSV Gateway mirror,learning_only_mirror
DTWEXBGS,2014-06-05,2014-06-05T00:00:00Z,daily,93.9732,93.9732,93.9732,93.9732,,93.9732,factor_candle,FRED CSV Gateway mirror,learning_only_mirror
DTWEXBGS,2014-06-06,2014-06-06T00:00:00Z,daily,93.9069,93.9069,93.9069,93.9069,,93.9069,factor_candle,FRED CSV Gateway mirror,learning_only_mirror
DTWEXBGS,2014-06-09,2014-06-09T00:00:00Z,daily,93.9628,93.9628,93.9628,93.9628,,93.9628,factor_candle,FRED CSV Gateway mirror,learning_only_mirror
DTWEXBGS,2014-06-10,2014-06-10T00:00:00Z,daily,94.0638,94.0638,94.0638,94.0638,,94.0638,factor_candle,FRED CSV Gateway mirror,learning_only_mirror
DTWEXBGS,2014-06-11,2014-06-11T00:00:00Z,daily,93.9744,93.9744,93.9744,93.9744,,93.9744,factor_candle,FRED CSV Gateway mirror,learning_only_mirror
DTWEXBGS,2014-06-12,2014-06-12T00:00:00Z,daily,93.8155,93.8155,93.8155,93.8155,,93.8155,factor_candle,FRED CSV Gateway mirror,learning_only_mirror
DTWEXBGS,2014-06-13,2014-06-13T00:00:00Z,daily,93.9168,93.9168,93.9168,93.9168,,93.9168,factor_candle,FRED CSV Gateway mirror,learning_only_mirror
DTWEXBGS,2014-06-16,2014-06-16T00:00:00Z,daily,93.8639,93.8639,93.8639,93.8639,,93.8639,factor_candle,FRED CSV Gateway mirror,learning_only_mirror
DTWEXBGS,2014-06-17,2014-06-17T00:00:00Z,daily,94.0829,94.0829,94.0829,94.0829,,94.0829,factor_candle,FRED CSV Gateway mirror,learning_only_mirror
DTWEXBGS,2014-06-18,2014-06-18T00:00:00Z,daily,94.0525,94.0525,94.0525,94.0525,,94.0525,factor_candle,FRED CSV Gateway mirror,learning_only_mirror
DTWEXBGS,2014-06-19,2014-06-19T00:00:00Z,daily,93.752,93.752,93.752,93.752,,93.752,factor_candle,FRED CSV Gateway mirror,learning_only_mirror
DTWEXBGS,2014-06-20,2014-06-20T00:00:00Z,daily,93.7591,93.7591,93.7591,93.7591,,93.7591,factor_candle,FRED CSV Gateway mirror,learning_only_mirror
DTWEXBGS,2014-06-23,2014-06-23T00:00:00Z,daily,93.628,93.628,93.628,93.628,,93.628,factor_candle,FRED CSV Gateway mirror,learning_only_mirror
DTWEXBGS,2014-06-24,2014-06-24T00:00:00Z,daily,93.7093,93.7093,93.7093,93.7093,,93.7093,factor_candle,FRED CSV Gateway mirror,learning_only_mirror
DTWEXBGS,2014-06-25,2014-06-25T00:00:00Z,daily,93.5851,93.5851,93.5851,93.5851,,93.5851,factor_candle,FRED CSV Gateway mirror,learning_only_mirror
DTWEXBGS,2014-06-26,2014-06-26T00:00:00Z,daily,93.5471,93.5471,93.5471,93.5471,,93.5471,factor_candle,FRED CSV Gateway mirror,learning_only_mirror
DTWEXBGS,2014-06-27,2014-06-27T00:00:00Z,daily,93.3983,93.3983,93.3983,93.3983,,93.3983,factor_candle,FRED CSV Gateway mirror,learning_only_mirror
DTWEXBGS,2014-06-30,2014-06-30T00:00:00Z,daily,93.2058,93.2058,93.2058,93.2058,,93.2058,factor_candle,FRED CSV Gateway mirror,learning_only_mirror
DTWEXBGS,2014-07-01,2014-07-01T00:00:00Z,daily,93.1365,93.1365,93.1365,93.1365,,93.1365,factor_candle,FRED CSV Gateway mirror,learning_only_mirror
DTWEXBGS,2014-07-02,2014-07-02T00:00:00Z,daily,93.2478,93.2478,93.2478,93.2478,,93.2478,factor_candle,FRED CSV Gateway mirror,learning_only_mirror
DTWEXBGS,2014-07-03,2014-07-03T00:00:00Z,daily,93.3149,93.3149,93.3149,93.3149,,93.3149,factor_candle,FRED CSV Gateway mirror,learning_only_mirror
DTWEXBGS,2014-07-07,2014-07-07T00:00:00Z,daily,93.3803,93.3803,93.3803,93.3803,,93.3803,factor_candle,FRED CSV Gateway mirror,learning_only_mirror
DTWEXBGS,2014-07-08,2014-07-08T00:00:00Z,daily,93.323,93.323,93.323,93.323,,93.323,factor_candle,FRED CSV Gateway mirror,learning_only_mirror
DTWEXBGS,2014-07-09,2014-07-09T00:00:00Z,daily,93.228,93.228,93.228,93.228,,93.228,factor_candle,FRED CSV Gateway mirror,learning_only_mirror
DTWEXBGS,2014-07-10,2014-07-10T00:00:00Z,daily,93.3152,93.3152,93.3152,93.3152,,93.3152,factor_candle,FRED CSV Gateway mirror,learning_only_mirror
DTWEXBGS,2014-07-11,2014-07-11T00:00:00Z,daily,93.4171,93.4171,93.4171,93.4171,,93.4171,factor_candle,FRED CSV Gateway mirror,learning_only_mirror
DTWEXBGS,2014-07-14,2014-07-14T00:00:00Z,daily,93.4101,93.4101,93.4101,93.4101,,93.4101,factor_candle,FRED CSV Gateway mirror,learning_only_mirror
DTWEXBGS,2014-07-15,2014-07-15T00:00:00Z,daily,93.5796,93.5796,93.5796,93.5796,,93.5796,factor_candle,FRED CSV Gateway mirror,learning_only_mirror
DTWEXBGS,2014-07-16,2014-07-16T00:00:00Z,daily,93.5991,93.5991,93.5991,93.5991,,93.5991,factor_candle,FRED CSV Gateway mirror,learning_only_mirror
DTWEXBGS,2014-07-17,2014-07-17T00:00:00Z,daily,93.6586,93.6586,93.6586,93.6586,,93.6586,factor_candle,FRED CSV Gateway mirror,learning_only_mirror
DTWEXBGS,2014-07-18,2014-07-18T00:00:00Z,daily,93.6608,93.6608,93.6608,93.6608,,93.6608,factor_candle,FRED CSV Gateway mirror,learning_only_mirror
DTWEXBGS,2014-07-21,2014-07-21T00:00:00Z,daily,93.6069,93.6069,93.6069,93.6069,,93.6069,factor_candle,FRED CSV Gateway mirror,learning_only_mirror
DTWEXBGS,2014-07-22,2014-07-22T00:00:00Z,daily,93.6306,93.6306,93.6306,93.6306,,93.6306,factor_candle,FRED CSV Gateway mirror,learning_only_mirror
DTWEXBGS,2014-07-23,2014-07-23T00:00:00Z,daily,93.5951,93.5951,93.5951,93.5951,,93.5951,factor_candle,FRED CSV Gateway mirror,learning_only_mirror
DTWEXBGS,2014-07-24,2014-07-24T00:00:00Z,daily,93.6836,93.6836,93.6836,93.6836,,93.6836,factor_candle,FRED CSV Gateway mirror,learning_only_mirror
DTWEXBGS,2014-07-25,2014-07-25T00:00:00Z,daily,93.8294,93.8294,93.8294,93.8294,,93.8294,factor_candle,FRED CSV Gateway mirror,learning_only_mirror
DTWEXBGS,2014-07-28,2014-07-28T00:00:00Z,daily,93.83,93.83,93.83,93.83,,93.83,factor_candle,FRED CSV Gateway mirror,learning_only_mirror
DTWEXBGS,2014-07-29,2014-07-29T00:00:00Z,daily,94.0443,94.0443,94.0443,94.0443,,94.0443,factor_candle,FRED CSV Gateway mirror,learning_only_mirror
DTWEXBGS,2014-07-30,2014-07-30T00:00:00Z,daily,94.3473,94.3473,94.3473,94.3473,,94.3473,factor_candle,FRED CSV Gateway mirror,learning_only_mirror
DTWEXBGS,2014-07-31,2014-07-31T00:00:00Z,daily,94.4467,94.4467,94.4467,94.4467,,94.4467,factor_candle,FRED CSV Gateway mirror,learning_only_mirror
DTWEXBGS,2014-08-01,2014-08-01T00:00:00Z,daily,94.4754,94.4754,94.4754,94.4754,,94.4754,factor_candle,FRED CSV Gateway mirror,learning_only_mirror
DTWEXBGS,2014-08-04,2014-08-04T00:00:00Z,daily,94.448,94.448,94.448,94.448,,94.448,factor_candle,FRED CSV Gateway mirror,learning_only_mirror
DTWEXBGS,2014-08-05,2014-08-05T00:00:00Z,daily,94.6754,94.6754,94.6754,94.6754,,94.6754,factor_candle,FRED CSV Gateway mirror,learning_only_mirror
DTWEXBGS,2014-08-06,2014-08-06T00:00:00Z,daily,94.6092,94.6092,94.6092,94.6092,,94.6092,factor_candle,FRED CSV Gateway mirror,learning_only_mirror
DTWEXBGS,2014-08-07,2014-08-07T00:00:00Z,daily,94.6364,94.6364,94.6364,94.6364,,94.6364,factor_candle,FRED CSV Gateway mirror,learning_only_mirror
DTWEXBGS,2014-08-08,2014-08-08T00:00:00Z,daily,94.6027,94.6027,94.6027,94.6027,,94.6027,factor_candle,FRED CSV Gateway mirror,learning_only_mirror
DTWEXBGS,2014-08-11,2014-08-11T00:00:00Z,daily,94.4767,94.4767,94.4767,94.4767,,94.4767,factor_candle,FRED CSV Gateway mirror,learning_only_mirror
DTWEXBGS,2014-08-12,2014-08-12T00:00:00Z,daily,94.5211,94.5211,94.5211,94.5211,,94.5211,factor_candle,FRED CSV Gateway mirror,learning_only_mirror
DTWEXBGS,2014-08-13,2014-08-13T00:00:00Z,daily,94.4681,94.4681,94.4681,94.4681,,94.4681,factor_candle,FRED CSV Gateway mirror,learning_only_mirror
DTWEXBGS,2014-08-14,2014-08-14T00:00:00Z,daily,94.3508,94.3508,94.3508,94.3508,,94.3508,factor_candle,FRED CSV Gateway mirror,learning_only_mirror
DTWEXBGS,2014-08-15,2014-08-15T00:00:00Z,daily,94.2941,94.2941,94.2941,94.2941,,94.2941,factor_candle,FRED CSV Gateway mirror,learning_only_mirror
DTWEXBGS,2014-08-18,2014-08-18T00:00:00Z,daily,94.2519,94.2519,94.2519,94.2519,,94.2519,factor_candle,FRED CSV Gateway mirror,learning_only_mirror
DTWEXBGS,2014-08-19,2014-08-19T00:00:00Z,daily,94.4356,94.4356,94.4356,94.4356,,94.4356,factor_candle,FRED CSV Gateway mirror,learning_only_mirror
DTWEXBGS,2014-08-20,2014-08-20T00:00:00Z,daily,94.5937,94.5937,94.5937,94.5937,,94.5937,factor_candle,FRED CSV Gateway mirror,learning_only_mirror
DTWEXBGS,2014-08-21,2014-08-21T00:00:00Z,daily,94.673,94.673,94.673,94.673,,94.673,factor_candle,FRED CSV Gateway mirror,learning_only_mirror
DTWEXBGS,2014-08-22,2014-08-22T00:00:00Z,daily,94.8012,94.8012,94.8012,94.8012,,94.8012,factor_candle,FRED CSV Gateway mirror,learning_only_mirror
DTWEXBGS,2014-08-25,2014-08-25T00:00:00Z,daily,94.9159,94.9159,94.9159,94.9159,,94.9159,factor_candle,FRED CSV Gateway mirror,learning_only_mirror
DTWEXBGS,2014-08-26,2014-08-26T00:00:00Z,daily,94.8617,94.8617,94.8617,94.8617,,94.8617,factor_candle,FRED CSV Gateway mirror,learning_only_mirror
DTWEXBGS,2014-08-27,2014-08-27T00:00:00Z,daily,94.6863,94.6863,94.6863,94.6863,,94.6863,factor_candle,FRED CSV Gateway mirror,learning_only_mirror
DTWEXBGS,2014-08-28,2014-08-28T00:00:00Z,daily,94.6947,94.6947,94.6947,94.6947,,94.6947,factor_candle,FRED CSV Gateway mirror,learning_only_mirror
DTWEXBGS,2014-08-29,2014-08-29T00:00:00Z,daily,94.7251,94.7251,94.7251,94.7251,,94.7251,factor_candle,FRED CSV Gateway mirror,learning_only_mirror
DTWEXBGS,2014-09-02,2014-09-02T00:00:00Z,daily,95.063,95.063,95.063,95.063,,95.063,factor_candle,FRED CSV Gateway mirror,learning_only_mirror
DTWEXBGS,2014-09-03,2014-09-03T00:00:00Z,daily,94.8709,94.8709,94.8709,94.8709,,94.8709,factor_candle,FRED CSV Gateway mirror,learning_only_mirror
DTWEXBGS,2014-09-04,2014-09-04T00:00:00Z,daily,95.2641,95.2641,95.2641,95.2641,,95.2641,factor_candle,FRED CSV Gateway mirror,learning_only_mirror
DTWEXBGS,2014-09-05,2014-09-05T00:00:00Z,daily,95.2203,95.2203,95.2203,95.2203,,95.2203,factor_candle,FRED CSV Gateway mirror,learning_only_mirror
DTWEXBGS,2014-09-08,2014-09-08T00:00:00Z,daily,95.4167,95.4167,95.4167,95.4167,,95.4167,factor_candle,FRED CSV Gateway mirror,learning_only_mirror
DTWEXBGS,2014-09-09,2014-09-09T00:00:00Z,daily,95.8811,95.8811,95.8811,95.8811,,95.8811,factor_candle,FRED CSV Gateway mirror,learning_only_mirror
DTWEXBGS,2014-09-10,2014-09-10T00:00:00Z,daily,95.8641,95.8641,95.8641,95.8641,,95.8641,factor_candle,FRED CSV Gateway mirror,learning_only_mirror
DTWEXBGS,2014-09-11,2014-09-11T00:00:00Z,daily,95.9184,95.9184,95.9184,95.9184,,95.9184,factor_candle,FRED CSV Gateway mirror,learning_only_mirror
DTWEXBGS,2014-09-12,2014-09-12T00:00:00Z,daily,96.0748,96.0748,96.0748,96.0748,,96.0748,factor_candle,FRED CSV Gateway mirror,learning_only_mirror
DTWEXBGS,2014-09-15,2014-09-15T00:00:00Z,daily,96.1195,96.1195,96.1195,96.1195,,96.1195,factor_candle,FRED CSV Gateway mirror,learning_only_mirror
DTWEXBGS,2014-09-16,2014-09-16T00:00:00Z,daily,95.8483,95.8483,95.8483,95.8483,,95.8483,factor_candle,FRED CSV Gateway mirror,learning_only_mirror
DTWEXBGS,2014-09-17,2014-09-17T00:00:00Z,daily,95.9106,95.9106,95.9106,95.9106,,95.9106,factor_candle,FRED CSV Gateway mirror,learning_only_mirror
DTWEXBGS,2014-09-18,2014-09-18T00:00:00Z,daily,96.1284,96.1284,96.1284,96.1284,,96.1284,factor_candle,FRED CSV Gateway mirror,learning_only_mirror
DTWEXBGS,2014-09-19,2014-09-19T00:00:00Z,daily,96.3417,96.3417,96.3417,96.3417,,96.3417,factor_candle,FRED CSV Gateway mirror,learning_only_mirror
DTWEXBGS,2014-09-22,2014-09-22T00:00:00Z,daily,96.4625,96.4625,96.4625,96.4625,,96.4625,factor_candle,FRED CSV Gateway mirror,learning_only_mirror
DTWEXBGS,2014-09-23,2014-09-23T00:00:00Z,daily,96.5112,96.5112,96.5112,96.5112,,96.5112,factor_candle,FRED CSV Gateway mirror,learning_only_mirror
DTWEXBGS,2014-09-24,2014-09-24T00:00:00Z,daily,96.6574,96.6574,96.6574,96.6574,,96.6574,factor_candle,FRED CSV Gateway mirror,learning_only_mirror
DTWEXBGS,2014-09-25,2014-09-25T00:00:00Z,daily,96.8988,96.8988,96.8988,96.8988,,96.8988,factor_candle,FRED CSV Gateway mirror,learning_only_mirror
DTWEXBGS,2014-09-26,2014-09-26T00:00:00Z,daily,97.208,97.208,97.208,97.208,,97.208,factor_candle,FRED CSV Gateway mirror,learning_only_mirror
DTWEXBGS,2014-09-29,2014-09-29T00:00:00Z,daily,97.3523,97.3523,97.3523,97.3523,,97.3523,factor_candle,FRED CSV Gateway mirror,learning_only_mirror
DTWEXBGS,2014-09-30,2014-09-30T00:00:00Z,daily,97.5261,97.5261,97.5261,97.5261,,97.5261,factor_candle,FRED CSV Gateway mirror,learning_only_mirror
DTWEXBGS,2014-10-01,2014-10-01T00:00:00Z,daily,97.5387,97.5387,97.5387,97.5387,,97.5387,factor_candle,FRED CSV Gateway mirror,learning_only_mirror
DTWEXBGS,2014-10-02,2014-10-02T00:00:00Z,daily,97.3062,97.3062,97.3062,97.3062,,97.3062,factor_candle,FRED CSV Gateway mirror,learning_only_mirror
DTWEXBGS,2014-10-03,2014-10-03T00:00:00Z,daily,97.9846,97.9846,97.9846,97.9846,,97.9846,factor_candle,FRED CSV Gateway mirror,learning_only_mirror
DTWEXBGS,2014-10-06,2014-10-06T00:00:00Z,daily,97.5513,97.5513,97.5513,97.5513,,97.5513,factor_candle,FRED CSV Gateway mirror,learning_only_mirror
DTWEXBGS,2014-10-07,2014-10-07T00:00:00Z,daily,97.4459,97.4459,97.4459,97.4459,,97.4459,factor_candle,FRED CSV Gateway mirror,learning_only_mirror
DTWEXBGS,2014-10-08,2014-10-08T00:00:00Z,daily,97.4945,97.4945,97.4945,97.4945,,97.4945,factor_candle,FRED CSV Gateway mirror,learning_only_mirror
DTWEXBGS,2014-10-09,2014-10-09T00:00:00Z,daily,97.1711,97.1711,97.1711,97.1711,,97.1711,factor_candle,FRED CSV Gateway mirror,learning_only_mirror
DTWEXBGS,2014-10-10,2014-10-10T00:00:00Z,daily,97.4144,97.4144,97.4144,97.4144,,97.4144,factor_candle,FRED CSV Gateway mirror,learning_only_mirror
DTWEXBGS,2014-10-14,2014-10-14T00:00:00Z,daily,97.3943,97.3943,97.3943,97.3943,,97.3943,factor_candle,FRED CSV Gateway mirror,learning_only_mirror
DTWEXBGS,2014-10-15,2014-10-15T00:00:00Z,daily,97.3532,97.3532,97.3532,97.3532,,97.3532,factor_candle,FRED CSV Gateway mirror,learning_only_mirror
DTWEXBGS,2014-10-16,2014-10-16T00:00:00Z,daily,97.2869,97.2869,97.2869,97.2869,,97.2869,factor_candle,FRED CSV Gateway mirror,learning_only_mirror
DTWEXBGS,2014-10-17,2014-10-17T00:00:00Z,daily,97.3067,97.3067,97.3067,97.3067,,97.3067,factor_candle,FRED CSV Gateway mirror,learning_only_mirror
DTWEXBGS,2014-10-20,2014-10-20T00:00:00Z,daily,97.2874,97.2874,97.2874,97.2874,,97.2874,factor_candle,FRED CSV Gateway mirror,learning_only_mirror
DTWEXBGS,2014-10-21,2014-10-21T00:00:00Z,daily,97.2488,97.2488,97.2488,97.2488,,97.2488,factor_candle,FRED CSV Gateway mirror,learning_only_mirror
DTWEXBGS,2014-10-22,2014-10-22T00:00:00Z,daily,97.459,97.459,97.459,97.459,,97.459,factor_candle,FRED CSV Gateway mirror,learning_only_mirror
DTWEXBGS,2014-10-23,2014-10-23T00:00:00Z,daily,97.6047,97.6047,97.6047,97.6047,,97.6047,factor_candle,FRED CSV Gateway mirror,learning_only_mirror
DTWEXBGS,2014-10-24,2014-10-24T00:00:00Z,daily,97.4772,97.4772,97.4772,97.4772,,97.4772,factor_candle,FRED CSV Gateway mirror,learning_only_mirror
DTWEXBGS,2014-10-27,2014-10-27T00:00:00Z,daily,97.5423,97.5423,97.5423,97.5423,,97.5423,factor_candle,FRED CSV Gateway mirror,learning_only_mirror
DTWEXBGS,2014-10-28,2014-10-28T00:00:00Z,daily,97.2173,97.2173,97.2173,97.2173,,97.2173,factor_candle,FRED CSV Gateway mirror,learning_only_mirror
DTWEXBGS,2014-10-29,2014-10-29T00:00:00Z,daily,97.0145,97.0145,97.0145,97.0145,,97.0145,factor_candle,FRED CSV Gateway mirror,learning_only_mirror
DTWEXBGS,2014-10-30,2014-10-30T00:00:00Z,daily,97.456,97.456,97.456,97.456,,97.456,factor_candle,FRED CSV Gateway mirror,learning_only_mirror
DTWEXBGS,2014-10-31,2014-10-31T00:00:00Z,daily,98.1163,98.1163,98.1163,98.1163,,98.1163,factor_candle,FRED CSV Gateway mirror,learning_only_mirror
DTWEXBGS,2014-11-03,2014-11-03T00:00:00Z,daily,98.5336,98.5336,98.5336,98.5336,,98.5336,factor_candle,FRED CSV Gateway mirror,learning_only_mirror
DTWEXBGS,2014-11-04,2014-11-04T00:00:00Z,daily,98.5576,98.5576,98.5576,98.5576,,98.5576,factor_candle,FRED CSV Gateway mirror,learning_only_mirror
DTWEXBGS,2014-11-05,2014-11-05T00:00:00Z,daily,98.8086,98.8086,98.8086,98.8086,,98.8086,factor_candle,FRED CSV Gateway mirror,learning_only_mirror
DTWEXBGS,2014-11-06,2014-11-06T00:00:00Z,daily,99.1325,99.1325,99.1325,99.1325,,99.1325,factor_candle,FRED CSV Gateway mirror,learning_only_mirror
DTWEXBGS,2014-11-07,2014-11-07T00:00:00Z,daily,99.0236,99.0236,99.0236,99.0236,,99.0236,factor_candle,FRED CSV Gateway mirror,learning_only_mirror
DTWEXBGS,2014-11-10,2014-11-10T00:00:00Z,daily,98.9305,98.9305,98.9305,98.9305,,98.9305,factor_candle,FRED CSV Gateway mirror,learning_only_mirror
DTWEXBGS,2014-11-12,2014-11-12T00:00:00Z,daily,98.8897,98.8897,98.8897,98.8897,,98.8897,factor_candle,FRED CSV Gateway mirror,learning_only_mirror
DTWEXBGS,2014-11-13,2014-11-13T00:00:00Z,daily,99.1045,99.1045,99.1045,99.1045,,99.1045,factor_candle,FRED CSV Gateway mirror,learning_only_mirror
DTWEXBGS,2014-11-14,2014-11-14T00:00:00Z,daily,99.0917,99.0917,99.0917,99.0917,,99.0917,factor_candle,FRED CSV Gateway mirror,learning_only_mirror
DTWEXBGS,2014-11-17,2014-11-17T00:00:00Z,daily,99.2188,99.2188,99.2188,99.2188,,99.2188,factor_candle,FRED CSV Gateway mirror,learning_only_mirror
DTWEXBGS,2014-11-18,2014-11-18T00:00:00Z,daily,99.0185,99.0185,99.0185,99.0185,,99.0185,factor_candle,FRED CSV Gateway mirror,learning_only_mirror
DTWEXBGS,2014-11-19,2014-11-19T00:00:00Z,daily,99.2424,99.2424,99.2424,99.2424,,99.2424,factor_candle,FRED CSV Gateway mirror,learning_only_mirror
DTWEXBGS,2014-11-20,2014-11-20T00:00:00Z,daily,99.2554,99.2554,99.2554,99.2554,,99.2554,factor_candle,FRED CSV Gateway mirror,learning_only_mirror
DTWEXBGS,2014-11-21,2014-11-21T00:00:00Z,daily,99.2894,99.2894,99.2894,99.2894,,99.2894,factor_candle,FRED CSV Gateway mirror,learning_only_mirror
DTWEXBGS,2014-11-24,2014-11-24T00:00:00Z,daily,99.4227,99.4227,99.4227,99.4227,,99.4227,factor_candle,FRED CSV Gateway mirror,learning_only_mirror
DTWEXBGS,2014-11-25,2014-11-25T00:00:00Z,daily,99.2837,99.2837,99.2837,99.2837,,99.2837,factor_candle,FRED CSV Gateway mirror,learning_only_mirror
DTWEXBGS,2014-11-26,2014-11-26T00:00:00Z,daily,99.1893,99.1893,99.1893,99.1893,,99.1893,factor_candle,FRED CSV Gateway mirror,learning_only_mirror
DTWEXBGS,2014-11-28,2014-11-28T00:00:00Z,daily,100.0719,100.0719,100.0719,100.0719,,100.0719,factor_candle,FRED CSV Gateway mirror,learning_only_mirror
DTWEXBGS,2014-12-01,2014-12-01T00:00:00Z,daily,99.8964,99.8964,99.8964,99.8964,,99.8964,factor_candle,FRED CSV Gateway mirror,learning_only_mirror
DTWEXBGS,2014-12-02,2014-12-02T00:00:00Z,daily,100.4478,100.4478,100.4478,100.4478,,100.4478,factor_candle,FRED CSV Gateway mirror,learning_only_mirror
DTWEXBGS,2014-12-03,2014-12-03T00:00:00Z,daily,100.5696,100.5696,100.5696,100.5696,,100.5696,factor_candle,FRED CSV Gateway mirror,learning_only_mirror
DTWEXBGS,2014-12-04,2014-12-04T00:00:00Z,daily,100.3931,100.3931,100.3931,100.3931,,100.3931,factor_candle,FRED CSV Gateway mirror,learning_only_mirror
DTWEXBGS,2014-12-05,2014-12-05T00:00:00Z,daily,101.0989,101.0989,101.0989,101.0989,,101.0989,factor_candle,FRED CSV Gateway mirror,learning_only_mirror
DTWEXBGS,2014-12-08,2014-12-08T00:00:00Z,daily,101.31,101.31,101.31,101.31,,101.31,factor_candle,FRED CSV Gateway mirror,learning_only_mirror
DTWEXBGS,2014-12-09,2014-12-09T00:00:00Z,daily,100.8095,100.8095,100.8095,100.8095,,100.8095,factor_candle,FRED CSV Gateway mirror,learning_only_mirror
DTWEXBGS,2014-12-10,2014-12-10T00:00:00Z,daily,101.0212,101.0212,101.0212,101.0212,,101.0212,factor_candle,FRED CSV Gateway mirror,learning_only_mirror
DTWEXBGS,2014-12-11,2014-12-11T00:00:00Z,daily,101.4448,101.4448,101.4448,101.4448,,101.4448,factor_candle,FRED CSV Gateway mirror,learning_only_mirror
DTWEXBGS,2014-12-12,2014-12-12T00:00:00Z,daily,101.3735,101.3735,101.3735,101.3735,,101.3735,factor_candle,FRED CSV Gateway mirror,learning_only_mirror
DTWEXBGS,2014-12-15,2014-12-15T00:00:00Z,daily,101.674,101.674,101.674,101.674,,101.674,factor_candle,FRED CSV Gateway mirror,learning_only_mirror
DTWEXBGS,2014-12-16,2014-12-16T00:00:00Z,daily,101.526,101.526,101.526,101.526,,101.526,factor_candle,FRED CSV Gateway mirror,learning_only_mirror
DTWEXBGS,2014-12-17,2014-12-17T00:00:00Z,daily,101.5527,101.5527,101.5527,101.5527,,101.5527,factor_candle,FRED CSV Gateway mirror,learning_only_mirror
DTWEXBGS,2014-12-18,2014-12-18T00:00:00Z,daily,101.7531,101.7531,101.7531,101.7531,,101.7531,factor_candle,FRED CSV Gateway mirror,learning_only_mirror
DTWEXBGS,2014-12-19,2014-12-19T00:00:00Z,daily,102.0483,102.0483,102.0483,102.0483,,102.0483,factor_candle,FRED CSV Gateway mirror,learning_only_mirror
DTWEXBGS,2014-12-22,2014-12-22T00:00:00Z,daily,101.9942,101.9942,101.9942,101.9942,,101.9942,factor_candle,FRED CSV Gateway mirror,learning_only_mirror
DTWEXBGS,2014-12-23,2014-12-23T00:00:00Z,daily,102.348,102.348,102.348,102.348,,102.348,factor_candle,FRED CSV Gateway mirror,learning_only_mirror
DTWEXBGS,2014-12-24,2014-12-24T00:00:00Z,daily,102.3028,102.3028,102.3028,102.3028,,102.3028,factor_candle,FRED CSV Gateway mirror,learning_only_mirror
DTWEXBGS,2014-12-29,2014-12-29T00:00:00Z,daily,102.3767,102.3767,102.3767,102.3767,,102.3767,factor_candle,FRED CSV Gateway mirror,learning_only_mirror
DTWEXBGS,2014-12-30,2014-12-30T00:00:00Z,daily,102.1019,102.1019,102.1019,102.1019,,102.1019,factor_candle,FRED CSV Gateway mirror,learning_only_mirror
DTWEXBGS,2014-12-31,2014-12-31T00:00:00Z,daily,102.2843,102.2843,102.2843,102.2843,,102.2843,factor_candle,FRED CSV Gateway mirror,learning_only_mirror
DTWEXBGS,2015-01-02,2015-01-02T00:00:00Z,daily,102.9027,102.9027,102.9027,102.9027,,102.9027,factor_candle,FRED CSV Gateway mirror,learning_only_mirror
DTWEXBGS,2015-01-05,2015-01-05T00:00:00Z,daily,103.4976,103.4976,103.4976,103.4976,,103.4976,factor_candle,FRED CSV Gateway mirror,learning_only_mirror
DTWEXBGS,2015-01-06,2015-01-06T00:00:00Z,daily,103.2938,103.2938,103.2938,103.2938,,103.2938,factor_candle,FRED CSV Gateway mirror,learning_only_mirror
DTWEXBGS,2015-01-07,2015-01-07T00:00:00Z,daily,103.6316,103.6316,103.6316,103.6316,,103.6316,factor_candle,FRED CSV Gateway mirror,learning_only_mirror
DTWEXBGS,2015-01-08,2015-01-08T00:00:00Z,daily,103.2799,103.2799,103.2799,103.2799,,103.2799,factor_candle,FRED CSV Gateway mirror,learning_only_mirror
DTWEXBGS,2015-01-09,2015-01-09T00:00:00Z,daily,103.1213,103.1213,103.1213,103.1213,,103.1213,factor_candle,FRED CSV Gateway mirror,learning_only_mirror
DTWEXBGS,2015-01-12,2015-01-12T00:00:00Z,daily,103.2372,103.2372,103.2372,103.2372,,103.2372,factor_candle,FRED CSV Gateway mirror,learning_only_mirror
DTWEXBGS,2015-01-13,2015-01-13T00:00:00Z,daily,103.27,103.27,103.27,103.27,,103.27,factor_candle,FRED CSV Gateway mirror,learning_only_mirror
DTWEXBGS,2015-01-14,2015-01-14T00:00:00Z,daily,103.0903,103.0903,103.0903,103.0903,,103.0903,factor_candle,FRED CSV Gateway mirror,learning_only_mirror
DTWEXBGS,2015-01-15,2015-01-15T00:00:00Z,daily,103.0829,103.0829,103.0829,103.0829,,103.0829,factor_candle,FRED CSV Gateway mirror,learning_only_mirror
DTWEXBGS,2015-01-16,2015-01-16T00:00:00Z,daily,103.2189,103.2189,103.2189,103.2189,,103.2189,factor_candle,FRED CSV Gateway mirror,learning_only_mirror
DTWEXBGS,2015-01-20,2015-01-20T00:00:00Z,daily,103.5233,103.5233,103.5233,103.5233,,103.5233,factor_candle,FRED CSV Gateway mirror,learning_only_mirror
DTWEXBGS,2015-01-21,2015-01-21T00:00:00Z,daily,103.7858,103.7858,103.7858,103.7858,,103.7858,factor_candle,FRED CSV Gateway mirror,learning_only_mirror
DTWEXBGS,2015-01-22,2015-01-22T00:00:00Z,daily,103.9271,103.9271,103.9271,103.9271,,103.9271,factor_candle,FRED CSV Gateway mirror,learning_only_mirror
DTWEXBGS,2015-01-23,2015-01-23T00:00:00Z,daily,104.3676,104.3676,104.3676,104.3676,,104.3676,factor_candle,FRED CSV Gateway mirror,learning_only_mirror
DTWEXBGS,2015-01-26,2015-01-26T00:00:00Z,daily,104.4818,104.4818,104.4818,104.4818,,104.4818,factor_candle,FRED CSV Gateway mirror,learning_only_mirror
DTWEXBGS,2015-01-27,2015-01-27T00:00:00Z,daily,104.1646,104.1646,104.1646,104.1646,,104.1646,factor_candle,FRED CSV Gateway mirror,learning_only_mirror
DTWEXBGS,2015-01-28,2015-01-28T00:00:00Z,daily,104.4737,104.4737,104.4737,104.4737,,104.4737,factor_candle,FRED CSV Gateway mirror,learning_only_mirror
DTWEXBGS,2015-01-29,2015-01-29T00:00:00Z,daily,105.2763,105.2763,105.2763,105.2763,,105.2763,factor_candle,FRED CSV Gateway mirror,learning_only_mirror
DTWEXBGS,2015-01-30,2015-01-30T00:00:00Z,daily,105.5884,105.5884,105.5884,105.5884,,105.5884,factor_candle,FRED CSV Gateway mirror,learning_only_mirror
DTWEXBGS,2015-02-02,2015-02-02T00:00:00Z,daily,105.2058,105.2058,105.2058,105.2058,,105.2058,factor_candle,FRED CSV Gateway mirror,learning_only_mirror
DTWEXBGS,2015-02-03,2015-02-03T00:00:00Z,daily,104.6063,104.6063,104.6063,104.6063,,104.6063,factor_candle,FRED CSV Gateway mirror,learning_only_mirror
DTWEXBGS,2015-02-04,2015-02-04T00:00:00Z,daily,104.785,104.785,104.785,104.785,,104.785,factor_candle,FRED CSV Gateway mirror,learning_only_mirror
DTWEXBGS,2015-02-05,2015-02-05T00:00:00Z,daily,104.4915,104.4915,104.4915,104.4915,,104.4915,factor_candle,FRED CSV Gateway mirror,learning_only_mirror
DTWEXBGS,2015-02-06,2015-02-06T00:00:00Z,daily,105.1283,105.1283,105.1283,105.1283,,105.1283,factor_candle,FRED CSV Gateway mirror,learning_only_mirror
DTWEXBGS,2015-02-09,2015-02-09T00:00:00Z,daily,104.9889,104.9889,104.9889,104.9889,,104.9889,factor_candle,FRED CSV Gateway mirror,learning_only_mirror
DTWEXBGS,2015-02-10,2015-02-10T00:00:00Z,daily,105.2897,105.2897,105.2897,105.2897,,105.2897,factor_candle,FRED CSV Gateway mirror,learning_only_mirror
DTWEXBGS,2015-02-11,2015-02-11T00:00:00Z,daily,105.7901,105.7901,105.7901,105.7901,,105.7901,factor_candle,FRED CSV Gateway mirror,learning_only_mirror
DTWEXBGS,2015-02-12,2015-02-12T00:00:00Z,daily,104.9385,104.9385,104.9385,104.9385,,104.9385,factor_candle,FRED CSV Gateway mirror,learning_only_mirror
DTWEXBGS,2015-02-13,2015-02-13T00:00:00Z,daily,104.8452,104.8452,104.8452,104.8452,,104.8452,factor_candle,FRED CSV Gateway mirror,learning_only_mirror
DTWEXBGS,2015-02-18,2015-02-18T00:00:00Z,daily,105.2514,105.2514,105.2514,105.2514,,105.2514,factor_candle,FRED CSV Gateway mirror,learning_only_mirror
DTWEXBGS,2015-02-19,2015-02-19T00:00:00Z,daily,105.1407,105.1407,105.1407,105.1407,,105.1407,factor_candle,FRED CSV Gateway mirror,learning_only_mirror
DTWEXBGS,2015-02-20,2015-02-20T00:00:00Z,daily,105.3387,105.3387,105.3387,105.3387,,105.3387,factor_candle,FRED CSV Gateway mirror,learning_only_mirror
DTWEXBGS,2015-02-23,2015-02-23T00:00:00Z,daily,105.5359,105.5359,105.5359,105.5359,,105.5359,factor_candle,FRED CSV Gateway mirror,learning_only_mirror
DTWEXBGS,2015-02-24,2015-02-24T00:00:00Z,daily,105.5472,105.5472,105.5472,105.5472,,105.5472,factor_candle,FRED CSV Gateway mirror,learning_only_mirror
DTWEXBGS,2015-02-25,2015-02-25T00:00:00Z,daily,105.0503,105.0503,105.0503,105.0503,,105.0503,factor_candle,FRED CSV Gateway mirror,learning_only_mirror
DTWEXBGS,2015-02-26,2015-02-26T00:00:00Z,daily,105.5021,105.5021,105.5021,105.5021,,105.5021,factor_candle,FRED CSV Gateway mirror,learning_only_mirror
DTWEXBGS,2015-02-27,2015-02-27T00:00:00Z,daily,105.5981,105.5981,105.5981,105.5981,,105.5981,factor_candle,FRED CSV Gateway mirror,learning_only_mirror
DTWEXBGS,2015-03-02,2015-03-02T00:00:00Z,daily,105.8151,105.8151,105.8151,105.8151,,105.8151,factor_candle,FRED CSV Gateway mirror,learning_only_mirror
DTWEXBGS,2015-03-03,2015-03-03T00:00:00Z,daily,105.5562,105.5562,105.5562,105.5562,,105.5562,factor_candle,FRED CSV Gateway mirror,learning_only_mirror
DTWEXBGS,2015-03-04,2015-03-04T00:00:00Z,daily,106.1333,106.1333,106.1333,106.1333,,106.1333,factor_candle,FRED CSV Gateway mirror,learning_only_mirror
DTWEXBGS,2015-03-06,2015-03-06T00:00:00Z,daily,107.4337,107.4337,107.4337,107.4337,,107.4337,factor_candle,FRED CSV Gateway mirror,learning_only_mirror
DTWEXBGS,2015-03-09,2015-03-09T00:00:00Z,daily,107.5199,107.5199,107.5199,107.5199,,107.5199,factor_candle,FRED CSV Gateway mirror,learning_only_mirror
DTWEXBGS,2015-03-10,2015-03-10T00:00:00Z,daily,108.1165,108.1165,108.1165,108.1165,,108.1165,factor_candle,FRED CSV Gateway mirror,learning_only_mirror
DTWEXBGS,2015-03-11,2015-03-11T00:00:00Z,daily,108.5235,108.5235,108.5235,108.5235,,108.5235,factor_candle,FRED CSV Gateway mirror,learning_only_mirror
DTWEXBGS,2015-03-12,2015-03-12T00:00:00Z,daily,108.1741,108.1741,108.1741,108.1741,,108.1741,factor_candle,FRED CSV Gateway mirror,learning_only_mirror
DTWEXBGS,2015-03-13,2015-03-13T00:00:00Z,daily,108.9174,108.9174,108.9174,108.9174,,108.9174,factor_candle,FRED CSV Gateway mirror,learning_only_mirror
DTWEXBGS,2015-03-16,2015-03-16T00:00:00Z,daily,108.6422,108.6422,108.6422,108.6422,,108.6422,factor_candle,FRED CSV Gateway mirror,learning_only_mirror
DTWEXBGS,2015-03-17,2015-03-17T00:00:00Z,daily,108.5805,108.5805,108.5805,108.5805,,108.5805,factor_candle,FRED CSV Gateway mirror,learning_only_mirror
DTWEXBGS,2015-03-18,2015-03-18T00:00:00Z,daily,108.408,108.408,108.408,108.408,,108.408,factor_candle,FRED CSV Gateway mirror,learning_only_mirror
DTWEXBGS,2015-03-19,2015-03-19T00:00:00Z,daily,108.1826,108.1826,108.1826,108.1826,,108.1826,factor_candle,FRED CSV Gateway mirror,learning_only_mirror
DTWEXBGS,2015-03-20,2015-03-20T00:00:00Z,daily,107.1671,107.1671,107.1671,107.1671,,107.1671,factor_candle,FRED CSV Gateway mirror,learning_only_mirror
DTWEXBGS,2015-03-23,2015-03-23T00:00:00Z,daily,106.5022,106.5022,106.5022,106.5022,,106.5022,factor_candle,FRED CSV Gateway mirror,learning_only_mirror
DTWEXBGS,2015-03-24,2015-03-24T00:00:00Z,daily,106.4401,106.4401,106.4401,106.4401,,106.4401,factor_candle,FRED CSV Gateway mirror,learning_only_mirror
DTWEXBGS,2015-03-25,2015-03-25T00:00:00Z,daily,106.2636,106.2636,106.2636,106.2636,,106.2636,factor_candle,FRED CSV Gateway mirror,learning_only_mirror
DTWEXBGS,2015-03-26,2015-03-26T00:00:00Z,daily,106.5582,106.5582,106.5582,106.5582,,106.5582,factor_candle,FRED CSV Gateway mirror,learning_only_mirror
DTWEXBGS,2015-03-27,2015-03-27T00:00:00Z,daily,106.8916,106.8916,106.8916,106.8916,,106.8916,factor_candle,FRED CSV Gateway mirror,learning_only_mirror
DTWEXBGS,2015-03-30,2015-03-30T00:00:00Z,daily,107.3941,107.3941,107.3941,107.3941,,107.3941,factor_candle,FRED CSV Gateway mirror,learning_only_mirror
DTWEXBGS,2015-03-31,2015-03-31T00:00:00Z,daily,107.4396,107.4396,107.4396,107.4396,,107.4396,factor_candle,FRED CSV Gateway mirror,learning_only_mirror
DTWEXBGS,2015-04-01,2015-04-01T00:00:00Z,daily,107.06,107.06,107.06,107.06,,107.06,factor_candle,FRED CSV Gateway mirror,learning_only_mirror
DTWEXBGS,2015-04-02,2015-04-02T00:00:00Z,daily,106.6738,106.6738,106.6738,106.6738,,106.6738,factor_candle,FRED CSV Gateway mirror,learning_only_mirror
DTWEXBGS,2015-04-03,2015-04-03T00:00:00Z,daily,105.8861,105.8861,105.8861,105.8861,,105.8861,factor_candle,FRED CSV Gateway mirror,learning_only_mirror
DTWEXBGS,2015-04-06,2015-04-06T00:00:00Z,daily,105.7876,105.7876,105.7876,105.7876,,105.7876,factor_candle,FRED CSV Gateway mirror,learning_only_mirror
DTWEXBGS,2015-04-07,2015-04-07T00:00:00Z,daily,106.4488,106.4488,106.4488,106.4488,,106.4488,factor_candle,FRED CSV Gateway mirror,learning_only_mirror
DTWEXBGS,2015-04-08,2015-04-08T00:00:00Z,daily,106.4231,106.4231,106.4231,106.4231,,106.4231,factor_candle,FRED CSV Gateway mirror,learning_only_mirror
DTWEXBGS,2015-04-09,2015-04-09T00:00:00Z,daily,107.0335,107.0335,107.0335,107.0335,,107.0335,factor_candle,FRED CSV Gateway mirror,learning_only_mirror
DTWEXBGS,2015-04-10,2015-04-10T00:00:00Z,daily,107.4526,107.4526,107.4526,107.4526,,107.4526,factor_candle,FRED CSV Gateway mirror,learning_only_mirror
DTWEXBGS,2015-04-13,2015-04-13T00:00:00Z,daily,107.7508,107.7508,107.7508,107.7508,,107.7508,factor_candle,FRED CSV Gateway mirror,learning_only_mirror
DTWEXBGS,2015-04-14,2015-04-14T00:00:00Z,daily,107.0547,107.0547,107.0547,107.0547,,107.0547,factor_candle,FRED CSV Gateway mirror,learning_only_mirror
DTWEXBGS,2015-04-15,2015-04-15T00:00:00Z,daily,107.1855,107.1855,107.1855,107.1855,,107.1855,factor_candle,FRED CSV Gateway mirror,learning_only_mirror
DTWEXBGS,2015-04-16,2015-04-16T00:00:00Z,daily,106.2761,106.2761,106.2761,106.2761,,106.2761,factor_candle,FRED CSV Gateway mirror,learning_only_mirror
DTWEXBGS,2015-04-17,2015-04-17T00:00:00Z,daily,106.329,106.329,106.329,106.329,,106.329,factor_candle,FRED CSV Gateway mirror,learning_only_mirror
DTWEXBGS,2015-04-20,2015-04-20T00:00:00Z,daily,106.4902,106.4902,106.4902,106.4902,,106.4902,factor_candle,FRED CSV Gateway mirror,learning_only_mirror
DTWEXBGS,2015-04-21,2015-04-21T00:00:00Z,daily,106.5582,106.5582,106.5582,106.5582,,106.5582,factor_candle,FRED CSV Gateway mirror,learning_only_mirror
DTWEXBGS,2015-04-22,2015-04-22T00:00:00Z,daily,106.5815,106.5815,106.5815,106.5815,,106.5815,factor_candle,FRED CSV Gateway mirror,learning_only_mirror
DTWEXBGS,2015-04-23,2015-04-23T00:00:00Z,daily,106.1658,106.1658,106.1658,106.1658,,106.1658,factor_candle,FRED CSV Gateway mirror,learning_only_mirror
DTWEXBGS,2015-04-24,2015-04-24T00:00:00Z,daily,105.905,105.905,105.905,105.905,,105.905,factor_candle,FRED CSV Gateway mirror,learning_only_mirror
DTWEXBGS,2015-04-27,2015-04-27T00:00:00Z,daily,105.6891,105.6891,105.6891,105.6891,,105.6891,factor_candle,FRED CSV Gateway mirror,learning_only_mirror
DTWEXBGS,2015-04-28,2015-04-28T00:00:00Z,daily,105.1234,105.1234,105.1234,105.1234,,105.1234,factor_candle,FRED CSV Gateway mirror,learning_only_mirror
DTWEXBGS,2015-04-29,2015-04-29T00:00:00Z,daily,104.5634,104.5634,104.5634,104.5634,,104.5634,factor_candle,FRED CSV Gateway mirror,learning_only_mirror
DTWEXBGS,2015-04-30,2015-04-30T00:00:00Z,daily,105.312,105.312,105.312,105.312,,105.312,factor_candle,FRED CSV Gateway mirror,learning_only_mirror
DTWEXBGS,2015-05-01,2015-05-01T00:00:00Z,daily,105.6382,105.6382,105.6382,105.6382,,105.6382,factor_candle,FRED CSV Gateway mirror,learning_only_mirror
DTWEXBGS,2015-05-04,2015-05-04T00:00:00Z,daily,105.6679,105.6679,105.6679,105.6679,,105.6679,factor_candle,FRED CSV Gateway mirror,learning_only_mirror
DTWEXBGS,2015-05-05,2015-05-05T00:00:00Z,daily,105.2396,105.2396,105.2396,105.2396,,105.2396,factor_candle,FRED CSV Gateway mirror,learning_only_mirror
DTWEXBGS,2015-05-06,2015-05-06T00:00:00Z,daily,104.6935,104.6935,104.6935,104.6935,,104.6935,factor_candle,FRED CSV Gateway mirror,learning_only_mirror
DTWEXBGS,2015-05-07,2015-05-07T00:00:00Z,daily,105.1941,105.1941,105.1941,105.1941,,105.1941,factor_candle,FRED CSV Gateway mirror,learning_only_mirror
DTWEXBGS,2015-05-08,2015-05-08T00:00:00Z,daily,104.8424,104.8424,104.8424,104.8424,,104.8424,factor_candle,FRED CSV Gateway mirror,learning_only_mirror
DTWEXBGS,2015-05-11,2015-05-11T00:00:00Z,daily,105.3075,105.3075,105.3075,105.3075,,105.3075,factor_candle,FRED CSV Gateway mirror,learning_only_mirror
DTWEXBGS,2015-05-12,2015-05-12T00:00:00Z,daily,104.8924,104.8924,104.8924,104.8924,,104.8924,factor_candle,FRED CSV Gateway mirror,learning_only_mirror
DTWEXBGS,2015-05-13,2015-05-13T00:00:00Z,daily,104.3608,104.3608,104.3608,104.3608,,104.3608,factor_candle,FRED CSV Gateway mirror,learning_only_mirror
DTWEXBGS,2015-05-14,2015-05-14T00:00:00Z,daily,104.2359,104.2359,104.2359,104.2359,,104.2359,factor_candle,FRED CSV Gateway mirror,learning_only_mirror
DTWEXBGS,2015-05-15,2015-05-15T00:00:00Z,daily,104.0202,104.0202,104.0202,104.0202,,104.0202,factor_candle,FRED CSV Gateway mirror,learning_only_mirror
DTWEXBGS,2015-05-18,2015-05-18T00:00:00Z,daily,104.6068,104.6068,104.6068,104.6068,,104.6068,factor_candle,FRED CSV Gateway mirror,learning_only_mirror
DTWEXBGS,2015-05-19,2015-05-19T00:00:00Z,daily,105.3448,105.3448,105.3448,105.3448,,105.3448,factor_candle,FRED CSV Gateway mirror,learning_only_mirror
DTWEXBGS,2015-05-20,2015-05-20T00:00:00Z,daily,105.5605,105.5605,105.5605,105.5605,,105.5605,factor_candle,FRED CSV Gateway mirror,learning_only_mirror
DTWEXBGS,2015-05-21,2015-05-21T00:00:00Z,daily,105.3808,105.3808,105.3808,105.3808,,105.3808,factor_candle,FRED CSV Gateway mirror,learning_only_mirror
DTWEXBGS,2015-05-22,2015-05-22T00:00:00Z,daily,105.8487,105.8487,105.8487,105.8487,,105.8487,factor_candle,FRED CSV Gateway mirror,learning_only_mirror
DTWEXBGS,2015-05-26,2015-05-26T00:00:00Z,daily,106.7294,106.7294,106.7294,106.7294,,106.7294,factor_candle,FRED CSV Gateway mirror,learning_only_mirror
DTWEXBGS,2015-05-27,2015-05-27T00:00:00Z,daily,106.908,106.908,106.908,106.908,,106.908,factor_candle,FRED CSV Gateway mirror,learning_only_mirror
DTWEXBGS,2015-05-28,2015-05-28T00:00:00Z,daily,106.92,106.92,106.92,106.92,,106.92,factor_candle,FRED CSV Gateway mirror,learning_only_mirror
DTWEXBGS,2015-05-29,2015-05-29T00:00:00Z,daily,106.7388,106.7388,106.7388,106.7388,,106.7388,factor_candle,FRED CSV Gateway mirror,learning_only_mirror
DTWEXBGS,2015-06-01,2015-06-01T00:00:00Z,daily,107.2238,107.2238,107.2238,107.2238,,107.2238,factor_candle,FRED CSV Gateway mirror,learning_only_mirror
DTWEXBGS,2015-06-02,2015-06-02T00:00:00Z,daily,106.4507,106.4507,106.4507,106.4507,,106.4507,factor_candle,FRED CSV Gateway mirror,learning_only_mirror
DTWEXBGS,2015-06-03,2015-06-03T00:00:00Z,daily,106.1443,106.1443,106.1443,106.1443,,106.1443,factor_candle,FRED CSV Gateway mirror,learning_only_mirror
DTWEXBGS,2015-06-04,2015-06-04T00:00:00Z,daily,106.4725,106.4725,106.4725,106.4725,,106.4725,factor_candle,FRED CSV Gateway mirror,learning_only_mirror
DTWEXBGS,2015-06-05,2015-06-05T00:00:00Z,daily,107.1336,107.1336,107.1336,107.1336,,107.1336,factor_candle,FRED CSV Gateway mirror,learning_only_mirror
DTWEXBGS,2015-06-08,2015-06-08T00:00:00Z,daily,106.7693,106.7693,106.7693,106.7693,,106.7693,factor_candle,FRED CSV Gateway mirror,learning_only_mirror
DTWEXBGS,2015-06-09,2015-06-09T00:00:00Z,daily,106.2238,106.2238,106.2238,106.2238,,106.2238,factor_candle,FRED CSV Gateway mirror,learning_only_mirror
DTWEXBGS,2015-06-10,2015-06-10T00:00:00Z,daily,105.8037,105.8037,105.8037,105.8037,,105.8037,factor_candle,FRED CSV Gateway mirror,learning_only_mirror
DTWEXBGS,2015-06-11,2015-06-11T00:00:00Z,daily,106.0934,106.0934,106.0934,106.0934,,106.0934,factor_candle,FRED CSV Gateway mirror,learning_only_mirror
DTWEXBGS,2015-06-12,2015-06-12T00:00:00Z,daily,105.9015,105.9015,105.9015,105.9015,,105.9015,factor_candle,FRED CSV Gateway mirror,learning_only_mirror
DTWEXBGS,2015-06-15,2015-06-15T00:00:00Z,daily,105.9989,105.9989,105.9989,105.9989,,105.9989,factor_candle,FRED CSV Gateway mirror,learning_only_mirror
DTWEXBGS,2015-06-16,2015-06-16T00:00:00Z,daily,106.0473,106.0473,106.0473,106.0473,,106.0473,factor_candle,FRED CSV Gateway mirror,learning_only_mirror
DTWEXBGS,2015-06-17,2015-06-17T00:00:00Z,daily,106.058,106.058,106.058,106.058,,106.058,factor_candle,FRED CSV Gateway mirror,learning_only_mirror
DTWEXBGS,2015-06-18,2015-06-18T00:00:00Z,daily,105.102,105.102,105.102,105.102,,105.102,factor_candle,FRED CSV Gateway mirror,learning_only_mirror
DTWEXBGS,2015-06-19,2015-06-19T00:00:00Z,daily,105.4496,105.4496,105.4496,105.4496,,105.4496,factor_candle,FRED CSV Gateway mirror,learning_only_mirror
DTWEXBGS,2015-06-22,2015-06-22T00:00:00Z,daily,105.3846,105.3846,105.3846,105.3846,,105.3846,factor_candle,FRED CSV Gateway mirror,learning_only_mirror
DTWEXBGS,2015-06-23,2015-06-23T00:00:00Z,daily,105.9678,105.9678,105.9678,105.9678,,105.9678,factor_candle,FRED CSV Gateway mirror,learning_only_mirror
DTWEXBGS,2015-06-24,2015-06-24T00:00:00Z,daily,106.2522,106.2522,106.2522,106.2522,,106.2522,factor_candle,FRED CSV Gateway mirror,learning_only_mirror
DTWEXBGS,2015-06-25,2015-06-25T00:00:00Z,daily,106.1515,106.1515,106.1515,106.1515,,106.1515,factor_candle,FRED CSV Gateway mirror,learning_only_mirror
DTWEXBGS,2015-06-26,2015-06-26T00:00:00Z,daily,106.4116,106.4116,106.4116,106.4116,,106.4116,factor_candle,FRED CSV Gateway mirror,learning_only_mirror
DTWEXBGS,2015-06-29,2015-06-29T00:00:00Z,daily,106.3785,106.3785,106.3785,106.3785,,106.3785,factor_candle,FRED CSV Gateway mirror,learning_only_mirror
DTWEXBGS,2015-06-30,2015-06-30T00:00:00Z,daily,106.5191,106.5191,106.5191,106.5191,,106.5191,factor_candle,FRED CSV Gateway mirror,learning_only_mirror
DTWEXBGS,2015-07-01,2015-07-01T00:00:00Z,daily,107.0101,107.0101,107.0101,107.0101,,107.0101,factor_candle,FRED CSV Gateway mirror,learning_only_mirror
DTWEXBGS,2015-07-02,2015-07-02T00:00:00Z,daily,106.9106,106.9106,106.9106,106.9106,,106.9106,factor_candle,FRED CSV Gateway mirror,learning_only_mirror
DTWEXBGS,2015-07-06,2015-07-06T00:00:00Z,daily,107.1343,107.1343,107.1343,107.1343,,107.1343,factor_candle,FRED CSV Gateway mirror,learning_only_mirror
DTWEXBGS,2015-07-07,2015-07-07T00:00:00Z,daily,107.785,107.785,107.785,107.785,,107.785,factor_candle,FRED CSV Gateway mirror,learning_only_mirror
DTWEXBGS,2015-07-08,2015-07-08T00:00:00Z,daily,107.4734,107.4734,107.4734,107.4734,,107.4734,factor_candle,FRED CSV Gateway mirror,learning_only_mirror
DTWEXBGS,2015-07-09,2015-07-09T00:00:00Z,daily,107.5595,107.5595,107.5595,107.5595,,107.5595,factor_candle,FRED CSV Gateway mirror,learning_only_mirror
DTWEXBGS,2015-07-10,2015-07-10T00:00:00Z,daily,107.213,107.213,107.213,107.213,,107.213,factor_candle,FRED CSV Gateway mirror,learning_only_mirror
DTWEXBGS,2015-07-13,2015-07-13T00:00:00Z,daily,107.5849,107.5849,107.5849,107.5849,,107.5849,factor_candle,FRED CSV Gateway mirror,learning_only_mirror
DTWEXBGS,2015-07-14,2015-07-14T00:00:00Z,daily,107.4843,107.4843,107.4843,107.4843,,107.4843,factor_candle,FRED CSV Gateway mirror,learning_only_mirror
DTWEXBGS,2015-07-15,2015-07-15T00:00:00Z,daily,108.0149,108.0149,108.0149,108.0149,,108.0149,factor_candle,FRED CSV Gateway mirror,learning_only_mirror
DTWEXBGS,2015-07-16,2015-07-16T00:00:00Z,daily,108.1726,108.1726,108.1726,108.1726,,108.1726,factor_candle,FRED CSV Gateway mirror,learning_only_mirror
DTWEXBGS,2015-07-17,2015-07-17T00:00:00Z,daily,108.5374,108.5374,108.5374,108.5374,,108.5374,factor_candle,FRED CSV Gateway mirror,learning_only_mirror
DTWEXBGS,2015-07-20,2015-07-20T00:00:00Z,daily,108.6944,108.6944,108.6944,108.6944,,108.6944,factor_candle,FRED CSV Gateway mirror,learning_only_mirror
DTWEXBGS,2015-07-21,2015-07-21T00:00:00Z,daily,108.3893,108.3893,108.3893,108.3893,,108.3893,factor_candle,FRED CSV Gateway mirror,learning_only_mirror
DTWEXBGS,2015-07-22,2015-07-22T00:00:00Z,daily,108.7817,108.7817,108.7817,108.7817,,108.7817,factor_candle,FRED CSV Gateway mirror,learning_only_mirror
DTWEXBGS,2015-07-23,2015-07-23T00:00:00Z,daily,108.7565,108.7565,108.7565,108.7565,,108.7565,factor_candle,FRED CSV Gateway mirror,learning_only_mirror
DTWEXBGS,2015-07-24,2015-07-24T00:00:00Z,daily,109.0174,109.0174,109.0174,109.0174,,109.0174,factor_candle,FRED CSV Gateway mirror,learning_only_mirror
DTWEXBGS,2015-07-27,2015-07-27T00:00:00Z,daily,108.6924,108.6924,108.6924,108.6924,,108.6924,factor_candle,FRED CSV Gateway mirror,learning_only_mirror
DTWEXBGS,2015-07-28,2015-07-28T00:00:00Z,daily,108.6881,108.6881,108.6881,108.6881,,108.6881,factor_candle,FRED CSV Gateway mirror,learning_only_mirror
DTWEXBGS,2015-07-29,2015-07-29T00:00:00Z,daily,108.604,108.604,108.604,108.604,,108.604,factor_candle,FRED CSV Gateway mirror,learning_only_mirror
DTWEXBGS,2015-07-30,2015-07-30T00:00:00Z,daily,109.4328,109.4328,109.4328,109.4328,,109.4328,factor_candle,FRED CSV Gateway mirror,learning_only_mirror
DTWEXBGS,2015-07-31,2015-07-31T00:00:00Z,daily,108.7819,108.7819,108.7819,108.7819,,108.7819,factor_candle,FRED CSV Gateway mirror,learning_only_mirror
DTWEXBGS,2015-08-03,2015-08-03T00:00:00Z,daily,109.214,109.214,109.214,109.214,,109.214,factor_candle,FRED CSV Gateway mirror,learning_only_mirror
DTWEXBGS,2015-08-04,2015-08-04T00:00:00Z,daily,109.2244,109.2244,109.2244,109.2244,,109.2244,factor_candle,FRED CSV Gateway mirror,learning_only_mirror
DTWEXBGS,2015-08-05,2015-08-05T00:00:00Z,daily,109.842,109.842,109.842,109.842,,109.842,factor_candle,FRED CSV Gateway mirror,learning_only_mirror
DTWEXBGS,2015-08-06,2015-08-06T00:00:00Z,daily,109.722,109.722,109.722,109.722,,109.722,factor_candle,FRED CSV Gateway mirror,learning_only_mirror
DTWEXBGS,2015-08-07,2015-08-07T00:00:00Z,daily,109.4376,109.4376,109.4376,109.4376,,109.4376,factor_candle,FRED CSV Gateway mirror,learning_only_mirror
DTWEXBGS,2015-08-10,2015-08-10T00:00:00Z,daily,109.1931,109.1931,109.1931,109.1931,,109.1931,factor_candle,FRED CSV Gateway mirror,learning_only_mirror
DTWEXBGS,2015-08-11,2015-08-11T00:00:00Z,daily,109.9464,109.9464,109.9464,109.9464,,109.9464,factor_candle,FRED CSV Gateway mirror,learning_only_mirror
DTWEXBGS,2015-08-12,2015-08-12T00:00:00Z,daily,109.4655,109.4655,109.4655,109.4655,,109.4655,factor_candle,FRED CSV Gateway mirror,learning_only_mirror
DTWEXBGS,2015-08-13,2015-08-13T00:00:00Z,daily,109.9025,109.9025,109.9025,109.9025,,109.9025,factor_candle,FRED CSV Gateway mirror,learning_only_mirror
DTWEXBGS,2015-08-14,2015-08-14T00:00:00Z,daily,109.9174,109.9174,109.9174,109.9174,,109.9174,factor_candle,FRED CSV Gateway mirror,learning_only_mirror
DTWEXBGS,2015-08-17,2015-08-17T00:00:00Z,daily,110.1435,110.1435,110.1435,110.1435,,110.1435,factor_candle,FRED CSV Gateway mirror,learning_only_mirror
DTWEXBGS,2015-08-18,2015-08-18T00:00:00Z,daily,110.2504,110.2504,110.2504,110.2504,,110.2504,factor_candle,FRED CSV Gateway mirror,learning_only_mirror
DTWEXBGS,2015-08-19,2015-08-19T00:00:00Z,daily,110.4333,110.4333,110.4333,110.4333,,110.4333,factor_candle,FRED CSV Gateway mirror,learning_only_mirror
DTWEXBGS,2015-08-20,2015-08-20T00:00:00Z,daily,110.1077,110.1077,110.1077,110.1077,,110.1077,factor_candle,FRED CSV Gateway mirror,learning_only_mirror
DTWEXBGS,2015-08-21,2015-08-21T00:00:00Z,daily,110.1443,110.1443,110.1443,110.1443,,110.1443,factor_candle,FRED CSV Gateway mirror,learning_only_mirror
DTWEXBGS,2015-08-24,2015-08-24T00:00:00Z,daily,109.9306,109.9306,109.9306,109.9306,,109.9306,factor_candle,FRED CSV Gateway mirror,learning_only_mirror
DTWEXBGS,2015-08-25,2015-08-25T00:00:00Z,daily,110.3394,110.3394,110.3394,110.3394,,110.3394,factor_candle,FRED CSV Gateway mirror,learning_only_mirror
DTWEXBGS,2015-08-26,2015-08-26T00:00:00Z,daily,110.5807,110.5807,110.5807,110.5807,,110.5807,factor_candle,FRED CSV Gateway mirror,learning_only_mirror
DTWEXBGS,2015-08-27,2015-08-27T00:00:00Z,daily,110.4834,110.4834,110.4834,110.4834,,110.4834,factor_candle,FRED CSV Gateway mirror,learning_only_mirror
DTWEXBGS,2015-08-28,2015-08-28T00:00:00Z,daily,110.6714,110.6714,110.6714,110.6714,,110.6714,factor_candle,FRED CSV Gateway mirror,learning_only_mirror
DTWEXBGS,2015-08-31,2015-08-31T00:00:00Z,daily,110.5621,110.5621,110.5621,110.5621,,110.5621,factor_candle,FRED CSV Gateway mirror,learning_only_mirror
DTWEXBGS,2015-09-01,2015-09-01T00:00:00Z,daily,110.4506,110.4506,110.4506,110.4506,,110.4506,factor_candle,FRED CSV Gateway mirror,learning_only_mirror
DTWEXBGS,2015-09-02,2015-09-02T00:00:00Z,daily,110.7979,110.7979,110.7979,110.7979,,110.7979,factor_candle,FRED CSV Gateway mirror,learning_only_mirror
DTWEXBGS,2015-09-03,2015-09-03T00:00:00Z,daily,110.8566,110.8566,110.8566,110.8566,,110.8566,factor_candle,FRED CSV Gateway mirror,learning_only_mirror
DTWEXBGS,2015-09-04,2015-09-04T00:00:00Z,daily,111.1018,111.1018,111.1018,111.1018,,111.1018,factor_candle,FRED CSV Gateway mirror,learning_only_mirror
DTWEXBGS,2015-09-08,2015-09-08T00:00:00Z,daily,110.7942,110.7942,110.7942,110.7942,,110.7942,factor_candle,FRED CSV Gateway mirror,learning_only_mirror
DTWEXBGS,2015-09-09,2015-09-09T00:00:00Z,daily,110.9225,110.9225,110.9225,110.9225,,110.9225,factor_candle,FRED CSV Gateway mirror,learning_only_mirror
DTWEXBGS,2015-09-10,2015-09-10T00:00:00Z,daily,110.6331,110.6331,110.6331,110.6331,,110.6331,factor_candle,FRED CSV Gateway mirror,learning_only_mirror
DTWEXBGS,2015-09-11,2015-09-11T00:00:00Z,daily,110.6109,110.6109,110.6109,110.6109,,110.6109,factor_candle,FRED CSV Gateway mirror,learning_only_mirror
DTWEXBGS,2015-09-14,2015-09-14T00:00:00Z,daily,110.5005,110.5005,110.5005,110.5005,,110.5005,factor_candle,FRED CSV Gateway mirror,learning_only_mirror
DTWEXBGS,2015-09-15,2015-09-15T00:00:00Z,daily,110.6394,110.6394,110.6394,110.6394,,110.6394,factor_candle,FRED CSV Gateway mirror,learning_only_mirror
DTWEXBGS,2015-09-16,2015-09-16T00:00:00Z,daily,110.1021,110.1021,110.1021,110.1021,,110.1021,factor_candle,FRED CSV Gateway mirror,learning_only_mirror
DTWEXBGS,2015-09-17,2015-09-17T00:00:00Z,daily,110.1212,110.1212,110.1212,110.1212,,110.1212,factor_candle,FRED CSV Gateway mirror,learning_only_mirror
DTWEXBGS,2015-09-18,2015-09-18T00:00:00Z,daily,109.8165,109.8165,109.8165,109.8165,,109.8165,factor_candle,FRED CSV Gateway mirror,learning_only_mirror
DTWEXBGS,2015-09-21,2015-09-21T00:00:00Z,daily,110.6414,110.6414,110.6414,110.6414,,110.6414,factor_candle,FRED CSV Gateway mirror,learning_only_mirror
DTWEXBGS,2015-09-22,2015-09-22T00:00:00Z,daily,111.1967,111.1967,111.1967,111.1967,,111.1967,factor_candle,FRED CSV Gateway mirror,learning_only_mirror
DTWEXBGS,2015-09-23,2015-09-23T00:00:00Z,daily,111.6287,111.6287,111.6287,111.6287,,111.6287,factor_candle,FRED CSV Gateway mirror,learning_only_mirror
DTWEXBGS,2015-09-24,2015-09-24T00:00:00Z,daily,111.4454,111.4454,111.4454,111.4454,,111.4454,factor_candle,FRED CSV Gateway mirror,learning_only_mirror
DTWEXBGS,2015-09-25,2015-09-25T00:00:00Z,daily,111.3725,111.3725,111.3725,111.3725,,111.3725,factor_candle,FRED CSV Gateway mirror,learning_only_mirror
DTWEXBGS,2015-09-28,2015-09-28T00:00:00Z,daily,111.3914,111.3914,111.3914,111.3914,,111.3914,factor_candle,FRED CSV Gateway mirror,learning_only_mirror
DTWEXBGS,2015-09-29,2015-09-29T00:00:00Z,daily,111.5219,111.5219,111.5219,111.5219,,111.5219,factor_candle,FRED CSV Gateway mirror,learning_only_mirror
DTWEXBGS,2015-09-30,2015-09-30T00:00:00Z,daily,111.3311,111.3311,111.3311,111.3311,,111.3311,factor_candle,FRED CSV Gateway mirror,learning_only_mirror
DTWEXBGS,2015-10-01,2015-10-01T00:00:00Z,daily,111.0439,111.0439,111.0439,111.0439,,111.0439,factor_candle,FRED CSV Gateway mirror,learning_only_mirror
DTWEXBGS,2015-10-02,2015-10-02T00:00:00Z,daily,110.7006,110.7006,110.7006,110.7006,,110.7006,factor_candle,FRED CSV Gateway mirror,learning_only_mirror
DTWEXBGS,2015-10-05,2015-10-05T00:00:00Z,daily,110.4445,110.4445,110.4445,110.4445,,110.4445,factor_candle,FRED CSV Gateway mirror,learning_only_mirror
DTWEXBGS,2015-10-06,2015-10-06T00:00:00Z,daily,110.1371,110.1371,110.1371,110.1371,,110.1371,factor_candle,FRED CSV Gateway mirror,learning_only_mirror
DTWEXBGS,2015-10-07,2015-10-07T00:00:00Z,daily,109.8162,109.8162,109.8162,109.8162,,109.8162,factor_candle,FRED CSV Gateway mirror,learning_only_mirror
DTWEXBGS,2015-10-08,2015-10-08T00:00:00Z,daily,109.6452,109.6452,109.6452,109.6452,,109.6452,factor_candle,FRED CSV Gateway mirror,learning_only_mirror
DTWEXBGS,2015-10-09,2015-10-09T00:00:00Z,daily,109.0782,109.0782,109.0782,109.0782,,109.0782,factor_candle,FRED CSV Gateway mirror,learning_only_mirror
DTWEXBGS,2015-10-13,2015-10-13T00:00:00Z,daily,109.4119,109.4119,109.4119,109.4119,,109.4119,factor_candle,FRED CSV Gateway mirror,learning_only_mirror
DTWEXBGS,2015-10-14,2015-10-14T00:00:00Z,daily,109.1244,109.1244,109.1244,109.1244,,109.1244,factor_candle,FRED CSV Gateway mirror,learning_only_mirror
DTWEXBGS,2015-10-15,2015-10-15T00:00:00Z,daily,108.6671,108.6671,108.6671,108.6671,,108.6671,factor_candle,FRED CSV Gateway mirror,learning_only_mirror
DTWEXBGS,2015-10-16,2015-10-16T00:00:00Z,daily,108.9956,108.9956,108.9956,108.9956,,108.9956,factor_candle,FRED CSV Gateway mirror,learning_only_mirror
DTWEXBGS,2015-10-19,2015-10-19T00:00:00Z,daily,109.3858,109.3858,109.3858,109.3858,,109.3858,factor_candle,FRED CSV Gateway mirror,learning_only_mirror
DTWEXBGS,2015-10-20,2015-10-20T00:00:00Z,daily,109.3368,109.3368,109.3368,109.3368,,109.3368,factor_candle,FRED CSV Gateway mirror,learning_only_mirror
DTWEXBGS,2015-10-21,2015-10-21T00:00:00Z,daily,109.7746,109.7746,109.7746,109.7746,,109.7746,factor_candle,FRED CSV Gateway mirror,learning_only_mirror
DTWEXBGS,2015-10-22,2015-10-22T00:00:00Z,daily,110.0342,110.0342,110.0342,110.0342,,110.0342,factor_candle,FRED CSV Gateway mirror,learning_only_mirror
DTWEXBGS,2015-10-23,2015-10-23T00:00:00Z,daily,110.4329,110.4329,110.4329,110.4329,,110.4329,factor_candle,FRED CSV Gateway mirror,learning_only_mirror
DTWEXBGS,2015-10-26,2015-10-26T00:00:00Z,daily,110.2089,110.2089,110.2089,110.2089,,110.2089,factor_candle,FRED CSV Gateway mirror,learning_only_mirror
DTWEXBGS,2015-10-27,2015-10-27T00:00:00Z,daily,110.4875,110.4875,110.4875,110.4875,,110.4875,factor_candle,FRED CSV Gateway mirror,learning_only_mirror
DTWEXBGS,2015-10-28,2015-10-28T00:00:00Z,daily,110.2334,110.2334,110.2334,110.2334,,110.2334,factor_candle,FRED CSV Gateway mirror,learning_only_mirror
DTWEXBGS,2015-10-29,2015-10-29T00:00:00Z,daily,110.8083,110.8083,110.8083,110.8083,,110.8083,factor_candle,FRED CSV Gateway mirror,learning_only_mirror
DTWEXBGS,2015-10-30,2015-10-30T00:00:00Z,daily,110.2079,110.2079,110.2079,110.2079,,110.2079,factor_candle,FRED CSV Gateway mirror,learning_only_mirror
DTWEXBGS,2015-11-02,2015-11-02T00:00:00Z,daily,110.2188,110.2188,110.2188,110.2188,,110.2188,factor_candle,FRED CSV Gateway mirror,learning_only_mirror
DTWEXBGS,2015-11-03,2015-11-03T00:00:00Z,daily,110.244,110.244,110.244,110.244,,110.244,factor_candle,FRED CSV Gateway mirror,learning_only_mirror
DTWEXBGS,2015-11-04,2015-11-04T00:00:00Z,daily,110.7139,110.7139,110.7139,110.7139,,110.7139,factor_candle,FRED CSV Gateway mirror,learning_only_mirror
DTWEXBGS,2015-11-05,2015-11-05T00:00:00Z,daily,110.8302,110.8302,110.8302,110.8302,,110.8302,factor_candle,FRED CSV Gateway mirror,learning_only_mirror
DTWEXBGS,2015-11-06,2015-11-06T00:00:00Z,daily,111.7603,111.7603,111.7603,111.7603,,111.7603,factor_candle,FRED CSV Gateway mirror,learning_only_mirror
DTWEXBGS,2015-11-09,2015-11-09T00:00:00Z,daily,111.9112,111.9112,111.9112,111.9112,,111.9112,factor_candle,FRED CSV Gateway mirror,learning_only_mirror
DTWEXBGS,2015-11-10,2015-11-10T00:00:00Z,daily,111.9919,111.9919,111.9919,111.9919,,111.9919,factor_candle,FRED CSV Gateway mirror,learning_only_mirror
DTWEXBGS,2015-11-12,2015-11-12T00:00:00Z,daily,111.7965,111.7965,111.7965,111.7965,,111.7965,factor_candle,FRED CSV Gateway mirror,learning_only_mirror
DTWEXBGS,2015-11-13,2015-11-13T00:00:00Z,daily,112.0264,112.0264,112.0264,112.0264,,112.0264,factor_candle,FRED CSV Gateway mirror,learning_only_mirror
DTWEXBGS,2015-11-16,2015-11-16T00:00:00Z,daily,112.2199,112.2199,112.2199,112.2199,,112.2199,factor_candle,FRED CSV Gateway mirror,learning_only_mirror
DTWEXBGS,2015-11-17,2015-11-17T00:00:00Z,daily,112.3141,112.3141,112.3141,112.3141,,112.3141,factor_candle,FRED CSV Gateway mirror,learning_only_mirror
DTWEXBGS,2015-11-18,2015-11-18T00:00:00Z,daily,112.3663,112.3663,112.3663,112.3663,,112.3663,factor_candle,FRED CSV Gateway mirror,learning_only_mirror
DTWEXBGS,2015-11-19,2015-11-19T00:00:00Z,daily,111.5749,111.5749,111.5749,111.5749,,111.5749,factor_candle,FRED CSV Gateway mirror,learning_only_mirror
DTWEXBGS,2015-11-20,2015-11-20T00:00:00Z,daily,111.7799,111.7799,111.7799,111.7799,,111.7799,factor_candle,FRED CSV Gateway mirror,learning_only_mirror
DTWEXBGS,2015-11-23,2015-11-23T00:00:00Z,daily,112.1125,112.1125,112.1125,112.1125,,112.1125,factor_candle,FRED CSV Gateway mirror,learning_only_mirror
DTWEXBGS,2015-11-24,2015-11-24T00:00:00Z,daily,111.7638,111.7638,111.7638,111.7638,,111.7638,factor_candle,FRED CSV Gateway mirror,learning_only_mirror
DTWEXBGS,2015-11-25,2015-11-25T00:00:00Z,daily,111.8936,111.8936,111.8936,111.8936,,111.8936,factor_candle,FRED CSV Gateway mirror,learning_only_mirror
DTWEXBGS,2015-11-27,2015-11-27T00:00:00Z,daily,112.2824,112.2824,112.2824,112.2824,,112.2824,factor_candle,FRED CSV Gateway mirror,learning_only_mirror
DTWEXBGS,2015-11-30,2015-11-30T00:00:00Z,daily,112.34,112.34,112.34,112.34,,112.34,factor_candle,FRED CSV Gateway mirror,learning_only_mirror
DTWEXBGS,2015-12-01,2015-12-01T00:00:00Z,daily,112.1134,112.1134,112.1134,112.1134,,112.1134,factor_candle,FRED CSV Gateway mirror,learning_only_mirror
DTWEXBGS,2015-12-02,2015-12-02T00:00:00Z,daily,112.3715,112.3715,112.3715,112.3715,,112.3715,factor_candle,FRED CSV Gateway mirror,learning_only_mirror
DTWEXBGS,2015-12-03,2015-12-03T00:00:00Z,daily,111.6407,111.6407,111.6407,111.6407,,111.6407,factor_candle,FRED CSV Gateway mirror,learning_only_mirror
DTWEXBGS,2015-12-04,2015-12-04T00:00:00Z,daily,111.5463,111.5463,111.5463,111.5463,,111.5463,factor_candle,FRED CSV Gateway mirror,learning_only_mirror
DTWEXBGS,2015-12-07,2015-12-07T00:00:00Z,daily,112.3056,112.3056,112.3056,112.3056,,112.3056,factor_candle,FRED CSV Gateway mirror,learning_only_mirror
DTWEXBGS,2015-12-08,2015-12-08T00:00:00Z,daily,112.5485,112.5485,112.5485,112.5485,,112.5485,factor_candle,FRED CSV Gateway mirror,learning_only_mirror
DTWEXBGS,2015-12-09,2015-12-09T00:00:00Z,daily,112.1918,112.1918,112.1918,112.1918,,112.1918,factor_candle,FRED CSV Gateway mirror,learning_only_mirror
DTWEXBGS,2015-12-10,2015-12-10T00:00:00Z,daily,112.2672,112.2672,112.2672,112.2672,,112.2672,factor_candle,FRED CSV Gateway mirror,learning_only_mirror
DTWEXBGS,2015-12-11,2015-12-11T00:00:00Z,daily,112.7147,112.7147,112.7147,112.7147,,112.7147,factor_candle,FRED CSV Gateway mirror,learning_only_mirror
DTWEXBGS,2015-12-14,2015-12-14T00:00:00Z,daily,112.7521,112.7521,112.7521,112.7521,,112.7521,factor_candle,FRED CSV Gateway mirror,learning_only_mirror
DTWEXBGS,2015-12-15,2015-12-15T00:00:00Z,daily,112.8609,112.8609,112.8609,112.8609,,112.8609,factor_candle,FRED CSV Gateway mirror,learning_only_mirror
DTWEXBGS,2015-12-16,2015-12-16T00:00:00Z,daily,112.9864,112.9864,112.9864,112.9864,,112.9864,factor_candle,FRED CSV Gateway mirror,learning_only_mirror
DTWEXBGS,2015-12-17,2015-12-17T00:00:00Z,daily,113.8177,113.8177,113.8177,113.8177,,113.8177,factor_candle,FRED CSV Gateway mirror,learning_only_mirror
DTWEXBGS,2015-12-18,2015-12-18T00:00:00Z,daily,113.2837,113.2837,113.2837,113.2837,,113.2837,factor_candle,FRED CSV Gateway mirror,learning_only_mirror
DTWEXBGS,2015-12-21,2015-12-21T00:00:00Z,daily,113.4144,113.4144,113.4144,113.4144,,113.4144,factor_candle,FRED CSV Gateway mirror,learning_only_mirror
DTWEXBGS,2015-12-22,2015-12-22T00:00:00Z,daily,113.211,113.211,113.211,113.211,,113.211,factor_candle,FRED CSV Gateway mirror,learning_only_mirror
DTWEXBGS,2015-12-23,2015-12-23T00:00:00Z,daily,113.1847,113.1847,113.1847,113.1847,,113.1847,factor_candle,FRED CSV Gateway mirror,learning_only_mirror
DTWEXBGS,2015-12-24,2015-12-24T00:00:00Z,daily,113.0496,113.0496,113.0496,113.0496,,113.0496,factor_candle,FRED CSV Gateway mirror,learning_only_mirror
DTWEXBGS,2015-12-28,2015-12-28T00:00:00Z,daily,113.0461,113.0461,113.0461,113.0461,,113.0461,factor_candle,FRED CSV Gateway mirror,learning_only_mirror
DTWEXBGS,2015-12-29,2015-12-29T00:00:00Z,daily,113.1664,113.1664,113.1664,113.1664,,113.1664,factor_candle,FRED CSV Gateway mirror,learning_only_mirror
DTWEXBGS,2015-12-30,2015-12-30T00:00:00Z,daily,113.4707,113.4707,113.4707,113.4707,,113.4707,factor_candle,FRED CSV Gateway mirror,learning_only_mirror
DTWEXBGS,2015-12-31,2015-12-31T00:00:00Z,daily,113.3429,113.3429,113.3429,113.3429,,113.3429,factor_candle,FRED CSV Gateway mirror,learning_only_mirror
DTWEXBGS,2016-01-04,2016-01-04T00:00:00Z,daily,114.1595,114.1595,114.1595,114.1595,,114.1595,factor_candle,FRED CSV Gateway mirror,learning_only_mirror
DTWEXBGS,2016-01-05,2016-01-05T00:00:00Z,daily,114.2649,114.2649,114.2649,114.2649,,114.2649,factor_candle,FRED CSV Gateway mirror,learning_only_mirror
DTWEXBGS,2016-01-06,2016-01-06T00:00:00Z,daily,114.6177,114.6177,114.6177,114.6177,,114.6177,factor_candle,FRED CSV Gateway mirror,learning_only_mirror
DTWEXBGS,2016-01-07,2016-01-07T00:00:00Z,daily,114.6516,114.6516,114.6516,114.6516,,114.6516,factor_candle,FRED CSV Gateway mirror,learning_only_mirror
DTWEXBGS,2016-01-08,2016-01-08T00:00:00Z,daily,115.0095,115.0095,115.0095,115.0095,,115.0095,factor_candle,FRED CSV Gateway mirror,learning_only_mirror
DTWEXBGS,2016-01-11,2016-01-11T00:00:00Z,daily,115.0139,115.0139,115.0139,115.0139,,115.0139,factor_candle,FRED CSV Gateway mirror,learning_only_mirror
DTWEXBGS,2016-01-12,2016-01-12T00:00:00Z,daily,115.3128,115.3128,115.3128,115.3128,,115.3128,factor_candle,FRED CSV Gateway mirror,learning_only_mirror
DTWEXBGS,2016-01-13,2016-01-13T00:00:00Z,daily,115.1425,115.1425,115.1425,115.1425,,115.1425,factor_candle,FRED CSV Gateway mirror,learning_only_mirror
DTWEXBGS,2016-01-14,2016-01-14T00:00:00Z,daily,115.3846,115.3846,115.3846,115.3846,,115.3846,factor_candle,FRED CSV Gateway mirror,learning_only_mirror
DTWEXBGS,2016-01-15,2016-01-15T00:00:00Z,daily,115.7404,115.7404,115.7404,115.7404,,115.7404,factor_candle,FRED CSV Gateway mirror,learning_only_mirror
DTWEXBGS,2016-01-19,2016-01-19T00:00:00Z,daily,115.8155,115.8155,115.8155,115.8155,,115.8155,factor_candle,FRED CSV Gateway mirror,learning_only_mirror
DTWEXBGS,2016-01-20,2016-01-20T00:00:00Z,daily,116.3498,116.3498,116.3498,116.3498,,116.3498,factor_candle,FRED CSV Gateway mirror,learning_only_mirror
DTWEXBGS,2016-01-21,2016-01-21T00:00:00Z,daily,115.9833,115.9833,115.9833,115.9833,,115.9833,factor_candle,FRED CSV Gateway mirror,learning_only_mirror
DTWEXBGS,2016-01-27,2016-01-27T00:00:00Z,daily,115.5087,115.5087,115.5087,115.5087,,115.5087,factor_candle,FRED CSV Gateway mirror,learning_only_mirror
DTWEXBGS,2016-01-28,2016-01-28T00:00:00Z,daily,115.2224,115.2224,115.2224,115.2224,,115.2224,factor_candle,FRED CSV Gateway mirror,learning_only_mirror
DTWEXBGS,2016-01-29,2016-01-29T00:00:00Z,daily,115.5731,115.5731,115.5731,115.5731,,115.5731,factor_candle,FRED CSV Gateway mirror,learning_only_mirror
DTWEXBGS,2016-02-01,2016-02-01T00:00:00Z,daily,115.3331,115.3331,115.3331,115.3331,,115.3331,factor_candle,FRED CSV Gateway mirror,learning_only_mirror
DTWEXBGS,2016-02-02,2016-02-02T00:00:00Z,daily,115.553,115.553,115.553,115.553,,115.553,factor_candle,FRED CSV Gateway mirror,learning_only_mirror
DTWEXBGS,2016-02-03,2016-02-03T00:00:00Z,daily,114.6144,114.6144,114.6144,114.6144,,114.6144,factor_candle,FRED CSV Gateway mirror,learning_only_mirror
DTWEXBGS,2016-02-04,2016-02-04T00:00:00Z,daily,113.6012,113.6012,113.6012,113.6012,,113.6012,factor_candle,FRED CSV Gateway mirror,learning_only_mirror
DTWEXBGS,2016-02-05,2016-02-05T00:00:00Z,daily,114.2935,114.2935,114.2935,114.2935,,114.2935,factor_candle,FRED CSV Gateway mirror,learning_only_mirror
DTWEXBGS,2016-02-08,2016-02-08T00:00:00Z,daily,114.4351,114.4351,114.4351,114.4351,,114.4351,factor_candle,FRED CSV Gateway mirror,learning_only_mirror
DTWEXBGS,2016-02-09,2016-02-09T00:00:00Z,daily,114.127,114.127,114.127,114.127,,114.127,factor_candle,FRED CSV Gateway mirror,learning_only_mirror
DTWEXBGS,2016-02-10,2016-02-10T00:00:00Z,daily,114.2877,114.2877,114.2877,114.2877,,114.2877,factor_candle,FRED CSV Gateway mirror,learning_only_mirror
DTWEXBGS,2016-02-11,2016-02-11T00:00:00Z,daily,114.1845,114.1845,114.1845,114.1845,,114.1845,factor_candle,FRED CSV Gateway mirror,learning_only_mirror
DTWEXBGS,2016-02-12,2016-02-12T00:00:00Z,daily,114.2992,114.2992,114.2992,114.2992,,114.2992,factor_candle,FRED CSV Gateway mirror,learning_only_mirror
DTWEXBGS,2016-02-16,2016-02-16T00:00:00Z,daily,114.4905,114.4905,114.4905,114.4905,,114.4905,factor_candle,FRED CSV Gateway mirror,learning_only_mirror
DTWEXBGS,2016-02-17,2016-02-17T00:00:00Z,daily,113.8634,113.8634,113.8634,113.8634,,113.8634,factor_candle,FRED CSV Gateway mirror,learning_only_mirror
DTWEXBGS,2016-02-18,2016-02-18T00:00:00Z,daily,113.8897,113.8897,113.8897,113.8897,,113.8897,factor_candle,FRED CSV Gateway mirror,learning_only_mirror
DTWEXBGS,2016-02-19,2016-02-19T00:00:00Z,daily,113.9558,113.9558,113.9558,113.9558,,113.9558,factor_candle,FRED CSV Gateway mirror,learning_only_mirror
DTWEXBGS,2016-02-22,2016-02-22T00:00:00Z,daily,113.8232,113.8232,113.8232,113.8232,,113.8232,factor_candle,FRED CSV Gateway mirror,learning_only_mirror
DTWEXBGS,2016-02-23,2016-02-23T00:00:00Z,daily,114.177,114.177,114.177,114.177,,114.177,factor_candle,FRED CSV Gateway mirror,learning_only_mirror
DTWEXBGS,2016-02-24,2016-02-24T00:00:00Z,daily,114.1716,114.1716,114.1716,114.1716,,114.1716,factor_candle,FRED CSV Gateway mirror,learning_only_mirror
DTWEXBGS,2016-02-25,2016-02-25T00:00:00Z,daily,113.9222,113.9222,113.9222,113.9222,,113.9222,factor_candle,FRED CSV Gateway mirror,learning_only_mirror
DTWEXBGS,2016-02-26,2016-02-26T00:00:00Z,daily,114.3708,114.3708,114.3708,114.3708,,114.3708,factor_candle,FRED CSV Gateway mirror,learning_only_mirror
DTWEXBGS,2016-02-29,2016-02-29T00:00:00Z,daily,114.2418,114.2418,114.2418,114.2418,,114.2418,factor_candle,FRED CSV Gateway mirror,learning_only_mirror
DTWEXBGS,2016-03-01,2016-03-01T00:00:00Z,daily,113.9265,113.9265,113.9265,113.9265,,113.9265,factor_candle,FRED CSV Gateway mirror,learning_only_mirror
DTWEXBGS,2016-03-02,2016-03-02T00:00:00Z,daily,113.7965,113.7965,113.7965,113.7965,,113.7965,factor_candle,FRED CSV Gateway mirror,learning_only_mirror
DTWEXBGS,2016-03-03,2016-03-03T00:00:00Z,daily,113.2482,113.2482,113.2482,113.2482,,113.2482,factor_candle,FRED CSV Gateway mirror,learning_only_mirror
DTWEXBGS,2016-03-04,2016-03-04T00:00:00Z,daily,112.6387,112.6387,112.6387,112.6387,,112.6387,factor_candle,FRED CSV Gateway mirror,learning_only_mirror
DTWEXBGS,2016-03-07,2016-03-07T00:00:00Z,daily,112.6219,112.6219,112.6219,112.6219,,112.6219,factor_candle,FRED CSV Gateway mirror,learning_only_mirror
DTWEXBGS,2016-03-08,2016-03-08T00:00:00Z,daily,112.8465,112.8465,112.8465,112.8465,,112.8465,factor_candle,FRED CSV Gateway mirror,learning_only_mirror
DTWEXBGS,2016-03-09,2016-03-09T00:00:00Z,daily,112.4268,112.4268,112.4268,112.4268,,112.4268,factor_candle,FRED CSV Gateway mirror,learning_only_mirror
DTWEXBGS,2016-03-10,2016-03-10T00:00:00Z,daily,112.4191,112.4191,112.4191,112.4191,,112.4191,factor_candle,FRED CSV Gateway mirror,learning_only_mirror
DTWEXBGS,2016-03-11,2016-03-11T00:00:00Z,daily,111.741,111.741,111.741,111.741,,111.741,factor_candle,FRED CSV Gateway mirror,learning_only_mirror
DTWEXBGS,2016-03-14,2016-03-14T00:00:00Z,daily,112.1688,112.1688,112.1688,112.1688,,112.1688,factor_candle,FRED CSV Gateway mirror,learning_only_mirror
DTWEXBGS,2016-03-15,2016-03-15T00:00:00Z,daily,112.5545,112.5545,112.5545,112.5545,,112.5545,factor_candle,FRED CSV Gateway mirror,learning_only_mirror
DTWEXBGS,2016-03-16,2016-03-16T00:00:00Z,daily,112.7759,112.7759,112.7759,112.7759,,112.7759,factor_candle,FRED CSV Gateway mirror,learning_only_mirror
DTWEXBGS,2016-03-17,2016-03-17T00:00:00Z,daily,110.445,110.445,110.445,110.445,,110.445,factor_candle,FRED CSV Gateway mirror,learning_only_mirror
DTWEXBGS,2016-03-18,2016-03-18T00:00:00Z,daily,110.4002,110.4002,110.4002,110.4002,,110.4002,factor_candle,FRED CSV Gateway mirror,learning_only_mirror
DTWEXBGS,2016-03-21,2016-03-21T00:00:00Z,daily,110.737,110.737,110.737,110.737,,110.737,factor_candle,FRED CSV Gateway mirror,learning_only_mirror
DTWEXBGS,2016-03-22,2016-03-22T00:00:00Z,daily,110.7877,110.7877,110.7877,110.7877,,110.7877,factor_candle,FRED CSV Gateway mirror,learning_only_mirror
DTWEXBGS,2016-03-23,2016-03-23T00:00:00Z,daily,111.5473,111.5473,111.5473,111.5473,,111.5473,factor_candle,FRED CSV Gateway mirror,learning_only_mirror
DTWEXBGS,2016-03-24,2016-03-24T00:00:00Z,daily,111.816,111.816,111.816,111.816,,111.816,factor_candle,FRED CSV Gateway mirror,learning_only_mirror
DTWEXBGS,2016-03-25,2016-03-25T00:00:00Z,daily,111.7698,111.7698,111.7698,111.7698,,111.7698,factor_candle,FRED CSV Gateway mirror,learning_only_mirror
DTWEXBGS,2016-03-28,2016-03-28T00:00:00Z,daily,111.3578,111.3578,111.3578,111.3578,,111.3578,factor_candle,FRED CSV Gateway mirror,learning_only_mirror
DTWEXBGS,2016-03-29,2016-03-29T00:00:00Z,daily,111.3736,111.3736,111.3736,111.3736,,111.3736,factor_candle,FRED CSV Gateway mirror,learning_only_mirror
DTWEXBGS,2016-03-30,2016-03-30T00:00:00Z,daily,110.2301,110.2301,110.2301,110.2301,,110.2301,factor_candle,FRED CSV Gateway mirror,learning_only_mirror
DTWEXBGS,2016-03-31,2016-03-31T00:00:00Z,daily,109.9191,109.9191,109.9191,109.9191,,109.9191,factor_candle,FRED CSV Gateway mirror,learning_only_mirror
DTWEXBGS,2016-04-01,2016-04-01T00:00:00Z,daily,110.2977,110.2977,110.2977,110.2977,,110.2977,factor_candle,FRED CSV Gateway mirror,learning_only_mirror
DTWEXBGS,2016-04-04,2016-04-04T00:00:00Z,daily,110.3987,110.3987,110.3987,110.3987,,110.3987,factor_candle,FRED CSV Gateway mirror,learning_only_mirror
DTWEXBGS,2016-04-05,2016-04-05T00:00:00Z,daily,110.9478,110.9478,110.9478,110.9478,,110.9478,factor_candle,FRED CSV Gateway mirror,learning_only_mirror
DTWEXBGS,2016-04-06,2016-04-06T00:00:00Z,daily,110.5347,110.5347,110.5347,110.5347,,110.5347,factor_candle,FRED CSV Gateway mirror,learning_only_mirror
DTWEXBGS,2016-04-07,2016-04-07T00:00:00Z,daily,110.8876,110.8876,110.8876,110.8876,,110.8876,factor_candle,FRED CSV Gateway mirror,learning_only_mirror
DTWEXBGS,2016-04-08,2016-04-08T00:00:00Z,daily,110.4213,110.4213,110.4213,110.4213,,110.4213,factor_candle,FRED CSV Gateway mirror,learning_only_mirror
DTWEXBGS,2016-04-11,2016-04-11T00:00:00Z,daily,109.9758,109.9758,109.9758,109.9758,,109.9758,factor_candle,FRED CSV Gateway mirror,learning_only_mirror
DTWEXBGS,2016-04-12,2016-04-12T00:00:00Z,daily,109.816,109.816,109.816,109.816,,109.816,factor_candle,FRED CSV Gateway mirror,learning_only_mirror
DTWEXBGS,2016-04-13,2016-04-13T00:00:00Z,daily,110.1436,110.1436,110.1436,110.1436,,110.1436,factor_candle,FRED CSV Gateway mirror,learning_only_mirror
DTWEXBGS,2016-04-14,2016-04-14T00:00:00Z,daily,110.1691,110.1691,110.1691,110.1691,,110.1691,factor_candle,FRED CSV Gateway mirror,learning_only_mirror
DTWEXBGS,2016-04-15,2016-04-15T00:00:00Z,daily,110.1933,110.1933,110.1933,110.1933,,110.1933,factor_candle,FRED CSV Gateway mirror,learning_only_mirror
DTWEXBGS,2016-04-18,2016-04-18T00:00:00Z,daily,109.9892,109.9892,109.9892,109.9892,,109.9892,factor_candle,FRED CSV Gateway mirror,learning_only_mirror
DTWEXBGS,2016-04-19,2016-04-19T00:00:00Z,daily,109.2782,109.2782,109.2782,109.2782,,109.2782,factor_candle,FRED CSV Gateway mirror,learning_only_mirror
DTWEXBGS,2016-04-20,2016-04-20T00:00:00Z,daily,109.3926,109.3926,109.3926,109.3926,,109.3926,factor_candle,FRED CSV Gateway mirror,learning_only_mirror
DTWEXBGS,2016-04-21,2016-04-21T00:00:00Z,daily,109.8533,109.8533,109.8533,109.8533,,109.8533,factor_candle,FRED CSV Gateway mirror,learning_only_mirror
DTWEXBGS,2016-04-22,2016-04-22T00:00:00Z,daily,110.2331,110.2331,110.2331,110.2331,,110.2331,factor_candle,FRED CSV Gateway mirror,learning_only_mirror
DTWEXBGS,2016-04-25,2016-04-25T00:00:00Z,daily,110.1865,110.1865,110.1865,110.1865,,110.1865,factor_candle,FRED CSV Gateway mirror,learning_only_mirror
DTWEXBGS,2016-04-26,2016-04-26T00:00:00Z,daily,109.7496,109.7496,109.7496,109.7496,,109.7496,factor_candle,FRED CSV Gateway mirror,learning_only_mirror
DTWEXBGS,2016-04-27,2016-04-27T00:00:00Z,daily,109.8483,109.8483,109.8483,109.8483,,109.8483,factor_candle,FRED CSV Gateway mirror,learning_only_mirror
DTWEXBGS,2016-04-28,2016-04-28T00:00:00Z,daily,109.2148,109.2148,109.2148,109.2148,,109.2148,factor_candle,FRED CSV Gateway mirror,learning_only_mirror
DTWEXBGS,2016-04-29,2016-04-29T00:00:00Z,daily,108.8274,108.8274,108.8274,108.8274,,108.8274,factor_candle,FRED CSV Gateway mirror,learning_only_mirror
DTWEXBGS,2016-05-02,2016-05-02T00:00:00Z,daily,108.671,108.671,108.671,108.671,,108.671,factor_candle,FRED CSV Gateway mirror,learning_only_mirror
DTWEXBGS,2016-05-03,2016-05-03T00:00:00Z,daily,109.3613,109.3613,109.3613,109.3613,,109.3613,factor_candle,FRED CSV Gateway mirror,learning_only_mirror
DTWEXBGS,2016-05-04,2016-05-04T00:00:00Z,daily,109.9952,109.9952,109.9952,109.9952,,109.9952,factor_candle,FRED CSV Gateway mirror,learning_only_mirror
DTWEXBGS,2016-05-05,2016-05-05T00:00:00Z,daily,110.2417,110.2417,110.2417,110.2417,,110.2417,factor_candle,FRED CSV Gateway mirror,learning_only_mirror
DTWEXBGS,2016-05-06,2016-05-06T00:00:00Z,daily,110.3801,110.3801,110.3801,110.3801,,110.3801,factor_candle,FRED CSV Gateway mirror,learning_only_mirror
DTWEXBGS,2016-05-09,2016-05-09T00:00:00Z,daily,110.9466,110.9466,110.9466,110.9466,,110.9466,factor_candle,FRED CSV Gateway mirror,learning_only_mirror
DTWEXBGS,2016-05-10,2016-05-10T00:00:00Z,daily,110.8225,110.8225,110.8225,110.8225,,110.8225,factor_candle,FRED CSV Gateway mirror,learning_only_mirror
DTWEXBGS,2016-05-11,2016-05-11T00:00:00Z,daily,110.2806,110.2806,110.2806,110.2806,,110.2806,factor_candle,FRED CSV Gateway mirror,learning_only_mirror
DTWEXBGS,2016-05-12,2016-05-12T00:00:00Z,daily,110.6935,110.6935,110.6935,110.6935,,110.6935,factor_candle,FRED CSV Gateway mirror,learning_only_mirror
DTWEXBGS,2016-05-13,2016-05-13T00:00:00Z,daily,111.2521,111.2521,111.2521,111.2521,,111.2521,factor_candle,FRED CSV Gateway mirror,learning_only_mirror
DTWEXBGS,2016-05-16,2016-05-16T00:00:00Z,daily,111.1217,111.1217,111.1217,111.1217,,111.1217,factor_candle,FRED CSV Gateway mirror,learning_only_mirror
DTWEXBGS,2016-05-17,2016-05-17T00:00:00Z,daily,111.0867,111.0867,111.0867,111.0867,,111.0867,factor_candle,FRED CSV Gateway mirror,learning_only_mirror
DTWEXBGS,2016-05-18,2016-05-18T00:00:00Z,daily,111.4995,111.4995,111.4995,111.4995,,111.4995,factor_candle,FRED CSV Gateway mirror,learning_only_mirror
DTWEXBGS,2016-05-19,2016-05-19T00:00:00Z,daily,112.2331,112.2331,112.2331,112.2331,,112.2331,factor_candle,FRED CSV Gateway mirror,learning_only_mirror
DTWEXBGS,2016-05-20,2016-05-20T00:00:00Z,daily,112.1822,112.1822,112.1822,112.1822,,112.1822,factor_candle,FRED CSV Gateway mirror,learning_only_mirror
DTWEXBGS,2016-05-23,2016-05-23T00:00:00Z,daily,112.284,112.284,112.284,112.284,,112.284,factor_candle,FRED CSV Gateway mirror,learning_only_mirror
DTWEXBGS,2016-05-24,2016-05-24T00:00:00Z,daily,112.2912,112.2912,112.2912,112.2912,,112.2912,factor_candle,FRED CSV Gateway mirror,learning_only_mirror
DTWEXBGS,2016-05-25,2016-05-25T00:00:00Z,daily,112.2001,112.2001,112.2001,112.2001,,112.2001,factor_candle,FRED CSV Gateway mirror,learning_only_mirror
DTWEXBGS,2016-05-26,2016-05-26T00:00:00Z,daily,111.8979,111.8979,111.8979,111.8979,,111.8979,factor_candle,FRED CSV Gateway mirror,learning_only_mirror
DTWEXBGS,2016-05-27,2016-05-27T00:00:00Z,daily,112.0822,112.0822,112.0822,112.0822,,112.0822,factor_candle,FRED CSV Gateway mirror,learning_only_mirror
DTWEXBGS,2016-05-31,2016-05-31T00:00:00Z,daily,112.4276,112.4276,112.4276,112.4276,,112.4276,factor_candle,FRED CSV Gateway mirror,learning_only_mirror
DTWEXBGS,2016-06-01,2016-06-01T00:00:00Z,daily,112.462,112.462,112.462,112.462,,112.462,factor_candle,FRED CSV Gateway mirror,learning_only_mirror
DTWEXBGS,2016-06-02,2016-06-02T00:00:00Z,daily,112.4564,112.4564,112.4564,112.4564,,112.4564,factor_candle,FRED CSV Gateway mirror,learning_only_mirror
DTWEXBGS,2016-06-03,2016-06-03T00:00:00Z,daily,111.4451,111.4451,111.4451,111.4451,,111.4451,factor_candle,FRED CSV Gateway mirror,learning_only_mirror
DTWEXBGS,2016-06-06,2016-06-06T00:00:00Z,daily,111.2295,111.2295,111.2295,111.2295,,111.2295,factor_candle,FRED CSV Gateway mirror,learning_only_mirror
DTWEXBGS,2016-06-07,2016-06-07T00:00:00Z,daily,110.8378,110.8378,110.8378,110.8378,,110.8378,factor_candle,FRED CSV Gateway mirror,learning_only_mirror
DTWEXBGS,2016-06-08,2016-06-08T00:00:00Z,daily,110.1916,110.1916,110.1916,110.1916,,110.1916,factor_candle,FRED CSV Gateway mirror,learning_only_mirror
DTWEXBGS,2016-06-09,2016-06-09T00:00:00Z,daily,110.6168,110.6168,110.6168,110.6168,,110.6168,factor_candle,FRED CSV Gateway mirror,learning_only_mirror
DTWEXBGS,2016-06-10,2016-06-10T00:00:00Z,daily,111.1027,111.1027,111.1027,111.1027,,111.1027,factor_candle,FRED CSV Gateway mirror,learning_only_mirror
DTWEXBGS,2016-06-13,2016-06-13T00:00:00Z,daily,111.5036,111.5036,111.5036,111.5036,,111.5036,factor_candle,FRED CSV Gateway mirror,learning_only_mirror
DTWEXBGS,2016-06-14,2016-06-14T00:00:00Z,daily,111.9826,111.9826,111.9826,111.9826,,111.9826,factor_candle,FRED CSV Gateway mirror,learning_only_mirror
DTWEXBGS,2016-06-15,2016-06-15T00:00:00Z,daily,111.7671,111.7671,111.7671,111.7671,,111.7671,factor_candle,FRED CSV Gateway mirror,learning_only_mirror
DTWEXBGS,2016-06-16,2016-06-16T00:00:00Z,daily,112.2347,112.2347,112.2347,112.2347,,112.2347,factor_candle,FRED CSV Gateway mirror,learning_only_mirror
DTWEXBGS,2016-06-17,2016-06-17T00:00:00Z,daily,111.5332,111.5332,111.5332,111.5332,,111.5332,factor_candle,FRED CSV Gateway mirror,learning_only_mirror
DTWEXBGS,2016-06-20,2016-06-20T00:00:00Z,daily,110.8693,110.8693,110.8693,110.8693,,110.8693,factor_candle,FRED CSV Gateway mirror,learning_only_mirror
DTWEXBGS,2016-06-21,2016-06-21T00:00:00Z,daily,111.0077,111.0077,111.0077,111.0077,,111.0077,factor_candle,FRED CSV Gateway mirror,learning_only_mirror
DTWEXBGS,2016-06-22,2016-06-22T00:00:00Z,daily,110.7681,110.7681,110.7681,110.7681,,110.7681,factor_candle,FRED CSV Gateway mirror,learning_only_mirror
DTWEXBGS,2016-06-23,2016-06-23T00:00:00Z,daily,110.262,110.262,110.262,110.262,,110.262,factor_candle,FRED CSV Gateway mirror,learning_only_mirror
DTWEXBGS,2016-06-24,2016-06-24T00:00:00Z,daily,112.1355,112.1355,112.1355,112.1355,,112.1355,factor_candle,FRED CSV Gateway mirror,learning_only_mirror
DTWEXBGS,2016-06-27,2016-06-27T00:00:00Z,daily,113.1301,113.1301,113.1301,113.1301,,113.1301,factor_candle,FRED CSV Gateway mirror,learning_only_mirror
DTWEXBGS,2016-06-28,2016-06-28T00:00:00Z,daily,112.7545,112.7545,112.7545,112.7545,,112.7545,factor_candle,FRED CSV Gateway mirror,learning_only_mirror
DTWEXBGS,2016-06-29,2016-06-29T00:00:00Z,daily,111.8597,111.8597,111.8597,111.8597,,111.8597,factor_candle,FRED CSV Gateway mirror,learning_only_mirror
DTWEXBGS,2016-06-30,2016-06-30T00:00:00Z,daily,112.1618,112.1618,112.1618,112.1618,,112.1618,factor_candle,FRED CSV Gateway mirror,learning_only_mirror
DTWEXBGS,2016-07-01,2016-07-01T00:00:00Z,daily,111.6509,111.6509,111.6509,111.6509,,111.6509,factor_candle,FRED CSV Gateway mirror,learning_only_mirror
DTWEXBGS,2016-07-05,2016-07-05T00:00:00Z,daily,112.4231,112.4231,112.4231,112.4231,,112.4231,factor_candle,FRED CSV Gateway mirror,learning_only_mirror
DTWEXBGS,2016-07-06,2016-07-06T00:00:00Z,daily,112.5438,112.5438,112.5438,112.5438,,112.5438,factor_candle,FRED CSV Gateway mirror,learning_only_mirror
DTWEXBGS,2016-07-07,2016-07-07T00:00:00Z,daily,112.5775,112.5775,112.5775,112.5775,,112.5775,factor_candle,FRED CSV Gateway mirror,learning_only_mirror
DTWEXBGS,2016-07-08,2016-07-08T00:00:00Z,daily,112.3963,112.3963,112.3963,112.3963,,112.3963,factor_candle,FRED CSV Gateway mirror,learning_only_mirror
DTWEXBGS,2016-07-11,2016-07-11T00:00:00Z,daily,112.5254,112.5254,112.5254,112.5254,,112.5254,factor_candle,FRED CSV Gateway mirror,learning_only_mirror
DTWEXBGS,2016-07-12,2016-07-12T00:00:00Z,daily,112.1102,112.1102,112.1102,112.1102,,112.1102,factor_candle,FRED CSV Gateway mirror,learning_only_mirror
DTWEXBGS,2016-07-13,2016-07-13T00:00:00Z,daily,112.0266,112.0266,112.0266,112.0266,,112.0266,factor_candle,FRED CSV Gateway mirror,learning_only_mirror
DTWEXBGS,2016-07-14,2016-07-14T00:00:00Z,daily,111.7692,111.7692,111.7692,111.7692,,111.7692,factor_candle,FRED CSV Gateway mirror,learning_only_mirror
DTWEXBGS,2016-07-15,2016-07-15T00:00:00Z,daily,112.2833,112.2833,112.2833,112.2833,,112.2833,factor_candle,FRED CSV Gateway mirror,learning_only_mirror
DTWEXBGS,2016-07-18,2016-07-18T00:00:00Z,daily,112.2463,112.2463,112.2463,112.2463,,112.2463,factor_candle,FRED CSV Gateway mirror,learning_only_mirror
DTWEXBGS,2016-07-19,2016-07-19T00:00:00Z,daily,112.638,112.638,112.638,112.638,,112.638,factor_candle,FRED CSV Gateway mirror,learning_only_mirror
DTWEXBGS,2016-07-20,2016-07-20T00:00:00Z,daily,112.6743,112.6743,112.6743,112.6743,,112.6743,factor_candle,FRED CSV Gateway mirror,learning_only_mirror
DTWEXBGS,2016-07-21,2016-07-21T00:00:00Z,daily,112.6239,112.6239,112.6239,112.6239,,112.6239,factor_candle,FRED CSV Gateway mirror,learning_only_mirror
DTWEXBGS,2016-07-22,2016-07-22T00:00:00Z,daily,112.989,112.989,112.989,112.989,,112.989,factor_candle,FRED CSV Gateway mirror,learning_only_mirror
DTWEXBGS,2016-07-25,2016-07-25T00:00:00Z,daily,113.1784,113.1784,113.1784,113.1784,,113.1784,factor_candle,FRED CSV Gateway mirror,learning_only_mirror
DTWEXBGS,2016-07-26,2016-07-26T00:00:00Z,daily,113.0593,113.0593,113.0593,113.0593,,113.0593,factor_candle,FRED CSV Gateway mirror,learning_only_mirror
DTWEXBGS,2016-07-27,2016-07-27T00:00:00Z,daily,113.217,113.217,113.217,113.217,,113.217,factor_candle,FRED CSV Gateway mirror,learning_only_mirror
DTWEXBGS,2016-07-28,2016-07-28T00:00:00Z,daily,112.7393,112.7393,112.7393,112.7393,,112.7393,factor_candle,FRED CSV Gateway mirror,learning_only_mirror
DTWEXBGS,2016-07-29,2016-07-29T00:00:00Z,daily,111.874,111.874,111.874,111.874,,111.874,factor_candle,FRED CSV Gateway mirror,learning_only_mirror
DTWEXBGS,2016-08-01,2016-08-01T00:00:00Z,daily,111.9757,111.9757,111.9757,111.9757,,111.9757,factor_candle,FRED CSV Gateway mirror,learning_only_mirror
DTWEXBGS,2016-08-02,2016-08-02T00:00:00Z,daily,111.7124,111.7124,111.7124,111.7124,,111.7124,factor_candle,FRED CSV Gateway mirror,learning_only_mirror
DTWEXBGS,2016-08-03,2016-08-03T00:00:00Z,daily,111.9419,111.9419,111.9419,111.9419,,111.9419,factor_candle,FRED CSV Gateway mirror,learning_only_mirror
DTWEXBGS,2016-08-04,2016-08-04T00:00:00Z,daily,111.9149,111.9149,111.9149,111.9149,,111.9149,factor_candle,FRED CSV Gateway mirror,learning_only_mirror
DTWEXBGS,2016-08-05,2016-08-05T00:00:00Z,daily,112.3589,112.3589,112.3589,112.3589,,112.3589,factor_candle,FRED CSV Gateway mirror,learning_only_mirror
DTWEXBGS,2016-08-08,2016-08-08T00:00:00Z,daily,112.1456,112.1456,112.1456,112.1456,,112.1456,factor_candle,FRED CSV Gateway mirror,learning_only_mirror
DTWEXBGS,2016-08-09,2016-08-09T00:00:00Z,daily,111.722,111.722,111.722,111.722,,111.722,factor_candle,FRED CSV Gateway mirror,learning_only_mirror
DTWEXBGS,2016-08-10,2016-08-10T00:00:00Z,daily,111.3238,111.3238,111.3238,111.3238,,111.3238,factor_candle,FRED CSV Gateway mirror,learning_only_mirror
DTWEXBGS,2016-08-11,2016-08-11T00:00:00Z,daily,111.1954,111.1954,111.1954,111.1954,,111.1954,factor_candle,FRED CSV Gateway mirror,learning_only_mirror
DTWEXBGS,2016-08-12,2016-08-12T00:00:00Z,daily,111.1787,111.1787,111.1787,111.1787,,111.1787,factor_candle,FRED CSV Gateway mirror,learning_only_mirror
DTWEXBGS,2016-08-15,2016-08-15T00:00:00Z,daily,110.9212,110.9212,110.9212,110.9212,,110.9212,factor_candle,FRED CSV Gateway mirror,learning_only_mirror
DTWEXBGS,2016-08-16,2016-08-16T00:00:00Z,daily,110.4295,110.4295,110.4295,110.4295,,110.4295,factor_candle,FRED CSV Gateway mirror,learning_only_mirror
DTWEXBGS,2016-08-17,2016-08-17T00:00:00Z,daily,110.9459,110.9459,110.9459,110.9459,,110.9459,factor_candle,FRED CSV Gateway mirror,learning_only_mirror
DTWEXBGS,2016-08-18,2016-08-18T00:00:00Z,daily,110.3134,110.3134,110.3134,110.3134,,110.3134,factor_candle,FRED CSV Gateway mirror,learning_only_mirror
DTWEXBGS,2016-08-19,2016-08-19T00:00:00Z,daily,110.8163,110.8163,110.8163,110.8163,,110.8163,factor_candle,FRED CSV Gateway mirror,learning_only_mirror
DTWEXBGS,2016-08-22,2016-08-22T00:00:00Z,daily,110.9997,110.9997,110.9997,110.9997,,110.9997,factor_candle,FRED CSV Gateway mirror,learning_only_mirror
DTWEXBGS,2016-08-23,2016-08-23T00:00:00Z,daily,110.9414,110.9414,110.9414,110.9414,,110.9414,factor_candle,FRED CSV Gateway mirror,learning_only_mirror
DTWEXBGS,2016-08-24,2016-08-24T00:00:00Z,daily,111.2958,111.2958,111.2958,111.2958,,111.2958,factor_candle,FRED CSV Gateway mirror,learning_only_mirror
DTWEXBGS,2016-08-25,2016-08-25T00:00:00Z,daily,111.1726,111.1726,111.1726,111.1726,,111.1726,factor_candle,FRED CSV Gateway mirror,learning_only_mirror
DTWEXBGS,2016-08-26,2016-08-26T00:00:00Z,daily,111.2035,111.2035,111.2035,111.2035,,111.2035,factor_candle,FRED CSV Gateway mirror,learning_only_mirror
DTWEXBGS,2016-08-29,2016-08-29T00:00:00Z,daily,111.8775,111.8775,111.8775,111.8775,,111.8775,factor_candle,FRED CSV Gateway mirror,learning_only_mirror
DTWEXBGS,2016-08-30,2016-08-30T00:00:00Z,daily,112.2928,112.2928,112.2928,112.2928,,112.2928,factor_candle,FRED CSV Gateway mirror,learning_only_mirror
DTWEXBGS,2016-08-31,2016-08-31T00:00:00Z,daily,112.4036,112.4036,112.4036,112.4036,,112.4036,factor_candle,FRED CSV Gateway mirror,learning_only_mirror
DTWEXBGS,2016-09-01,2016-09-01T00:00:00Z,daily,112.1733,112.1733,112.1733,112.1733,,112.1733,factor_candle,FRED CSV Gateway mirror,learning_only_mirror
DTWEXBGS,2016-09-02,2016-09-02T00:00:00Z,daily,112.0009,112.0009,112.0009,112.0009,,112.0009,factor_candle,FRED CSV Gateway mirror,learning_only_mirror
DTWEXBGS,2016-09-06,2016-09-06T00:00:00Z,daily,110.9613,110.9613,110.9613,110.9613,,110.9613,factor_candle,FRED CSV Gateway mirror,learning_only_mirror
DTWEXBGS,2016-09-07,2016-09-07T00:00:00Z,daily,110.9717,110.9717,110.9717,110.9717,,110.9717,factor_candle,FRED CSV Gateway mirror,learning_only_mirror
DTWEXBGS,2016-09-08,2016-09-08T00:00:00Z,daily,111.2609,111.2609,111.2609,111.2609,,111.2609,factor_candle,FRED CSV Gateway mirror,learning_only_mirror
DTWEXBGS,2016-09-09,2016-09-09T00:00:00Z,daily,111.9879,111.9879,111.9879,111.9879,,111.9879,factor_candle,FRED CSV Gateway mirror,learning_only_mirror
DTWEXBGS,2016-09-12,2016-09-12T00:00:00Z,daily,112.1516,112.1516,112.1516,112.1516,,112.1516,factor_candle,FRED CSV Gateway mirror,learning_only_mirror
DTWEXBGS,2016-09-13,2016-09-13T00:00:00Z,daily,112.5207,112.5207,112.5207,112.5207,,112.5207,factor_candle,FRED CSV Gateway mirror,learning_only_mirror
DTWEXBGS,2016-09-14,2016-09-14T00:00:00Z,daily,112.4678,112.4678,112.4678,112.4678,,112.4678,factor_candle,FRED CSV Gateway mirror,learning_only_mirror
DTWEXBGS,2016-09-15,2016-09-15T00:00:00Z,daily,112.4753,112.4753,112.4753,112.4753,,112.4753,factor_candle,FRED CSV Gateway mirror,learning_only_mirror
DTWEXBGS,2016-09-16,2016-09-16T00:00:00Z,daily,113.1765,113.1765,113.1765,113.1765,,113.1765,factor_candle,FRED CSV Gateway mirror,learning_only_mirror
DTWEXBGS,2016-09-19,2016-09-19T00:00:00Z,daily,112.903,112.903,112.903,112.903,,112.903,factor_candle,FRED CSV Gateway mirror,learning_only_mirror
DTWEXBGS,2016-09-20,2016-09-20T00:00:00Z,daily,113.1848,113.1848,113.1848,113.1848,,113.1848,factor_candle,FRED CSV Gateway mirror,learning_only_mirror
DTWEXBGS,2016-09-21,2016-09-21T00:00:00Z,daily,112.9842,112.9842,112.9842,112.9842,,112.9842,factor_candle,FRED CSV Gateway mirror,learning_only_mirror
DTWEXBGS,2016-09-22,2016-09-22T00:00:00Z,daily,112.2592,112.2592,112.2592,112.2592,,112.2592,factor_candle,FRED CSV Gateway mirror,learning_only_mirror
DTWEXBGS,2016-09-23,2016-09-23T00:00:00Z,daily,112.7166,112.7166,112.7166,112.7166,,112.7166,factor_candle,FRED CSV Gateway mirror,learning_only_mirror
DTWEXBGS,2016-09-26,2016-09-26T00:00:00Z,daily,112.7112,112.7112,112.7112,112.7112,,112.7112,factor_candle,FRED CSV Gateway mirror,learning_only_mirror
DTWEXBGS,2016-09-27,2016-09-27T00:00:00Z,daily,112.5515,112.5515,112.5515,112.5515,,112.5515,factor_candle,FRED CSV Gateway mirror,learning_only_mirror
DTWEXBGS,2016-09-28,2016-09-28T00:00:00Z,daily,112.6283,112.6283,112.6283,112.6283,,112.6283,factor_candle,FRED CSV Gateway mirror,learning_only_mirror
DTWEXBGS,2016-09-29,2016-09-29T00:00:00Z,daily,112.2879,112.2879,112.2879,112.2879,,112.2879,factor_candle,FRED CSV Gateway mirror,learning_only_mirror
DTWEXBGS,2016-09-30,2016-09-30T00:00:00Z,daily,112.2795,112.2795,112.2795,112.2795,,112.2795,factor_candle,FRED CSV Gateway mirror,learning_only_mirror
DTWEXBGS,2016-10-03,2016-10-03T00:00:00Z,daily,112.5077,112.5077,112.5077,112.5077,,112.5077,factor_candle,FRED CSV Gateway mirror,learning_only_mirror
DTWEXBGS,2016-10-04,2016-10-04T00:00:00Z,daily,112.6579,112.6579,112.6579,112.6579,,112.6579,factor_candle,FRED CSV Gateway mirror,learning_only_mirror
DTWEXBGS,2016-10-05,2016-10-05T00:00:00Z,daily,112.7946,112.7946,112.7946,112.7946,,112.7946,factor_candle,FRED CSV Gateway mirror,learning_only_mirror
DTWEXBGS,2016-10-06,2016-10-06T00:00:00Z,daily,113.0066,113.0066,113.0066,113.0066,,113.0066,factor_candle,FRED CSV Gateway mirror,learning_only_mirror
DTWEXBGS,2016-10-07,2016-10-07T00:00:00Z,daily,113.2915,113.2915,113.2915,113.2915,,113.2915,factor_candle,FRED CSV Gateway mirror,learning_only_mirror
DTWEXBGS,2016-10-11,2016-10-11T00:00:00Z,daily,113.4461,113.4461,113.4461,113.4461,,113.4461,factor_candle,FRED CSV Gateway mirror,learning_only_mirror
DTWEXBGS,2016-10-12,2016-10-12T00:00:00Z,daily,113.7442,113.7442,113.7442,113.7442,,113.7442,factor_candle,FRED CSV Gateway mirror,learning_only_mirror
DTWEXBGS,2016-10-13,2016-10-13T00:00:00Z,daily,113.6238,113.6238,113.6238,113.6238,,113.6238,factor_candle,FRED CSV Gateway mirror,learning_only_mirror
DTWEXBGS,2016-10-14,2016-10-14T00:00:00Z,daily,113.7119,113.7119,113.7119,113.7119,,113.7119,factor_candle,FRED CSV Gateway mirror,learning_only_mirror
DTWEXBGS,2016-10-17,2016-10-17T00:00:00Z,daily,113.5488,113.5488,113.5488,113.5488,,113.5488,factor_candle,FRED CSV Gateway mirror,learning_only_mirror
DTWEXBGS,2016-10-18,2016-10-18T00:00:00Z,daily,113.1393,113.1393,113.1393,113.1393,,113.1393,factor_candle,FRED CSV Gateway mirror,learning_only_mirror
DTWEXBGS,2016-10-19,2016-10-19T00:00:00Z,daily,113.0547,113.0547,113.0547,113.0547,,113.0547,factor_candle,FRED CSV Gateway mirror,learning_only_mirror
DTWEXBGS,2016-10-20,2016-10-20T00:00:00Z,daily,113.4033,113.4033,113.4033,113.4033,,113.4033,factor_candle,FRED CSV Gateway mirror,learning_only_mirror
DTWEXBGS,2016-10-21,2016-10-21T00:00:00Z,daily,113.9015,113.9015,113.9015,113.9015,,113.9015,factor_candle,FRED CSV Gateway mirror,learning_only_mirror
DTWEXBGS,2016-10-24,2016-10-24T00:00:00Z,daily,113.8571,113.8571,113.8571,113.8571,,113.8571,factor_candle,FRED CSV Gateway mirror,learning_only_mirror
DTWEXBGS,2016-10-25,2016-10-25T00:00:00Z,daily,113.6801,113.6801,113.6801,113.6801,,113.6801,factor_candle,FRED CSV Gateway mirror,learning_only_mirror
DTWEXBGS,2016-10-26,2016-10-26T00:00:00Z,daily,113.8131,113.8131,113.8131,113.8131,,113.8131,factor_candle,FRED CSV Gateway mirror,learning_only_mirror
DTWEXBGS,2016-10-27,2016-10-27T00:00:00Z,daily,114.1998,114.1998,114.1998,114.1998,,114.1998,factor_candle,FRED CSV Gateway mirror,learning_only_mirror
DTWEXBGS,2016-10-28,2016-10-28T00:00:00Z,daily,114.0931,114.0931,114.0931,114.0931,,114.0931,factor_candle,FRED CSV Gateway mirror,learning_only_mirror
DTWEXBGS,2016-10-31,2016-10-31T00:00:00Z,daily,114.0188,114.0188,114.0188,114.0188,,114.0188,factor_candle,FRED CSV Gateway mirror,learning_only_mirror
DTWEXBGS,2016-11-01,2016-11-01T00:00:00Z,daily,113.9915,113.9915,113.9915,113.9915,,113.9915,factor_candle,FRED CSV Gateway mirror,learning_only_mirror
DTWEXBGS,2016-11-02,2016-11-02T00:00:00Z,daily,113.9206,113.9206,113.9206,113.9206,,113.9206,factor_candle,FRED CSV Gateway mirror,learning_only_mirror
DTWEXBGS,2016-11-03,2016-11-03T00:00:00Z,daily,113.7664,113.7664,113.7664,113.7664,,113.7664,factor_candle,FRED CSV Gateway mirror,learning_only_mirror
DTWEXBGS,2016-11-04,2016-11-04T00:00:00Z,daily,113.5828,113.5828,113.5828,113.5828,,113.5828,factor_candle,FRED CSV Gateway mirror,learning_only_mirror
DTWEXBGS,2016-11-07,2016-11-07T00:00:00Z,daily,113.5443,113.5443,113.5443,113.5443,,113.5443,factor_candle,FRED CSV Gateway mirror,learning_only_mirror
DTWEXBGS,2016-11-08,2016-11-08T00:00:00Z,daily,113.3017,113.3017,113.3017,113.3017,,113.3017,factor_candle,FRED CSV Gateway mirror,learning_only_mirror
DTWEXBGS,2016-11-09,2016-11-09T00:00:00Z,daily,114.6956,114.6956,114.6956,114.6956,,114.6956,factor_candle,FRED CSV Gateway mirror,learning_only_mirror
DTWEXBGS,2016-11-10,2016-11-10T00:00:00Z,daily,115.9375,115.9375,115.9375,115.9375,,115.9375,factor_candle,FRED CSV Gateway mirror,learning_only_mirror
DTWEXBGS,2016-11-14,2016-11-14T00:00:00Z,daily,117.2245,117.2245,117.2245,117.2245,,117.2245,factor_candle,FRED CSV Gateway mirror,learning_only_mirror
DTWEXBGS,2016-11-15,2016-11-15T00:00:00Z,daily,116.7724,116.7724,116.7724,116.7724,,116.7724,factor_candle,FRED CSV Gateway mirror,learning_only_mirror
DTWEXBGS,2016-11-16,2016-11-16T00:00:00Z,daily,116.8062,116.8062,116.8062,116.8062,,116.8062,factor_candle,FRED CSV Gateway mirror,learning_only_mirror
DTWEXBGS,2016-11-17,2016-11-17T00:00:00Z,daily,116.8952,116.8952,116.8952,116.8952,,116.8952,factor_candle,FRED CSV Gateway mirror,learning_only_mirror
DTWEXBGS,2016-11-18,2016-11-18T00:00:00Z,daily,117.5936,117.5936,117.5936,117.5936,,117.5936,factor_candle,FRED CSV Gateway mirror,learning_only_mirror
DTWEXBGS,2016-11-21,2016-11-21T00:00:00Z,daily,117.4762,117.4762,117.4762,117.4762,,117.4762,factor_candle,FRED CSV Gateway mirror,learning_only_mirror
DTWEXBGS,2016-11-22,2016-11-22T00:00:00Z,daily,117.4508,117.4508,117.4508,117.4508,,117.4508,factor_candle,FRED CSV Gateway mirror,learning_only_mirror
DTWEXBGS,2016-11-23,2016-11-23T00:00:00Z,daily,118.0356,118.0356,118.0356,118.0356,,118.0356,factor_candle,FRED CSV Gateway mirror,learning_only_mirror
DTWEXBGS,2016-11-25,2016-11-25T00:00:00Z,daily,118.02,118.02,118.02,118.02,,118.02,factor_candle,FRED CSV Gateway mirror,learning_only_mirror
DTWEXBGS,2016-11-28,2016-11-28T00:00:00Z,daily,117.7278,117.7278,117.7278,117.7278,,117.7278,factor_candle,FRED CSV Gateway mirror,learning_only_mirror
DTWEXBGS,2016-11-29,2016-11-29T00:00:00Z,daily,117.644,117.644,117.644,117.644,,117.644,factor_candle,FRED CSV Gateway mirror,learning_only_mirror
DTWEXBGS,2016-11-30,2016-11-30T00:00:00Z,daily,117.7636,117.7636,117.7636,117.7636,,117.7636,factor_candle,FRED CSV Gateway mirror,learning_only_mirror
DTWEXBGS,2016-12-01,2016-12-01T00:00:00Z,daily,117.6642,117.6642,117.6642,117.6642,,117.6642,factor_candle,FRED CSV Gateway mirror,learning_only_mirror
DTWEXBGS,2016-12-02,2016-12-02T00:00:00Z,daily,117.3116,117.3116,117.3116,117.3116,,117.3116,factor_candle,FRED CSV Gateway mirror,learning_only_mirror
DTWEXBGS,2016-12-05,2016-12-05T00:00:00Z,daily,117.1008,117.1008,117.1008,117.1008,,117.1008,factor_candle,FRED CSV Gateway mirror,learning_only_mirror
DTWEXBGS,2016-12-06,2016-12-06T00:00:00Z,daily,116.9225,116.9225,116.9225,116.9225,,116.9225,factor_candle,FRED CSV Gateway mirror,learning_only_mirror
DTWEXBGS,2016-12-07,2016-12-07T00:00:00Z,daily,116.672,116.672,116.672,116.672,,116.672,factor_candle,FRED CSV Gateway mirror,learning_only_mirror
DTWEXBGS,2016-12-08,2016-12-08T00:00:00Z,daily,117.0327,117.0327,117.0327,117.0327,,117.0327,factor_candle,FRED CSV Gateway mirror,learning_only_mirror
DTWEXBGS,2016-12-09,2016-12-09T00:00:00Z,daily,117.2834,117.2834,117.2834,117.2834,,117.2834,factor_candle,FRED CSV Gateway mirror,learning_only_mirror
DTWEXBGS,2016-12-12,2016-12-12T00:00:00Z,daily,116.9161,116.9161,116.9161,116.9161,,116.9161,factor_candle,FRED CSV Gateway mirror,learning_only_mirror
DTWEXBGS,2016-12-13,2016-12-13T00:00:00Z,daily,116.8029,116.8029,116.8029,116.8029,,116.8029,factor_candle,FRED CSV Gateway mirror,learning_only_mirror
DTWEXBGS,2016-12-14,2016-12-14T00:00:00Z,daily,116.7332,116.7332,116.7332,116.7332,,116.7332,factor_candle,FRED CSV Gateway mirror,learning_only_mirror
DTWEXBGS,2016-12-15,2016-12-15T00:00:00Z,daily,118.8072,118.8072,118.8072,118.8072,,118.8072,factor_candle,FRED CSV Gateway mirror,learning_only_mirror
DTWEXBGS,2016-12-16,2016-12-16T00:00:00Z,daily,118.3584,118.3584,118.3584,118.3584,,118.3584,factor_candle,FRED CSV Gateway mirror,learning_only_mirror
DTWEXBGS,2016-12-19,2016-12-19T00:00:00Z,daily,118.3875,118.3875,118.3875,118.3875,,118.3875,factor_candle,FRED CSV Gateway mirror,learning_only_mirror
DTWEXBGS,2016-12-20,2016-12-20T00:00:00Z,daily,118.63,118.63,118.63,118.63,,118.63,factor_candle,FRED CSV Gateway mirror,learning_only_mirror
DTWEXBGS,2016-12-21,2016-12-21T00:00:00Z,daily,118.581,118.581,118.581,118.581,,118.581,factor_candle,FRED CSV Gateway mirror,learning_only_mirror
DTWEXBGS,2016-12-22,2016-12-22T00:00:00Z,daily,118.8209,118.8209,118.8209,118.8209,,118.8209,factor_candle,FRED CSV Gateway mirror,learning_only_mirror
DTWEXBGS,2016-12-23,2016-12-23T00:00:00Z,daily,118.7856,118.7856,118.7856,118.7856,,118.7856,factor_candle,FRED CSV Gateway mirror,learning_only_mirror
DTWEXBGS,2016-12-27,2016-12-27T00:00:00Z,daily,118.9506,118.9506,118.9506,118.9506,,118.9506,factor_candle,FRED CSV Gateway mirror,learning_only_mirror
DTWEXBGS,2016-12-28,2016-12-28T00:00:00Z,daily,119.2305,119.2305,119.2305,119.2305,,119.2305,factor_candle,FRED CSV Gateway mirror,learning_only_mirror
DTWEXBGS,2016-12-29,2016-12-29T00:00:00Z,daily,118.6637,118.6637,118.6637,118.6637,,118.6637,factor_candle,FRED CSV Gateway mirror,learning_only_mirror
DTWEXBGS,2016-12-30,2016-12-30T00:00:00Z,daily,118.3466,118.3466,118.3466,118.3466,,118.3466,factor_candle,FRED CSV Gateway mirror,learning_only_mirror
DTWEXBGS,2017-01-03,2017-01-03T00:00:00Z,daily,119.0903,119.0903,119.0903,119.0903,,119.0903,factor_candle,FRED CSV Gateway mirror,learning_only_mirror
DTWEXBGS,2017-01-04,2017-01-04T00:00:00Z,daily,118.8803,118.8803,118.8803,118.8803,,118.8803,factor_candle,FRED CSV Gateway mirror,learning_only_mirror
DTWEXBGS,2017-01-05,2017-01-05T00:00:00Z,daily,117.9999,117.9999,117.9999,117.9999,,117.9999,factor_candle,FRED CSV Gateway mirror,learning_only_mirror
DTWEXBGS,2017-01-06,2017-01-06T00:00:00Z,daily,118.3495,118.3495,118.3495,118.3495,,118.3495,factor_candle,FRED CSV Gateway mirror,learning_only_mirror
DTWEXBGS,2017-01-09,2017-01-09T00:00:00Z,daily,118.4111,118.4111,118.4111,118.4111,,118.4111,factor_candle,FRED CSV Gateway mirror,learning_only_mirror
DTWEXBGS,2017-01-10,2017-01-10T00:00:00Z,daily,118.5386,118.5386,118.5386,118.5386,,118.5386,factor_candle,FRED CSV Gateway mirror,learning_only_mirror
DTWEXBGS,2017-01-11,2017-01-11T00:00:00Z,daily,119.0219,119.0219,119.0219,119.0219,,119.0219,factor_candle,FRED CSV Gateway mirror,learning_only_mirror
DTWEXBGS,2017-01-12,2017-01-12T00:00:00Z,daily,117.8001,117.8001,117.8001,117.8001,,117.8001,factor_candle,FRED CSV Gateway mirror,learning_only_mirror
DTWEXBGS,2017-01-13,2017-01-13T00:00:00Z,daily,117.9884,117.9884,117.9884,117.9884,,117.9884,factor_candle,FRED CSV Gateway mirror,learning_only_mirror
DTWEXBGS,2017-01-17,2017-01-17T00:00:00Z,daily,117.2656,117.2656,117.2656,117.2656,,117.2656,factor_candle,FRED CSV Gateway mirror,learning_only_mirror
DTWEXBGS,2017-01-18,2017-01-18T00:00:00Z,daily,117.7242,117.7242,117.7242,117.7242,,117.7242,factor_candle,FRED CSV Gateway mirror,learning_only_mirror
DTWEXBGS,2017-01-19,2017-01-19T00:00:00Z,daily,118.3182,118.3182,118.3182,118.3182,,118.3182,factor_candle,FRED CSV Gateway mirror,learning_only_mirror
DTWEXBGS,2017-01-23,2017-01-23T00:00:00Z,daily,117.2479,117.2479,117.2479,117.2479,,117.2479,factor_candle,FRED CSV Gateway mirror,learning_only_mirror
DTWEXBGS,2017-01-24,2017-01-24T00:00:00Z,daily,117.0516,117.0516,117.0516,117.0516,,117.0516,factor_candle,FRED CSV Gateway mirror,learning_only_mirror
DTWEXBGS,2017-01-25,2017-01-25T00:00:00Z,daily,116.9355,116.9355,116.9355,116.9355,,116.9355,factor_candle,FRED CSV Gateway mirror,learning_only_mirror
DTWEXBGS,2017-01-26,2017-01-26T00:00:00Z,daily,117.2766,117.2766,117.2766,117.2766,,117.2766,factor_candle,FRED CSV Gateway mirror,learning_only_mirror
DTWEXBGS,2017-01-27,2017-01-27T00:00:00Z,daily,117.0735,117.0735,117.0735,117.0735,,117.0735,factor_candle,FRED CSV Gateway mirror,learning_only_mirror
DTWEXBGS,2017-01-30,2017-01-30T00:00:00Z,daily,116.7325,116.7325,116.7325,116.7325,,116.7325,factor_candle,FRED CSV Gateway mirror,learning_only_mirror
DTWEXBGS,2017-01-31,2017-01-31T00:00:00Z,daily,116.2241,116.2241,116.2241,116.2241,,116.2241,factor_candle,FRED CSV Gateway mirror,learning_only_mirror
DTWEXBGS,2017-02-01,2017-02-01T00:00:00Z,daily,116.3914,116.3914,116.3914,116.3914,,116.3914,factor_candle,FRED CSV Gateway mirror,learning_only_mirror
DTWEXBGS,2017-02-02,2017-02-02T00:00:00Z,daily,115.903,115.903,115.903,115.903,,115.903,factor_candle,FRED CSV Gateway mirror,learning_only_mirror
DTWEXBGS,2017-02-03,2017-02-03T00:00:00Z,daily,115.6259,115.6259,115.6259,115.6259,,115.6259,factor_candle,FRED CSV Gateway mirror,learning_only_mirror
DTWEXBGS,2017-02-06,2017-02-06T00:00:00Z,daily,116.0504,116.0504,116.0504,116.0504,,116.0504,factor_candle,FRED CSV Gateway mirror,learning_only_mirror
DTWEXBGS,2017-02-07,2017-02-07T00:00:00Z,daily,116.4082,116.4082,116.4082,116.4082,,116.4082,factor_candle,FRED CSV Gateway mirror,learning_only_mirror
DTWEXBGS,2017-02-08,2017-02-08T00:00:00Z,daily,116.1382,116.1382,116.1382,116.1382,,116.1382,factor_candle,FRED CSV Gateway mirror,learning_only_mirror
DTWEXBGS,2017-02-09,2017-02-09T00:00:00Z,daily,116.306,116.306,116.306,116.306,,116.306,factor_candle,FRED CSV Gateway mirror,learning_only_mirror
DTWEXBGS,2017-02-10,2017-02-10T00:00:00Z,daily,116.148,116.148,116.148,116.148,,116.148,factor_candle,FRED CSV Gateway mirror,learning_only_mirror
DTWEXBGS,2017-02-13,2017-02-13T00:00:00Z,daily,116.3427,116.3427,116.3427,116.3427,,116.3427,factor_candle,FRED CSV Gateway mirror,learning_only_mirror
DTWEXBGS,2017-02-14,2017-02-14T00:00:00Z,daily,116.3949,116.3949,116.3949,116.3949,,116.3949,factor_candle,FRED CSV Gateway mirror,learning_only_mirror
DTWEXBGS,2017-02-15,2017-02-15T00:00:00Z,daily,116.2162,116.2162,116.2162,116.2162,,116.2162,factor_candle,FRED CSV Gateway mirror,learning_only_mirror
DTWEXBGS,2017-02-16,2017-02-16T00:00:00Z,daily,116.0067,116.0067,116.0067,116.0067,,116.0067,factor_candle,FRED CSV Gateway mirror,learning_only_mirror
DTWEXBGS,2017-02-17,2017-02-17T00:00:00Z,daily,116.4035,116.4035,116.4035,116.4035,,116.4035,factor_candle,FRED CSV Gateway mirror,learning_only_mirror
DTWEXBGS,2017-02-21,2017-02-21T00:00:00Z,daily,116.5921,116.5921,116.5921,116.5921,,116.5921,factor_candle,FRED CSV Gateway mirror,learning_only_mirror
DTWEXBGS,2017-02-22,2017-02-22T00:00:00Z,daily,116.2136,116.2136,116.2136,116.2136,,116.2136,factor_candle,FRED CSV Gateway mirror,learning_only_mirror
DTWEXBGS,2017-02-23,2017-02-23T00:00:00Z,daily,115.6527,115.6527,115.6527,115.6527,,115.6527,factor_candle,FRED CSV Gateway mirror,learning_only_mirror
DTWEXBGS,2017-02-24,2017-02-24T00:00:00Z,daily,115.8143,115.8143,115.8143,115.8143,,115.8143,factor_candle,FRED CSV Gateway mirror,learning_only_mirror
DTWEXBGS,2017-02-27,2017-02-27T00:00:00Z,daily,115.6764,115.6764,115.6764,115.6764,,115.6764,factor_candle,FRED CSV Gateway mirror,learning_only_mirror
DTWEXBGS,2017-02-28,2017-02-28T00:00:00Z,daily,116.0032,116.0032,116.0032,116.0032,,116.0032,factor_candle,FRED CSV Gateway mirror,learning_only_mirror
DTWEXBGS,2017-03-01,2017-03-01T00:00:00Z,daily,116.438,116.438,116.438,116.438,,116.438,factor_candle,FRED CSV Gateway mirror,learning_only_mirror
DTWEXBGS,2017-03-02,2017-03-02T00:00:00Z,daily,116.8429,116.8429,116.8429,116.8429,,116.8429,factor_candle,FRED CSV Gateway mirror,learning_only_mirror
DTWEXBGS,2017-03-03,2017-03-03T00:00:00Z,daily,116.6438,116.6438,116.6438,116.6438,,116.6438,factor_candle,FRED CSV Gateway mirror,learning_only_mirror
DTWEXBGS,2017-03-06,2017-03-06T00:00:00Z,daily,116.4313,116.4313,116.4313,116.4313,,116.4313,factor_candle,FRED CSV Gateway mirror,learning_only_mirror
DTWEXBGS,2017-03-07,2017-03-07T00:00:00Z,daily,116.4303,116.4303,116.4303,116.4303,,116.4303,factor_candle,FRED CSV Gateway mirror,learning_only_mirror
DTWEXBGS,2017-03-08,2017-03-08T00:00:00Z,daily,116.875,116.875,116.875,116.875,,116.875,factor_candle,FRED CSV Gateway mirror,learning_only_mirror
DTWEXBGS,2017-03-09,2017-03-09T00:00:00Z,daily,116.9959,116.9959,116.9959,116.9959,,116.9959,factor_candle,FRED CSV Gateway mirror,learning_only_mirror
DTWEXBGS,2017-03-10,2017-03-10T00:00:00Z,daily,116.616,116.616,116.616,116.616,,116.616,factor_candle,FRED CSV Gateway mirror,learning_only_mirror
DTWEXBGS,2017-03-13,2017-03-13T00:00:00Z,daily,116.4004,116.4004,116.4004,116.4004,,116.4004,factor_candle,FRED CSV Gateway mirror,learning_only_mirror
DTWEXBGS,2017-03-14,2017-03-14T00:00:00Z,daily,116.5646,116.5646,116.5646,116.5646,,116.5646,factor_candle,FRED CSV Gateway mirror,learning_only_mirror
DTWEXBGS,2017-03-15,2017-03-15T00:00:00Z,daily,116.3584,116.3584,116.3584,116.3584,,116.3584,factor_candle,FRED CSV Gateway mirror,learning_only_mirror
DTWEXBGS,2017-03-16,2017-03-16T00:00:00Z,daily,115.4456,115.4456,115.4456,115.4456,,115.4456,factor_candle,FRED CSV Gateway mirror,learning_only_mirror
DTWEXBGS,2017-03-17,2017-03-17T00:00:00Z,daily,115.2783,115.2783,115.2783,115.2783,,115.2783,factor_candle,FRED CSV Gateway mirror,learning_only_mirror
DTWEXBGS,2017-03-20,2017-03-20T00:00:00Z,daily,115.0426,115.0426,115.0426,115.0426,,115.0426,factor_candle,FRED CSV Gateway mirror,learning_only_mirror
DTWEXBGS,2017-03-21,2017-03-21T00:00:00Z,daily,114.8119,114.8119,114.8119,114.8119,,114.8119,factor_candle,FRED CSV Gateway mirror,learning_only_mirror
DTWEXBGS,2017-03-22,2017-03-22T00:00:00Z,daily,114.7937,114.7937,114.7937,114.7937,,114.7937,factor_candle,FRED CSV Gateway mirror,learning_only_mirror
DTWEXBGS,2017-03-23,2017-03-23T00:00:00Z,daily,114.7899,114.7899,114.7899,114.7899,,114.7899,factor_candle,FRED CSV Gateway mirror,learning_only_mirror
DTWEXBGS,2017-03-24,2017-03-24T00:00:00Z,daily,114.6372,114.6372,114.6372,114.6372,,114.6372,factor_candle,FRED CSV Gateway mirror,learning_only_mirror
DTWEXBGS,2017-03-27,2017-03-27T00:00:00Z,daily,114.2347,114.2347,114.2347,114.2347,,114.2347,factor_candle,FRED CSV Gateway mirror,learning_only_mirror
DTWEXBGS,2017-03-28,2017-03-28T00:00:00Z,daily,114.419,114.419,114.419,114.419,,114.419,factor_candle,FRED CSV Gateway mirror,learning_only_mirror
DTWEXBGS,2017-03-29,2017-03-29T00:00:00Z,daily,114.7167,114.7167,114.7167,114.7167,,114.7167,factor_candle,FRED CSV Gateway mirror,learning_only_mirror
DTWEXBGS,2017-03-30,2017-03-30T00:00:00Z,daily,114.5245,114.5245,114.5245,114.5245,,114.5245,factor_candle,FRED CSV Gateway mirror,learning_only_mirror
DTWEXBGS,2017-03-31,2017-03-31T00:00:00Z,daily,114.7938,114.7938,114.7938,114.7938,,114.7938,factor_candle,FRED CSV Gateway mirror,learning_only_mirror
DTWEXBGS,2017-04-03,2017-04-03T00:00:00Z,daily,114.8734,114.8734,114.8734,114.8734,,114.8734,factor_candle,FRED CSV Gateway mirror,learning_only_mirror
DTWEXBGS,2017-04-04,2017-04-04T00:00:00Z,daily,115.0038,115.0038,115.0038,115.0038,,115.0038,factor_candle,FRED CSV Gateway mirror,learning_only_mirror
DTWEXBGS,2017-04-05,2017-04-05T00:00:00Z,daily,114.9494,114.9494,114.9494,114.9494,,114.9494,factor_candle,FRED CSV Gateway mirror,learning_only_mirror
DTWEXBGS,2017-04-06,2017-04-06T00:00:00Z,daily,115.0181,115.0181,115.0181,115.0181,,115.0181,factor_candle,FRED CSV Gateway mirror,learning_only_mirror
DTWEXBGS,2017-04-07,2017-04-07T00:00:00Z,daily,115.0547,115.0547,115.0547,115.0547,,115.0547,factor_candle,FRED CSV Gateway mirror,learning_only_mirror
DTWEXBGS,2017-04-10,2017-04-10T00:00:00Z,daily,115.11,115.11,115.11,115.11,,115.11,factor_candle,FRED CSV Gateway mirror,learning_only_mirror
DTWEXBGS,2017-04-11,2017-04-11T00:00:00Z,daily,115.009,115.009,115.009,115.009,,115.009,factor_candle,FRED CSV Gateway mirror,learning_only_mirror
DTWEXBGS,2017-04-12,2017-04-12T00:00:00Z,daily,114.9162,114.9162,114.9162,114.9162,,114.9162,factor_candle,FRED CSV Gateway mirror,learning_only_mirror
DTWEXBGS,2017-04-13,2017-04-13T00:00:00Z,daily,114.5059,114.5059,114.5059,114.5059,,114.5059,factor_candle,FRED CSV Gateway mirror,learning_only_mirror
DTWEXBGS,2017-04-14,2017-04-14T00:00:00Z,daily,114.5368,114.5368,114.5368,114.5368,,114.5368,factor_candle,FRED CSV Gateway mirror,learning_only_mirror
DTWEXBGS,2017-04-17,2017-04-17T00:00:00Z,daily,114.3283,114.3283,114.3283,114.3283,,114.3283,factor_candle,FRED CSV Gateway mirror,learning_only_mirror
DTWEXBGS,2017-04-18,2017-04-18T00:00:00Z,daily,114.2575,114.2575,114.2575,114.2575,,114.2575,factor_candle,FRED CSV Gateway mirror,learning_only_mirror
DTWEXBGS,2017-04-19,2017-04-19T00:00:00Z,daily,114.7923,114.7923,114.7923,114.7923,,114.7923,factor_candle,FRED CSV Gateway mirror,learning_only_mirror
DTWEXBGS,2017-04-20,2017-04-20T00:00:00Z,daily,114.6205,114.6205,114.6205,114.6205,,114.6205,factor_candle,FRED CSV Gateway mirror,learning_only_mirror
DTWEXBGS,2017-04-21,2017-04-21T00:00:00Z,daily,114.8128,114.8128,114.8128,114.8128,,114.8128,factor_candle,FRED CSV Gateway mirror,learning_only_mirror
DTWEXBGS,2017-04-24,2017-04-24T00:00:00Z,daily,114.3659,114.3659,114.3659,114.3659,,114.3659,factor_candle,FRED CSV Gateway mirror,learning_only_mirror
DTWEXBGS,2017-04-25,2017-04-25T00:00:00Z,daily,114.5111,114.5111,114.5111,114.5111,,114.5111,factor_candle,FRED CSV Gateway mirror,learning_only_mirror
DTWEXBGS,2017-04-26,2017-04-26T00:00:00Z,daily,114.9479,114.9479,114.9479,114.9479,,114.9479,factor_candle,FRED CSV Gateway mirror,learning_only_mirror
DTWEXBGS,2017-04-27,2017-04-27T00:00:00Z,daily,114.9946,114.9946,114.9946,114.9946,,114.9946,factor_candle,FRED CSV Gateway mirror,learning_only_mirror
DTWEXBGS,2017-04-28,2017-04-28T00:00:00Z,daily,114.7877,114.7877,114.7877,114.7877,,114.7877,factor_candle,FRED CSV Gateway mirror,learning_only_mirror
DTWEXBGS,2017-05-01,2017-05-01T00:00:00Z,daily,114.5921,114.5921,114.5921,114.5921,,114.5921,factor_candle,FRED CSV Gateway mirror,learning_only_mirror
DTWEXBGS,2017-05-02,2017-05-02T00:00:00Z,daily,114.6792,114.6792,114.6792,114.6792,,114.6792,factor_candle,FRED CSV Gateway mirror,learning_only_mirror
DTWEXBGS,2017-05-03,2017-05-03T00:00:00Z,daily,114.6637,114.6637,114.6637,114.6637,,114.6637,factor_candle,FRED CSV Gateway mirror,learning_only_mirror
DTWEXBGS,2017-05-04,2017-05-04T00:00:00Z,daily,114.9076,114.9076,114.9076,114.9076,,114.9076,factor_candle,FRED CSV Gateway mirror,learning_only_mirror
DTWEXBGS,2017-05-05,2017-05-05T00:00:00Z,daily,114.7725,114.7725,114.7725,114.7725,,114.7725,factor_candle,FRED CSV Gateway mirror,learning_only_mirror
DTWEXBGS,2017-05-08,2017-05-08T00:00:00Z,daily,115.0895,115.0895,115.0895,115.0895,,115.0895,factor_candle,FRED CSV Gateway mirror,learning_only_mirror
DTWEXBGS,2017-05-09,2017-05-09T00:00:00Z,daily,115.3933,115.3933,115.3933,115.3933,,115.3933,factor_candle,FRED CSV Gateway mirror,learning_only_mirror
DTWEXBGS,2017-05-10,2017-05-10T00:00:00Z,daily,115.1145,115.1145,115.1145,115.1145,,115.1145,factor_candle,FRED CSV Gateway mirror,learning_only_mirror
DTWEXBGS,2017-05-11,2017-05-11T00:00:00Z,daily,115.0669,115.0669,115.0669,115.0669,,115.0669,factor_candle,FRED CSV Gateway mirror,learning_only_mirror
DTWEXBGS,2017-05-12,2017-05-12T00:00:00Z,daily,114.7479,114.7479,114.7479,114.7479,,114.7479,factor_candle,FRED CSV Gateway mirror,learning_only_mirror
DTWEXBGS,2017-05-15,2017-05-15T00:00:00Z,daily,114.3504,114.3504,114.3504,114.3504,,114.3504,factor_candle,FRED CSV Gateway mirror,learning_only_mirror
DTWEXBGS,2017-05-16,2017-05-16T00:00:00Z,daily,113.9923,113.9923,113.9923,113.9923,,113.9923,factor_candle,FRED CSV Gateway mirror,learning_only_mirror
DTWEXBGS,2017-05-17,2017-05-17T00:00:00Z,daily,113.7506,113.7506,113.7506,113.7506,,113.7506,factor_candle,FRED CSV Gateway mirror,learning_only_mirror
DTWEXBGS,2017-05-18,2017-05-18T00:00:00Z,daily,114.2683,114.2683,114.2683,114.2683,,114.2683,factor_candle,FRED CSV Gateway mirror,learning_only_mirror
DTWEXBGS,2017-05-19,2017-05-19T00:00:00Z,daily,113.7001,113.7001,113.7001,113.7001,,113.7001,factor_candle,FRED CSV Gateway mirror,learning_only_mirror
DTWEXBGS,2017-05-22,2017-05-22T00:00:00Z,daily,113.5442,113.5442,113.5442,113.5442,,113.5442,factor_candle,FRED CSV Gateway mirror,learning_only_mirror
DTWEXBGS,2017-05-23,2017-05-23T00:00:00Z,daily,113.6862,113.6862,113.6862,113.6862,,113.6862,factor_candle,FRED CSV Gateway mirror,learning_only_mirror
DTWEXBGS,2017-05-24,2017-05-24T00:00:00Z,daily,113.675,113.675,113.675,113.675,,113.675,factor_candle,FRED CSV Gateway mirror,learning_only_mirror
DTWEXBGS,2017-05-25,2017-05-25T00:00:00Z,daily,113.3719,113.3719,113.3719,113.3719,,113.3719,factor_candle,FRED CSV Gateway mirror,learning_only_mirror
DTWEXBGS,2017-05-26,2017-05-26T00:00:00Z,daily,113.4839,113.4839,113.4839,113.4839,,113.4839,factor_candle,FRED CSV Gateway mirror,learning_only_mirror
DTWEXBGS,2017-05-30,2017-05-30T00:00:00Z,daily,113.5552,113.5552,113.5552,113.5552,,113.5552,factor_candle,FRED CSV Gateway mirror,learning_only_mirror
DTWEXBGS,2017-05-31,2017-05-31T00:00:00Z,daily,113.2956,113.2956,113.2956,113.2956,,113.2956,factor_candle,FRED CSV Gateway mirror,learning_only_mirror
DTWEXBGS,2017-06-01,2017-06-01T00:00:00Z,daily,113.3017,113.3017,113.3017,113.3017,,113.3017,factor_candle,FRED CSV Gateway mirror,learning_only_mirror
DTWEXBGS,2017-06-02,2017-06-02T00:00:00Z,daily,113.1908,113.1908,113.1908,113.1908,,113.1908,factor_candle,FRED CSV Gateway mirror,learning_only_mirror
DTWEXBGS,2017-06-05,2017-06-05T00:00:00Z,daily,112.9755,112.9755,112.9755,112.9755,,112.9755,factor_candle,FRED CSV Gateway mirror,learning_only_mirror
DTWEXBGS,2017-06-06,2017-06-06T00:00:00Z,daily,112.7095,112.7095,112.7095,112.7095,,112.7095,factor_candle,FRED CSV Gateway mirror,learning_only_mirror
DTWEXBGS,2017-06-07,2017-06-07T00:00:00Z,daily,112.8191,112.8191,112.8191,112.8191,,112.8191,factor_candle,FRED CSV Gateway mirror,learning_only_mirror
DTWEXBGS,2017-06-08,2017-06-08T00:00:00Z,daily,112.8351,112.8351,112.8351,112.8351,,112.8351,factor_candle,FRED CSV Gateway mirror,learning_only_mirror
DTWEXBGS,2017-06-09,2017-06-09T00:00:00Z,daily,112.9562,112.9562,112.9562,112.9562,,112.9562,factor_candle,FRED CSV Gateway mirror,learning_only_mirror
DTWEXBGS,2017-06-12,2017-06-12T00:00:00Z,daily,112.9837,112.9837,112.9837,112.9837,,112.9837,factor_candle,FRED CSV Gateway mirror,learning_only_mirror
DTWEXBGS,2017-06-13,2017-06-13T00:00:00Z,daily,112.6271,112.6271,112.6271,112.6271,,112.6271,factor_candle,FRED CSV Gateway mirror,learning_only_mirror
DTWEXBGS,2017-06-14,2017-06-14T00:00:00Z,daily,112.0734,112.0734,112.0734,112.0734,,112.0734,factor_candle,FRED CSV Gateway mirror,learning_only_mirror
DTWEXBGS,2017-06-15,2017-06-15T00:00:00Z,daily,112.8708,112.8708,112.8708,112.8708,,112.8708,factor_candle,FRED CSV Gateway mirror,learning_only_mirror
DTWEXBGS,2017-06-16,2017-06-16T00:00:00Z,daily,112.6155,112.6155,112.6155,112.6155,,112.6155,factor_candle,FRED CSV Gateway mirror,learning_only_mirror
DTWEXBGS,2017-06-19,2017-06-19T00:00:00Z,daily,112.7576,112.7576,112.7576,112.7576,,112.7576,factor_candle,FRED CSV Gateway mirror,learning_only_mirror
DTWEXBGS,2017-06-20,2017-06-20T00:00:00Z,daily,113.2698,113.2698,113.2698,113.2698,,113.2698,factor_candle,FRED CSV Gateway mirror,learning_only_mirror
DTWEXBGS,2017-06-21,2017-06-21T00:00:00Z,daily,113.3327,113.3327,113.3327,113.3327,,113.3327,factor_candle,FRED CSV Gateway mirror,learning_only_mirror
DTWEXBGS,2017-06-22,2017-06-22T00:00:00Z,daily,113.1654,113.1654,113.1654,113.1654,,113.1654,factor_candle,FRED CSV Gateway mirror,learning_only_mirror
DTWEXBGS,2017-06-23,2017-06-23T00:00:00Z,daily,112.8665,112.8665,112.8665,112.8665,,112.8665,factor_candle,FRED CSV Gateway mirror,learning_only_mirror
DTWEXBGS,2017-06-26,2017-06-26T00:00:00Z,daily,112.7633,112.7633,112.7633,112.7633,,112.7633,factor_candle,FRED CSV Gateway mirror,learning_only_mirror
DTWEXBGS,2017-06-27,2017-06-27T00:00:00Z,daily,112.55,112.55,112.55,112.55,,112.55,factor_candle,FRED CSV Gateway mirror,learning_only_mirror
DTWEXBGS,2017-06-28,2017-06-28T00:00:00Z,daily,112.0747,112.0747,112.0747,112.0747,,112.0747,factor_candle,FRED CSV Gateway mirror,learning_only_mirror
DTWEXBGS,2017-06-29,2017-06-29T00:00:00Z,daily,111.998,111.998,111.998,111.998,,111.998,factor_candle,FRED CSV Gateway mirror,learning_only_mirror
DTWEXBGS,2017-06-30,2017-06-30T00:00:00Z,daily,111.9896,111.9896,111.9896,111.9896,,111.9896,factor_candle,FRED CSV Gateway mirror,learning_only_mirror
DTWEXBGS,2017-07-03,2017-07-03T00:00:00Z,daily,112.4268,112.4268,112.4268,112.4268,,112.4268,factor_candle,FRED CSV Gateway mirror,learning_only_mirror
DTWEXBGS,2017-07-05,2017-07-05T00:00:00Z,daily,112.6534,112.6534,112.6534,112.6534,,112.6534,factor_candle,FRED CSV Gateway mirror,learning_only_mirror
DTWEXBGS,2017-07-06,2017-07-06T00:00:00Z,daily,112.4199,112.4199,112.4199,112.4199,,112.4199,factor_candle,FRED CSV Gateway mirror,learning_only_mirror
DTWEXBGS,2017-07-07,2017-07-07T00:00:00Z,daily,112.3137,112.3137,112.3137,112.3137,,112.3137,factor_candle,FRED CSV Gateway mirror,learning_only_mirror
DTWEXBGS,2017-07-10,2017-07-10T00:00:00Z,daily,112.1587,112.1587,112.1587,112.1587,,112.1587,factor_candle,FRED CSV Gateway mirror,learning_only_mirror
DTWEXBGS,2017-07-11,2017-07-11T00:00:00Z,daily,112.1434,112.1434,112.1434,112.1434,,112.1434,factor_candle,FRED CSV Gateway mirror,learning_only_mirror
DTWEXBGS,2017-07-12,2017-07-12T00:00:00Z,daily,111.5904,111.5904,111.5904,111.5904,,111.5904,factor_candle,FRED CSV Gateway mirror,learning_only_mirror
DTWEXBGS,2017-07-13,2017-07-13T00:00:00Z,daily,111.5365,111.5365,111.5365,111.5365,,111.5365,factor_candle,FRED CSV Gateway mirror,learning_only_mirror
DTWEXBGS,2017-07-14,2017-07-14T00:00:00Z,daily,110.9075,110.9075,110.9075,110.9075,,110.9075,factor_candle,FRED CSV Gateway mirror,learning_only_mirror
DTWEXBGS,2017-07-17,2017-07-17T00:00:00Z,daily,110.9304,110.9304,110.9304,110.9304,,110.9304,factor_candle,FRED CSV Gateway mirror,learning_only_mirror
DTWEXBGS,2017-07-18,2017-07-18T00:00:00Z,daily,110.4356,110.4356,110.4356,110.4356,,110.4356,factor_candle,FRED CSV Gateway mirror,learning_only_mirror
DTWEXBGS,2017-07-19,2017-07-19T00:00:00Z,daily,110.4339,110.4339,110.4339,110.4339,,110.4339,factor_candle,FRED CSV Gateway mirror,learning_only_mirror
DTWEXBGS,2017-07-20,2017-07-20T00:00:00Z,daily,110.2512,110.2512,110.2512,110.2512,,110.2512,factor_candle,FRED CSV Gateway mirror,learning_only_mirror
DTWEXBGS,2017-07-21,2017-07-21T00:00:00Z,daily,110.191,110.191,110.191,110.191,,110.191,factor_candle,FRED CSV Gateway mirror,learning_only_mirror
DTWEXBGS,2017-07-24,2017-07-24T00:00:00Z,daily,110.2004,110.2004,110.2004,110.2004,,110.2004,factor_candle,FRED CSV Gateway mirror,learning_only_mirror
DTWEXBGS,2017-07-25,2017-07-25T00:00:00Z,daily,110.2835,110.2835,110.2835,110.2835,,110.2835,factor_candle,FRED CSV Gateway mirror,learning_only_mirror
DTWEXBGS,2017-07-26,2017-07-26T00:00:00Z,daily,110.3811,110.3811,110.3811,110.3811,,110.3811,factor_candle,FRED CSV Gateway mirror,learning_only_mirror
DTWEXBGS,2017-07-27,2017-07-27T00:00:00Z,daily,110.216,110.216,110.216,110.216,,110.216,factor_candle,FRED CSV Gateway mirror,learning_only_mirror
DTWEXBGS,2017-07-28,2017-07-28T00:00:00Z,daily,109.92,109.92,109.92,109.92,,109.92,factor_candle,FRED CSV Gateway mirror,learning_only_mirror
DTWEXBGS,2017-07-31,2017-07-31T00:00:00Z,daily,109.8177,109.8177,109.8177,109.8177,,109.8177,factor_candle,FRED CSV Gateway mirror,learning_only_mirror
DTWEXBGS,2017-08-01,2017-08-01T00:00:00Z,daily,109.8495,109.8495,109.8495,109.8495,,109.8495,factor_candle,FRED CSV Gateway mirror,learning_only_mirror
DTWEXBGS,2017-08-02,2017-08-02T00:00:00Z,daily,109.7503,109.7503,109.7503,109.7503,,109.7503,factor_candle,FRED CSV Gateway mirror,learning_only_mirror
DTWEXBGS,2017-08-03,2017-08-03T00:00:00Z,daily,109.8332,109.8332,109.8332,109.8332,,109.8332,factor_candle,FRED CSV Gateway mirror,learning_only_mirror
DTWEXBGS,2017-08-04,2017-08-04T00:00:00Z,daily,110.2808,110.2808,110.2808,110.2808,,110.2808,factor_candle,FRED CSV Gateway mirror,learning_only_mirror
DTWEXBGS,2017-08-07,2017-08-07T00:00:00Z,daily,110.373,110.373,110.373,110.373,,110.373,factor_candle,FRED CSV Gateway mirror,learning_only_mirror
DTWEXBGS,2017-08-08,2017-08-08T00:00:00Z,daily,110.396,110.396,110.396,110.396,,110.396,factor_candle,FRED CSV Gateway mirror,learning_only_mirror
DTWEXBGS,2017-08-09,2017-08-09T00:00:00Z,daily,110.3671,110.3671,110.3671,110.3671,,110.3671,factor_candle,FRED CSV Gateway mirror,learning_only_mirror
DTWEXBGS,2017-08-10,2017-08-10T00:00:00Z,daily,110.1886,110.1886,110.1886,110.1886,,110.1886,factor_candle,FRED CSV Gateway mirror,learning_only_mirror
DTWEXBGS,2017-08-11,2017-08-11T00:00:00Z,daily,110.0422,110.0422,110.0422,110.0422,,110.0422,factor_candle,FRED CSV Gateway mirror,learning_only_mirror
DTWEXBGS,2017-08-14,2017-08-14T00:00:00Z,daily,110.095,110.095,110.095,110.095,,110.095,factor_candle,FRED CSV Gateway mirror,learning_only_mirror
DTWEXBGS,2017-08-15,2017-08-15T00:00:00Z,daily,110.4846,110.4846,110.4846,110.4846,,110.4846,factor_candle,FRED CSV Gateway mirror,learning_only_mirror
DTWEXBGS,2017-08-16,2017-08-16T00:00:00Z,daily,110.4394,110.4394,110.4394,110.4394,,110.4394,factor_candle,FRED CSV Gateway mirror,learning_only_mirror
DTWEXBGS,2017-08-17,2017-08-17T00:00:00Z,daily,110.1673,110.1673,110.1673,110.1673,,110.1673,factor_candle,FRED CSV Gateway mirror,learning_only_mirror
DTWEXBGS,2017-08-18,2017-08-18T00:00:00Z,daily,110.041,110.041,110.041,110.041,,110.041,factor_candle,FRED CSV Gateway mirror,learning_only_mirror
DTWEXBGS,2017-08-21,2017-08-21T00:00:00Z,daily,109.7349,109.7349,109.7349,109.7349,,109.7349,factor_candle,FRED CSV Gateway mirror,learning_only_mirror
DTWEXBGS,2017-08-22,2017-08-22T00:00:00Z,daily,109.8386,109.8386,109.8386,109.8386,,109.8386,factor_candle,FRED CSV Gateway mirror,learning_only_mirror
DTWEXBGS,2017-08-23,2017-08-23T00:00:00Z,daily,109.8095,109.8095,109.8095,109.8095,,109.8095,factor_candle,FRED CSV Gateway mirror,learning_only_mirror
DTWEXBGS,2017-08-24,2017-08-24T00:00:00Z,daily,109.7524,109.7524,109.7524,109.7524,,109.7524,factor_candle,FRED CSV Gateway mirror,learning_only_mirror
DTWEXBGS,2017-08-25,2017-08-25T00:00:00Z,daily,109.3415,109.3415,109.3415,109.3415,,109.3415,factor_candle,FRED CSV Gateway mirror,learning_only_mirror
DTWEXBGS,2017-08-28,2017-08-28T00:00:00Z,daily,109.1815,109.1815,109.1815,109.1815,,109.1815,factor_candle,FRED CSV Gateway mirror,learning_only_mirror
DTWEXBGS,2017-08-29,2017-08-29T00:00:00Z,daily,109.0946,109.0946,109.0946,109.0946,,109.0946,factor_candle,FRED CSV Gateway mirror,learning_only_mirror
DTWEXBGS,2017-08-30,2017-08-30T00:00:00Z,daily,109.4052,109.4052,109.4052,109.4052,,109.4052,factor_candle,FRED CSV Gateway mirror,learning_only_mirror
DTWEXBGS,2017-08-31,2017-08-31T00:00:00Z,daily,109.3686,109.3686,109.3686,109.3686,,109.3686,factor_candle,FRED CSV Gateway mirror,learning_only_mirror
DTWEXBGS,2017-09-01,2017-09-01T00:00:00Z,daily,109.0504,109.0504,109.0504,109.0504,,109.0504,factor_candle,FRED CSV Gateway mirror,learning_only_mirror
DTWEXBGS,2017-09-05,2017-09-05T00:00:00Z,daily,108.8664,108.8664,108.8664,108.8664,,108.8664,factor_candle,FRED CSV Gateway mirror,learning_only_mirror
DTWEXBGS,2017-09-06,2017-09-06T00:00:00Z,daily,108.4897,108.4897,108.4897,108.4897,,108.4897,factor_candle,FRED CSV Gateway mirror,learning_only_mirror
DTWEXBGS,2017-09-07,2017-09-07T00:00:00Z,daily,107.9224,107.9224,107.9224,107.9224,,107.9224,factor_candle,FRED CSV Gateway mirror,learning_only_mirror
DTWEXBGS,2017-09-08,2017-09-08T00:00:00Z,daily,107.808,107.808,107.808,107.808,,107.808,factor_candle,FRED CSV Gateway mirror,learning_only_mirror
DTWEXBGS,2017-09-11,2017-09-11T00:00:00Z,daily,108.153,108.153,108.153,108.153,,108.153,factor_candle,FRED CSV Gateway mirror,learning_only_mirror
DTWEXBGS,2017-09-12,2017-09-12T00:00:00Z,daily,108.3239,108.3239,108.3239,108.3239,,108.3239,factor_candle,FRED CSV Gateway mirror,learning_only_mirror
DTWEXBGS,2017-09-13,2017-09-13T00:00:00Z,daily,108.6628,108.6628,108.6628,108.6628,,108.6628,factor_candle,FRED CSV Gateway mirror,learning_only_mirror
DTWEXBGS,2017-09-14,2017-09-14T00:00:00Z,daily,108.618,108.618,108.618,108.618,,108.618,factor_candle,FRED CSV Gateway mirror,learning_only_mirror
DTWEXBGS,2017-09-15,2017-09-15T00:00:00Z,daily,108.3147,108.3147,108.3147,108.3147,,108.3147,factor_candle,FRED CSV Gateway mirror,learning_only_mirror
DTWEXBGS,2017-09-18,2017-09-18T00:00:00Z,daily,108.6401,108.6401,108.6401,108.6401,,108.6401,factor_candle,FRED CSV Gateway mirror,learning_only_mirror
DTWEXBGS,2017-09-19,2017-09-19T00:00:00Z,daily,108.6142,108.6142,108.6142,108.6142,,108.6142,factor_candle,FRED CSV Gateway mirror,learning_only_mirror
DTWEXBGS,2017-09-20,2017-09-20T00:00:00Z,daily,108.4329,108.4329,108.4329,108.4329,,108.4329,factor_candle,FRED CSV Gateway mirror,learning_only_mirror
DTWEXBGS,2017-09-21,2017-09-21T00:00:00Z,daily,108.9267,108.9267,108.9267,108.9267,,108.9267,factor_candle,FRED CSV Gateway mirror,learning_only_mirror
DTWEXBGS,2017-09-22,2017-09-22T00:00:00Z,daily,108.7542,108.7542,108.7542,108.7542,,108.7542,factor_candle,FRED CSV Gateway mirror,learning_only_mirror
DTWEXBGS,2017-09-25,2017-09-25T00:00:00Z,daily,109.3302,109.3302,109.3302,109.3302,,109.3302,factor_candle,FRED CSV Gateway mirror,learning_only_mirror
DTWEXBGS,2017-09-26,2017-09-26T00:00:00Z,daily,109.7769,109.7769,109.7769,109.7769,,109.7769,factor_candle,FRED CSV Gateway mirror,learning_only_mirror
DTWEXBGS,2017-09-27,2017-09-27T00:00:00Z,daily,110.0722,110.0722,110.0722,110.0722,,110.0722,factor_candle,FRED CSV Gateway mirror,learning_only_mirror
DTWEXBGS,2017-09-28,2017-09-28T00:00:00Z,daily,110.2415,110.2415,110.2415,110.2415,,110.2415,factor_candle,FRED CSV Gateway mirror,learning_only_mirror
DTWEXBGS,2017-09-29,2017-09-29T00:00:00Z,daily,110.0867,110.0867,110.0867,110.0867,,110.0867,factor_candle,FRED CSV Gateway mirror,learning_only_mirror
DTWEXBGS,2017-10-02,2017-10-02T00:00:00Z,daily,110.3686,110.3686,110.3686,110.3686,,110.3686,factor_candle,FRED CSV Gateway mirror,learning_only_mirror
DTWEXBGS,2017-10-03,2017-10-03T00:00:00Z,daily,110.3281,110.3281,110.3281,110.3281,,110.3281,factor_candle,FRED CSV Gateway mirror,learning_only_mirror
DTWEXBGS,2017-10-04,2017-10-04T00:00:00Z,daily,110.2425,110.2425,110.2425,110.2425,,110.2425,factor_candle,FRED CSV Gateway mirror,learning_only_mirror
DTWEXBGS,2017-10-05,2017-10-05T00:00:00Z,daily,110.5823,110.5823,110.5823,110.5823,,110.5823,factor_candle,FRED CSV Gateway mirror,learning_only_mirror
DTWEXBGS,2017-10-06,2017-10-06T00:00:00Z,daily,110.7841,110.7841,110.7841,110.7841,,110.7841,factor_candle,FRED CSV Gateway mirror,learning_only_mirror
DTWEXBGS,2017-10-10,2017-10-10T00:00:00Z,daily,110.3034,110.3034,110.3034,110.3034,,110.3034,factor_candle,FRED CSV Gateway mirror,learning_only_mirror
DTWEXBGS,2017-10-11,2017-10-11T00:00:00Z,daily,110.3037,110.3037,110.3037,110.3037,,110.3037,factor_candle,FRED CSV Gateway mirror,learning_only_mirror
DTWEXBGS,2017-10-12,2017-10-12T00:00:00Z,daily,110.3152,110.3152,110.3152,110.3152,,110.3152,factor_candle,FRED CSV Gateway mirror,learning_only_mirror
DTWEXBGS,2017-10-13,2017-10-13T00:00:00Z,daily,110.2669,110.2669,110.2669,110.2669,,110.2669,factor_candle,FRED CSV Gateway mirror,learning_only_mirror
DTWEXBGS,2017-10-16,2017-10-16T00:00:00Z,daily,110.5432,110.5432,110.5432,110.5432,,110.5432,factor_candle,FRED CSV Gateway mirror,learning_only_mirror
DTWEXBGS,2017-10-17,2017-10-17T00:00:00Z,daily,110.9141,110.9141,110.9141,110.9141,,110.9141,factor_candle,FRED CSV Gateway mirror,learning_only_mirror
DTWEXBGS,2017-10-18,2017-10-18T00:00:00Z,daily,110.7214,110.7214,110.7214,110.7214,,110.7214,factor_candle,FRED CSV Gateway mirror,learning_only_mirror
DTWEXBGS,2017-10-19,2017-10-19T00:00:00Z,daily,110.4577,110.4577,110.4577,110.4577,,110.4577,factor_candle,FRED CSV Gateway mirror,learning_only_mirror
DTWEXBGS,2017-10-20,2017-10-20T00:00:00Z,daily,111.0375,111.0375,111.0375,111.0375,,111.0375,factor_candle,FRED CSV Gateway mirror,learning_only_mirror
DTWEXBGS,2017-10-23,2017-10-23T00:00:00Z,daily,111.2134,111.2134,111.2134,111.2134,,111.2134,factor_candle,FRED CSV Gateway mirror,learning_only_mirror
DTWEXBGS,2017-10-24,2017-10-24T00:00:00Z,daily,111.4027,111.4027,111.4027,111.4027,,111.4027,factor_candle,FRED CSV Gateway mirror,learning_only_mirror
DTWEXBGS,2017-10-25,2017-10-25T00:00:00Z,daily,111.3904,111.3904,111.3904,111.3904,,111.3904,factor_candle,FRED CSV Gateway mirror,learning_only_mirror
DTWEXBGS,2017-10-26,2017-10-26T00:00:00Z,daily,111.6418,111.6418,111.6418,111.6418,,111.6418,factor_candle,FRED CSV Gateway mirror,learning_only_mirror
DTWEXBGS,2017-10-27,2017-10-27T00:00:00Z,daily,112.1495,112.1495,112.1495,112.1495,,112.1495,factor_candle,FRED CSV Gateway mirror,learning_only_mirror
DTWEXBGS,2017-10-30,2017-10-30T00:00:00Z,daily,111.901,111.901,111.901,111.901,,111.901,factor_candle,FRED CSV Gateway mirror,learning_only_mirror
DTWEXBGS,2017-10-31,2017-10-31T00:00:00Z,daily,111.8052,111.8052,111.8052,111.8052,,111.8052,factor_candle,FRED CSV Gateway mirror,learning_only_mirror
DTWEXBGS,2017-11-01,2017-11-01T00:00:00Z,daily,111.7942,111.7942,111.7942,111.7942,,111.7942,factor_candle,FRED CSV Gateway mirror,learning_only_mirror
DTWEXBGS,2017-11-02,2017-11-02T00:00:00Z,daily,111.5474,111.5474,111.5474,111.5474,,111.5474,factor_candle,FRED CSV Gateway mirror,learning_only_mirror
DTWEXBGS,2017-11-03,2017-11-03T00:00:00Z,daily,111.9383,111.9383,111.9383,111.9383,,111.9383,factor_candle,FRED CSV Gateway mirror,learning_only_mirror
DTWEXBGS,2017-11-06,2017-11-06T00:00:00Z,daily,111.7197,111.7197,111.7197,111.7197,,111.7197,factor_candle,FRED CSV Gateway mirror,learning_only_mirror
DTWEXBGS,2017-11-07,2017-11-07T00:00:00Z,daily,111.9446,111.9446,111.9446,111.9446,,111.9446,factor_candle,FRED CSV Gateway mirror,learning_only_mirror
DTWEXBGS,2017-11-08,2017-11-08T00:00:00Z,daily,111.6935,111.6935,111.6935,111.6935,,111.6935,factor_candle,FRED CSV Gateway mirror,learning_only_mirror
DTWEXBGS,2017-11-09,2017-11-09T00:00:00Z,daily,111.5626,111.5626,111.5626,111.5626,,111.5626,factor_candle,FRED CSV Gateway mirror,learning_only_mirror
DTWEXBGS,2017-11-13,2017-11-13T00:00:00Z,daily,111.7833,111.7833,111.7833,111.7833,,111.7833,factor_candle,FRED CSV Gateway mirror,learning_only_mirror
DTWEXBGS,2017-11-14,2017-11-14T00:00:00Z,daily,111.5097,111.5097,111.5097,111.5097,,111.5097,factor_candle,FRED CSV Gateway mirror,learning_only_mirror
DTWEXBGS,2017-11-15,2017-11-15T00:00:00Z,daily,111.4809,111.4809,111.4809,111.4809,,111.4809,factor_candle,FRED CSV Gateway mirror,learning_only_mirror
DTWEXBGS,2017-11-16,2017-11-16T00:00:00Z,daily,111.2568,111.2568,111.2568,111.2568,,111.2568,factor_candle,FRED CSV Gateway mirror,learning_only_mirror
DTWEXBGS,2017-11-17,2017-11-17T00:00:00Z,daily,111.0016,111.0016,111.0016,111.0016,,111.0016,factor_candle,FRED CSV Gateway mirror,learning_only_mirror
DTWEXBGS,2017-11-20,2017-11-20T00:00:00Z,daily,111.2599,111.2599,111.2599,111.2599,,111.2599,factor_candle,FRED CSV Gateway mirror,learning_only_mirror
DTWEXBGS,2017-11-21,2017-11-21T00:00:00Z,daily,110.9828,110.9828,110.9828,110.9828,,110.9828,factor_candle,FRED CSV Gateway mirror,learning_only_mirror
DTWEXBGS,2017-11-22,2017-11-22T00:00:00Z,daily,110.5632,110.5632,110.5632,110.5632,,110.5632,factor_candle,FRED CSV Gateway mirror,learning_only_mirror
DTWEXBGS,2017-11-24,2017-11-24T00:00:00Z,daily,110.0253,110.0253,110.0253,110.0253,,110.0253,factor_candle,FRED CSV Gateway mirror,learning_only_mirror
DTWEXBGS,2017-11-27,2017-11-27T00:00:00Z,daily,110.1136,110.1136,110.1136,110.1136,,110.1136,factor_candle,FRED CSV Gateway mirror,learning_only_mirror
DTWEXBGS,2017-11-28,2017-11-28T00:00:00Z,daily,110.3018,110.3018,110.3018,110.3018,,110.3018,factor_candle,FRED CSV Gateway mirror,learning_only_mirror
DTWEXBGS,2017-11-29,2017-11-29T00:00:00Z,daily,110.3265,110.3265,110.3265,110.3265,,110.3265,factor_candle,FRED CSV Gateway mirror,learning_only_mirror
DTWEXBGS,2017-11-30,2017-11-30T00:00:00Z,daily,110.4648,110.4648,110.4648,110.4648,,110.4648,factor_candle,FRED CSV Gateway mirror,learning_only_mirror
DTWEXBGS,2017-12-01,2017-12-01T00:00:00Z,daily,110.1413,110.1413,110.1413,110.1413,,110.1413,factor_candle,FRED CSV Gateway mirror,learning_only_mirror
DTWEXBGS,2017-12-04,2017-12-04T00:00:00Z,daily,110.397,110.397,110.397,110.397,,110.397,factor_candle,FRED CSV Gateway mirror,learning_only_mirror
DTWEXBGS,2017-12-05,2017-12-05T00:00:00Z,daily,110.4905,110.4905,110.4905,110.4905,,110.4905,factor_candle,FRED CSV Gateway mirror,learning_only_mirror
DTWEXBGS,2017-12-06,2017-12-06T00:00:00Z,daily,110.8711,110.8711,110.8711,110.8711,,110.8711,factor_candle,FRED CSV Gateway mirror,learning_only_mirror
DTWEXBGS,2017-12-07,2017-12-07T00:00:00Z,daily,111.0178,111.0178,111.0178,111.0178,,111.0178,factor_candle,FRED CSV Gateway mirror,learning_only_mirror
DTWEXBGS,2017-12-08,2017-12-08T00:00:00Z,daily,111.2273,111.2273,111.2273,111.2273,,111.2273,factor_candle,FRED CSV Gateway mirror,learning_only_mirror
DTWEXBGS,2017-12-11,2017-12-11T00:00:00Z,daily,111.0827,111.0827,111.0827,111.0827,,111.0827,factor_candle,FRED CSV Gateway mirror,learning_only_mirror
DTWEXBGS,2017-12-12,2017-12-12T00:00:00Z,daily,111.5214,111.5214,111.5214,111.5214,,111.5214,factor_candle,FRED CSV Gateway mirror,learning_only_mirror
DTWEXBGS,2017-12-13,2017-12-13T00:00:00Z,daily,111.2759,111.2759,111.2759,111.2759,,111.2759,factor_candle,FRED CSV Gateway mirror,learning_only_mirror
DTWEXBGS,2017-12-14,2017-12-14T00:00:00Z,daily,111.0893,111.0893,111.0893,111.0893,,111.0893,factor_candle,FRED CSV Gateway mirror,learning_only_mirror
DTWEXBGS,2017-12-15,2017-12-15T00:00:00Z,daily,111.1286,111.1286,111.1286,111.1286,,111.1286,factor_candle,FRED CSV Gateway mirror,learning_only_mirror
DTWEXBGS,2017-12-18,2017-12-18T00:00:00Z,daily,110.9086,110.9086,110.9086,110.9086,,110.9086,factor_candle,FRED CSV Gateway mirror,learning_only_mirror
DTWEXBGS,2017-12-19,2017-12-19T00:00:00Z,daily,111.1255,111.1255,111.1255,111.1255,,111.1255,factor_candle,FRED CSV Gateway mirror,learning_only_mirror
DTWEXBGS,2017-12-20,2017-12-20T00:00:00Z,daily,110.8361,110.8361,110.8361,110.8361,,110.8361,factor_candle,FRED CSV Gateway mirror,learning_only_mirror
DTWEXBGS,2017-12-21,2017-12-21T00:00:00Z,daily,110.8786,110.8786,110.8786,110.8786,,110.8786,factor_candle,FRED CSV Gateway mirror,learning_only_mirror
DTWEXBGS,2017-12-22,2017-12-22T00:00:00Z,daily,111.0997,111.0997,111.0997,111.0997,,111.0997,factor_candle,FRED CSV Gateway mirror,learning_only_mirror
DTWEXBGS,2017-12-26,2017-12-26T00:00:00Z,daily,110.9758,110.9758,110.9758,110.9758,,110.9758,factor_candle,FRED CSV Gateway mirror,learning_only_mirror
DTWEXBGS,2017-12-27,2017-12-27T00:00:00Z,daily,110.8553,110.8553,110.8553,110.8553,,110.8553,factor_candle,FRED CSV Gateway mirror,learning_only_mirror
DTWEXBGS,2017-12-28,2017-12-28T00:00:00Z,daily,110.5154,110.5154,110.5154,110.5154,,110.5154,factor_candle,FRED CSV Gateway mirror,learning_only_mirror
DTWEXBGS,2017-12-29,2017-12-29T00:00:00Z,daily,110.0783,110.0783,110.0783,110.0783,,110.0783,factor_candle,FRED CSV Gateway mirror,learning_only_mirror
DTWEXBGS,2018-01-02,2018-01-02T00:00:00Z,daily,109.6445,109.6445,109.6445,109.6445,,109.6445,factor_candle,FRED CSV Gateway mirror,learning_only_mirror
DTWEXBGS,2018-01-03,2018-01-03T00:00:00Z,daily,109.6751,109.6751,109.6751,109.6751,,109.6751,factor_candle,FRED CSV Gateway mirror,learning_only_mirror
DTWEXBGS,2018-01-04,2018-01-04T00:00:00Z,daily,109.4777,109.4777,109.4777,109.4777,,109.4777,factor_candle,FRED CSV Gateway mirror,learning_only_mirror
DTWEXBGS,2018-01-05,2018-01-05T00:00:00Z,daily,109.3496,109.3496,109.3496,109.3496,,109.3496,factor_candle,FRED CSV Gateway mirror,learning_only_mirror
DTWEXBGS,2018-01-08,2018-01-08T00:00:00Z,daily,109.5681,109.5681,109.5681,109.5681,,109.5681,factor_candle,FRED CSV Gateway mirror,learning_only_mirror
DTWEXBGS,2018-01-09,2018-01-09T00:00:00Z,daily,109.9025,109.9025,109.9025,109.9025,,109.9025,factor_candle,FRED CSV Gateway mirror,learning_only_mirror
DTWEXBGS,2018-01-10,2018-01-10T00:00:00Z,daily,109.628,109.628,109.628,109.628,,109.628,factor_candle,FRED CSV Gateway mirror,learning_only_mirror
DTWEXBGS,2018-01-11,2018-01-11T00:00:00Z,daily,109.4888,109.4888,109.4888,109.4888,,109.4888,factor_candle,FRED CSV Gateway mirror,learning_only_mirror
DTWEXBGS,2018-01-12,2018-01-12T00:00:00Z,daily,108.901,108.901,108.901,108.901,,108.901,factor_candle,FRED CSV Gateway mirror,learning_only_mirror
DTWEXBGS,2018-01-16,2018-01-16T00:00:00Z,daily,108.3218,108.3218,108.3218,108.3218,,108.3218,factor_candle,FRED CSV Gateway mirror,learning_only_mirror
DTWEXBGS,2018-01-17,2018-01-17T00:00:00Z,daily,108.1526,108.1526,108.1526,108.1526,,108.1526,factor_candle,FRED CSV Gateway mirror,learning_only_mirror
DTWEXBGS,2018-01-18,2018-01-18T00:00:00Z,daily,108.0655,108.0655,108.0655,108.0655,,108.0655,factor_candle,FRED CSV Gateway mirror,learning_only_mirror
DTWEXBGS,2018-01-19,2018-01-19T00:00:00Z,daily,107.9455,107.9455,107.9455,107.9455,,107.9455,factor_candle,FRED CSV Gateway mirror,learning_only_mirror
DTWEXBGS,2018-01-22,2018-01-22T00:00:00Z,daily,108.107,108.107,108.107,108.107,,108.107,factor_candle,FRED CSV Gateway mirror,learning_only_mirror
DTWEXBGS,2018-01-23,2018-01-23T00:00:00Z,daily,107.9979,107.9979,107.9979,107.9979,,107.9979,factor_candle,FRED CSV Gateway mirror,learning_only_mirror
DTWEXBGS,2018-01-24,2018-01-24T00:00:00Z,daily,107.0802,107.0802,107.0802,107.0802,,107.0802,factor_candle,FRED CSV Gateway mirror,learning_only_mirror
DTWEXBGS,2018-01-25,2018-01-25T00:00:00Z,daily,106.5052,106.5052,106.5052,106.5052,,106.5052,factor_candle,FRED CSV Gateway mirror,learning_only_mirror
DTWEXBGS,2018-01-26,2018-01-26T00:00:00Z,daily,106.6911,106.6911,106.6911,106.6911,,106.6911,factor_candle,FRED CSV Gateway mirror,learning_only_mirror
DTWEXBGS,2018-01-29,2018-01-29T00:00:00Z,daily,107.1142,107.1142,107.1142,107.1142,,107.1142,factor_candle,FRED CSV Gateway mirror,learning_only_mirror
DTWEXBGS,2018-01-30,2018-01-30T00:00:00Z,daily,107.1064,107.1064,107.1064,107.1064,,107.1064,factor_candle,FRED CSV Gateway mirror,learning_only_mirror
DTWEXBGS,2018-01-31,2018-01-31T00:00:00Z,daily,106.7696,106.7696,106.7696,106.7696,,106.7696,factor_candle,FRED CSV Gateway mirror,learning_only_mirror
DTWEXBGS,2018-02-01,2018-02-01T00:00:00Z,daily,106.4877,106.4877,106.4877,106.4877,,106.4877,factor_candle,FRED CSV Gateway mirror,learning_only_mirror
DTWEXBGS,2018-02-02,2018-02-02T00:00:00Z,daily,107.1151,107.1151,107.1151,107.1151,,107.1151,factor_candle,FRED CSV Gateway mirror,learning_only_mirror
DTWEXBGS,2018-02-05,2018-02-05T00:00:00Z,daily,107.33,107.33,107.33,107.33,,107.33,factor_candle,FRED CSV Gateway mirror,learning_only_mirror
DTWEXBGS,2018-02-06,2018-02-06T00:00:00Z,daily,107.5204,107.5204,107.5204,107.5204,,107.5204,factor_candle,FRED CSV Gateway mirror,learning_only_mirror
DTWEXBGS,2018-02-07,2018-02-07T00:00:00Z,daily,107.7175,107.7175,107.7175,107.7175,,107.7175,factor_candle,FRED CSV Gateway mirror,learning_only_mirror
DTWEXBGS,2018-02-08,2018-02-08T00:00:00Z,daily,108.3025,108.3025,108.3025,108.3025,,108.3025,factor_candle,FRED CSV Gateway mirror,learning_only_mirror
DTWEXBGS,2018-02-09,2018-02-09T00:00:00Z,daily,108.2582,108.2582,108.2582,108.2582,,108.2582,factor_candle,FRED CSV Gateway mirror,learning_only_mirror
DTWEXBGS,2018-02-12,2018-02-12T00:00:00Z,daily,108.0332,108.0332,108.0332,108.0332,,108.0332,factor_candle,FRED CSV Gateway mirror,learning_only_mirror
DTWEXBGS,2018-02-13,2018-02-13T00:00:00Z,daily,107.7574,107.7574,107.7574,107.7574,,107.7574,factor_candle,FRED CSV Gateway mirror,learning_only_mirror
DTWEXBGS,2018-02-14,2018-02-14T00:00:00Z,daily,107.4691,107.4691,107.4691,107.4691,,107.4691,factor_candle,FRED CSV Gateway mirror,learning_only_mirror
DTWEXBGS,2018-02-15,2018-02-15T00:00:00Z,daily,106.9867,106.9867,106.9867,106.9867,,106.9867,factor_candle,FRED CSV Gateway mirror,learning_only_mirror
DTWEXBGS,2018-02-16,2018-02-16T00:00:00Z,daily,107.0359,107.0359,107.0359,107.0359,,107.0359,factor_candle,FRED CSV Gateway mirror,learning_only_mirror
DTWEXBGS,2018-02-20,2018-02-20T00:00:00Z,daily,107.6249,107.6249,107.6249,107.6249,,107.6249,factor_candle,FRED CSV Gateway mirror,learning_only_mirror
DTWEXBGS,2018-02-21,2018-02-21T00:00:00Z,daily,107.8679,107.8679,107.8679,107.8679,,107.8679,factor_candle,FRED CSV Gateway mirror,learning_only_mirror
DTWEXBGS,2018-02-22,2018-02-22T00:00:00Z,daily,107.8668,107.8668,107.8668,107.8668,,107.8668,factor_candle,FRED CSV Gateway mirror,learning_only_mirror
DTWEXBGS,2018-02-23,2018-02-23T00:00:00Z,daily,107.6804,107.6804,107.6804,107.6804,,107.6804,factor_candle,FRED CSV Gateway mirror,learning_only_mirror
DTWEXBGS,2018-02-26,2018-02-26T00:00:00Z,daily,107.7347,107.7347,107.7347,107.7347,,107.7347,factor_candle,FRED CSV Gateway mirror,learning_only_mirror
DTWEXBGS,2018-02-27,2018-02-27T00:00:00Z,daily,108.1731,108.1731,108.1731,108.1731,,108.1731,factor_candle,FRED CSV Gateway mirror,learning_only_mirror
DTWEXBGS,2018-02-28,2018-02-28T00:00:00Z,daily,108.3903,108.3903,108.3903,108.3903,,108.3903,factor_candle,FRED CSV Gateway mirror,learning_only_mirror
DTWEXBGS,2018-03-01,2018-03-01T00:00:00Z,daily,108.5358,108.5358,108.5358,108.5358,,108.5358,factor_candle,FRED CSV Gateway mirror,learning_only_mirror
DTWEXBGS,2018-03-05,2018-03-05T00:00:00Z,daily,108.3614,108.3614,108.3614,108.3614,,108.3614,factor_candle,FRED CSV Gateway mirror,learning_only_mirror
DTWEXBGS,2018-03-06,2018-03-06T00:00:00Z,daily,107.7969,107.7969,107.7969,107.7969,,107.7969,factor_candle,FRED CSV Gateway mirror,learning_only_mirror
DTWEXBGS,2018-03-07,2018-03-07T00:00:00Z,daily,108.0911,108.0911,108.0911,108.0911,,108.0911,factor_candle,FRED CSV Gateway mirror,learning_only_mirror
DTWEXBGS,2018-03-08,2018-03-08T00:00:00Z,daily,108.2671,108.2671,108.2671,108.2671,,108.2671,factor_candle,FRED CSV Gateway mirror,learning_only_mirror
DTWEXBGS,2018-03-09,2018-03-09T00:00:00Z,daily,107.923,107.923,107.923,107.923,,107.923,factor_candle,FRED CSV Gateway mirror,learning_only_mirror
DTWEXBGS,2018-03-12,2018-03-12T00:00:00Z,daily,107.9438,107.9438,107.9438,107.9438,,107.9438,factor_candle,FRED CSV Gateway mirror,learning_only_mirror
DTWEXBGS,2018-03-13,2018-03-13T00:00:00Z,daily,107.7384,107.7384,107.7384,107.7384,,107.7384,factor_candle,FRED CSV Gateway mirror,learning_only_mirror
DTWEXBGS,2018-03-14,2018-03-14T00:00:00Z,daily,107.8623,107.8623,107.8623,107.8623,,107.8623,factor_candle,FRED CSV Gateway mirror,learning_only_mirror
DTWEXBGS,2018-03-15,2018-03-15T00:00:00Z,daily,108.2032,108.2032,108.2032,108.2032,,108.2032,factor_candle,FRED CSV Gateway mirror,learning_only_mirror
DTWEXBGS,2018-03-16,2018-03-16T00:00:00Z,daily,108.4332,108.4332,108.4332,108.4332,,108.4332,factor_candle,FRED CSV Gateway mirror,learning_only_mirror
DTWEXBGS,2018-03-19,2018-03-19T00:00:00Z,daily,108.3145,108.3145,108.3145,108.3145,,108.3145,factor_candle,FRED CSV Gateway mirror,learning_only_mirror
DTWEXBGS,2018-03-20,2018-03-20T00:00:00Z,daily,108.4953,108.4953,108.4953,108.4953,,108.4953,factor_candle,FRED CSV Gateway mirror,learning_only_mirror
DTWEXBGS,2018-03-22,2018-03-22T00:00:00Z,daily,107.9935,107.9935,107.9935,107.9935,,107.9935,factor_candle,FRED CSV Gateway mirror,learning_only_mirror
DTWEXBGS,2018-03-23,2018-03-23T00:00:00Z,daily,107.7495,107.7495,107.7495,107.7495,,107.7495,factor_candle,FRED CSV Gateway mirror,learning_only_mirror
DTWEXBGS,2018-03-26,2018-03-26T00:00:00Z,daily,107.1819,107.1819,107.1819,107.1819,,107.1819,factor_candle,FRED CSV Gateway mirror,learning_only_mirror
DTWEXBGS,2018-03-27,2018-03-27T00:00:00Z,daily,107.3359,107.3359,107.3359,107.3359,,107.3359,factor_candle,FRED CSV Gateway mirror,learning_only_mirror
DTWEXBGS,2018-03-28,2018-03-28T00:00:00Z,daily,107.5733,107.5733,107.5733,107.5733,,107.5733,factor_candle,FRED CSV Gateway mirror,learning_only_mirror
DTWEXBGS,2018-03-29,2018-03-29T00:00:00Z,daily,107.665,107.665,107.665,107.665,,107.665,factor_candle,FRED CSV Gateway mirror,learning_only_mirror
DTWEXBGS,2018-03-30,2018-03-30T00:00:00Z,daily,107.4784,107.4784,107.4784,107.4784,,107.4784,factor_candle,FRED CSV Gateway mirror,learning_only_mirror
DTWEXBGS,2018-04-02,2018-04-02T00:00:00Z,daily,107.7033,107.7033,107.7033,107.7033,,107.7033,factor_candle,FRED CSV Gateway mirror,learning_only_mirror
DTWEXBGS,2018-04-03,2018-04-03T00:00:00Z,daily,107.5624,107.5624,107.5624,107.5624,,107.5624,factor_candle,FRED CSV Gateway mirror,learning_only_mirror
DTWEXBGS,2018-04-04,2018-04-04T00:00:00Z,daily,107.6361,107.6361,107.6361,107.6361,,107.6361,factor_candle,FRED CSV Gateway mirror,learning_only_mirror
DTWEXBGS,2018-04-05,2018-04-05T00:00:00Z,daily,107.7281,107.7281,107.7281,107.7281,,107.7281,factor_candle,FRED CSV Gateway mirror,learning_only_mirror
DTWEXBGS,2018-04-06,2018-04-06T00:00:00Z,daily,107.7886,107.7886,107.7886,107.7886,,107.7886,factor_candle,FRED CSV Gateway mirror,learning_only_mirror
DTWEXBGS,2018-04-09,2018-04-09T00:00:00Z,daily,107.5316,107.5316,107.5316,107.5316,,107.5316,factor_candle,FRED CSV Gateway mirror,learning_only_mirror
DTWEXBGS,2018-04-10,2018-04-10T00:00:00Z,daily,107.3659,107.3659,107.3659,107.3659,,107.3659,factor_candle,FRED CSV Gateway mirror,learning_only_mirror
DTWEXBGS,2018-04-11,2018-04-11T00:00:00Z,daily,107.1224,107.1224,107.1224,107.1224,,107.1224,factor_candle,FRED CSV Gateway mirror,learning_only_mirror
DTWEXBGS,2018-04-12,2018-04-12T00:00:00Z,daily,107.2905,107.2905,107.2905,107.2905,,107.2905,factor_candle,FRED CSV Gateway mirror,learning_only_mirror
DTWEXBGS,2018-04-13,2018-04-13T00:00:00Z,daily,107.2368,107.2368,107.2368,107.2368,,107.2368,factor_candle,FRED CSV Gateway mirror,learning_only_mirror
DTWEXBGS,2018-04-16,2018-04-16T00:00:00Z,daily,107.0595,107.0595,107.0595,107.0595,,107.0595,factor_candle,FRED CSV Gateway mirror,learning_only_mirror
DTWEXBGS,2018-04-17,2018-04-17T00:00:00Z,daily,107.0344,107.0344,107.0344,107.0344,,107.0344,factor_candle,FRED CSV Gateway mirror,learning_only_mirror
DTWEXBGS,2018-04-18,2018-04-18T00:00:00Z,daily,107.1096,107.1096,107.1096,107.1096,,107.1096,factor_candle,FRED CSV Gateway mirror,learning_only_mirror
DTWEXBGS,2018-04-19,2018-04-19T00:00:00Z,daily,107.5197,107.5197,107.5197,107.5197,,107.5197,factor_candle,FRED CSV Gateway mirror,learning_only_mirror
DTWEXBGS,2018-04-20,2018-04-20T00:00:00Z,daily,108.1787,108.1787,108.1787,108.1787,,108.1787,factor_candle,FRED CSV Gateway mirror,learning_only_mirror
DTWEXBGS,2018-04-23,2018-04-23T00:00:00Z,daily,108.9332,108.9332,108.9332,108.9332,,108.9332,factor_candle,FRED CSV Gateway mirror,learning_only_mirror
DTWEXBGS,2018-04-24,2018-04-24T00:00:00Z,daily,108.7906,108.7906,108.7906,108.7906,,108.7906,factor_candle,FRED CSV Gateway mirror,learning_only_mirror
DTWEXBGS,2018-04-25,2018-04-25T00:00:00Z,daily,109.3447,109.3447,109.3447,109.3447,,109.3447,factor_candle,FRED CSV Gateway mirror,learning_only_mirror
DTWEXBGS,2018-04-26,2018-04-26T00:00:00Z,daily,109.3646,109.3646,109.3646,109.3646,,109.3646,factor_candle,FRED CSV Gateway mirror,learning_only_mirror
DTWEXBGS,2018-04-27,2018-04-27T00:00:00Z,daily,109.1735,109.1735,109.1735,109.1735,,109.1735,factor_candle,FRED CSV Gateway mirror,learning_only_mirror
DTWEXBGS,2018-04-30,2018-04-30T00:00:00Z,daily,109.3363,109.3363,109.3363,109.3363,,109.3363,factor_candle,FRED CSV Gateway mirror,learning_only_mirror
DTWEXBGS,2018-05-01,2018-05-01T00:00:00Z,daily,109.7445,109.7445,109.7445,109.7445,,109.7445,factor_candle,FRED CSV Gateway mirror,learning_only_mirror
DTWEXBGS,2018-05-02,2018-05-02T00:00:00Z,daily,110.1625,110.1625,110.1625,110.1625,,110.1625,factor_candle,FRED CSV Gateway mirror,learning_only_mirror
DTWEXBGS,2018-05-03,2018-05-03T00:00:00Z,daily,110.1803,110.1803,110.1803,110.1803,,110.1803,factor_candle,FRED CSV Gateway mirror,learning_only_mirror
DTWEXBGS,2018-05-04,2018-05-04T00:00:00Z,daily,110.25,110.25,110.25,110.25,,110.25,factor_candle,FRED CSV Gateway mirror,learning_only_mirror
DTWEXBGS,2018-05-07,2018-05-07T00:00:00Z,daily,110.5721,110.5721,110.5721,110.5721,,110.5721,factor_candle,FRED CSV Gateway mirror,learning_only_mirror
DTWEXBGS,2018-05-08,2018-05-08T00:00:00Z,daily,111.063,111.063,111.063,111.063,,111.063,factor_candle,FRED CSV Gateway mirror,learning_only_mirror
DTWEXBGS,2018-05-09,2018-05-09T00:00:00Z,daily,110.8818,110.8818,110.8818,110.8818,,110.8818,factor_candle,FRED CSV Gateway mirror,learning_only_mirror
DTWEXBGS,2018-05-10,2018-05-10T00:00:00Z,daily,110.405,110.405,110.405,110.405,,110.405,factor_candle,FRED CSV Gateway mirror,learning_only_mirror
DTWEXBGS,2018-05-11,2018-05-11T00:00:00Z,daily,110.2847,110.2847,110.2847,110.2847,,110.2847,factor_candle,FRED CSV Gateway mirror,learning_only_mirror
DTWEXBGS,2018-05-14,2018-05-14T00:00:00Z,daily,110.408,110.408,110.408,110.408,,110.408,factor_candle,FRED CSV Gateway mirror,learning_only_mirror
DTWEXBGS,2018-05-15,2018-05-15T00:00:00Z,daily,111.2292,111.2292,111.2292,111.2292,,111.2292,factor_candle,FRED CSV Gateway mirror,learning_only_mirror
DTWEXBGS,2018-05-16,2018-05-16T00:00:00Z,daily,111.3068,111.3068,111.3068,111.3068,,111.3068,factor_candle,FRED CSV Gateway mirror,learning_only_mirror
DTWEXBGS,2018-05-17,2018-05-17T00:00:00Z,daily,111.3547,111.3547,111.3547,111.3547,,111.3547,factor_candle,FRED CSV Gateway mirror,learning_only_mirror
DTWEXBGS,2018-05-18,2018-05-18T00:00:00Z,daily,111.7171,111.7171,111.7171,111.7171,,111.7171,factor_candle,FRED CSV Gateway mirror,learning_only_mirror
DTWEXBGS,2018-05-21,2018-05-21T00:00:00Z,daily,111.6394,111.6394,111.6394,111.6394,,111.6394,factor_candle,FRED CSV Gateway mirror,learning_only_mirror
DTWEXBGS,2018-05-22,2018-05-22T00:00:00Z,daily,111.1945,111.1945,111.1945,111.1945,,111.1945,factor_candle,FRED CSV Gateway mirror,learning_only_mirror
DTWEXBGS,2018-05-23,2018-05-23T00:00:00Z,daily,111.6933,111.6933,111.6933,111.6933,,111.6933,factor_candle,FRED CSV Gateway mirror,learning_only_mirror
DTWEXBGS,2018-05-24,2018-05-24T00:00:00Z,daily,111.4885,111.4885,111.4885,111.4885,,111.4885,factor_candle,FRED CSV Gateway mirror,learning_only_mirror
DTWEXBGS,2018-05-25,2018-05-25T00:00:00Z,daily,111.5843,111.5843,111.5843,111.5843,,111.5843,factor_candle,FRED CSV Gateway mirror,learning_only_mirror
DTWEXBGS,2018-05-29,2018-05-29T00:00:00Z,daily,112.2127,112.2127,112.2127,112.2127,,112.2127,factor_candle,FRED CSV Gateway mirror,learning_only_mirror
DTWEXBGS,2018-05-30,2018-05-30T00:00:00Z,daily,111.6731,111.6731,111.6731,111.6731,,111.6731,factor_candle,FRED CSV Gateway mirror,learning_only_mirror
DTWEXBGS,2018-05-31,2018-05-31T00:00:00Z,daily,111.9894,111.9894,111.9894,111.9894,,111.9894,factor_candle,FRED CSV Gateway mirror,learning_only_mirror
DTWEXBGS,2018-06-01,2018-06-01T00:00:00Z,daily,111.8265,111.8265,111.8265,111.8265,,111.8265,factor_candle,FRED CSV Gateway mirror,learning_only_mirror
DTWEXBGS,2018-06-04,2018-06-04T00:00:00Z,daily,111.8247,111.8247,111.8247,111.8247,,111.8247,factor_candle,FRED CSV Gateway mirror,learning_only_mirror
DTWEXBGS,2018-06-05,2018-06-05T00:00:00Z,daily,112.264,112.264,112.264,112.264,,112.264,factor_candle,FRED CSV Gateway mirror,learning_only_mirror
DTWEXBGS,2018-06-06,2018-06-06T00:00:00Z,daily,111.7525,111.7525,111.7525,111.7525,,111.7525,factor_candle,FRED CSV Gateway mirror,learning_only_mirror
DTWEXBGS,2018-06-07,2018-06-07T00:00:00Z,daily,112.0725,112.0725,112.0725,112.0725,,112.0725,factor_candle,FRED CSV Gateway mirror,learning_only_mirror
DTWEXBGS,2018-06-08,2018-06-08T00:00:00Z,daily,112.1066,112.1066,112.1066,112.1066,,112.1066,factor_candle,FRED CSV Gateway mirror,learning_only_mirror
DTWEXBGS,2018-06-11,2018-06-11T00:00:00Z,daily,112.1106,112.1106,112.1106,112.1106,,112.1106,factor_candle,FRED CSV Gateway mirror,learning_only_mirror
DTWEXBGS,2018-06-12,2018-06-12T00:00:00Z,daily,112.2138,112.2138,112.2138,112.2138,,112.2138,factor_candle,FRED CSV Gateway mirror,learning_only_mirror
DTWEXBGS,2018-06-13,2018-06-13T00:00:00Z,daily,112.2577,112.2577,112.2577,112.2577,,112.2577,factor_candle,FRED CSV Gateway mirror,learning_only_mirror
DTWEXBGS,2018-06-14,2018-06-14T00:00:00Z,daily,112.8593,112.8593,112.8593,112.8593,,112.8593,factor_candle,FRED CSV Gateway mirror,learning_only_mirror
DTWEXBGS,2018-06-15,2018-06-15T00:00:00Z,daily,113.3379,113.3379,113.3379,113.3379,,113.3379,factor_candle,FRED CSV Gateway mirror,learning_only_mirror
DTWEXBGS,2018-06-18,2018-06-18T00:00:00Z,daily,113.4899,113.4899,113.4899,113.4899,,113.4899,factor_candle,FRED CSV Gateway mirror,learning_only_mirror
DTWEXBGS,2018-06-19,2018-06-19T00:00:00Z,daily,113.639,113.639,113.639,113.639,,113.639,factor_candle,FRED CSV Gateway mirror,learning_only_mirror
DTWEXBGS,2018-06-20,2018-06-20T00:00:00Z,daily,113.4784,113.4784,113.4784,113.4784,,113.4784,factor_candle,FRED CSV Gateway mirror,learning_only_mirror
DTWEXBGS,2018-06-21,2018-06-21T00:00:00Z,daily,113.6109,113.6109,113.6109,113.6109,,113.6109,factor_candle,FRED CSV Gateway mirror,learning_only_mirror
DTWEXBGS,2018-06-22,2018-06-22T00:00:00Z,daily,113.3047,113.3047,113.3047,113.3047,,113.3047,factor_candle,FRED CSV Gateway mirror,learning_only_mirror
DTWEXBGS,2018-06-25,2018-06-25T00:00:00Z,daily,113.286,113.286,113.286,113.286,,113.286,factor_candle,FRED CSV Gateway mirror,learning_only_mirror
DTWEXBGS,2018-06-26,2018-06-26T00:00:00Z,daily,113.3016,113.3016,113.3016,113.3016,,113.3016,factor_candle,FRED CSV Gateway mirror,learning_only_mirror
DTWEXBGS,2018-06-27,2018-06-27T00:00:00Z,daily,113.8971,113.8971,113.8971,113.8971,,113.8971,factor_candle,FRED CSV Gateway mirror,learning_only_mirror
DTWEXBGS,2018-06-28,2018-06-28T00:00:00Z,daily,113.8405,113.8405,113.8405,113.8405,,113.8405,factor_candle,FRED CSV Gateway mirror,learning_only_mirror
DTWEXBGS,2018-06-29,2018-06-29T00:00:00Z,daily,113.2586,113.2586,113.2586,113.2586,,113.2586,factor_candle,FRED CSV Gateway mirror,learning_only_mirror
DTWEXBGS,2018-07-02,2018-07-02T00:00:00Z,daily,114.1673,114.1673,114.1673,114.1673,,114.1673,factor_candle,FRED CSV Gateway mirror,learning_only_mirror
DTWEXBGS,2018-07-03,2018-07-03T00:00:00Z,daily,113.3222,113.3222,113.3222,113.3222,,113.3222,factor_candle,FRED CSV Gateway mirror,learning_only_mirror
DTWEXBGS,2018-07-05,2018-07-05T00:00:00Z,daily,112.9759,112.9759,112.9759,112.9759,,112.9759,factor_candle,FRED CSV Gateway mirror,learning_only_mirror
DTWEXBGS,2018-07-06,2018-07-06T00:00:00Z,daily,112.6428,112.6428,112.6428,112.6428,,112.6428,factor_candle,FRED CSV Gateway mirror,learning_only_mirror
DTWEXBGS,2018-07-09,2018-07-09T00:00:00Z,daily,112.6425,112.6425,112.6425,112.6425,,112.6425,factor_candle,FRED CSV Gateway mirror,learning_only_mirror
DTWEXBGS,2018-07-10,2018-07-10T00:00:00Z,daily,112.5794,112.5794,112.5794,112.5794,,112.5794,factor_candle,FRED CSV Gateway mirror,learning_only_mirror
DTWEXBGS,2018-07-11,2018-07-11T00:00:00Z,daily,112.8582,112.8582,112.8582,112.8582,,112.8582,factor_candle,FRED CSV Gateway mirror,learning_only_mirror
DTWEXBGS,2018-07-12,2018-07-12T00:00:00Z,daily,112.779,112.779,112.779,112.779,,112.779,factor_candle,FRED CSV Gateway mirror,learning_only_mirror
DTWEXBGS,2018-07-13,2018-07-13T00:00:00Z,daily,113.0705,113.0705,113.0705,113.0705,,113.0705,factor_candle,FRED CSV Gateway mirror,learning_only_mirror
DTWEXBGS,2018-07-16,2018-07-16T00:00:00Z,daily,112.8437,112.8437,112.8437,112.8437,,112.8437,factor_candle,FRED CSV Gateway mirror,learning_only_mirror
DTWEXBGS,2018-07-17,2018-07-17T00:00:00Z,daily,113.1504,113.1504,113.1504,113.1504,,113.1504,factor_candle,FRED CSV Gateway mirror,learning_only_mirror
DTWEXBGS,2018-07-18,2018-07-18T00:00:00Z,daily,113.3348,113.3348,113.3348,113.3348,,113.3348,factor_candle,FRED CSV Gateway mirror,learning_only_mirror
DTWEXBGS,2018-07-19,2018-07-19T00:00:00Z,daily,113.9463,113.9463,113.9463,113.9463,,113.9463,factor_candle,FRED CSV Gateway mirror,learning_only_mirror
DTWEXBGS,2018-07-20,2018-07-20T00:00:00Z,daily,113.3213,113.3213,113.3213,113.3213,,113.3213,factor_candle,FRED CSV Gateway mirror,learning_only_mirror
DTWEXBGS,2018-07-23,2018-07-23T00:00:00Z,daily,113.4246,113.4246,113.4246,113.4246,,113.4246,factor_candle,FRED CSV Gateway mirror,learning_only_mirror
DTWEXBGS,2018-07-24,2018-07-24T00:00:00Z,daily,113.2045,113.2045,113.2045,113.2045,,113.2045,factor_candle,FRED CSV Gateway mirror,learning_only_mirror
DTWEXBGS,2018-07-25,2018-07-25T00:00:00Z,daily,112.9221,112.9221,112.9221,112.9221,,112.9221,factor_candle,FRED CSV Gateway mirror,learning_only_mirror
DTWEXBGS,2018-07-26,2018-07-26T00:00:00Z,daily,112.9179,112.9179,112.9179,112.9179,,112.9179,factor_candle,FRED CSV Gateway mirror,learning_only_mirror
DTWEXBGS,2018-07-27,2018-07-27T00:00:00Z,daily,112.8125,112.8125,112.8125,112.8125,,112.8125,factor_candle,FRED CSV Gateway mirror,learning_only_mirror
DTWEXBGS,2018-07-30,2018-07-30T00:00:00Z,daily,112.6044,112.6044,112.6044,112.6044,,112.6044,factor_candle,FRED CSV Gateway mirror,learning_only_mirror
DTWEXBGS,2018-07-31,2018-07-31T00:00:00Z,daily,112.7299,112.7299,112.7299,112.7299,,112.7299,factor_candle,FRED CSV Gateway mirror,learning_only_mirror
DTWEXBGS,2018-08-01,2018-08-01T00:00:00Z,daily,112.8899,112.8899,112.8899,112.8899,,112.8899,factor_candle,FRED CSV Gateway mirror,learning_only_mirror
DTWEXBGS,2018-08-02,2018-08-02T00:00:00Z,daily,113.1679,113.1679,113.1679,113.1679,,113.1679,factor_candle,FRED CSV Gateway mirror,learning_only_mirror
DTWEXBGS,2018-08-03,2018-08-03T00:00:00Z,daily,113.012,113.012,113.012,113.012,,113.012,factor_candle,FRED CSV Gateway mirror,learning_only_mirror
DTWEXBGS,2018-08-06,2018-08-06T00:00:00Z,daily,113.229,113.229,113.229,113.229,,113.229,factor_candle,FRED CSV Gateway mirror,learning_only_mirror
DTWEXBGS,2018-08-07,2018-08-07T00:00:00Z,daily,112.9759,112.9759,112.9759,112.9759,,112.9759,factor_candle,FRED CSV Gateway mirror,learning_only_mirror
DTWEXBGS,2018-08-08,2018-08-08T00:00:00Z,daily,113.1411,113.1411,113.1411,113.1411,,113.1411,factor_candle,FRED CSV Gateway mirror,learning_only_mirror
DTWEXBGS,2018-08-09,2018-08-09T00:00:00Z,daily,113.3806,113.3806,113.3806,113.3806,,113.3806,factor_candle,FRED CSV Gateway mirror,learning_only_mirror
DTWEXBGS,2018-08-10,2018-08-10T00:00:00Z,daily,114.3005,114.3005,114.3005,114.3005,,114.3005,factor_candle,FRED CSV Gateway mirror,learning_only_mirror
DTWEXBGS,2018-08-13,2018-08-13T00:00:00Z,daily,114.851,114.851,114.851,114.851,,114.851,factor_candle,FRED CSV Gateway mirror,learning_only_mirror
DTWEXBGS,2018-08-14,2018-08-14T00:00:00Z,daily,114.658,114.658,114.658,114.658,,114.658,factor_candle,FRED CSV Gateway mirror,learning_only_mirror
DTWEXBGS,2018-08-15,2018-08-15T00:00:00Z,daily,115.1526,115.1526,115.1526,115.1526,,115.1526,factor_candle,FRED CSV Gateway mirror,learning_only_mirror
DTWEXBGS,2018-08-16,2018-08-16T00:00:00Z,daily,114.6416,114.6416,114.6416,114.6416,,114.6416,factor_candle,FRED CSV Gateway mirror,learning_only_mirror
DTWEXBGS,2018-08-17,2018-08-17T00:00:00Z,daily,114.5339,114.5339,114.5339,114.5339,,114.5339,factor_candle,FRED CSV Gateway mirror,learning_only_mirror
DTWEXBGS,2018-08-20,2018-08-20T00:00:00Z,daily,114.3504,114.3504,114.3504,114.3504,,114.3504,factor_candle,FRED CSV Gateway mirror,learning_only_mirror
DTWEXBGS,2018-08-21,2018-08-21T00:00:00Z,daily,113.8604,113.8604,113.8604,113.8604,,113.8604,factor_candle,FRED CSV Gateway mirror,learning_only_mirror
DTWEXBGS,2018-08-22,2018-08-22T00:00:00Z,daily,113.663,113.663,113.663,113.663,,113.663,factor_candle,FRED CSV Gateway mirror,learning_only_mirror
DTWEXBGS,2018-08-23,2018-08-23T00:00:00Z,daily,114.0932,114.0932,114.0932,114.0932,,114.0932,factor_candle,FRED CSV Gateway mirror,learning_only_mirror
DTWEXBGS,2018-08-24,2018-08-24T00:00:00Z,daily,113.5985,113.5985,113.5985,113.5985,,113.5985,factor_candle,FRED CSV Gateway mirror,learning_only_mirror
DTWEXBGS,2018-08-27,2018-08-27T00:00:00Z,daily,113.2721,113.2721,113.2721,113.2721,,113.2721,factor_candle,FRED CSV Gateway mirror,learning_only_mirror
DTWEXBGS,2018-08-28,2018-08-28T00:00:00Z,daily,113.3444,113.3444,113.3444,113.3444,,113.3444,factor_candle,FRED CSV Gateway mirror,learning_only_mirror
DTWEXBGS,2018-08-29,2018-08-29T00:00:00Z,daily,113.6461,113.6461,113.6461,113.6461,,113.6461,factor_candle,FRED CSV Gateway mirror,learning_only_mirror
DTWEXBGS,2018-08-30,2018-08-30T00:00:00Z,daily,114.0899,114.0899,114.0899,114.0899,,114.0899,factor_candle,FRED CSV Gateway mirror,learning_only_mirror
DTWEXBGS,2018-08-31,2018-08-31T00:00:00Z,daily,114.2755,114.2755,114.2755,114.2755,,114.2755,factor_candle,FRED CSV Gateway mirror,learning_only_mirror
DTWEXBGS,2018-09-04,2018-09-04T00:00:00Z,daily,114.8584,114.8584,114.8584,114.8584,,114.8584,factor_candle,FRED CSV Gateway mirror,learning_only_mirror
DTWEXBGS,2018-09-05,2018-09-05T00:00:00Z,daily,114.7477,114.7477,114.7477,114.7477,,114.7477,factor_candle,FRED CSV Gateway mirror,learning_only_mirror
DTWEXBGS,2018-09-06,2018-09-06T00:00:00Z,daily,114.6479,114.6479,114.6479,114.6479,,114.6479,factor_candle,FRED CSV Gateway mirror,learning_only_mirror
DTWEXBGS,2018-09-07,2018-09-07T00:00:00Z,daily,114.5816,114.5816,114.5816,114.5816,,114.5816,factor_candle,FRED CSV Gateway mirror,learning_only_mirror
DTWEXBGS,2018-09-10,2018-09-10T00:00:00Z,daily,114.6802,114.6802,114.6802,114.6802,,114.6802,factor_candle,FRED CSV Gateway mirror,learning_only_mirror
DTWEXBGS,2018-09-11,2018-09-11T00:00:00Z,daily,114.7051,114.7051,114.7051,114.7051,,114.7051,factor_candle,FRED CSV Gateway mirror,learning_only_mirror
DTWEXBGS,2018-09-12,2018-09-12T00:00:00Z,daily,114.2192,114.2192,114.2192,114.2192,,114.2192,factor_candle,FRED CSV Gateway mirror,learning_only_mirror
DTWEXBGS,2018-09-13,2018-09-13T00:00:00Z,daily,113.9268,113.9268,113.9268,113.9268,,113.9268,factor_candle,FRED CSV Gateway mirror,learning_only_mirror
DTWEXBGS,2018-09-14,2018-09-14T00:00:00Z,daily,114.0657,114.0657,114.0657,114.0657,,114.0657,factor_candle,FRED CSV Gateway mirror,learning_only_mirror
DTWEXBGS,2018-09-17,2018-09-17T00:00:00Z,daily,113.9158,113.9158,113.9158,113.9158,,113.9158,factor_candle,FRED CSV Gateway mirror,learning_only_mirror
DTWEXBGS,2018-09-18,2018-09-18T00:00:00Z,daily,113.7739,113.7739,113.7739,113.7739,,113.7739,factor_candle,FRED CSV Gateway mirror,learning_only_mirror
DTWEXBGS,2018-09-19,2018-09-19T00:00:00Z,daily,113.6532,113.6532,113.6532,113.6532,,113.6532,factor_candle,FRED CSV Gateway mirror,learning_only_mirror
DTWEXBGS,2018-09-20,2018-09-20T00:00:00Z,daily,113.4989,113.4989,113.4989,113.4989,,113.4989,factor_candle,FRED CSV Gateway mirror,learning_only_mirror
DTWEXBGS,2018-09-21,2018-09-21T00:00:00Z,daily,113.5099,113.5099,113.5099,113.5099,,113.5099,factor_candle,FRED CSV Gateway mirror,learning_only_mirror
DTWEXBGS,2018-09-24,2018-09-24T00:00:00Z,daily,113.5301,113.5301,113.5301,113.5301,,113.5301,factor_candle,FRED CSV Gateway mirror,learning_only_mirror
DTWEXBGS,2018-09-25,2018-09-25T00:00:00Z,daily,113.7202,113.7202,113.7202,113.7202,,113.7202,factor_candle,FRED CSV Gateway mirror,learning_only_mirror
DTWEXBGS,2018-09-26,2018-09-26T00:00:00Z,daily,113.6739,113.6739,113.6739,113.6739,,113.6739,factor_candle,FRED CSV Gateway mirror,learning_only_mirror
DTWEXBGS,2018-09-27,2018-09-27T00:00:00Z,daily,113.9784,113.9784,113.9784,113.9784,,113.9784,factor_candle,FRED CSV Gateway mirror,learning_only_mirror
DTWEXBGS,2018-09-28,2018-09-28T00:00:00Z,daily,113.8077,113.8077,113.8077,113.8077,,113.8077,factor_candle,FRED CSV Gateway mirror,learning_only_mirror
DTWEXBGS,2018-10-01,2018-10-01T00:00:00Z,daily,113.8235,113.8235,113.8235,113.8235,,113.8235,factor_candle,FRED CSV Gateway mirror,learning_only_mirror
DTWEXBGS,2018-10-02,2018-10-02T00:00:00Z,daily,113.8954,113.8954,113.8954,113.8954,,113.8954,factor_candle,FRED CSV Gateway mirror,learning_only_mirror
DTWEXBGS,2018-10-03,2018-10-03T00:00:00Z,daily,114.1569,114.1569,114.1569,114.1569,,114.1569,factor_candle,FRED CSV Gateway mirror,learning_only_mirror
DTWEXBGS,2018-10-04,2018-10-04T00:00:00Z,daily,114.6867,114.6867,114.6867,114.6867,,114.6867,factor_candle,FRED CSV Gateway mirror,learning_only_mirror
DTWEXBGS,2018-10-05,2018-10-05T00:00:00Z,daily,114.561,114.561,114.561,114.561,,114.561,factor_candle,FRED CSV Gateway mirror,learning_only_mirror
DTWEXBGS,2018-10-09,2018-10-09T00:00:00Z,daily,114.6583,114.6583,114.6583,114.6583,,114.6583,factor_candle,FRED CSV Gateway mirror,learning_only_mirror
DTWEXBGS,2018-10-10,2018-10-10T00:00:00Z,daily,114.6072,114.6072,114.6072,114.6072,,114.6072,factor_candle,FRED CSV Gateway mirror,learning_only_mirror
DTWEXBGS,2018-10-11,2018-10-11T00:00:00Z,daily,114.4074,114.4074,114.4074,114.4074,,114.4074,factor_candle,FRED CSV Gateway mirror,learning_only_mirror
DTWEXBGS,2018-10-12,2018-10-12T00:00:00Z,daily,114.3691,114.3691,114.3691,114.3691,,114.3691,factor_candle,FRED CSV Gateway mirror,learning_only_mirror
DTWEXBGS,2018-10-15,2018-10-15T00:00:00Z,daily,114.045,114.045,114.045,114.045,,114.045,factor_candle,FRED CSV Gateway mirror,learning_only_mirror
DTWEXBGS,2018-10-16,2018-10-16T00:00:00Z,daily,113.8963,113.8963,113.8963,113.8963,,113.8963,factor_candle,FRED CSV Gateway mirror,learning_only_mirror
DTWEXBGS,2018-10-17,2018-10-17T00:00:00Z,daily,114.1755,114.1755,114.1755,114.1755,,114.1755,factor_candle,FRED CSV Gateway mirror,learning_only_mirror
DTWEXBGS,2018-10-18,2018-10-18T00:00:00Z,daily,114.8164,114.8164,114.8164,114.8164,,114.8164,factor_candle,FRED CSV Gateway mirror,learning_only_mirror
DTWEXBGS,2018-10-19,2018-10-19T00:00:00Z,daily,114.8567,114.8567,114.8567,114.8567,,114.8567,factor_candle,FRED CSV Gateway mirror,learning_only_mirror
DTWEXBGS,2018-10-22,2018-10-22T00:00:00Z,daily,115.1782,115.1782,115.1782,115.1782,,115.1782,factor_candle,FRED CSV Gateway mirror,learning_only_mirror
DTWEXBGS,2018-10-23,2018-10-23T00:00:00Z,daily,115.1651,115.1651,115.1651,115.1651,,115.1651,factor_candle,FRED CSV Gateway mirror,learning_only_mirror
DTWEXBGS,2018-10-24,2018-10-24T00:00:00Z,daily,115.3755,115.3755,115.3755,115.3755,,115.3755,factor_candle,FRED CSV Gateway mirror,learning_only_mirror
DTWEXBGS,2018-10-25,2018-10-25T00:00:00Z,daily,115.4831,115.4831,115.4831,115.4831,,115.4831,factor_candle,FRED CSV Gateway mirror,learning_only_mirror
DTWEXBGS,2018-10-26,2018-10-26T00:00:00Z,daily,115.473,115.473,115.473,115.473,,115.473,factor_candle,FRED CSV Gateway mirror,learning_only_mirror
DTWEXBGS,2018-10-29,2018-10-29T00:00:00Z,daily,115.8936,115.8936,115.8936,115.8936,,115.8936,factor_candle,FRED CSV Gateway mirror,learning_only_mirror
DTWEXBGS,2018-10-30,2018-10-30T00:00:00Z,daily,116.2357,116.2357,116.2357,116.2357,,116.2357,factor_candle,FRED CSV Gateway mirror,learning_only_mirror
DTWEXBGS,2018-10-31,2018-10-31T00:00:00Z,daily,116.5281,116.5281,116.5281,116.5281,,116.5281,factor_candle,FRED CSV Gateway mirror,learning_only_mirror
DTWEXBGS,2018-11-01,2018-11-01T00:00:00Z,daily,115.8657,115.8657,115.8657,115.8657,,115.8657,factor_candle,FRED CSV Gateway mirror,learning_only_mirror
DTWEXBGS,2018-11-02,2018-11-02T00:00:00Z,daily,115.643,115.643,115.643,115.643,,115.643,factor_candle,FRED CSV Gateway mirror,learning_only_mirror
DTWEXBGS,2018-11-05,2018-11-05T00:00:00Z,daily,115.703,115.703,115.703,115.703,,115.703,factor_candle,FRED CSV Gateway mirror,learning_only_mirror
DTWEXBGS,2018-11-06,2018-11-06T00:00:00Z,daily,115.5622,115.5622,115.5622,115.5622,,115.5622,factor_candle,FRED CSV Gateway mirror,learning_only_mirror
DTWEXBGS,2018-11-07,2018-11-07T00:00:00Z,daily,115.2519,115.2519,115.2519,115.2519,,115.2519,factor_candle,FRED CSV Gateway mirror,learning_only_mirror
DTWEXBGS,2018-11-08,2018-11-08T00:00:00Z,daily,115.6478,115.6478,115.6478,115.6478,,115.6478,factor_candle,FRED CSV Gateway mirror,learning_only_mirror
DTWEXBGS,2018-11-09,2018-11-09T00:00:00Z,daily,116.4778,116.4778,116.4778,116.4778,,116.4778,factor_candle,FRED CSV Gateway mirror,learning_only_mirror
DTWEXBGS,2018-11-13,2018-11-13T00:00:00Z,daily,116.6694,116.6694,116.6694,116.6694,,116.6694,factor_candle,FRED CSV Gateway mirror,learning_only_mirror
DTWEXBGS,2018-11-14,2018-11-14T00:00:00Z,daily,116.498,116.498,116.498,116.498,,116.498,factor_candle,FRED CSV Gateway mirror,learning_only_mirror
DTWEXBGS,2018-11-15,2018-11-15T00:00:00Z,daily,116.3861,116.3861,116.3861,116.3861,,116.3861,factor_candle,FRED CSV Gateway mirror,learning_only_mirror
DTWEXBGS,2018-11-16,2018-11-16T00:00:00Z,daily,115.9258,115.9258,115.9258,115.9258,,115.9258,factor_candle,FRED CSV Gateway mirror,learning_only_mirror
DTWEXBGS,2018-11-19,2018-11-19T00:00:00Z,daily,115.9859,115.9859,115.9859,115.9859,,115.9859,factor_candle,FRED CSV Gateway mirror,learning_only_mirror
DTWEXBGS,2018-11-20,2018-11-20T00:00:00Z,daily,116.2367,116.2367,116.2367,116.2367,,116.2367,factor_candle,FRED CSV Gateway mirror,learning_only_mirror
DTWEXBGS,2018-11-21,2018-11-21T00:00:00Z,daily,116.092,116.092,116.092,116.092,,116.092,factor_candle,FRED CSV Gateway mirror,learning_only_mirror
DTWEXBGS,2018-11-23,2018-11-23T00:00:00Z,daily,116.4713,116.4713,116.4713,116.4713,,116.4713,factor_candle,FRED CSV Gateway mirror,learning_only_mirror
DTWEXBGS,2018-11-26,2018-11-26T00:00:00Z,daily,116.6208,116.6208,116.6208,116.6208,,116.6208,factor_candle,FRED CSV Gateway mirror,learning_only_mirror
DTWEXBGS,2018-11-27,2018-11-27T00:00:00Z,daily,116.9001,116.9001,116.9001,116.9001,,116.9001,factor_candle,FRED CSV Gateway mirror,learning_only_mirror
DTWEXBGS,2018-11-28,2018-11-28T00:00:00Z,daily,116.8343,116.8343,116.8343,116.8343,,116.8343,factor_candle,FRED CSV Gateway mirror,learning_only_mirror
DTWEXBGS,2018-11-29,2018-11-29T00:00:00Z,daily,116.1961,116.1961,116.1961,116.1961,,116.1961,factor_candle,FRED CSV Gateway mirror,learning_only_mirror
DTWEXBGS,2018-11-30,2018-11-30T00:00:00Z,daily,116.413,116.413,116.413,116.413,,116.413,factor_candle,FRED CSV Gateway mirror,learning_only_mirror
DTWEXBGS,2018-12-03,2018-12-03T00:00:00Z,daily,115.9057,115.9057,115.9057,115.9057,,115.9057,factor_candle,FRED CSV Gateway mirror,learning_only_mirror
DTWEXBGS,2018-12-04,2018-12-04T00:00:00Z,daily,116.0028,116.0028,116.0028,116.0028,,116.0028,factor_candle,FRED CSV Gateway mirror,learning_only_mirror
DTWEXBGS,2018-12-06,2018-12-06T00:00:00Z,daily,116.3991,116.3991,116.3991,116.3991,,116.3991,factor_candle,FRED CSV Gateway mirror,learning_only_mirror
DTWEXBGS,2018-12-07,2018-12-07T00:00:00Z,daily,116.0847,116.0847,116.0847,116.0847,,116.0847,factor_candle,FRED CSV Gateway mirror,learning_only_mirror
DTWEXBGS,2018-12-10,2018-12-10T00:00:00Z,daily,116.6746,116.6746,116.6746,116.6746,,116.6746,factor_candle,FRED CSV Gateway mirror,learning_only_mirror
DTWEXBGS,2018-12-11,2018-12-11T00:00:00Z,daily,116.7564,116.7564,116.7564,116.7564,,116.7564,factor_candle,FRED CSV Gateway mirror,learning_only_mirror
DTWEXBGS,2018-12-12,2018-12-12T00:00:00Z,daily,116.2214,116.2214,116.2214,116.2214,,116.2214,factor_candle,FRED CSV Gateway mirror,learning_only_mirror
DTWEXBGS,2018-12-13,2018-12-13T00:00:00Z,daily,116.3974,116.3974,116.3974,116.3974,,116.3974,factor_candle,FRED CSV Gateway mirror,learning_only_mirror
DTWEXBGS,2018-12-14,2018-12-14T00:00:00Z,daily,116.79,116.79,116.79,116.79,,116.79,factor_candle,FRED CSV Gateway mirror,learning_only_mirror
DTWEXBGS,2018-12-17,2018-12-17T00:00:00Z,daily,116.4532,116.4532,116.4532,116.4532,,116.4532,factor_candle,FRED CSV Gateway mirror,learning_only_mirror
DTWEXBGS,2018-12-18,2018-12-18T00:00:00Z,daily,116.4127,116.4127,116.4127,116.4127,,116.4127,factor_candle,FRED CSV Gateway mirror,learning_only_mirror
DTWEXBGS,2018-12-19,2018-12-19T00:00:00Z,daily,116.0676,116.0676,116.0676,116.0676,,116.0676,factor_candle,FRED CSV Gateway mirror,learning_only_mirror
DTWEXBGS,2018-12-20,2018-12-20T00:00:00Z,daily,116.0183,116.0183,116.0183,116.0183,,116.0183,factor_candle,FRED CSV Gateway mirror,learning_only_mirror
DTWEXBGS,2018-12-21,2018-12-21T00:00:00Z,daily,116.2227,116.2227,116.2227,116.2227,,116.2227,factor_candle,FRED CSV Gateway mirror,learning_only_mirror
DTWEXBGS,2018-12-24,2018-12-24T00:00:00Z,daily,116.2182,116.2182,116.2182,116.2182,,116.2182,factor_candle,FRED CSV Gateway mirror,learning_only_mirror
DTWEXBGS,2018-12-26,2018-12-26T00:00:00Z,daily,116.1162,116.1162,116.1162,116.1162,,116.1162,factor_candle,FRED CSV Gateway mirror,learning_only_mirror
DTWEXBGS,2018-12-27,2018-12-27T00:00:00Z,daily,115.9927,115.9927,115.9927,115.9927,,115.9927,factor_candle,FRED CSV Gateway mirror,learning_only_mirror
DTWEXBGS,2018-12-28,2018-12-28T00:00:00Z,daily,115.7232,115.7232,115.7232,115.7232,,115.7232,factor_candle,FRED CSV Gateway mirror,learning_only_mirror
DTWEXBGS,2018-12-31,2018-12-31T00:00:00Z,daily,115.5674,115.5674,115.5674,115.5674,,115.5674,factor_candle,FRED CSV Gateway mirror,learning_only_mirror
DTWEXBGS,2019-01-02,2019-01-02T00:00:00Z,daily,115.7689,115.7689,115.7689,115.7689,,115.7689,factor_candle,FRED CSV Gateway mirror,learning_only_mirror
DTWEXBGS,2019-01-03,2019-01-03T00:00:00Z,daily,115.4622,115.4622,115.4622,115.4622,,115.4622,factor_candle,FRED CSV Gateway mirror,learning_only_mirror
DTWEXBGS,2019-01-04,2019-01-04T00:00:00Z,daily,114.9821,114.9821,114.9821,114.9821,,114.9821,factor_candle,FRED CSV Gateway mirror,learning_only_mirror
DTWEXBGS,2019-01-07,2019-01-07T00:00:00Z,daily,114.5628,114.5628,114.5628,114.5628,,114.5628,factor_candle,FRED CSV Gateway mirror,learning_only_mirror
DTWEXBGS,2019-01-08,2019-01-08T00:00:00Z,daily,114.7281,114.7281,114.7281,114.7281,,114.7281,factor_candle,FRED CSV Gateway mirror,learning_only_mirror
DTWEXBGS,2019-01-09,2019-01-09T00:00:00Z,daily,114.1406,114.1406,114.1406,114.1406,,114.1406,factor_candle,FRED CSV Gateway mirror,learning_only_mirror
DTWEXBGS,2019-01-10,2019-01-10T00:00:00Z,daily,114.0496,114.0496,114.0496,114.0496,,114.0496,factor_candle,FRED CSV Gateway mirror,learning_only_mirror
DTWEXBGS,2019-01-11,2019-01-11T00:00:00Z,daily,114.0404,114.0404,114.0404,114.0404,,114.0404,factor_candle,FRED CSV Gateway mirror,learning_only_mirror
DTWEXBGS,2019-01-15,2019-01-15T00:00:00Z,daily,114.3402,114.3402,114.3402,114.3402,,114.3402,factor_candle,FRED CSV Gateway mirror,learning_only_mirror
DTWEXBGS,2019-01-16,2019-01-16T00:00:00Z,daily,114.137,114.137,114.137,114.137,,114.137,factor_candle,FRED CSV Gateway mirror,learning_only_mirror
DTWEXBGS,2019-01-17,2019-01-17T00:00:00Z,daily,114.4115,114.4115,114.4115,114.4115,,114.4115,factor_candle,FRED CSV Gateway mirror,learning_only_mirror
DTWEXBGS,2019-01-18,2019-01-18T00:00:00Z,daily,114.558,114.558,114.558,114.558,,114.558,factor_candle,FRED CSV Gateway mirror,learning_only_mirror
DTWEXBGS,2019-01-22,2019-01-22T00:00:00Z,daily,114.7541,114.7541,114.7541,114.7541,,114.7541,factor_candle,FRED CSV Gateway mirror,learning_only_mirror
DTWEXBGS,2019-01-23,2019-01-23T00:00:00Z,daily,114.5759,114.5759,114.5759,114.5759,,114.5759,factor_candle,FRED CSV Gateway mirror,learning_only_mirror
DTWEXBGS,2019-01-24,2019-01-24T00:00:00Z,daily,114.617,114.617,114.617,114.617,,114.617,factor_candle,FRED CSV Gateway mirror,learning_only_mirror
DTWEXBGS,2019-01-25,2019-01-25T00:00:00Z,daily,114.0197,114.0197,114.0197,114.0197,,114.0197,factor_candle,FRED CSV Gateway mirror,learning_only_mirror
DTWEXBGS,2019-01-28,2019-01-28T00:00:00Z,daily,114.0522,114.0522,114.0522,114.0522,,114.0522,factor_candle,FRED CSV Gateway mirror,learning_only_mirror
DTWEXBGS,2019-01-29,2019-01-29T00:00:00Z,daily,114.026,114.026,114.026,114.026,,114.026,factor_candle,FRED CSV Gateway mirror,learning_only_mirror
DTWEXBGS,2019-01-30,2019-01-30T00:00:00Z,daily,114.0731,114.0731,114.0731,114.0731,,114.0731,factor_candle,FRED CSV Gateway mirror,learning_only_mirror
DTWEXBGS,2019-01-31,2019-01-31T00:00:00Z,daily,113.5504,113.5504,113.5504,113.5504,,113.5504,factor_candle,FRED CSV Gateway mirror,learning_only_mirror
DTWEXBGS,2019-02-01,2019-02-01T00:00:00Z,daily,113.7548,113.7548,113.7548,113.7548,,113.7548,factor_candle,FRED CSV Gateway mirror,learning_only_mirror
DTWEXBGS,2019-02-04,2019-02-04T00:00:00Z,daily,113.8766,113.8766,113.8766,113.8766,,113.8766,factor_candle,FRED CSV Gateway mirror,learning_only_mirror
DTWEXBGS,2019-02-05,2019-02-05T00:00:00Z,daily,114.0431,114.0431,114.0431,114.0431,,114.0431,factor_candle,FRED CSV Gateway mirror,learning_only_mirror
DTWEXBGS,2019-02-06,2019-02-06T00:00:00Z,daily,114.2305,114.2305,114.2305,114.2305,,114.2305,factor_candle,FRED CSV Gateway mirror,learning_only_mirror
DTWEXBGS,2019-02-07,2019-02-07T00:00:00Z,daily,114.4339,114.4339,114.4339,114.4339,,114.4339,factor_candle,FRED CSV Gateway mirror,learning_only_mirror
DTWEXBGS,2019-02-08,2019-02-08T00:00:00Z,daily,114.5003,114.5003,114.5003,114.5003,,114.5003,factor_candle,FRED CSV Gateway mirror,learning_only_mirror
DTWEXBGS,2019-02-11,2019-02-11T00:00:00Z,daily,115.031,115.031,115.031,115.031,,115.031,factor_candle,FRED CSV Gateway mirror,learning_only_mirror
DTWEXBGS,2019-02-12,2019-02-12T00:00:00Z,daily,114.7297,114.7297,114.7297,114.7297,,114.7297,factor_candle,FRED CSV Gateway mirror,learning_only_mirror
DTWEXBGS,2019-02-13,2019-02-13T00:00:00Z,daily,114.9407,114.9407,114.9407,114.9407,,114.9407,factor_candle,FRED CSV Gateway mirror,learning_only_mirror
DTWEXBGS,2019-02-14,2019-02-14T00:00:00Z,daily,115.1007,115.1007,115.1007,115.1007,,115.1007,factor_candle,FRED CSV Gateway mirror,learning_only_mirror
DTWEXBGS,2019-02-15,2019-02-15T00:00:00Z,daily,114.9923,114.9923,114.9923,114.9923,,114.9923,factor_candle,FRED CSV Gateway mirror,learning_only_mirror
DTWEXBGS,2019-02-19,2019-02-19T00:00:00Z,daily,114.57,114.57,114.57,114.57,,114.57,factor_candle,FRED CSV Gateway mirror,learning_only_mirror
DTWEXBGS,2019-02-21,2019-02-21T00:00:00Z,daily,114.5091,114.5091,114.5091,114.5091,,114.5091,factor_candle,FRED CSV Gateway mirror,learning_only_mirror
DTWEXBGS,2019-02-22,2019-02-22T00:00:00Z,daily,114.2716,114.2716,114.2716,114.2716,,114.2716,factor_candle,FRED CSV Gateway mirror,learning_only_mirror
DTWEXBGS,2019-02-25,2019-02-25T00:00:00Z,daily,114.1457,114.1457,114.1457,114.1457,,114.1457,factor_candle,FRED CSV Gateway mirror,learning_only_mirror
DTWEXBGS,2019-02-26,2019-02-26T00:00:00Z,daily,114.0687,114.0687,114.0687,114.0687,,114.0687,factor_candle,FRED CSV Gateway mirror,learning_only_mirror
DTWEXBGS,2019-02-27,2019-02-27T00:00:00Z,daily,114.0363,114.0363,114.0363,114.0363,,114.0363,factor_candle,FRED CSV Gateway mirror,learning_only_mirror
DTWEXBGS,2019-02-28,2019-02-28T00:00:00Z,daily,114.1991,114.1991,114.1991,114.1991,,114.1991,factor_candle,FRED CSV Gateway mirror,learning_only_mirror
DTWEXBGS,2019-03-01,2019-03-01T00:00:00Z,daily,114.537,114.537,114.537,114.537,,114.537,factor_candle,FRED CSV Gateway mirror,learning_only_mirror
DTWEXBGS,2019-03-04,2019-03-04T00:00:00Z,daily,114.6925,114.6925,114.6925,114.6925,,114.6925,factor_candle,FRED CSV Gateway mirror,learning_only_mirror
DTWEXBGS,2019-03-05,2019-03-05T00:00:00Z,daily,114.804,114.804,114.804,114.804,,114.804,factor_candle,FRED CSV Gateway mirror,learning_only_mirror
DTWEXBGS,2019-03-06,2019-03-06T00:00:00Z,daily,114.9714,114.9714,114.9714,114.9714,,114.9714,factor_candle,FRED CSV Gateway mirror,learning_only_mirror
DTWEXBGS,2019-03-07,2019-03-07T00:00:00Z,daily,115.4919,115.4919,115.4919,115.4919,,115.4919,factor_candle,FRED CSV Gateway mirror,learning_only_mirror
DTWEXBGS,2019-03-08,2019-03-08T00:00:00Z,daily,115.3599,115.3599,115.3599,115.3599,,115.3599,factor_candle,FRED CSV Gateway mirror,learning_only_mirror
DTWEXBGS,2019-03-11,2019-03-11T00:00:00Z,daily,115.2967,115.2967,115.2967,115.2967,,115.2967,factor_candle,FRED CSV Gateway mirror,learning_only_mirror
DTWEXBGS,2019-03-12,2019-03-12T00:00:00Z,daily,114.939,114.939,114.939,114.939,,114.939,factor_candle,FRED CSV Gateway mirror,learning_only_mirror
DTWEXBGS,2019-03-13,2019-03-13T00:00:00Z,daily,114.7372,114.7372,114.7372,114.7372,,114.7372,factor_candle,FRED CSV Gateway mirror,learning_only_mirror
DTWEXBGS,2019-03-14,2019-03-14T00:00:00Z,daily,114.79,114.79,114.79,114.79,,114.79,factor_candle,FRED CSV Gateway mirror,learning_only_mirror
DTWEXBGS,2019-03-15,2019-03-15T00:00:00Z,daily,114.5815,114.5815,114.5815,114.5815,,114.5815,factor_candle,FRED CSV Gateway mirror,learning_only_mirror
DTWEXBGS,2019-03-18,2019-03-18T00:00:00Z,daily,114.4375,114.4375,114.4375,114.4375,,114.4375,factor_candle,FRED CSV Gateway mirror,learning_only_mirror
DTWEXBGS,2019-03-19,2019-03-19T00:00:00Z,daily,114.2324,114.2324,114.2324,114.2324,,114.2324,factor_candle,FRED CSV Gateway mirror,learning_only_mirror
DTWEXBGS,2019-03-20,2019-03-20T00:00:00Z,daily,114.1509,114.1509,114.1509,114.1509,,114.1509,factor_candle,FRED CSV Gateway mirror,learning_only_mirror
DTWEXBGS,2019-03-21,2019-03-21T00:00:00Z,daily,114.1684,114.1684,114.1684,114.1684,,114.1684,factor_candle,FRED CSV Gateway mirror,learning_only_mirror
DTWEXBGS,2019-03-22,2019-03-22T00:00:00Z,daily,114.6856,114.6856,114.6856,114.6856,,114.6856,factor_candle,FRED CSV Gateway mirror,learning_only_mirror
DTWEXBGS,2019-03-25,2019-03-25T00:00:00Z,daily,114.4171,114.4171,114.4171,114.4171,,114.4171,factor_candle,FRED CSV Gateway mirror,learning_only_mirror
DTWEXBGS,2019-03-26,2019-03-26T00:00:00Z,daily,114.6414,114.6414,114.6414,114.6414,,114.6414,factor_candle,FRED CSV Gateway mirror,learning_only_mirror
DTWEXBGS,2019-03-27,2019-03-27T00:00:00Z,daily,115.1243,115.1243,115.1243,115.1243,,115.1243,factor_candle,FRED CSV Gateway mirror,learning_only_mirror
DTWEXBGS,2019-03-28,2019-03-28T00:00:00Z,daily,115.2581,115.2581,115.2581,115.2581,,115.2581,factor_candle,FRED CSV Gateway mirror,learning_only_mirror
DTWEXBGS,2019-03-29,2019-03-29T00:00:00Z,daily,115.1371,115.1371,115.1371,115.1371,,115.1371,factor_candle,FRED CSV Gateway mirror,learning_only_mirror
DTWEXBGS,2019-04-01,2019-04-01T00:00:00Z,daily,114.9362,114.9362,114.9362,114.9362,,114.9362,factor_candle,FRED CSV Gateway mirror,learning_only_mirror
DTWEXBGS,2019-04-02,2019-04-02T00:00:00Z,daily,115.1173,115.1173,115.1173,115.1173,,115.1173,factor_candle,FRED CSV Gateway mirror,learning_only_mirror
DTWEXBGS,2019-04-03,2019-04-03T00:00:00Z,daily,114.7211,114.7211,114.7211,114.7211,,114.7211,factor_candle,FRED CSV Gateway mirror,learning_only_mirror
DTWEXBGS,2019-04-04,2019-04-04T00:00:00Z,daily,114.9697,114.9697,114.9697,114.9697,,114.9697,factor_candle,FRED CSV Gateway mirror,learning_only_mirror
DTWEXBGS,2019-04-05,2019-04-05T00:00:00Z,daily,114.9726,114.9726,114.9726,114.9726,,114.9726,factor_candle,FRED CSV Gateway mirror,learning_only_mirror
DTWEXBGS,2019-04-08,2019-04-08T00:00:00Z,daily,114.6893,114.6893,114.6893,114.6893,,114.6893,factor_candle,FRED CSV Gateway mirror,learning_only_mirror
DTWEXBGS,2019-04-09,2019-04-09T00:00:00Z,daily,114.5321,114.5321,114.5321,114.5321,,114.5321,factor_candle,FRED CSV Gateway mirror,learning_only_mirror
DTWEXBGS,2019-04-10,2019-04-10T00:00:00Z,daily,114.4269,114.4269,114.4269,114.4269,,114.4269,factor_candle,FRED CSV Gateway mirror,learning_only_mirror
DTWEXBGS,2019-04-11,2019-04-11T00:00:00Z,daily,114.6303,114.6303,114.6303,114.6303,,114.6303,factor_candle,FRED CSV Gateway mirror,learning_only_mirror
DTWEXBGS,2019-04-12,2019-04-12T00:00:00Z,daily,114.3531,114.3531,114.3531,114.3531,,114.3531,factor_candle,FRED CSV Gateway mirror,learning_only_mirror
DTWEXBGS,2019-04-15,2019-04-15T00:00:00Z,daily,114.495,114.495,114.495,114.495,,114.495,factor_candle,FRED CSV Gateway mirror,learning_only_mirror
DTWEXBGS,2019-04-16,2019-04-16T00:00:00Z,daily,114.6756,114.6756,114.6756,114.6756,,114.6756,factor_candle,FRED CSV Gateway mirror,learning_only_mirror
DTWEXBGS,2019-04-17,2019-04-17T00:00:00Z,daily,114.5141,114.5141,114.5141,114.5141,,114.5141,factor_candle,FRED CSV Gateway mirror,learning_only_mirror
DTWEXBGS,2019-04-18,2019-04-18T00:00:00Z,daily,114.7073,114.7073,114.7073,114.7073,,114.7073,factor_candle,FRED CSV Gateway mirror,learning_only_mirror
DTWEXBGS,2019-04-19,2019-04-19T00:00:00Z,daily,114.6977,114.6977,114.6977,114.6977,,114.6977,factor_candle,FRED CSV Gateway mirror,learning_only_mirror
DTWEXBGS,2019-04-22,2019-04-22T00:00:00Z,daily,114.7694,114.7694,114.7694,114.7694,,114.7694,factor_candle,FRED CSV Gateway mirror,learning_only_mirror
DTWEXBGS,2019-04-23,2019-04-23T00:00:00Z,daily,115.1578,115.1578,115.1578,115.1578,,115.1578,factor_candle,FRED CSV Gateway mirror,learning_only_mirror
DTWEXBGS,2019-04-24,2019-04-24T00:00:00Z,daily,115.4187,115.4187,115.4187,115.4187,,115.4187,factor_candle,FRED CSV Gateway mirror,learning_only_mirror
DTWEXBGS,2019-04-25,2019-04-25T00:00:00Z,daily,115.7709,115.7709,115.7709,115.7709,,115.7709,factor_candle,FRED CSV Gateway mirror,learning_only_mirror
DTWEXBGS,2019-04-26,2019-04-26T00:00:00Z,daily,115.4767,115.4767,115.4767,115.4767,,115.4767,factor_candle,FRED CSV Gateway mirror,learning_only_mirror
DTWEXBGS,2019-04-29,2019-04-29T00:00:00Z,daily,115.5227,115.5227,115.5227,115.5227,,115.5227,factor_candle,FRED CSV Gateway mirror,learning_only_mirror
DTWEXBGS,2019-04-30,2019-04-30T00:00:00Z,daily,115.3281,115.3281,115.3281,115.3281,,115.3281,factor_candle,FRED CSV Gateway mirror,learning_only_mirror
DTWEXBGS,2019-05-01,2019-05-01T00:00:00Z,daily,115.0022,115.0022,115.0022,115.0022,,115.0022,factor_candle,FRED CSV Gateway mirror,learning_only_mirror
DTWEXBGS,2019-05-02,2019-05-02T00:00:00Z,daily,115.5617,115.5617,115.5617,115.5617,,115.5617,factor_candle,FRED CSV Gateway mirror,learning_only_mirror
DTWEXBGS,2019-05-03,2019-05-03T00:00:00Z,daily,115.2646,115.2646,115.2646,115.2646,,115.2646,factor_candle,FRED CSV Gateway mirror,learning_only_mirror
DTWEXBGS,2019-05-06,2019-05-06T00:00:00Z,daily,115.3811,115.3811,115.3811,115.3811,,115.3811,factor_candle,FRED CSV Gateway mirror,learning_only_mirror
DTWEXBGS,2019-05-07,2019-05-07T00:00:00Z,daily,115.6116,115.6116,115.6116,115.6116,,115.6116,factor_candle,FRED CSV Gateway mirror,learning_only_mirror
DTWEXBGS,2019-05-08,2019-05-08T00:00:00Z,daily,115.5171,115.5171,115.5171,115.5171,,115.5171,factor_candle,FRED CSV Gateway mirror,learning_only_mirror
DTWEXBGS,2019-05-09,2019-05-09T00:00:00Z,daily,115.8421,115.8421,115.8421,115.8421,,115.8421,factor_candle,FRED CSV Gateway mirror,learning_only_mirror
DTWEXBGS,2019-05-10,2019-05-10T00:00:00Z,daily,115.5334,115.5334,115.5334,115.5334,,115.5334,factor_candle,FRED CSV Gateway mirror,learning_only_mirror
DTWEXBGS,2019-05-13,2019-05-13T00:00:00Z,daily,115.915,115.915,115.915,115.915,,115.915,factor_candle,FRED CSV Gateway mirror,learning_only_mirror
DTWEXBGS,2019-05-14,2019-05-14T00:00:00Z,daily,115.9425,115.9425,115.9425,115.9425,,115.9425,factor_candle,FRED CSV Gateway mirror,learning_only_mirror
DTWEXBGS,2019-05-15,2019-05-15T00:00:00Z,daily,115.8565,115.8565,115.8565,115.8565,,115.8565,factor_candle,FRED CSV Gateway mirror,learning_only_mirror
DTWEXBGS,2019-05-16,2019-05-16T00:00:00Z,daily,116.0346,116.0346,116.0346,116.0346,,116.0346,factor_candle,FRED CSV Gateway mirror,learning_only_mirror
DTWEXBGS,2019-05-17,2019-05-17T00:00:00Z,daily,116.448,116.448,116.448,116.448,,116.448,factor_candle,FRED CSV Gateway mirror,learning_only_mirror
DTWEXBGS,2019-05-20,2019-05-20T00:00:00Z,daily,116.3119,116.3119,116.3119,116.3119,,116.3119,factor_candle,FRED CSV Gateway mirror,learning_only_mirror
DTWEXBGS,2019-05-21,2019-05-21T00:00:00Z,daily,116.2844,116.2844,116.2844,116.2844,,116.2844,factor_candle,FRED CSV Gateway mirror,learning_only_mirror
DTWEXBGS,2019-05-22,2019-05-22T00:00:00Z,daily,116.2412,116.2412,116.2412,116.2412,,116.2412,factor_candle,FRED CSV Gateway mirror,learning_only_mirror
DTWEXBGS,2019-05-23,2019-05-23T00:00:00Z,daily,116.2368,116.2368,116.2368,116.2368,,116.2368,factor_candle,FRED CSV Gateway mirror,learning_only_mirror
DTWEXBGS,2019-05-24,2019-05-24T00:00:00Z,daily,116.0806,116.0806,116.0806,116.0806,,116.0806,factor_candle,FRED CSV Gateway mirror,learning_only_mirror
DTWEXBGS,2019-05-28,2019-05-28T00:00:00Z,daily,116.3174,116.3174,116.3174,116.3174,,116.3174,factor_candle,FRED CSV Gateway mirror,learning_only_mirror
DTWEXBGS,2019-05-29,2019-05-29T00:00:00Z,daily,116.5535,116.5535,116.5535,116.5535,,116.5535,factor_candle,FRED CSV Gateway mirror,learning_only_mirror
DTWEXBGS,2019-05-30,2019-05-30T00:00:00Z,daily,116.3989,116.3989,116.3989,116.3989,,116.3989,factor_candle,FRED CSV Gateway mirror,learning_only_mirror
DTWEXBGS,2019-05-31,2019-05-31T00:00:00Z,daily,116.7273,116.7273,116.7273,116.7273,,116.7273,factor_candle,FRED CSV Gateway mirror,learning_only_mirror
DTWEXBGS,2019-06-03,2019-06-03T00:00:00Z,daily,116.4764,116.4764,116.4764,116.4764,,116.4764,factor_candle,FRED CSV Gateway mirror,learning_only_mirror
DTWEXBGS,2019-06-04,2019-06-04T00:00:00Z,daily,116.091,116.091,116.091,116.091,,116.091,factor_candle,FRED CSV Gateway mirror,learning_only_mirror
DTWEXBGS,2019-06-05,2019-06-05T00:00:00Z,daily,116.03,116.03,116.03,116.03,,116.03,factor_candle,FRED CSV Gateway mirror,learning_only_mirror
DTWEXBGS,2019-06-06,2019-06-06T00:00:00Z,daily,115.9771,115.9771,115.9771,115.9771,,115.9771,factor_candle,FRED CSV Gateway mirror,learning_only_mirror
DTWEXBGS,2019-06-07,2019-06-07T00:00:00Z,daily,115.7368,115.7368,115.7368,115.7368,,115.7368,factor_candle,FRED CSV Gateway mirror,learning_only_mirror
DTWEXBGS,2019-06-10,2019-06-10T00:00:00Z,daily,115.5001,115.5001,115.5001,115.5001,,115.5001,factor_candle,FRED CSV Gateway mirror,learning_only_mirror
DTWEXBGS,2019-06-11,2019-06-11T00:00:00Z,daily,115.3794,115.3794,115.3794,115.3794,,115.3794,factor_candle,FRED CSV Gateway mirror,learning_only_mirror
DTWEXBGS,2019-06-12,2019-06-12T00:00:00Z,daily,115.438,115.438,115.438,115.438,,115.438,factor_candle,FRED CSV Gateway mirror,learning_only_mirror
DTWEXBGS,2019-06-13,2019-06-13T00:00:00Z,daily,115.6275,115.6275,115.6275,115.6275,,115.6275,factor_candle,FRED CSV Gateway mirror,learning_only_mirror
DTWEXBGS,2019-06-14,2019-06-14T00:00:00Z,daily,115.9057,115.9057,115.9057,115.9057,,115.9057,factor_candle,FRED CSV Gateway mirror,learning_only_mirror
DTWEXBGS,2019-06-17,2019-06-17T00:00:00Z,daily,115.9684,115.9684,115.9684,115.9684,,115.9684,factor_candle,FRED CSV Gateway mirror,learning_only_mirror
DTWEXBGS,2019-06-18,2019-06-18T00:00:00Z,daily,115.8797,115.8797,115.8797,115.8797,,115.8797,factor_candle,FRED CSV Gateway mirror,learning_only_mirror
DTWEXBGS,2019-06-19,2019-06-19T00:00:00Z,daily,115.7889,115.7889,115.7889,115.7889,,115.7889,factor_candle,FRED CSV Gateway mirror,learning_only_mirror
DTWEXBGS,2019-06-20,2019-06-20T00:00:00Z,daily,114.8046,114.8046,114.8046,114.8046,,114.8046,factor_candle,FRED CSV Gateway mirror,learning_only_mirror
DTWEXBGS,2019-06-21,2019-06-21T00:00:00Z,daily,114.8377,114.8377,114.8377,114.8377,,114.8377,factor_candle,FRED CSV Gateway mirror,learning_only_mirror
DTWEXBGS,2019-06-24,2019-06-24T00:00:00Z,daily,114.6559,114.6559,114.6559,114.6559,,114.6559,factor_candle,FRED CSV Gateway mirror,learning_only_mirror
DTWEXBGS,2019-06-25,2019-06-25T00:00:00Z,daily,114.6363,114.6363,114.6363,114.6363,,114.6363,factor_candle,FRED CSV Gateway mirror,learning_only_mirror
DTWEXBGS,2019-06-26,2019-06-26T00:00:00Z,daily,114.5608,114.5608,114.5608,114.5608,,114.5608,factor_candle,FRED CSV Gateway mirror,learning_only_mirror
DTWEXBGS,2019-06-27,2019-06-27T00:00:00Z,daily,114.665,114.665,114.665,114.665,,114.665,factor_candle,FRED CSV Gateway mirror,learning_only_mirror
DTWEXBGS,2019-06-28,2019-06-28T00:00:00Z,daily,114.5821,114.5821,114.5821,114.5821,,114.5821,factor_candle,FRED CSV Gateway mirror,learning_only_mirror
DTWEXBGS,2019-07-01,2019-07-01T00:00:00Z,daily,114.7239,114.7239,114.7239,114.7239,,114.7239,factor_candle,FRED CSV Gateway mirror,learning_only_mirror
DTWEXBGS,2019-07-02,2019-07-02T00:00:00Z,daily,114.8258,114.8258,114.8258,114.8258,,114.8258,factor_candle,FRED CSV Gateway mirror,learning_only_mirror
DTWEXBGS,2019-07-03,2019-07-03T00:00:00Z,daily,114.8135,114.8135,114.8135,114.8135,,114.8135,factor_candle,FRED CSV Gateway mirror,learning_only_mirror
DTWEXBGS,2019-07-05,2019-07-05T00:00:00Z,daily,115.1132,115.1132,115.1132,115.1132,,115.1132,factor_candle,FRED CSV Gateway mirror,learning_only_mirror
DTWEXBGS,2019-07-08,2019-07-08T00:00:00Z,daily,115.0254,115.0254,115.0254,115.0254,,115.0254,factor_candle,FRED CSV Gateway mirror,learning_only_mirror
DTWEXBGS,2019-07-09,2019-07-09T00:00:00Z,daily,115.1017,115.1017,115.1017,115.1017,,115.1017,factor_candle,FRED CSV Gateway mirror,learning_only_mirror
DTWEXBGS,2019-07-10,2019-07-10T00:00:00Z,daily,115.0879,115.0879,115.0879,115.0879,,115.0879,factor_candle,FRED CSV Gateway mirror,learning_only_mirror
DTWEXBGS,2019-07-11,2019-07-11T00:00:00Z,daily,114.8361,114.8361,114.8361,114.8361,,114.8361,factor_candle,FRED CSV Gateway mirror,learning_only_mirror
DTWEXBGS,2019-07-12,2019-07-12T00:00:00Z,daily,114.7685,114.7685,114.7685,114.7685,,114.7685,factor_candle,FRED CSV Gateway mirror,learning_only_mirror
DTWEXBGS,2019-07-15,2019-07-15T00:00:00Z,daily,114.6819,114.6819,114.6819,114.6819,,114.6819,factor_candle,FRED CSV Gateway mirror,learning_only_mirror
DTWEXBGS,2019-07-16,2019-07-16T00:00:00Z,daily,115.0111,115.0111,115.0111,115.0111,,115.0111,factor_candle,FRED CSV Gateway mirror,learning_only_mirror
DTWEXBGS,2019-07-17,2019-07-17T00:00:00Z,daily,114.8819,114.8819,114.8819,114.8819,,114.8819,factor_candle,FRED CSV Gateway mirror,learning_only_mirror
DTWEXBGS,2019-07-18,2019-07-18T00:00:00Z,daily,114.8744,114.8744,114.8744,114.8744,,114.8744,factor_candle,FRED CSV Gateway mirror,learning_only_mirror
DTWEXBGS,2019-07-19,2019-07-19T00:00:00Z,daily,114.8695,114.8695,114.8695,114.8695,,114.8695,factor_candle,FRED CSV Gateway mirror,learning_only_mirror
DTWEXBGS,2019-07-22,2019-07-22T00:00:00Z,daily,115.0018,115.0018,115.0018,115.0018,,115.0018,factor_candle,FRED CSV Gateway mirror,learning_only_mirror
DTWEXBGS,2019-07-23,2019-07-23T00:00:00Z,daily,115.2995,115.2995,115.2995,115.2995,,115.2995,factor_candle,FRED CSV Gateway mirror,learning_only_mirror
DTWEXBGS,2019-07-24,2019-07-24T00:00:00Z,daily,115.2436,115.2436,115.2436,115.2436,,115.2436,factor_candle,FRED CSV Gateway mirror,learning_only_mirror
DTWEXBGS,2019-07-25,2019-07-25T00:00:00Z,daily,115.2982,115.2982,115.2982,115.2982,,115.2982,factor_candle,FRED CSV Gateway mirror,learning_only_mirror
DTWEXBGS,2019-07-26,2019-07-26T00:00:00Z,daily,115.5449,115.5449,115.5449,115.5449,,115.5449,factor_candle,FRED CSV Gateway mirror,learning_only_mirror
DTWEXBGS,2019-07-29,2019-07-29T00:00:00Z,daily,115.5885,115.5885,115.5885,115.5885,,115.5885,factor_candle,FRED CSV Gateway mirror,learning_only_mirror
DTWEXBGS,2019-07-30,2019-07-30T00:00:00Z,daily,115.6211,115.6211,115.6211,115.6211,,115.6211,factor_candle,FRED CSV Gateway mirror,learning_only_mirror
DTWEXBGS,2019-07-31,2019-07-31T00:00:00Z,daily,115.4946,115.4946,115.4946,115.4946,,115.4946,factor_candle,FRED CSV Gateway mirror,learning_only_mirror
DTWEXBGS,2019-08-01,2019-08-01T00:00:00Z,daily,116.0499,116.0499,116.0499,116.0499,,116.0499,factor_candle,FRED CSV Gateway mirror,learning_only_mirror
DTWEXBGS,2019-08-02,2019-08-02T00:00:00Z,daily,116.1864,116.1864,116.1864,116.1864,,116.1864,factor_candle,FRED CSV Gateway mirror,learning_only_mirror
DTWEXBGS,2019-08-05,2019-08-05T00:00:00Z,daily,116.5851,116.5851,116.5851,116.5851,,116.5851,factor_candle,FRED CSV Gateway mirror,learning_only_mirror
DTWEXBGS,2019-08-06,2019-08-06T00:00:00Z,daily,116.6904,116.6904,116.6904,116.6904,,116.6904,factor_candle,FRED CSV Gateway mirror,learning_only_mirror
DTWEXBGS,2019-08-07,2019-08-07T00:00:00Z,daily,116.7987,116.7987,116.7987,116.7987,,116.7987,factor_candle,FRED CSV Gateway mirror,learning_only_mirror
DTWEXBGS,2019-08-08,2019-08-08T00:00:00Z,daily,116.474,116.474,116.474,116.474,,116.474,factor_candle,FRED CSV Gateway mirror,learning_only_mirror
DTWEXBGS,2019-08-09,2019-08-09T00:00:00Z,daily,116.4419,116.4419,116.4419,116.4419,,116.4419,factor_candle,FRED CSV Gateway mirror,learning_only_mirror
DTWEXBGS,2019-08-12,2019-08-12T00:00:00Z,daily,116.7548,116.7548,116.7548,116.7548,,116.7548,factor_candle,FRED CSV Gateway mirror,learning_only_mirror
DTWEXBGS,2019-08-13,2019-08-13T00:00:00Z,daily,116.7267,116.7267,116.7267,116.7267,,116.7267,factor_candle,FRED CSV Gateway mirror,learning_only_mirror
DTWEXBGS,2019-08-14,2019-08-14T00:00:00Z,daily,117.0913,117.0913,117.0913,117.0913,,117.0913,factor_candle,FRED CSV Gateway mirror,learning_only_mirror
DTWEXBGS,2019-08-15,2019-08-15T00:00:00Z,daily,117.2239,117.2239,117.2239,117.2239,,117.2239,factor_candle,FRED CSV Gateway mirror,learning_only_mirror
DTWEXBGS,2019-08-16,2019-08-16T00:00:00Z,daily,117.0786,117.0786,117.0786,117.0786,,117.0786,factor_candle,FRED CSV Gateway mirror,learning_only_mirror
DTWEXBGS,2019-08-19,2019-08-19T00:00:00Z,daily,117.3886,117.3886,117.3886,117.3886,,117.3886,factor_candle,FRED CSV Gateway mirror,learning_only_mirror
DTWEXBGS,2019-08-20,2019-08-20T00:00:00Z,daily,117.3726,117.3726,117.3726,117.3726,,117.3726,factor_candle,FRED CSV Gateway mirror,learning_only_mirror
DTWEXBGS,2019-08-21,2019-08-21T00:00:00Z,daily,117.1764,117.1764,117.1764,117.1764,,117.1764,factor_candle,FRED CSV Gateway mirror,learning_only_mirror
DTWEXBGS,2019-08-22,2019-08-22T00:00:00Z,daily,117.3558,117.3558,117.3558,117.3558,,117.3558,factor_candle,FRED CSV Gateway mirror,learning_only_mirror
DTWEXBGS,2019-08-23,2019-08-23T00:00:00Z,daily,117.3009,117.3009,117.3009,117.3009,,117.3009,factor_candle,FRED CSV Gateway mirror,learning_only_mirror
DTWEXBGS,2019-08-26,2019-08-26T00:00:00Z,daily,117.6658,117.6658,117.6658,117.6658,,117.6658,factor_candle,FRED CSV Gateway mirror,learning_only_mirror
DTWEXBGS,2019-08-27,2019-08-27T00:00:00Z,daily,117.75,117.75,117.75,117.75,,117.75,factor_candle,FRED CSV Gateway mirror,learning_only_mirror
DTWEXBGS,2019-08-28,2019-08-28T00:00:00Z,daily,117.8767,117.8767,117.8767,117.8767,,117.8767,factor_candle,FRED CSV Gateway mirror,learning_only_mirror
DTWEXBGS,2019-08-29,2019-08-29T00:00:00Z,daily,118.0625,118.0625,118.0625,118.0625,,118.0625,factor_candle,FRED CSV Gateway mirror,learning_only_mirror
DTWEXBGS,2019-08-30,2019-08-30T00:00:00Z,daily,118.1575,118.1575,118.1575,118.1575,,118.1575,factor_candle,FRED CSV Gateway mirror,learning_only_mirror
DTWEXBGS,2019-09-03,2019-09-03T00:00:00Z,daily,118.3113,118.3113,118.3113,118.3113,,118.3113,factor_candle,FRED CSV Gateway mirror,learning_only_mirror
DTWEXBGS,2019-09-04,2019-09-04T00:00:00Z,daily,117.6729,117.6729,117.6729,117.6729,,117.6729,factor_candle,FRED CSV Gateway mirror,learning_only_mirror
DTWEXBGS,2019-09-05,2019-09-05T00:00:00Z,daily,117.4776,117.4776,117.4776,117.4776,,117.4776,factor_candle,FRED CSV Gateway mirror,learning_only_mirror
DTWEXBGS,2019-09-06,2019-09-06T00:00:00Z,daily,117.1292,117.1292,117.1292,117.1292,,117.1292,factor_candle,FRED CSV Gateway mirror,learning_only_mirror
DTWEXBGS,2019-09-09,2019-09-09T00:00:00Z,daily,117.0601,117.0601,117.0601,117.0601,,117.0601,factor_candle,FRED CSV Gateway mirror,learning_only_mirror
DTWEXBGS,2019-09-10,2019-09-10T00:00:00Z,daily,117.0887,117.0887,117.0887,117.0887,,117.0887,factor_candle,FRED CSV Gateway mirror,learning_only_mirror
DTWEXBGS,2019-09-11,2019-09-11T00:00:00Z,daily,117.3125,117.3125,117.3125,117.3125,,117.3125,factor_candle,FRED CSV Gateway mirror,learning_only_mirror
DTWEXBGS,2019-09-12,2019-09-12T00:00:00Z,daily,116.8375,116.8375,116.8375,116.8375,,116.8375,factor_candle,FRED CSV Gateway mirror,learning_only_mirror
DTWEXBGS,2019-09-13,2019-09-13T00:00:00Z,daily,116.7677,116.7677,116.7677,116.7677,,116.7677,factor_candle,FRED CSV Gateway mirror,learning_only_mirror
DTWEXBGS,2019-09-16,2019-09-16T00:00:00Z,daily,117.0251,117.0251,117.0251,117.0251,,117.0251,factor_candle,FRED CSV Gateway mirror,learning_only_mirror
DTWEXBGS,2019-09-17,2019-09-17T00:00:00Z,daily,116.9826,116.9826,116.9826,116.9826,,116.9826,factor_candle,FRED CSV Gateway mirror,learning_only_mirror
DTWEXBGS,2019-09-18,2019-09-18T00:00:00Z,daily,116.9766,116.9766,116.9766,116.9766,,116.9766,factor_candle,FRED CSV Gateway mirror,learning_only_mirror
DTWEXBGS,2019-09-19,2019-09-19T00:00:00Z,daily,117.0861,117.0861,117.0861,117.0861,,117.0861,factor_candle,FRED CSV Gateway mirror,learning_only_mirror
DTWEXBGS,2019-09-20,2019-09-20T00:00:00Z,daily,117.1819,117.1819,117.1819,117.1819,,117.1819,factor_candle,FRED CSV Gateway mirror,learning_only_mirror
DTWEXBGS,2019-09-23,2019-09-23T00:00:00Z,daily,117.2986,117.2986,117.2986,117.2986,,117.2986,factor_candle,FRED CSV Gateway mirror,learning_only_mirror
DTWEXBGS,2019-09-24,2019-09-24T00:00:00Z,daily,117.2227,117.2227,117.2227,117.2227,,117.2227,factor_candle,FRED CSV Gateway mirror,learning_only_mirror
DTWEXBGS,2019-09-25,2019-09-25T00:00:00Z,daily,117.6527,117.6527,117.6527,117.6527,,117.6527,factor_candle,FRED CSV Gateway mirror,learning_only_mirror
DTWEXBGS,2019-09-26,2019-09-26T00:00:00Z,daily,117.7267,117.7267,117.7267,117.7267,,117.7267,factor_candle,FRED CSV Gateway mirror,learning_only_mirror
DTWEXBGS,2019-09-27,2019-09-27T00:00:00Z,daily,117.7218,117.7218,117.7218,117.7218,,117.7218,factor_candle,FRED CSV Gateway mirror,learning_only_mirror
DTWEXBGS,2019-09-30,2019-09-30T00:00:00Z,daily,117.9461,117.9461,117.9461,117.9461,,117.9461,factor_candle,FRED CSV Gateway mirror,learning_only_mirror
DTWEXBGS,2019-10-01,2019-10-01T00:00:00Z,daily,117.9595,117.9595,117.9595,117.9595,,117.9595,factor_candle,FRED CSV Gateway mirror,learning_only_mirror
DTWEXBGS,2019-10-02,2019-10-02T00:00:00Z,daily,117.9671,117.9671,117.9671,117.9671,,117.9671,factor_candle,FRED CSV Gateway mirror,learning_only_mirror
DTWEXBGS,2019-10-03,2019-10-03T00:00:00Z,daily,117.6608,117.6608,117.6608,117.6608,,117.6608,factor_candle,FRED CSV Gateway mirror,learning_only_mirror
DTWEXBGS,2019-10-04,2019-10-04T00:00:00Z,daily,117.5288,117.5288,117.5288,117.5288,,117.5288,factor_candle,FRED CSV Gateway mirror,learning_only_mirror
DTWEXBGS,2019-10-07,2019-10-07T00:00:00Z,daily,117.5533,117.5533,117.5533,117.5533,,117.5533,factor_candle,FRED CSV Gateway mirror,learning_only_mirror
DTWEXBGS,2019-10-08,2019-10-08T00:00:00Z,daily,117.7407,117.7407,117.7407,117.7407,,117.7407,factor_candle,FRED CSV Gateway mirror,learning_only_mirror
DTWEXBGS,2019-10-09,2019-10-09T00:00:00Z,daily,117.6835,117.6835,117.6835,117.6835,,117.6835,factor_candle,FRED CSV Gateway mirror,learning_only_mirror
DTWEXBGS,2019-10-10,2019-10-10T00:00:00Z,daily,117.2801,117.2801,117.2801,117.2801,,117.2801,factor_candle,FRED CSV Gateway mirror,learning_only_mirror
DTWEXBGS,2019-10-11,2019-10-11T00:00:00Z,daily,116.8239,116.8239,116.8239,116.8239,,116.8239,factor_candle,FRED CSV Gateway mirror,learning_only_mirror
DTWEXBGS,2019-10-15,2019-10-15T00:00:00Z,daily,116.8111,116.8111,116.8111,116.8111,,116.8111,factor_candle,FRED CSV Gateway mirror,learning_only_mirror
DTWEXBGS,2019-10-16,2019-10-16T00:00:00Z,daily,116.6425,116.6425,116.6425,116.6425,,116.6425,factor_candle,FRED CSV Gateway mirror,learning_only_mirror
DTWEXBGS,2019-10-17,2019-10-17T00:00:00Z,daily,116.2615,116.2615,116.2615,116.2615,,116.2615,factor_candle,FRED CSV Gateway mirror,learning_only_mirror
DTWEXBGS,2019-10-18,2019-10-18T00:00:00Z,daily,116.1344,116.1344,116.1344,116.1344,,116.1344,factor_candle,FRED CSV Gateway mirror,learning_only_mirror
DTWEXBGS,2019-10-21,2019-10-21T00:00:00Z,daily,116.0436,116.0436,116.0436,116.0436,,116.0436,factor_candle,FRED CSV Gateway mirror,learning_only_mirror
DTWEXBGS,2019-10-22,2019-10-22T00:00:00Z,daily,115.9851,115.9851,115.9851,115.9851,,115.9851,factor_candle,FRED CSV Gateway mirror,learning_only_mirror
DTWEXBGS,2019-10-23,2019-10-23T00:00:00Z,daily,116.0586,116.0586,116.0586,116.0586,,116.0586,factor_candle,FRED CSV Gateway mirror,learning_only_mirror
DTWEXBGS,2019-10-24,2019-10-24T00:00:00Z,daily,116.1278,116.1278,116.1278,116.1278,,116.1278,factor_candle,FRED CSV Gateway mirror,learning_only_mirror
DTWEXBGS,2019-10-25,2019-10-25T00:00:00Z,daily,116.0774,116.0774,116.0774,116.0774,,116.0774,factor_candle,FRED CSV Gateway mirror,learning_only_mirror
DTWEXBGS,2019-10-28,2019-10-28T00:00:00Z,daily,116.0222,116.0222,116.0222,116.0222,,116.0222,factor_candle,FRED CSV Gateway mirror,learning_only_mirror
DTWEXBGS,2019-10-29,2019-10-29T00:00:00Z,daily,115.9797,115.9797,115.9797,115.9797,,115.9797,factor_candle,FRED CSV Gateway mirror,learning_only_mirror
DTWEXBGS,2019-10-30,2019-10-30T00:00:00Z,daily,116.1636,116.1636,116.1636,116.1636,,116.1636,factor_candle,FRED CSV Gateway mirror,learning_only_mirror
DTWEXBGS,2019-10-31,2019-10-31T00:00:00Z,daily,115.9125,115.9125,115.9125,115.9125,,115.9125,factor_candle,FRED CSV Gateway mirror,learning_only_mirror
DTWEXBGS,2019-11-01,2019-11-01T00:00:00Z,daily,115.7312,115.7312,115.7312,115.7312,,115.7312,factor_candle,FRED CSV Gateway mirror,learning_only_mirror
DTWEXBGS,2019-11-04,2019-11-04T00:00:00Z,daily,115.8624,115.8624,115.8624,115.8624,,115.8624,factor_candle,FRED CSV Gateway mirror,learning_only_mirror
DTWEXBGS,2019-11-05,2019-11-05T00:00:00Z,daily,116.1138,116.1138,116.1138,116.1138,,116.1138,factor_candle,FRED CSV Gateway mirror,learning_only_mirror
DTWEXBGS,2019-11-06,2019-11-06T00:00:00Z,daily,116.1004,116.1004,116.1004,116.1004,,116.1004,factor_candle,FRED CSV Gateway mirror,learning_only_mirror
DTWEXBGS,2019-11-07,2019-11-07T00:00:00Z,daily,116.1172,116.1172,116.1172,116.1172,,116.1172,factor_candle,FRED CSV Gateway mirror,learning_only_mirror
DTWEXBGS,2019-11-08,2019-11-08T00:00:00Z,daily,116.3436,116.3436,116.3436,116.3436,,116.3436,factor_candle,FRED CSV Gateway mirror,learning_only_mirror
DTWEXBGS,2019-11-12,2019-11-12T00:00:00Z,daily,116.5837,116.5837,116.5837,116.5837,,116.5837,factor_candle,FRED CSV Gateway mirror,learning_only_mirror
DTWEXBGS,2019-11-13,2019-11-13T00:00:00Z,daily,116.8397,116.8397,116.8397,116.8397,,116.8397,factor_candle,FRED CSV Gateway mirror,learning_only_mirror
DTWEXBGS,2019-11-14,2019-11-14T00:00:00Z,daily,116.8022,116.8022,116.8022,116.8022,,116.8022,factor_candle,FRED CSV Gateway mirror,learning_only_mirror
DTWEXBGS,2019-11-15,2019-11-15T00:00:00Z,daily,116.4401,116.4401,116.4401,116.4401,,116.4401,factor_candle,FRED CSV Gateway mirror,learning_only_mirror
DTWEXBGS,2019-11-18,2019-11-18T00:00:00Z,daily,116.3625,116.3625,116.3625,116.3625,,116.3625,factor_candle,FRED CSV Gateway mirror,learning_only_mirror
DTWEXBGS,2019-11-19,2019-11-19T00:00:00Z,daily,116.5391,116.5391,116.5391,116.5391,,116.5391,factor_candle,FRED CSV Gateway mirror,learning_only_mirror
DTWEXBGS,2019-11-20,2019-11-20T00:00:00Z,daily,116.828,116.828,116.828,116.828,,116.828,factor_candle,FRED CSV Gateway mirror,learning_only_mirror
DTWEXBGS,2019-11-21,2019-11-21T00:00:00Z,daily,116.7435,116.7435,116.7435,116.7435,,116.7435,factor_candle,FRED CSV Gateway mirror,learning_only_mirror
DTWEXBGS,2019-11-22,2019-11-22T00:00:00Z,daily,116.9137,116.9137,116.9137,116.9137,,116.9137,factor_candle,FRED CSV Gateway mirror,learning_only_mirror
DTWEXBGS,2019-11-25,2019-11-25T00:00:00Z,daily,117.0098,117.0098,117.0098,117.0098,,117.0098,factor_candle,FRED CSV Gateway mirror,learning_only_mirror
DTWEXBGS,2019-11-26,2019-11-26T00:00:00Z,daily,117.0513,117.0513,117.0513,117.0513,,117.0513,factor_candle,FRED CSV Gateway mirror,learning_only_mirror
DTWEXBGS,2019-11-27,2019-11-27T00:00:00Z,daily,117.1273,117.1273,117.1273,117.1273,,117.1273,factor_candle,FRED CSV Gateway mirror,learning_only_mirror
DTWEXBGS,2019-11-29,2019-11-29T00:00:00Z,daily,117.1204,117.1204,117.1204,117.1204,,117.1204,factor_candle,FRED CSV Gateway mirror,learning_only_mirror
DTWEXBGS,2019-12-02,2019-12-02T00:00:00Z,daily,116.9647,116.9647,116.9647,116.9647,,116.9647,factor_candle,FRED CSV Gateway mirror,learning_only_mirror
DTWEXBGS,2019-12-03,2019-12-03T00:00:00Z,daily,116.8898,116.8898,116.8898,116.8898,,116.8898,factor_candle,FRED CSV Gateway mirror,learning_only_mirror
DTWEXBGS,2019-12-04,2019-12-04T00:00:00Z,daily,116.692,116.692,116.692,116.692,,116.692,factor_candle,FRED CSV Gateway mirror,learning_only_mirror
DTWEXBGS,2019-12-05,2019-12-05T00:00:00Z,daily,116.3838,116.3838,116.3838,116.3838,,116.3838,factor_candle,FRED CSV Gateway mirror,learning_only_mirror
DTWEXBGS,2019-12-06,2019-12-06T00:00:00Z,daily,116.5381,116.5381,116.5381,116.5381,,116.5381,factor_candle,FRED CSV Gateway mirror,learning_only_mirror
DTWEXBGS,2019-12-09,2019-12-09T00:00:00Z,daily,116.3283,116.3283,116.3283,116.3283,,116.3283,factor_candle,FRED CSV Gateway mirror,learning_only_mirror
DTWEXBGS,2019-12-10,2019-12-10T00:00:00Z,daily,116.2542,116.2542,116.2542,116.2542,,116.2542,factor_candle,FRED CSV Gateway mirror,learning_only_mirror
DTWEXBGS,2019-12-11,2019-12-11T00:00:00Z,daily,116.1478,116.1478,116.1478,116.1478,,116.1478,factor_candle,FRED CSV Gateway mirror,learning_only_mirror
DTWEXBGS,2019-12-12,2019-12-12T00:00:00Z,daily,115.8741,115.8741,115.8741,115.8741,,115.8741,factor_candle,FRED CSV Gateway mirror,learning_only_mirror
DTWEXBGS,2019-12-13,2019-12-13T00:00:00Z,daily,115.6967,115.6967,115.6967,115.6967,,115.6967,factor_candle,FRED CSV Gateway mirror,learning_only_mirror
DTWEXBGS,2019-12-16,2019-12-16T00:00:00Z,daily,115.555,115.555,115.555,115.555,,115.555,factor_candle,FRED CSV Gateway mirror,learning_only_mirror
DTWEXBGS,2019-12-17,2019-12-17T00:00:00Z,daily,115.5553,115.5553,115.5553,115.5553,,115.5553,factor_candle,FRED CSV Gateway mirror,learning_only_mirror
DTWEXBGS,2019-12-18,2019-12-18T00:00:00Z,daily,115.6618,115.6618,115.6618,115.6618,,115.6618,factor_candle,FRED CSV Gateway mirror,learning_only_mirror
DTWEXBGS,2019-12-19,2019-12-19T00:00:00Z,daily,115.5988,115.5988,115.5988,115.5988,,115.5988,factor_candle,FRED CSV Gateway mirror,learning_only_mirror
DTWEXBGS,2019-12-20,2019-12-20T00:00:00Z,daily,115.7598,115.7598,115.7598,115.7598,,115.7598,factor_candle,FRED CSV Gateway mirror,learning_only_mirror
DTWEXBGS,2019-12-23,2019-12-23T00:00:00Z,daily,115.8059,115.8059,115.8059,115.8059,,115.8059,factor_candle,FRED CSV Gateway mirror,learning_only_mirror
DTWEXBGS,2019-12-26,2019-12-26T00:00:00Z,daily,115.634,115.634,115.634,115.634,,115.634,factor_candle,FRED CSV Gateway mirror,learning_only_mirror
DTWEXBGS,2019-12-27,2019-12-27T00:00:00Z,daily,115.22,115.22,115.22,115.22,,115.22,factor_candle,FRED CSV Gateway mirror,learning_only_mirror
DTWEXBGS,2019-12-30,2019-12-30T00:00:00Z,daily,114.9631,114.9631,114.9631,114.9631,,114.9631,factor_candle,FRED CSV Gateway mirror,learning_only_mirror
DTWEXBGS,2019-12-31,2019-12-31T00:00:00Z,daily,114.669,114.669,114.669,114.669,,114.669,factor_candle,FRED CSV Gateway mirror,learning_only_mirror
DTWEXBGS,2020-01-02,2020-01-02T00:00:00Z,daily,114.9745,114.9745,114.9745,114.9745,,114.9745,factor_candle,FRED CSV Gateway mirror,learning_only_mirror
DTWEXBGS,2020-01-03,2020-01-03T00:00:00Z,daily,114.9867,114.9867,114.9867,114.9867,,114.9867,factor_candle,FRED CSV Gateway mirror,learning_only_mirror
DTWEXBGS,2020-01-06,2020-01-06T00:00:00Z,daily,114.9557,114.9557,114.9557,114.9557,,114.9557,factor_candle,FRED CSV Gateway mirror,learning_only_mirror
DTWEXBGS,2020-01-07,2020-01-07T00:00:00Z,daily,115.1477,115.1477,115.1477,115.1477,,115.1477,factor_candle,FRED CSV Gateway mirror,learning_only_mirror
DTWEXBGS,2020-01-08,2020-01-08T00:00:00Z,daily,115.1328,115.1328,115.1328,115.1328,,115.1328,factor_candle,FRED CSV Gateway mirror,learning_only_mirror
DTWEXBGS,2020-01-09,2020-01-09T00:00:00Z,daily,115.2331,115.2331,115.2331,115.2331,,115.2331,factor_candle,FRED CSV Gateway mirror,learning_only_mirror
DTWEXBGS,2020-01-10,2020-01-10T00:00:00Z,daily,115.0677,115.0677,115.0677,115.0677,,115.0677,factor_candle,FRED CSV Gateway mirror,learning_only_mirror
DTWEXBGS,2020-01-13,2020-01-13T00:00:00Z,daily,115.0342,115.0342,115.0342,115.0342,,115.0342,factor_candle,FRED CSV Gateway mirror,learning_only_mirror
DTWEXBGS,2020-01-14,2020-01-14T00:00:00Z,daily,115.0239,115.0239,115.0239,115.0239,,115.0239,factor_candle,FRED CSV Gateway mirror,learning_only_mirror
DTWEXBGS,2020-01-15,2020-01-15T00:00:00Z,daily,114.9528,114.9528,114.9528,114.9528,,114.9528,factor_candle,FRED CSV Gateway mirror,learning_only_mirror
DTWEXBGS,2020-01-16,2020-01-16T00:00:00Z,daily,115.0006,115.0006,115.0006,115.0006,,115.0006,factor_candle,FRED CSV Gateway mirror,learning_only_mirror
DTWEXBGS,2020-01-17,2020-01-17T00:00:00Z,daily,115.0656,115.0656,115.0656,115.0656,,115.0656,factor_candle,FRED CSV Gateway mirror,learning_only_mirror
DTWEXBGS,2020-01-21,2020-01-21T00:00:00Z,daily,115.1876,115.1876,115.1876,115.1876,,115.1876,factor_candle,FRED CSV Gateway mirror,learning_only_mirror
DTWEXBGS,2020-01-22,2020-01-22T00:00:00Z,daily,115.2273,115.2273,115.2273,115.2273,,115.2273,factor_candle,FRED CSV Gateway mirror,learning_only_mirror
DTWEXBGS,2020-01-23,2020-01-23T00:00:00Z,daily,115.5545,115.5545,115.5545,115.5545,,115.5545,factor_candle,FRED CSV Gateway mirror,learning_only_mirror
DTWEXBGS,2020-01-24,2020-01-24T00:00:00Z,daily,115.5556,115.5556,115.5556,115.5556,,115.5556,factor_candle,FRED CSV Gateway mirror,learning_only_mirror
DTWEXBGS,2020-01-27,2020-01-27T00:00:00Z,daily,115.8004,115.8004,115.8004,115.8004,,115.8004,factor_candle,FRED CSV Gateway mirror,learning_only_mirror
DTWEXBGS,2020-01-28,2020-01-28T00:00:00Z,daily,115.7239,115.7239,115.7239,115.7239,,115.7239,factor_candle,FRED CSV Gateway mirror,learning_only_mirror
DTWEXBGS,2020-01-29,2020-01-29T00:00:00Z,daily,115.7003,115.7003,115.7003,115.7003,,115.7003,factor_candle,FRED CSV Gateway mirror,learning_only_mirror
DTWEXBGS,2020-01-30,2020-01-30T00:00:00Z,daily,115.8077,115.8077,115.8077,115.8077,,115.8077,factor_candle,FRED CSV Gateway mirror,learning_only_mirror
DTWEXBGS,2020-01-31,2020-01-31T00:00:00Z,daily,115.7345,115.7345,115.7345,115.7345,,115.7345,factor_candle,FRED CSV Gateway mirror,learning_only_mirror
DTWEXBGS,2020-02-03,2020-02-03T00:00:00Z,daily,116.1172,116.1172,116.1172,116.1172,,116.1172,factor_candle,FRED CSV Gateway mirror,learning_only_mirror
DTWEXBGS,2020-02-04,2020-02-04T00:00:00Z,daily,115.9291,115.9291,115.9291,115.9291,,115.9291,factor_candle,FRED CSV Gateway mirror,learning_only_mirror
DTWEXBGS,2020-02-05,2020-02-05T00:00:00Z,daily,116.009,116.009,116.009,116.009,,116.009,factor_candle,FRED CSV Gateway mirror,learning_only_mirror
DTWEXBGS,2020-02-06,2020-02-06T00:00:00Z,daily,116.1518,116.1518,116.1518,116.1518,,116.1518,factor_candle,FRED CSV Gateway mirror,learning_only_mirror
DTWEXBGS,2020-02-07,2020-02-07T00:00:00Z,daily,116.5086,116.5086,116.5086,116.5086,,116.5086,factor_candle,FRED CSV Gateway mirror,learning_only_mirror
DTWEXBGS,2020-02-10,2020-02-10T00:00:00Z,daily,116.5711,116.5711,116.5711,116.5711,,116.5711,factor_candle,FRED CSV Gateway mirror,learning_only_mirror
DTWEXBGS,2020-02-11,2020-02-11T00:00:00Z,daily,116.3585,116.3585,116.3585,116.3585,,116.3585,factor_candle,FRED CSV Gateway mirror,learning_only_mirror
DTWEXBGS,2020-02-12,2020-02-12T00:00:00Z,daily,116.2794,116.2794,116.2794,116.2794,,116.2794,factor_candle,FRED CSV Gateway mirror,learning_only_mirror
DTWEXBGS,2020-02-13,2020-02-13T00:00:00Z,daily,116.3999,116.3999,116.3999,116.3999,,116.3999,factor_candle,FRED CSV Gateway mirror,learning_only_mirror
DTWEXBGS,2020-02-14,2020-02-14T00:00:00Z,daily,116.4223,116.4223,116.4223,116.4223,,116.4223,factor_candle,FRED CSV Gateway mirror,learning_only_mirror
DTWEXBGS,2020-02-18,2020-02-18T00:00:00Z,daily,116.6039,116.6039,116.6039,116.6039,,116.6039,factor_candle,FRED CSV Gateway mirror,learning_only_mirror
DTWEXBGS,2020-02-19,2020-02-19T00:00:00Z,daily,116.7829,116.7829,116.7829,116.7829,,116.7829,factor_candle,FRED CSV Gateway mirror,learning_only_mirror
DTWEXBGS,2020-02-20,2020-02-20T00:00:00Z,daily,117.2454,117.2454,117.2454,117.2454,,117.2454,factor_candle,FRED CSV Gateway mirror,learning_only_mirror
DTWEXBGS,2020-02-21,2020-02-21T00:00:00Z,daily,117.0473,117.0473,117.0473,117.0473,,117.0473,factor_candle,FRED CSV Gateway mirror,learning_only_mirror
DTWEXBGS,2020-02-24,2020-02-24T00:00:00Z,daily,117.4018,117.4018,117.4018,117.4018,,117.4018,factor_candle,FRED CSV Gateway mirror,learning_only_mirror
DTWEXBGS,2020-02-25,2020-02-25T00:00:00Z,daily,117.2425,117.2425,117.2425,117.2425,,117.2425,factor_candle,FRED CSV Gateway mirror,learning_only_mirror
DTWEXBGS,2020-02-26,2020-02-26T00:00:00Z,daily,117.405,117.405,117.405,117.405,,117.405,factor_candle,FRED CSV Gateway mirror,learning_only_mirror
DTWEXBGS,2020-02-27,2020-02-27T00:00:00Z,daily,117.3678,117.3678,117.3678,117.3678,,117.3678,factor_candle,FRED CSV Gateway mirror,learning_only_mirror
DTWEXBGS,2020-02-28,2020-02-28T00:00:00Z,daily,117.6568,117.6568,117.6568,117.6568,,117.6568,factor_candle,FRED CSV Gateway mirror,learning_only_mirror
DTWEXBGS,2020-03-02,2020-03-02T00:00:00Z,daily,116.8144,116.8144,116.8144,116.8144,,116.8144,factor_candle,FRED CSV Gateway mirror,learning_only_mirror
DTWEXBGS,2020-03-03,2020-03-03T00:00:00Z,daily,116.4958,116.4958,116.4958,116.4958,,116.4958,factor_candle,FRED CSV Gateway mirror,learning_only_mirror
DTWEXBGS,2020-03-04,2020-03-04T00:00:00Z,daily,116.7802,116.7802,116.7802,116.7802,,116.7802,factor_candle,FRED CSV Gateway mirror,learning_only_mirror
DTWEXBGS,2020-03-05,2020-03-05T00:00:00Z,daily,116.7901,116.7901,116.7901,116.7901,,116.7901,factor_candle,FRED CSV Gateway mirror,learning_only_mirror
DTWEXBGS,2020-03-06,2020-03-06T00:00:00Z,daily,116.7106,116.7106,116.7106,116.7106,,116.7106,factor_candle,FRED CSV Gateway mirror,learning_only_mirror
DTWEXBGS,2020-03-09,2020-03-09T00:00:00Z,daily,117.1871,117.1871,117.1871,117.1871,,117.1871,factor_candle,FRED CSV Gateway mirror,learning_only_mirror
DTWEXBGS,2020-03-10,2020-03-10T00:00:00Z,daily,117.9027,117.9027,117.9027,117.9027,,117.9027,factor_candle,FRED CSV Gateway mirror,learning_only_mirror
DTWEXBGS,2020-03-11,2020-03-11T00:00:00Z,daily,118.2505,118.2505,118.2505,118.2505,,118.2505,factor_candle,FRED CSV Gateway mirror,learning_only_mirror
DTWEXBGS,2020-03-12,2020-03-12T00:00:00Z,daily,120.4883,120.4883,120.4883,120.4883,,120.4883,factor_candle,FRED CSV Gateway mirror,learning_only_mirror
DTWEXBGS,2020-03-13,2020-03-13T00:00:00Z,daily,120.4388,120.4388,120.4388,120.4388,,120.4388,factor_candle,FRED CSV Gateway mirror,learning_only_mirror
DTWEXBGS,2020-03-16,2020-03-16T00:00:00Z,daily,120.9352,120.9352,120.9352,120.9352,,120.9352,factor_candle,FRED CSV Gateway mirror,learning_only_mirror
DTWEXBGS,2020-03-17,2020-03-17T00:00:00Z,daily,122.4816,122.4816,122.4816,122.4816,,122.4816,factor_candle,FRED CSV Gateway mirror,learning_only_mirror
DTWEXBGS,2020-03-18,2020-03-18T00:00:00Z,daily,124.1623,124.1623,124.1623,124.1623,,124.1623,factor_candle,FRED CSV Gateway mirror,learning_only_mirror
DTWEXBGS,2020-03-19,2020-03-19T00:00:00Z,daily,125.0587,125.0587,125.0587,125.0587,,125.0587,factor_candle,FRED CSV Gateway mirror,learning_only_mirror
DTWEXBGS,2020-03-20,2020-03-20T00:00:00Z,daily,124.9362,124.9362,124.9362,124.9362,,124.9362,factor_candle,FRED CSV Gateway mirror,learning_only_mirror
DTWEXBGS,2020-03-23,2020-03-23T00:00:00Z,daily,126.1262,126.1262,126.1262,126.1262,,126.1262,factor_candle,FRED CSV Gateway mirror,learning_only_mirror
DTWEXBGS,2020-03-24,2020-03-24T00:00:00Z,daily,125.5001,125.5001,125.5001,125.5001,,125.5001,factor_candle,FRED CSV Gateway mirror,learning_only_mirror
DTWEXBGS,2020-03-25,2020-03-25T00:00:00Z,daily,124.7916,124.7916,124.7916,124.7916,,124.7916,factor_candle,FRED CSV Gateway mirror,learning_only_mirror
DTWEXBGS,2020-03-26,2020-03-26T00:00:00Z,daily,122.4308,122.4308,122.4308,122.4308,,122.4308,factor_candle,FRED CSV Gateway mirror,learning_only_mirror
DTWEXBGS,2020-03-27,2020-03-27T00:00:00Z,daily,122.4007,122.4007,122.4007,122.4007,,122.4007,factor_candle,FRED CSV Gateway mirror,learning_only_mirror
DTWEXBGS,2020-03-30,2020-03-30T00:00:00Z,daily,123.2883,123.2883,123.2883,123.2883,,123.2883,factor_candle,FRED CSV Gateway mirror,learning_only_mirror
DTWEXBGS,2020-03-31,2020-03-31T00:00:00Z,daily,122.5301,122.5301,122.5301,122.5301,,122.5301,factor_candle,FRED CSV Gateway mirror,learning_only_mirror
DTWEXBGS,2020-04-01,2020-04-01T00:00:00Z,daily,123.7933,123.7933,123.7933,123.7933,,123.7933,factor_candle,FRED CSV Gateway mirror,learning_only_mirror
DTWEXBGS,2020-04-02,2020-04-02T00:00:00Z,daily,123.5916,123.5916,123.5916,123.5916,,123.5916,factor_candle,FRED CSV Gateway mirror,learning_only_mirror
DTWEXBGS,2020-04-03,2020-04-03T00:00:00Z,daily,124.4152,124.4152,124.4152,124.4152,,124.4152,factor_candle,FRED CSV Gateway mirror,learning_only_mirror
DTWEXBGS,2020-04-06,2020-04-06T00:00:00Z,daily,124.16,124.16,124.16,124.16,,124.16,factor_candle,FRED CSV Gateway mirror,learning_only_mirror
DTWEXBGS,2020-04-07,2020-04-07T00:00:00Z,daily,123.0956,123.0956,123.0956,123.0956,,123.0956,factor_candle,FRED CSV Gateway mirror,learning_only_mirror
DTWEXBGS,2020-04-08,2020-04-08T00:00:00Z,daily,123.2216,123.2216,123.2216,123.2216,,123.2216,factor_candle,FRED CSV Gateway mirror,learning_only_mirror
DTWEXBGS,2020-04-09,2020-04-09T00:00:00Z,daily,122.476,122.476,122.476,122.476,,122.476,factor_candle,FRED CSV Gateway mirror,learning_only_mirror
DTWEXBGS,2020-04-10,2020-04-10T00:00:00Z,daily,122.1592,122.1592,122.1592,122.1592,,122.1592,factor_candle,FRED CSV Gateway mirror,learning_only_mirror
DTWEXBGS,2020-04-13,2020-04-13T00:00:00Z,daily,122.5203,122.5203,122.5203,122.5203,,122.5203,factor_candle,FRED CSV Gateway mirror,learning_only_mirror
DTWEXBGS,2020-04-14,2020-04-14T00:00:00Z,daily,122.1121,122.1121,122.1121,122.1121,,122.1121,factor_candle,FRED CSV Gateway mirror,learning_only_mirror
DTWEXBGS,2020-04-15,2020-04-15T00:00:00Z,daily,123.0752,123.0752,123.0752,123.0752,,123.0752,factor_candle,FRED CSV Gateway mirror,learning_only_mirror
DTWEXBGS,2020-04-16,2020-04-16T00:00:00Z,daily,123.4615,123.4615,123.4615,123.4615,,123.4615,factor_candle,FRED CSV Gateway mirror,learning_only_mirror
DTWEXBGS,2020-04-17,2020-04-17T00:00:00Z,daily,122.871,122.871,122.871,122.871,,122.871,factor_candle,FRED CSV Gateway mirror,learning_only_mirror
DTWEXBGS,2020-04-20,2020-04-20T00:00:00Z,daily,123.1033,123.1033,123.1033,123.1033,,123.1033,factor_candle,FRED CSV Gateway mirror,learning_only_mirror
DTWEXBGS,2020-04-21,2020-04-21T00:00:00Z,daily,123.9116,123.9116,123.9116,123.9116,,123.9116,factor_candle,FRED CSV Gateway mirror,learning_only_mirror
DTWEXBGS,2020-04-22,2020-04-22T00:00:00Z,daily,123.9256,123.9256,123.9256,123.9256,,123.9256,factor_candle,FRED CSV Gateway mirror,learning_only_mirror
DTWEXBGS,2020-04-23,2020-04-23T00:00:00Z,daily,123.7542,123.7542,123.7542,123.7542,,123.7542,factor_candle,FRED CSV Gateway mirror,learning_only_mirror
DTWEXBGS,2020-04-24,2020-04-24T00:00:00Z,daily,124.1615,124.1615,124.1615,124.1615,,124.1615,factor_candle,FRED CSV Gateway mirror,learning_only_mirror
DTWEXBGS,2020-04-27,2020-04-27T00:00:00Z,daily,123.8843,123.8843,123.8843,123.8843,,123.8843,factor_candle,FRED CSV Gateway mirror,learning_only_mirror
DTWEXBGS,2020-04-28,2020-04-28T00:00:00Z,daily,123.3693,123.3693,123.3693,123.3693,,123.3693,factor_candle,FRED CSV Gateway mirror,learning_only_mirror
DTWEXBGS,2020-04-29,2020-04-29T00:00:00Z,daily,122.7782,122.7782,122.7782,122.7782,,122.7782,factor_candle,FRED CSV Gateway mirror,learning_only_mirror
DTWEXBGS,2020-04-30,2020-04-30T00:00:00Z,daily,122.327,122.327,122.327,122.327,,122.327,factor_candle,FRED CSV Gateway mirror,learning_only_mirror
DTWEXBGS,2020-05-01,2020-05-01T00:00:00Z,daily,123.1492,123.1492,123.1492,123.1492,,123.1492,factor_candle,FRED CSV Gateway mirror,learning_only_mirror
DTWEXBGS,2020-05-04,2020-05-04T00:00:00Z,daily,123.2117,123.2117,123.2117,123.2117,,123.2117,factor_candle,FRED CSV Gateway mirror,learning_only_mirror
DTWEXBGS,2020-05-05,2020-05-05T00:00:00Z,daily,122.803,122.803,122.803,122.803,,122.803,factor_candle,FRED CSV Gateway mirror,learning_only_mirror
DTWEXBGS,2020-05-06,2020-05-06T00:00:00Z,daily,123.609,123.609,123.609,123.609,,123.609,factor_candle,FRED CSV Gateway mirror,learning_only_mirror
DTWEXBGS,2020-05-07,2020-05-07T00:00:00Z,daily,123.1249,123.1249,123.1249,123.1249,,123.1249,factor_candle,FRED CSV Gateway mirror,learning_only_mirror
DTWEXBGS,2020-05-08,2020-05-08T00:00:00Z,daily,122.5379,122.5379,122.5379,122.5379,,122.5379,factor_candle,FRED CSV Gateway mirror,learning_only_mirror
DTWEXBGS,2020-05-11,2020-05-11T00:00:00Z,daily,123.2333,123.2333,123.2333,123.2333,,123.2333,factor_candle,FRED CSV Gateway mirror,learning_only_mirror
DTWEXBGS,2020-05-12,2020-05-12T00:00:00Z,daily,123.0592,123.0592,123.0592,123.0592,,123.0592,factor_candle,FRED CSV Gateway mirror,learning_only_mirror
DTWEXBGS,2020-05-13,2020-05-13T00:00:00Z,daily,123.5408,123.5408,123.5408,123.5408,,123.5408,factor_candle,FRED CSV Gateway mirror,learning_only_mirror
DTWEXBGS,2020-05-14,2020-05-14T00:00:00Z,daily,123.6429,123.6429,123.6429,123.6429,,123.6429,factor_candle,FRED CSV Gateway mirror,learning_only_mirror
DTWEXBGS,2020-05-15,2020-05-15T00:00:00Z,daily,123.5991,123.5991,123.5991,123.5991,,123.5991,factor_candle,FRED CSV Gateway mirror,learning_only_mirror
DTWEXBGS,2020-05-18,2020-05-18T00:00:00Z,daily,122.7968,122.7968,122.7968,122.7968,,122.7968,factor_candle,FRED CSV Gateway mirror,learning_only_mirror
DTWEXBGS,2020-05-19,2020-05-19T00:00:00Z,daily,122.5655,122.5655,122.5655,122.5655,,122.5655,factor_candle,FRED CSV Gateway mirror,learning_only_mirror
DTWEXBGS,2020-05-20,2020-05-20T00:00:00Z,daily,122.1007,122.1007,122.1007,122.1007,,122.1007,factor_candle,FRED CSV Gateway mirror,learning_only_mirror
DTWEXBGS,2020-05-21,2020-05-21T00:00:00Z,daily,122.0914,122.0914,122.0914,122.0914,,122.0914,factor_candle,FRED CSV Gateway mirror,learning_only_mirror
DTWEXBGS,2020-05-22,2020-05-22T00:00:00Z,daily,122.3211,122.3211,122.3211,122.3211,,122.3211,factor_candle,FRED CSV Gateway mirror,learning_only_mirror
DTWEXBGS,2020-05-26,2020-05-26T00:00:00Z,daily,121.3864,121.3864,121.3864,121.3864,,121.3864,factor_candle,FRED CSV Gateway mirror,learning_only_mirror
DTWEXBGS,2020-05-27,2020-05-27T00:00:00Z,daily,121.5677,121.5677,121.5677,121.5677,,121.5677,factor_candle,FRED CSV Gateway mirror,learning_only_mirror
DTWEXBGS,2020-05-28,2020-05-28T00:00:00Z,daily,121.0138,121.0138,121.0138,121.0138,,121.0138,factor_candle,FRED CSV Gateway mirror,learning_only_mirror
DTWEXBGS,2020-05-29,2020-05-29T00:00:00Z,daily,120.9458,120.9458,120.9458,120.9458,,120.9458,factor_candle,FRED CSV Gateway mirror,learning_only_mirror
DTWEXBGS,2020-06-01,2020-06-01T00:00:00Z,daily,120.2686,120.2686,120.2686,120.2686,,120.2686,factor_candle,FRED CSV Gateway mirror,learning_only_mirror
DTWEXBGS,2020-06-02,2020-06-02T00:00:00Z,daily,119.6854,119.6854,119.6854,119.6854,,119.6854,factor_candle,FRED CSV Gateway mirror,learning_only_mirror
DTWEXBGS,2020-06-03,2020-06-03T00:00:00Z,daily,119.2556,119.2556,119.2556,119.2556,,119.2556,factor_candle,FRED CSV Gateway mirror,learning_only_mirror
DTWEXBGS,2020-06-04,2020-06-04T00:00:00Z,daily,119.3014,119.3014,119.3014,119.3014,,119.3014,factor_candle,FRED CSV Gateway mirror,learning_only_mirror
DTWEXBGS,2020-06-05,2020-06-05T00:00:00Z,daily,118.8138,118.8138,118.8138,118.8138,,118.8138,factor_candle,FRED CSV Gateway mirror,learning_only_mirror
DTWEXBGS,2020-06-08,2020-06-08T00:00:00Z,daily,118.6621,118.6621,118.6621,118.6621,,118.6621,factor_candle,FRED CSV Gateway mirror,learning_only_mirror
DTWEXBGS,2020-06-09,2020-06-09T00:00:00Z,daily,118.5893,118.5893,118.5893,118.5893,,118.5893,factor_candle,FRED CSV Gateway mirror,learning_only_mirror
DTWEXBGS,2020-06-10,2020-06-10T00:00:00Z,daily,118.5231,118.5231,118.5231,118.5231,,118.5231,factor_candle,FRED CSV Gateway mirror,learning_only_mirror
DTWEXBGS,2020-06-11,2020-06-11T00:00:00Z,daily,119.2347,119.2347,119.2347,119.2347,,119.2347,factor_candle,FRED CSV Gateway mirror,learning_only_mirror
DTWEXBGS,2020-06-12,2020-06-12T00:00:00Z,daily,119.6645,119.6645,119.6645,119.6645,,119.6645,factor_candle,FRED CSV Gateway mirror,learning_only_mirror
DTWEXBGS,2020-06-15,2020-06-15T00:00:00Z,daily,119.9539,119.9539,119.9539,119.9539,,119.9539,factor_candle,FRED CSV Gateway mirror,learning_only_mirror
DTWEXBGS,2020-06-16,2020-06-16T00:00:00Z,daily,119.567,119.567,119.567,119.567,,119.567,factor_candle,FRED CSV Gateway mirror,learning_only_mirror
DTWEXBGS,2020-06-17,2020-06-17T00:00:00Z,daily,119.9105,119.9105,119.9105,119.9105,,119.9105,factor_candle,FRED CSV Gateway mirror,learning_only_mirror
DTWEXBGS,2020-06-18,2020-06-18T00:00:00Z,daily,120.2173,120.2173,120.2173,120.2173,,120.2173,factor_candle,FRED CSV Gateway mirror,learning_only_mirror
DTWEXBGS,2020-06-19,2020-06-19T00:00:00Z,daily,120.2186,120.2186,120.2186,120.2186,,120.2186,factor_candle,FRED CSV Gateway mirror,learning_only_mirror
DTWEXBGS,2020-06-22,2020-06-22T00:00:00Z,daily,119.7532,119.7532,119.7532,119.7532,,119.7532,factor_candle,FRED CSV Gateway mirror,learning_only_mirror
DTWEXBGS,2020-06-23,2020-06-23T00:00:00Z,daily,119.3285,119.3285,119.3285,119.3285,,119.3285,factor_candle,FRED CSV Gateway mirror,learning_only_mirror
DTWEXBGS,2020-06-24,2020-06-24T00:00:00Z,daily,119.9744,119.9744,119.9744,119.9744,,119.9744,factor_candle,FRED CSV Gateway mirror,learning_only_mirror
DTWEXBGS,2020-06-25,2020-06-25T00:00:00Z,daily,120.2997,120.2997,120.2997,120.2997,,120.2997,factor_candle,FRED CSV Gateway mirror,learning_only_mirror
DTWEXBGS,2020-06-26,2020-06-26T00:00:00Z,daily,120.533,120.533,120.533,120.533,,120.533,factor_candle,FRED CSV Gateway mirror,learning_only_mirror
DTWEXBGS,2020-06-29,2020-06-29T00:00:00Z,daily,120.6658,120.6658,120.6658,120.6658,,120.6658,factor_candle,FRED CSV Gateway mirror,learning_only_mirror
DTWEXBGS,2020-06-30,2020-06-30T00:00:00Z,daily,120.4649,120.4649,120.4649,120.4649,,120.4649,factor_candle,FRED CSV Gateway mirror,learning_only_mirror
DTWEXBGS,2020-07-01,2020-07-01T00:00:00Z,daily,120.0808,120.0808,120.0808,120.0808,,120.0808,factor_candle,FRED CSV Gateway mirror,learning_only_mirror
DTWEXBGS,2020-07-02,2020-07-02T00:00:00Z,daily,119.8555,119.8555,119.8555,119.8555,,119.8555,factor_candle,FRED CSV Gateway mirror,learning_only_mirror
DTWEXBGS,2020-07-06,2020-07-06T00:00:00Z,daily,119.2852,119.2852,119.2852,119.2852,,119.2852,factor_candle,FRED CSV Gateway mirror,learning_only_mirror
DTWEXBGS,2020-07-07,2020-07-07T00:00:00Z,daily,119.5717,119.5717,119.5717,119.5717,,119.5717,factor_candle,FRED CSV Gateway mirror,learning_only_mirror
DTWEXBGS,2020-07-08,2020-07-08T00:00:00Z,daily,119.5525,119.5525,119.5525,119.5525,,119.5525,factor_candle,FRED CSV Gateway mirror,learning_only_mirror
DTWEXBGS,2020-07-09,2020-07-09T00:00:00Z,daily,119.5129,119.5129,119.5129,119.5129,,119.5129,factor_candle,FRED CSV Gateway mirror,learning_only_mirror
DTWEXBGS,2020-07-10,2020-07-10T00:00:00Z,daily,119.3509,119.3509,119.3509,119.3509,,119.3509,factor_candle,FRED CSV Gateway mirror,learning_only_mirror
DTWEXBGS,2020-07-13,2020-07-13T00:00:00Z,daily,119.1891,119.1891,119.1891,119.1891,,119.1891,factor_candle,FRED CSV Gateway mirror,learning_only_mirror
DTWEXBGS,2020-07-14,2020-07-14T00:00:00Z,daily,119.3901,119.3901,119.3901,119.3901,,119.3901,factor_candle,FRED CSV Gateway mirror,learning_only_mirror
DTWEXBGS,2020-07-15,2020-07-15T00:00:00Z,daily,119.0331,119.0331,119.0331,119.0331,,119.0331,factor_candle,FRED CSV Gateway mirror,learning_only_mirror
DTWEXBGS,2020-07-16,2020-07-16T00:00:00Z,daily,118.9275,118.9275,118.9275,118.9275,,118.9275,factor_candle,FRED CSV Gateway mirror,learning_only_mirror
DTWEXBGS,2020-07-17,2020-07-17T00:00:00Z,daily,119.124,119.124,119.124,119.124,,119.124,factor_candle,FRED CSV Gateway mirror,learning_only_mirror
DTWEXBGS,2020-07-20,2020-07-20T00:00:00Z,daily,119.0483,119.0483,119.0483,119.0483,,119.0483,factor_candle,FRED CSV Gateway mirror,learning_only_mirror
DTWEXBGS,2020-07-21,2020-07-21T00:00:00Z,daily,118.4042,118.4042,118.4042,118.4042,,118.4042,factor_candle,FRED CSV Gateway mirror,learning_only_mirror
DTWEXBGS,2020-07-22,2020-07-22T00:00:00Z,daily,118.1337,118.1337,118.1337,118.1337,,118.1337,factor_candle,FRED CSV Gateway mirror,learning_only_mirror
DTWEXBGS,2020-07-23,2020-07-23T00:00:00Z,daily,118.0613,118.0613,118.0613,118.0613,,118.0613,factor_candle,FRED CSV Gateway mirror,learning_only_mirror
DTWEXBGS,2020-07-24,2020-07-24T00:00:00Z,daily,118.1329,118.1329,118.1329,118.1329,,118.1329,factor_candle,FRED CSV Gateway mirror,learning_only_mirror
DTWEXBGS,2020-07-27,2020-07-27T00:00:00Z,daily,117.3869,117.3869,117.3869,117.3869,,117.3869,factor_candle,FRED CSV Gateway mirror,learning_only_mirror
DTWEXBGS,2020-07-28,2020-07-28T00:00:00Z,daily,117.3189,117.3189,117.3189,117.3189,,117.3189,factor_candle,FRED CSV Gateway mirror,learning_only_mirror
DTWEXBGS,2020-07-29,2020-07-29T00:00:00Z,daily,117.2126,117.2126,117.2126,117.2126,,117.2126,factor_candle,FRED CSV Gateway mirror,learning_only_mirror
DTWEXBGS,2020-07-30,2020-07-30T00:00:00Z,daily,117.4008,117.4008,117.4008,117.4008,,117.4008,factor_candle,FRED CSV Gateway mirror,learning_only_mirror
DTWEXBGS,2020-07-31,2020-07-31T00:00:00Z,daily,117.2082,117.2082,117.2082,117.2082,,117.2082,factor_candle,FRED CSV Gateway mirror,learning_only_mirror
DTWEXBGS,2020-08-03,2020-08-03T00:00:00Z,daily,117.8074,117.8074,117.8074,117.8074,,117.8074,factor_candle,FRED CSV Gateway mirror,learning_only_mirror
DTWEXBGS,2020-08-04,2020-08-04T00:00:00Z,daily,117.7833,117.7833,117.7833,117.7833,,117.7833,factor_candle,FRED CSV Gateway mirror,learning_only_mirror
DTWEXBGS,2020-08-05,2020-08-05T00:00:00Z,daily,116.8736,116.8736,116.8736,116.8736,,116.8736,factor_candle,FRED CSV Gateway mirror,learning_only_mirror
DTWEXBGS,2020-08-06,2020-08-06T00:00:00Z,daily,117.0422,117.0422,117.0422,117.0422,,117.0422,factor_candle,FRED CSV Gateway mirror,learning_only_mirror
DTWEXBGS,2020-08-07,2020-08-07T00:00:00Z,daily,117.6239,117.6239,117.6239,117.6239,,117.6239,factor_candle,FRED CSV Gateway mirror,learning_only_mirror
DTWEXBGS,2020-08-10,2020-08-10T00:00:00Z,daily,117.5821,117.5821,117.5821,117.5821,,117.5821,factor_candle,FRED CSV Gateway mirror,learning_only_mirror
DTWEXBGS,2020-08-11,2020-08-11T00:00:00Z,daily,117.3781,117.3781,117.3781,117.3781,,117.3781,factor_candle,FRED CSV Gateway mirror,learning_only_mirror
DTWEXBGS,2020-08-12,2020-08-12T00:00:00Z,daily,117.2559,117.2559,117.2559,117.2559,,117.2559,factor_candle,FRED CSV Gateway mirror,learning_only_mirror
DTWEXBGS,2020-08-13,2020-08-13T00:00:00Z,daily,117.1193,117.1193,117.1193,117.1193,,117.1193,factor_candle,FRED CSV Gateway mirror,learning_only_mirror
DTWEXBGS,2020-08-14,2020-08-14T00:00:00Z,daily,116.9395,116.9395,116.9395,116.9395,,116.9395,factor_candle,FRED CSV Gateway mirror,learning_only_mirror
DTWEXBGS,2020-08-17,2020-08-17T00:00:00Z,daily,116.749,116.749,116.749,116.749,,116.749,factor_candle,FRED CSV Gateway mirror,learning_only_mirror
DTWEXBGS,2020-08-18,2020-08-18T00:00:00Z,daily,116.5593,116.5593,116.5593,116.5593,,116.5593,factor_candle,FRED CSV Gateway mirror,learning_only_mirror
DTWEXBGS,2020-08-19,2020-08-19T00:00:00Z,daily,116.567,116.567,116.567,116.567,,116.567,factor_candle,FRED CSV Gateway mirror,learning_only_mirror
DTWEXBGS,2020-08-20,2020-08-20T00:00:00Z,daily,116.8126,116.8126,116.8126,116.8126,,116.8126,factor_candle,FRED CSV Gateway mirror,learning_only_mirror
DTWEXBGS,2020-08-21,2020-08-21T00:00:00Z,daily,117.0572,117.0572,117.0572,117.0572,,117.0572,factor_candle,FRED CSV Gateway mirror,learning_only_mirror
DTWEXBGS,2020-08-24,2020-08-24T00:00:00Z,daily,116.912,116.912,116.912,116.912,,116.912,factor_candle,FRED CSV Gateway mirror,learning_only_mirror
DTWEXBGS,2020-08-25,2020-08-25T00:00:00Z,daily,116.8206,116.8206,116.8206,116.8206,,116.8206,factor_candle,FRED CSV Gateway mirror,learning_only_mirror
DTWEXBGS,2020-08-26,2020-08-26T00:00:00Z,daily,116.6243,116.6243,116.6243,116.6243,,116.6243,factor_candle,FRED CSV Gateway mirror,learning_only_mirror
DTWEXBGS,2020-08-27,2020-08-27T00:00:00Z,daily,116.649,116.649,116.649,116.649,,116.649,factor_candle,FRED CSV Gateway mirror,learning_only_mirror
DTWEXBGS,2020-08-28,2020-08-28T00:00:00Z,daily,115.9374,115.9374,115.9374,115.9374,,115.9374,factor_candle,FRED CSV Gateway mirror,learning_only_mirror
DTWEXBGS,2020-08-31,2020-08-31T00:00:00Z,daily,115.7586,115.7586,115.7586,115.7586,,115.7586,factor_candle,FRED CSV Gateway mirror,learning_only_mirror
DTWEXBGS,2020-09-01,2020-09-01T00:00:00Z,daily,115.5687,115.5687,115.5687,115.5687,,115.5687,factor_candle,FRED CSV Gateway mirror,learning_only_mirror
DTWEXBGS,2020-09-02,2020-09-02T00:00:00Z,daily,116.0304,116.0304,116.0304,116.0304,,116.0304,factor_candle,FRED CSV Gateway mirror,learning_only_mirror
DTWEXBGS,2020-09-03,2020-09-03T00:00:00Z,daily,116.0685,116.0685,116.0685,116.0685,,116.0685,factor_candle,FRED CSV Gateway mirror,learning_only_mirror
DTWEXBGS,2020-09-04,2020-09-04T00:00:00Z,daily,116.0347,116.0347,116.0347,116.0347,,116.0347,factor_candle,FRED CSV Gateway mirror,learning_only_mirror
DTWEXBGS,2020-09-08,2020-09-08T00:00:00Z,daily,116.4618,116.4618,116.4618,116.4618,,116.4618,factor_candle,FRED CSV Gateway mirror,learning_only_mirror
DTWEXBGS,2020-09-09,2020-09-09T00:00:00Z,daily,116.1291,116.1291,116.1291,116.1291,,116.1291,factor_candle,FRED CSV Gateway mirror,learning_only_mirror
DTWEXBGS,2020-09-10,2020-09-10T00:00:00Z,daily,115.8806,115.8806,115.8806,115.8806,,115.8806,factor_candle,FRED CSV Gateway mirror,learning_only_mirror
DTWEXBGS,2020-09-11,2020-09-11T00:00:00Z,daily,116.0866,116.0866,116.0866,116.0866,,116.0866,factor_candle,FRED CSV Gateway mirror,learning_only_mirror
DTWEXBGS,2020-09-14,2020-09-14T00:00:00Z,daily,115.6428,115.6428,115.6428,115.6428,,115.6428,factor_candle,FRED CSV Gateway mirror,learning_only_mirror
DTWEXBGS,2020-09-15,2020-09-15T00:00:00Z,daily,115.5908,115.5908,115.5908,115.5908,,115.5908,factor_candle,FRED CSV Gateway mirror,learning_only_mirror
DTWEXBGS,2020-09-16,2020-09-16T00:00:00Z,daily,115.3537,115.3537,115.3537,115.3537,,115.3537,factor_candle,FRED CSV Gateway mirror,learning_only_mirror
DTWEXBGS,2020-09-17,2020-09-17T00:00:00Z,daily,115.4392,115.4392,115.4392,115.4392,,115.4392,factor_candle,FRED CSV Gateway mirror,learning_only_mirror
DTWEXBGS,2020-09-18,2020-09-18T00:00:00Z,daily,115.2395,115.2395,115.2395,115.2395,,115.2395,factor_candle,FRED CSV Gateway mirror,learning_only_mirror
DTWEXBGS,2020-09-21,2020-09-21T00:00:00Z,daily,116.378,116.378,116.378,116.378,,116.378,factor_candle,FRED CSV Gateway mirror,learning_only_mirror
DTWEXBGS,2020-09-22,2020-09-22T00:00:00Z,daily,116.5438,116.5438,116.5438,116.5438,,116.5438,factor_candle,FRED CSV Gateway mirror,learning_only_mirror
DTWEXBGS,2020-09-23,2020-09-23T00:00:00Z,daily,117.2526,117.2526,117.2526,117.2526,,117.2526,factor_candle,FRED CSV Gateway mirror,learning_only_mirror
DTWEXBGS,2020-09-24,2020-09-24T00:00:00Z,daily,117.5473,117.5473,117.5473,117.5473,,117.5473,factor_candle,FRED CSV Gateway mirror,learning_only_mirror
DTWEXBGS,2020-09-25,2020-09-25T00:00:00Z,daily,117.8679,117.8679,117.8679,117.8679,,117.8679,factor_candle,FRED CSV Gateway mirror,learning_only_mirror
DTWEXBGS,2020-09-28,2020-09-28T00:00:00Z,daily,117.6178,117.6178,117.6178,117.6178,,117.6178,factor_candle,FRED CSV Gateway mirror,learning_only_mirror
DTWEXBGS,2020-09-29,2020-09-29T00:00:00Z,daily,117.526,117.526,117.526,117.526,,117.526,factor_candle,FRED CSV Gateway mirror,learning_only_mirror
DTWEXBGS,2020-09-30,2020-09-30T00:00:00Z,daily,116.946,116.946,116.946,116.946,,116.946,factor_candle,FRED CSV Gateway mirror,learning_only_mirror
DTWEXBGS,2020-10-01,2020-10-01T00:00:00Z,daily,116.7227,116.7227,116.7227,116.7227,,116.7227,factor_candle,FRED CSV Gateway mirror,learning_only_mirror
DTWEXBGS,2020-10-02,2020-10-02T00:00:00Z,daily,116.7321,116.7321,116.7321,116.7321,,116.7321,factor_candle,FRED CSV Gateway mirror,learning_only_mirror
DTWEXBGS,2020-10-05,2020-10-05T00:00:00Z,daily,116.1767,116.1767,116.1767,116.1767,,116.1767,factor_candle,FRED CSV Gateway mirror,learning_only_mirror
DTWEXBGS,2020-10-06,2020-10-06T00:00:00Z,daily,116.2681,116.2681,116.2681,116.2681,,116.2681,factor_candle,FRED CSV Gateway mirror,learning_only_mirror
DTWEXBGS,2020-10-07,2020-10-07T00:00:00Z,daily,116.3447,116.3447,116.3447,116.3447,,116.3447,factor_candle,FRED CSV Gateway mirror,learning_only_mirror
DTWEXBGS,2020-10-08,2020-10-08T00:00:00Z,daily,116.1657,116.1657,116.1657,116.1657,,116.1657,factor_candle,FRED CSV Gateway mirror,learning_only_mirror
DTWEXBGS,2020-10-09,2020-10-09T00:00:00Z,daily,115.2757,115.2757,115.2757,115.2757,,115.2757,factor_candle,FRED CSV Gateway mirror,learning_only_mirror
DTWEXBGS,2020-10-13,2020-10-13T00:00:00Z,daily,115.9107,115.9107,115.9107,115.9107,,115.9107,factor_candle,FRED CSV Gateway mirror,learning_only_mirror
DTWEXBGS,2020-10-14,2020-10-14T00:00:00Z,daily,115.6872,115.6872,115.6872,115.6872,,115.6872,factor_candle,FRED CSV Gateway mirror,learning_only_mirror
DTWEXBGS,2020-10-15,2020-10-15T00:00:00Z,daily,116.0964,116.0964,116.0964,116.0964,,116.0964,factor_candle,FRED CSV Gateway mirror,learning_only_mirror
DTWEXBGS,2020-10-16,2020-10-16T00:00:00Z,daily,115.7679,115.7679,115.7679,115.7679,,115.7679,factor_candle,FRED CSV Gateway mirror,learning_only_mirror
DTWEXBGS,2020-10-19,2020-10-19T00:00:00Z,daily,115.4031,115.4031,115.4031,115.4031,,115.4031,factor_candle,FRED CSV Gateway mirror,learning_only_mirror
DTWEXBGS,2020-10-20,2020-10-20T00:00:00Z,daily,115.2485,115.2485,115.2485,115.2485,,115.2485,factor_candle,FRED CSV Gateway mirror,learning_only_mirror
DTWEXBGS,2020-10-21,2020-10-21T00:00:00Z,daily,114.9108,114.9108,114.9108,114.9108,,114.9108,factor_candle,FRED CSV Gateway mirror,learning_only_mirror
DTWEXBGS,2020-10-22,2020-10-22T00:00:00Z,daily,115.1158,115.1158,115.1158,115.1158,,115.1158,factor_candle,FRED CSV Gateway mirror,learning_only_mirror
DTWEXBGS,2020-10-23,2020-10-23T00:00:00Z,daily,115.0126,115.0126,115.0126,115.0126,,115.0126,factor_candle,FRED CSV Gateway mirror,learning_only_mirror
DTWEXBGS,2020-10-26,2020-10-26T00:00:00Z,daily,115.2797,115.2797,115.2797,115.2797,,115.2797,factor_candle,FRED CSV Gateway mirror,learning_only_mirror
DTWEXBGS,2020-10-27,2020-10-27T00:00:00Z,daily,115.0131,115.0131,115.0131,115.0131,,115.0131,factor_candle,FRED CSV Gateway mirror,learning_only_mirror
DTWEXBGS,2020-10-28,2020-10-28T00:00:00Z,daily,115.8023,115.8023,115.8023,115.8023,,115.8023,factor_candle,FRED CSV Gateway mirror,learning_only_mirror
DTWEXBGS,2020-10-29,2020-10-29T00:00:00Z,daily,116.3069,116.3069,116.3069,116.3069,,116.3069,factor_candle,FRED CSV Gateway mirror,learning_only_mirror
DTWEXBGS,2020-10-30,2020-10-30T00:00:00Z,daily,116.1354,116.1354,116.1354,116.1354,,116.1354,factor_candle,FRED CSV Gateway mirror,learning_only_mirror
DTWEXBGS,2020-11-02,2020-11-02T00:00:00Z,daily,116.2361,116.2361,116.2361,116.2361,,116.2361,factor_candle,FRED CSV Gateway mirror,learning_only_mirror
DTWEXBGS,2020-11-03,2020-11-03T00:00:00Z,daily,115.4802,115.4802,115.4802,115.4802,,115.4802,factor_candle,FRED CSV Gateway mirror,learning_only_mirror
DTWEXBGS,2020-11-04,2020-11-04T00:00:00Z,daily,115.1677,115.1677,115.1677,115.1677,,115.1677,factor_candle,FRED CSV Gateway mirror,learning_only_mirror
DTWEXBGS,2020-11-05,2020-11-05T00:00:00Z,daily,114.4556,114.4556,114.4556,114.4556,,114.4556,factor_candle,FRED CSV Gateway mirror,learning_only_mirror
DTWEXBGS,2020-11-06,2020-11-06T00:00:00Z,daily,113.9919,113.9919,113.9919,113.9919,,113.9919,factor_candle,FRED CSV Gateway mirror,learning_only_mirror
DTWEXBGS,2020-11-09,2020-11-09T00:00:00Z,daily,114.0895,114.0895,114.0895,114.0895,,114.0895,factor_candle,FRED CSV Gateway mirror,learning_only_mirror
DTWEXBGS,2020-11-10,2020-11-10T00:00:00Z,daily,114.0757,114.0757,114.0757,114.0757,,114.0757,factor_candle,FRED CSV Gateway mirror,learning_only_mirror
DTWEXBGS,2020-11-12,2020-11-12T00:00:00Z,daily,114.2843,114.2843,114.2843,114.2843,,114.2843,factor_candle,FRED CSV Gateway mirror,learning_only_mirror
DTWEXBGS,2020-11-13,2020-11-13T00:00:00Z,daily,114.2397,114.2397,114.2397,114.2397,,114.2397,factor_candle,FRED CSV Gateway mirror,learning_only_mirror
DTWEXBGS,2020-11-16,2020-11-16T00:00:00Z,daily,113.8312,113.8312,113.8312,113.8312,,113.8312,factor_candle,FRED CSV Gateway mirror,learning_only_mirror
DTWEXBGS,2020-11-17,2020-11-17T00:00:00Z,daily,113.682,113.682,113.682,113.682,,113.682,factor_candle,FRED CSV Gateway mirror,learning_only_mirror
DTWEXBGS,2020-11-18,2020-11-18T00:00:00Z,daily,113.46,113.46,113.46,113.46,,113.46,factor_candle,FRED CSV Gateway mirror,learning_only_mirror
DTWEXBGS,2020-11-19,2020-11-19T00:00:00Z,daily,113.694,113.694,113.694,113.694,,113.694,factor_candle,FRED CSV Gateway mirror,learning_only_mirror
DTWEXBGS,2020-11-20,2020-11-20T00:00:00Z,daily,113.489,113.489,113.489,113.489,,113.489,factor_candle,FRED CSV Gateway mirror,learning_only_mirror
DTWEXBGS,2020-11-23,2020-11-23T00:00:00Z,daily,113.7548,113.7548,113.7548,113.7548,,113.7548,factor_candle,FRED CSV Gateway mirror,learning_only_mirror
DTWEXBGS,2020-11-24,2020-11-24T00:00:00Z,daily,113.4316,113.4316,113.4316,113.4316,,113.4316,factor_candle,FRED CSV Gateway mirror,learning_only_mirror
DTWEXBGS,2020-11-25,2020-11-25T00:00:00Z,daily,113.1823,113.1823,113.1823,113.1823,,113.1823,factor_candle,FRED CSV Gateway mirror,learning_only_mirror
DTWEXBGS,2020-11-30,2020-11-30T00:00:00Z,daily,113.2256,113.2256,113.2256,113.2256,,113.2256,factor_candle,FRED CSV Gateway mirror,learning_only_mirror
DTWEXBGS,2020-12-01,2020-12-01T00:00:00Z,daily,112.8063,112.8063,112.8063,112.8063,,112.8063,factor_candle,FRED CSV Gateway mirror,learning_only_mirror
DTWEXBGS,2020-12-02,2020-12-02T00:00:00Z,daily,112.6115,112.6115,112.6115,112.6115,,112.6115,factor_candle,FRED CSV Gateway mirror,learning_only_mirror
DTWEXBGS,2020-12-03,2020-12-03T00:00:00Z,daily,112.0236,112.0236,112.0236,112.0236,,112.0236,factor_candle,FRED CSV Gateway mirror,learning_only_mirror
DTWEXBGS,2020-12-04,2020-12-04T00:00:00Z,daily,111.7778,111.7778,111.7778,111.7778,,111.7778,factor_candle,FRED CSV Gateway mirror,learning_only_mirror
DTWEXBGS,2020-12-07,2020-12-07T00:00:00Z,daily,111.8385,111.8385,111.8385,111.8385,,111.8385,factor_candle,FRED CSV Gateway mirror,learning_only_mirror
DTWEXBGS,2020-12-08,2020-12-08T00:00:00Z,daily,111.8639,111.8639,111.8639,111.8639,,111.8639,factor_candle,FRED CSV Gateway mirror,learning_only_mirror
DTWEXBGS,2020-12-09,2020-12-09T00:00:00Z,daily,112.0305,112.0305,112.0305,112.0305,,112.0305,factor_candle,FRED CSV Gateway mirror,learning_only_mirror
DTWEXBGS,2020-12-10,2020-12-10T00:00:00Z,daily,111.9788,111.9788,111.9788,111.9788,,111.9788,factor_candle,FRED CSV Gateway mirror,learning_only_mirror
DTWEXBGS,2020-12-11,2020-12-11T00:00:00Z,daily,112.1417,112.1417,112.1417,112.1417,,112.1417,factor_candle,FRED CSV Gateway mirror,learning_only_mirror
DTWEXBGS,2020-12-14,2020-12-14T00:00:00Z,daily,112.1708,112.1708,112.1708,112.1708,,112.1708,factor_candle,FRED CSV Gateway mirror,learning_only_mirror
DTWEXBGS,2020-12-15,2020-12-15T00:00:00Z,daily,111.8601,111.8601,111.8601,111.8601,,111.8601,factor_candle,FRED CSV Gateway mirror,learning_only_mirror
DTWEXBGS,2020-12-16,2020-12-16T00:00:00Z,daily,111.7157,111.7157,111.7157,111.7157,,111.7157,factor_candle,FRED CSV Gateway mirror,learning_only_mirror
DTWEXBGS,2020-12-17,2020-12-17T00:00:00Z,daily,111.2226,111.2226,111.2226,111.2226,,111.2226,factor_candle,FRED CSV Gateway mirror,learning_only_mirror
DTWEXBGS,2020-12-18,2020-12-18T00:00:00Z,daily,111.6071,111.6071,111.6071,111.6071,,111.6071,factor_candle,FRED CSV Gateway mirror,learning_only_mirror
DTWEXBGS,2020-12-21,2020-12-21T00:00:00Z,daily,111.9415,111.9415,111.9415,111.9415,,111.9415,factor_candle,FRED CSV Gateway mirror,learning_only_mirror
DTWEXBGS,2020-12-22,2020-12-22T00:00:00Z,daily,112.1947,112.1947,112.1947,112.1947,,112.1947,factor_candle,FRED CSV Gateway mirror,learning_only_mirror
DTWEXBGS,2020-12-23,2020-12-23T00:00:00Z,daily,111.9807,111.9807,111.9807,111.9807,,111.9807,factor_candle,FRED CSV Gateway mirror,learning_only_mirror
DTWEXBGS,2020-12-28,2020-12-28T00:00:00Z,daily,111.9752,111.9752,111.9752,111.9752,,111.9752,factor_candle,FRED CSV Gateway mirror,learning_only_mirror
DTWEXBGS,2020-12-29,2020-12-29T00:00:00Z,daily,111.5172,111.5172,111.5172,111.5172,,111.5172,factor_candle,FRED CSV Gateway mirror,learning_only_mirror
DTWEXBGS,2020-12-30,2020-12-30T00:00:00Z,daily,111.3084,111.3084,111.3084,111.3084,,111.3084,factor_candle,FRED CSV Gateway mirror,learning_only_mirror
DTWEXBGS,2020-12-31,2020-12-31T00:00:00Z,daily,111.3169,111.3169,111.3169,111.3169,,111.3169,factor_candle,FRED CSV Gateway mirror,learning_only_mirror
DTWEXBGS,2021-01-04,2021-01-04T00:00:00Z,daily,111.2075,111.2075,111.2075,111.2075,,111.2075,factor_candle,FRED CSV Gateway mirror,learning_only_mirror
DTWEXBGS,2021-01-05,2021-01-05T00:00:00Z,daily,110.9574,110.9574,110.9574,110.9574,,110.9574,factor_candle,FRED CSV Gateway mirror,learning_only_mirror
DTWEXBGS,2021-01-06,2021-01-06T00:00:00Z,daily,110.8502,110.8502,110.8502,110.8502,,110.8502,factor_candle,FRED CSV Gateway mirror,learning_only_mirror
DTWEXBGS,2021-01-07,2021-01-07T00:00:00Z,daily,111.3042,111.3042,111.3042,111.3042,,111.3042,factor_candle,FRED CSV Gateway mirror,learning_only_mirror
DTWEXBGS,2021-01-08,2021-01-08T00:00:00Z,daily,111.2847,111.2847,111.2847,111.2847,,111.2847,factor_candle,FRED CSV Gateway mirror,learning_only_mirror
DTWEXBGS,2021-01-11,2021-01-11T00:00:00Z,daily,111.8257,111.8257,111.8257,111.8257,,111.8257,factor_candle,FRED CSV Gateway mirror,learning_only_mirror
DTWEXBGS,2021-01-12,2021-01-12T00:00:00Z,daily,111.5501,111.5501,111.5501,111.5501,,111.5501,factor_candle,FRED CSV Gateway mirror,learning_only_mirror
DTWEXBGS,2021-01-13,2021-01-13T00:00:00Z,daily,111.3622,111.3622,111.3622,111.3622,,111.3622,factor_candle,FRED CSV Gateway mirror,learning_only_mirror
DTWEXBGS,2021-01-14,2021-01-14T00:00:00Z,daily,111.1567,111.1567,111.1567,111.1567,,111.1567,factor_candle,FRED CSV Gateway mirror,learning_only_mirror
DTWEXBGS,2021-01-15,2021-01-15T00:00:00Z,daily,111.5106,111.5106,111.5106,111.5106,,111.5106,factor_candle,FRED CSV Gateway mirror,learning_only_mirror
DTWEXBGS,2021-01-19,2021-01-19T00:00:00Z,daily,111.4527,111.4527,111.4527,111.4527,,111.4527,factor_candle,FRED CSV Gateway mirror,learning_only_mirror
DTWEXBGS,2021-01-21,2021-01-21T00:00:00Z,daily,111.1973,111.1973,111.1973,111.1973,,111.1973,factor_candle,FRED CSV Gateway mirror,learning_only_mirror
DTWEXBGS,2021-01-22,2021-01-22T00:00:00Z,daily,111.5516,111.5516,111.5516,111.5516,,111.5516,factor_candle,FRED CSV Gateway mirror,learning_only_mirror
DTWEXBGS,2021-01-25,2021-01-25T00:00:00Z,daily,111.8676,111.8676,111.8676,111.8676,,111.8676,factor_candle,FRED CSV Gateway mirror,learning_only_mirror
DTWEXBGS,2021-01-26,2021-01-26T00:00:00Z,daily,111.6572,111.6572,111.6572,111.6572,,111.6572,factor_candle,FRED CSV Gateway mirror,learning_only_mirror
DTWEXBGS,2021-01-27,2021-01-27T00:00:00Z,daily,112.0782,112.0782,112.0782,112.0782,,112.0782,factor_candle,FRED CSV Gateway mirror,learning_only_mirror
DTWEXBGS,2021-01-28,2021-01-28T00:00:00Z,daily,112.0059,112.0059,112.0059,112.0059,,112.0059,factor_candle,FRED CSV Gateway mirror,learning_only_mirror
DTWEXBGS,2021-01-29,2021-01-29T00:00:00Z,daily,111.9511,111.9511,111.9511,111.9511,,111.9511,factor_candle,FRED CSV Gateway mirror,learning_only_mirror
DTWEXBGS,2021-02-01,2021-02-01T00:00:00Z,daily,112.4189,112.4189,112.4189,112.4189,,112.4189,factor_candle,FRED CSV Gateway mirror,learning_only_mirror
DTWEXBGS,2021-02-02,2021-02-02T00:00:00Z,daily,112.2862,112.2862,112.2862,112.2862,,112.2862,factor_candle,FRED CSV Gateway mirror,learning_only_mirror
DTWEXBGS,2021-02-03,2021-02-03T00:00:00Z,daily,112.2567,112.2567,112.2567,112.2567,,112.2567,factor_candle,FRED CSV Gateway mirror,learning_only_mirror
DTWEXBGS,2021-02-04,2021-02-04T00:00:00Z,daily,112.7469,112.7469,112.7469,112.7469,,112.7469,factor_candle,FRED CSV Gateway mirror,learning_only_mirror
DTWEXBGS,2021-02-05,2021-02-05T00:00:00Z,daily,112.2379,112.2379,112.2379,112.2379,,112.2379,factor_candle,FRED CSV Gateway mirror,learning_only_mirror
DTWEXBGS,2021-02-08,2021-02-08T00:00:00Z,daily,112.0428,112.0428,112.0428,112.0428,,112.0428,factor_candle,FRED CSV Gateway mirror,learning_only_mirror
DTWEXBGS,2021-02-09,2021-02-09T00:00:00Z,daily,111.7675,111.7675,111.7675,111.7675,,111.7675,factor_candle,FRED CSV Gateway mirror,learning_only_mirror
DTWEXBGS,2021-02-10,2021-02-10T00:00:00Z,daily,111.5834,111.5834,111.5834,111.5834,,111.5834,factor_candle,FRED CSV Gateway mirror,learning_only_mirror
DTWEXBGS,2021-02-11,2021-02-11T00:00:00Z,daily,111.5272,111.5272,111.5272,111.5272,,111.5272,factor_candle,FRED CSV Gateway mirror,learning_only_mirror
DTWEXBGS,2021-02-12,2021-02-12T00:00:00Z,daily,111.4889,111.4889,111.4889,111.4889,,111.4889,factor_candle,FRED CSV Gateway mirror,learning_only_mirror
DTWEXBGS,2021-02-16,2021-02-16T00:00:00Z,daily,111.7879,111.7879,111.7879,111.7879,,111.7879,factor_candle,FRED CSV Gateway mirror,learning_only_mirror
DTWEXBGS,2021-02-17,2021-02-17T00:00:00Z,daily,112.0204,112.0204,112.0204,112.0204,,112.0204,factor_candle,FRED CSV Gateway mirror,learning_only_mirror
DTWEXBGS,2021-02-18,2021-02-18T00:00:00Z,daily,112.1603,112.1603,112.1603,112.1603,,112.1603,factor_candle,FRED CSV Gateway mirror,learning_only_mirror
DTWEXBGS,2021-02-19,2021-02-19T00:00:00Z,daily,111.7058,111.7058,111.7058,111.7058,,111.7058,factor_candle,FRED CSV Gateway mirror,learning_only_mirror
DTWEXBGS,2021-02-22,2021-02-22T00:00:00Z,daily,111.918,111.918,111.918,111.918,,111.918,factor_candle,FRED CSV Gateway mirror,learning_only_mirror
DTWEXBGS,2021-02-23,2021-02-23T00:00:00Z,daily,111.8981,111.8981,111.8981,111.8981,,111.8981,factor_candle,FRED CSV Gateway mirror,learning_only_mirror
DTWEXBGS,2021-02-24,2021-02-24T00:00:00Z,daily,111.7212,111.7212,111.7212,111.7212,,111.7212,factor_candle,FRED CSV Gateway mirror,learning_only_mirror
DTWEXBGS,2021-02-25,2021-02-25T00:00:00Z,daily,111.9253,111.9253,111.9253,111.9253,,111.9253,factor_candle,FRED CSV Gateway mirror,learning_only_mirror
DTWEXBGS,2021-02-26,2021-02-26T00:00:00Z,daily,112.8306,112.8306,112.8306,112.8306,,112.8306,factor_candle,FRED CSV Gateway mirror,learning_only_mirror
DTWEXBGS,2021-03-01,2021-03-01T00:00:00Z,daily,112.5263,112.5263,112.5263,112.5263,,112.5263,factor_candle,FRED CSV Gateway mirror,learning_only_mirror
DTWEXBGS,2021-03-02,2021-03-02T00:00:00Z,daily,112.5342,112.5342,112.5342,112.5342,,112.5342,factor_candle,FRED CSV Gateway mirror,learning_only_mirror
DTWEXBGS,2021-03-03,2021-03-03T00:00:00Z,daily,112.7617,112.7617,112.7617,112.7617,,112.7617,factor_candle,FRED CSV Gateway mirror,learning_only_mirror
DTWEXBGS,2021-03-04,2021-03-04T00:00:00Z,daily,112.7037,112.7037,112.7037,112.7037,,112.7037,factor_candle,FRED CSV Gateway mirror,learning_only_mirror
DTWEXBGS,2021-03-05,2021-03-05T00:00:00Z,daily,113.7487,113.7487,113.7487,113.7487,,113.7487,factor_candle,FRED CSV Gateway mirror,learning_only_mirror
DTWEXBGS,2021-03-08,2021-03-08T00:00:00Z,daily,114.2678,114.2678,114.2678,114.2678,,114.2678,factor_candle,FRED CSV Gateway mirror,learning_only_mirror
DTWEXBGS,2021-03-09,2021-03-09T00:00:00Z,daily,113.928,113.928,113.928,113.928,,113.928,factor_candle,FRED CSV Gateway mirror,learning_only_mirror
DTWEXBGS,2021-03-10,2021-03-10T00:00:00Z,daily,113.5881,113.5881,113.5881,113.5881,,113.5881,factor_candle,FRED CSV Gateway mirror,learning_only_mirror
DTWEXBGS,2021-03-11,2021-03-11T00:00:00Z,daily,112.9214,112.9214,112.9214,112.9214,,112.9214,factor_candle,FRED CSV Gateway mirror,learning_only_mirror
DTWEXBGS,2021-03-12,2021-03-12T00:00:00Z,daily,113.0269,113.0269,113.0269,113.0269,,113.0269,factor_candle,FRED CSV Gateway mirror,learning_only_mirror
DTWEXBGS,2021-03-15,2021-03-15T00:00:00Z,daily,113.1928,113.1928,113.1928,113.1928,,113.1928,factor_candle,FRED CSV Gateway mirror,learning_only_mirror
DTWEXBGS,2021-03-16,2021-03-16T00:00:00Z,daily,112.9839,112.9839,112.9839,112.9839,,112.9839,factor_candle,FRED CSV Gateway mirror,learning_only_mirror
DTWEXBGS,2021-03-17,2021-03-17T00:00:00Z,daily,113.1589,113.1589,113.1589,113.1589,,113.1589,factor_candle,FRED CSV Gateway mirror,learning_only_mirror
DTWEXBGS,2021-03-18,2021-03-18T00:00:00Z,daily,112.7744,112.7744,112.7744,112.7744,,112.7744,factor_candle,FRED CSV Gateway mirror,learning_only_mirror
DTWEXBGS,2021-03-19,2021-03-19T00:00:00Z,daily,112.9756,112.9756,112.9756,112.9756,,112.9756,factor_candle,FRED CSV Gateway mirror,learning_only_mirror
DTWEXBGS,2021-03-22,2021-03-22T00:00:00Z,daily,113.0023,113.0023,113.0023,113.0023,,113.0023,factor_candle,FRED CSV Gateway mirror,learning_only_mirror
DTWEXBGS,2021-03-23,2021-03-23T00:00:00Z,daily,113.2916,113.2916,113.2916,113.2916,,113.2916,factor_candle,FRED CSV Gateway mirror,learning_only_mirror
DTWEXBGS,2021-03-24,2021-03-24T00:00:00Z,daily,113.6565,113.6565,113.6565,113.6565,,113.6565,factor_candle,FRED CSV Gateway mirror,learning_only_mirror
DTWEXBGS,2021-03-25,2021-03-25T00:00:00Z,daily,114.0016,114.0016,114.0016,114.0016,,114.0016,factor_candle,FRED CSV Gateway mirror,learning_only_mirror
DTWEXBGS,2021-03-26,2021-03-26T00:00:00Z,daily,113.7406,113.7406,113.7406,113.7406,,113.7406,factor_candle,FRED CSV Gateway mirror,learning_only_mirror
DTWEXBGS,2021-03-29,2021-03-29T00:00:00Z,daily,113.9314,113.9314,113.9314,113.9314,,113.9314,factor_candle,FRED CSV Gateway mirror,learning_only_mirror
DTWEXBGS,2021-03-30,2021-03-30T00:00:00Z,daily,114.203,114.203,114.203,114.203,,114.203,factor_candle,FRED CSV Gateway mirror,learning_only_mirror
DTWEXBGS,2021-03-31,2021-03-31T00:00:00Z,daily,113.8234,113.8234,113.8234,113.8234,,113.8234,factor_candle,FRED CSV Gateway mirror,learning_only_mirror
DTWEXBGS,2021-04-01,2021-04-01T00:00:00Z,daily,113.7389,113.7389,113.7389,113.7389,,113.7389,factor_candle,FRED CSV Gateway mirror,learning_only_mirror
DTWEXBGS,2021-04-02,2021-04-02T00:00:00Z,daily,113.7315,113.7315,113.7315,113.7315,,113.7315,factor_candle,FRED CSV Gateway mirror,learning_only_mirror
DTWEXBGS,2021-04-05,2021-04-05T00:00:00Z,daily,113.394,113.394,113.394,113.394,,113.394,factor_candle,FRED CSV Gateway mirror,learning_only_mirror
DTWEXBGS,2021-04-06,2021-04-06T00:00:00Z,daily,113.1464,113.1464,113.1464,113.1464,,113.1464,factor_candle,FRED CSV Gateway mirror,learning_only_mirror
DTWEXBGS,2021-04-07,2021-04-07T00:00:00Z,daily,113.2436,113.2436,113.2436,113.2436,,113.2436,factor_candle,FRED CSV Gateway mirror,learning_only_mirror
DTWEXBGS,2021-04-08,2021-04-08T00:00:00Z,daily,113.0917,113.0917,113.0917,113.0917,,113.0917,factor_candle,FRED CSV Gateway mirror,learning_only_mirror
DTWEXBGS,2021-04-09,2021-04-09T00:00:00Z,daily,113.2028,113.2028,113.2028,113.2028,,113.2028,factor_candle,FRED CSV Gateway mirror,learning_only_mirror
DTWEXBGS,2021-04-12,2021-04-12T00:00:00Z,daily,113.1815,113.1815,113.1815,113.1815,,113.1815,factor_candle,FRED CSV Gateway mirror,learning_only_mirror
DTWEXBGS,2021-04-13,2021-04-13T00:00:00Z,daily,113.0391,113.0391,113.0391,113.0391,,113.0391,factor_candle,FRED CSV Gateway mirror,learning_only_mirror
DTWEXBGS,2021-04-14,2021-04-14T00:00:00Z,daily,112.7849,112.7849,112.7849,112.7849,,112.7849,factor_candle,FRED CSV Gateway mirror,learning_only_mirror
DTWEXBGS,2021-04-15,2021-04-15T00:00:00Z,daily,112.6181,112.6181,112.6181,112.6181,,112.6181,factor_candle,FRED CSV Gateway mirror,learning_only_mirror
DTWEXBGS,2021-04-16,2021-04-16T00:00:00Z,daily,112.4814,112.4814,112.4814,112.4814,,112.4814,factor_candle,FRED CSV Gateway mirror,learning_only_mirror
DTWEXBGS,2021-04-19,2021-04-19T00:00:00Z,daily,112.1835,112.1835,112.1835,112.1835,,112.1835,factor_candle,FRED CSV Gateway mirror,learning_only_mirror
DTWEXBGS,2021-04-20,2021-04-20T00:00:00Z,daily,112.2354,112.2354,112.2354,112.2354,,112.2354,factor_candle,FRED CSV Gateway mirror,learning_only_mirror
DTWEXBGS,2021-04-21,2021-04-21T00:00:00Z,daily,112.1771,112.1771,112.1771,112.1771,,112.1771,factor_candle,FRED CSV Gateway mirror,learning_only_mirror
DTWEXBGS,2021-04-22,2021-04-22T00:00:00Z,daily,112.2297,112.2297,112.2297,112.2297,,112.2297,factor_candle,FRED CSV Gateway mirror,learning_only_mirror
DTWEXBGS,2021-04-23,2021-04-23T00:00:00Z,daily,112.0889,112.0889,112.0889,112.0889,,112.0889,factor_candle,FRED CSV Gateway mirror,learning_only_mirror
DTWEXBGS,2021-04-26,2021-04-26T00:00:00Z,daily,111.8109,111.8109,111.8109,111.8109,,111.8109,factor_candle,FRED CSV Gateway mirror,learning_only_mirror
DTWEXBGS,2021-04-27,2021-04-27T00:00:00Z,daily,111.9097,111.9097,111.9097,111.9097,,111.9097,factor_candle,FRED CSV Gateway mirror,learning_only_mirror
DTWEXBGS,2021-04-28,2021-04-28T00:00:00Z,daily,111.7909,111.7909,111.7909,111.7909,,111.7909,factor_candle,FRED CSV Gateway mirror,learning_only_mirror
DTWEXBGS,2021-04-29,2021-04-29T00:00:00Z,daily,111.7464,111.7464,111.7464,111.7464,,111.7464,factor_candle,FRED CSV Gateway mirror,learning_only_mirror
DTWEXBGS,2021-04-30,2021-04-30T00:00:00Z,daily,112.0839,112.0839,112.0839,112.0839,,112.0839,factor_candle,FRED CSV Gateway mirror,learning_only_mirror
DTWEXBGS,2021-05-03,2021-05-03T00:00:00Z,daily,112.005,112.005,112.005,112.005,,112.005,factor_candle,FRED CSV Gateway mirror,learning_only_mirror
DTWEXBGS,2021-05-04,2021-05-04T00:00:00Z,daily,112.2896,112.2896,112.2896,112.2896,,112.2896,factor_candle,FRED CSV Gateway mirror,learning_only_mirror
DTWEXBGS,2021-05-05,2021-05-05T00:00:00Z,daily,112.1514,112.1514,112.1514,112.1514,,112.1514,factor_candle,FRED CSV Gateway mirror,learning_only_mirror
DTWEXBGS,2021-05-06,2021-05-06T00:00:00Z,daily,111.8401,111.8401,111.8401,111.8401,,111.8401,factor_candle,FRED CSV Gateway mirror,learning_only_mirror
DTWEXBGS,2021-05-07,2021-05-07T00:00:00Z,daily,111.0249,111.0249,111.0249,111.0249,,111.0249,factor_candle,FRED CSV Gateway mirror,learning_only_mirror
DTWEXBGS,2021-05-10,2021-05-10T00:00:00Z,daily,110.7905,110.7905,110.7905,110.7905,,110.7905,factor_candle,FRED CSV Gateway mirror,learning_only_mirror
DTWEXBGS,2021-05-11,2021-05-11T00:00:00Z,daily,110.8921,110.8921,110.8921,110.8921,,110.8921,factor_candle,FRED CSV Gateway mirror,learning_only_mirror
DTWEXBGS,2021-05-12,2021-05-12T00:00:00Z,daily,111.5636,111.5636,111.5636,111.5636,,111.5636,factor_candle,FRED CSV Gateway mirror,learning_only_mirror
DTWEXBGS,2021-05-13,2021-05-13T00:00:00Z,daily,111.5955,111.5955,111.5955,111.5955,,111.5955,factor_candle,FRED CSV Gateway mirror,learning_only_mirror
DTWEXBGS,2021-05-14,2021-05-14T00:00:00Z,daily,111.1353,111.1353,111.1353,111.1353,,111.1353,factor_candle,FRED CSV Gateway mirror,learning_only_mirror
DTWEXBGS,2021-05-17,2021-05-17T00:00:00Z,daily,111.079,111.079,111.079,111.079,,111.079,factor_candle,FRED CSV Gateway mirror,learning_only_mirror
DTWEXBGS,2021-05-18,2021-05-18T00:00:00Z,daily,110.8317,110.8317,110.8317,110.8317,,110.8317,factor_candle,FRED CSV Gateway mirror,learning_only_mirror
DTWEXBGS,2021-05-19,2021-05-19T00:00:00Z,daily,110.8807,110.8807,110.8807,110.8807,,110.8807,factor_candle,FRED CSV Gateway mirror,learning_only_mirror
DTWEXBGS,2021-05-20,2021-05-20T00:00:00Z,daily,110.8605,110.8605,110.8605,110.8605,,110.8605,factor_candle,FRED CSV Gateway mirror,learning_only_mirror
DTWEXBGS,2021-05-21,2021-05-21T00:00:00Z,daily,111.0576,111.0576,111.0576,111.0576,,111.0576,factor_candle,FRED CSV Gateway mirror,learning_only_mirror
DTWEXBGS,2021-05-24,2021-05-24T00:00:00Z,daily,110.9118,110.9118,110.9118,110.9118,,110.9118,factor_candle,FRED CSV Gateway mirror,learning_only_mirror
DTWEXBGS,2021-05-25,2021-05-25T00:00:00Z,daily,110.842,110.842,110.842,110.842,,110.842,factor_candle,FRED CSV Gateway mirror,learning_only_mirror
DTWEXBGS,2021-05-26,2021-05-26T00:00:00Z,daily,110.8677,110.8677,110.8677,110.8677,,110.8677,factor_candle,FRED CSV Gateway mirror,learning_only_mirror
DTWEXBGS,2021-05-27,2021-05-27T00:00:00Z,daily,110.8688,110.8688,110.8688,110.8688,,110.8688,factor_candle,FRED CSV Gateway mirror,learning_only_mirror
DTWEXBGS,2021-05-28,2021-05-28T00:00:00Z,daily,110.7576,110.7576,110.7576,110.7576,,110.7576,factor_candle,FRED CSV Gateway mirror,learning_only_mirror
DTWEXBGS,2021-06-01,2021-06-01T00:00:00Z,daily,110.5046,110.5046,110.5046,110.5046,,110.5046,factor_candle,FRED CSV Gateway mirror,learning_only_mirror
DTWEXBGS,2021-06-02,2021-06-02T00:00:00Z,daily,110.5799,110.5799,110.5799,110.5799,,110.5799,factor_candle,FRED CSV Gateway mirror,learning_only_mirror
DTWEXBGS,2021-06-03,2021-06-03T00:00:00Z,daily,111.1782,111.1782,111.1782,111.1782,,111.1782,factor_candle,FRED CSV Gateway mirror,learning_only_mirror
DTWEXBGS,2021-06-04,2021-06-04T00:00:00Z,daily,110.7521,110.7521,110.7521,110.7521,,110.7521,factor_candle,FRED CSV Gateway mirror,learning_only_mirror
DTWEXBGS,2021-06-07,2021-06-07T00:00:00Z,daily,110.5155,110.5155,110.5155,110.5155,,110.5155,factor_candle,FRED CSV Gateway mirror,learning_only_mirror
DTWEXBGS,2021-06-08,2021-06-08T00:00:00Z,daily,110.649,110.649,110.649,110.649,,110.649,factor_candle,FRED CSV Gateway mirror,learning_only_mirror
DTWEXBGS,2021-06-09,2021-06-09T00:00:00Z,daily,110.5707,110.5707,110.5707,110.5707,,110.5707,factor_candle,FRED CSV Gateway mirror,learning_only_mirror
DTWEXBGS,2021-06-10,2021-06-10T00:00:00Z,daily,110.5456,110.5456,110.5456,110.5456,,110.5456,factor_candle,FRED CSV Gateway mirror,learning_only_mirror
DTWEXBGS,2021-06-11,2021-06-11T00:00:00Z,daily,111.0933,111.0933,111.0933,111.0933,,111.0933,factor_candle,FRED CSV Gateway mirror,learning_only_mirror
DTWEXBGS,2021-06-14,2021-06-14T00:00:00Z,daily,110.9659,110.9659,110.9659,110.9659,,110.9659,factor_candle,FRED CSV Gateway mirror,learning_only_mirror
DTWEXBGS,2021-06-15,2021-06-15T00:00:00Z,daily,111.3507,111.3507,111.3507,111.3507,,111.3507,factor_candle,FRED CSV Gateway mirror,learning_only_mirror
DTWEXBGS,2021-06-16,2021-06-16T00:00:00Z,daily,111.1165,111.1165,111.1165,111.1165,,111.1165,factor_candle,FRED CSV Gateway mirror,learning_only_mirror
DTWEXBGS,2021-06-17,2021-06-17T00:00:00Z,daily,112.5772,112.5772,112.5772,112.5772,,112.5772,factor_candle,FRED CSV Gateway mirror,learning_only_mirror
DTWEXBGS,2021-06-18,2021-06-18T00:00:00Z,daily,113.0408,113.0408,113.0408,113.0408,,113.0408,factor_candle,FRED CSV Gateway mirror,learning_only_mirror
DTWEXBGS,2021-06-21,2021-06-21T00:00:00Z,daily,112.8391,112.8391,112.8391,112.8391,,112.8391,factor_candle,FRED CSV Gateway mirror,learning_only_mirror
DTWEXBGS,2021-06-22,2021-06-22T00:00:00Z,daily,112.9174,112.9174,112.9174,112.9174,,112.9174,factor_candle,FRED CSV Gateway mirror,learning_only_mirror
DTWEXBGS,2021-06-23,2021-06-23T00:00:00Z,daily,112.3819,112.3819,112.3819,112.3819,,112.3819,factor_candle,FRED CSV Gateway mirror,learning_only_mirror
DTWEXBGS,2021-06-24,2021-06-24T00:00:00Z,daily,112.326,112.326,112.326,112.326,,112.326,factor_candle,FRED CSV Gateway mirror,learning_only_mirror
DTWEXBGS,2021-06-25,2021-06-25T00:00:00Z,daily,111.9655,111.9655,111.9655,111.9655,,111.9655,factor_candle,FRED CSV Gateway mirror,learning_only_mirror
DTWEXBGS,2021-06-28,2021-06-28T00:00:00Z,daily,112.0248,112.0248,112.0248,112.0248,,112.0248,factor_candle,FRED CSV Gateway mirror,learning_only_mirror
DTWEXBGS,2021-06-29,2021-06-29T00:00:00Z,daily,112.2613,112.2613,112.2613,112.2613,,112.2613,factor_candle,FRED CSV Gateway mirror,learning_only_mirror
DTWEXBGS,2021-06-30,2021-06-30T00:00:00Z,daily,112.5533,112.5533,112.5533,112.5533,,112.5533,factor_candle,FRED CSV Gateway mirror,learning_only_mirror
DTWEXBGS,2021-07-01,2021-07-01T00:00:00Z,daily,112.74,112.74,112.74,112.74,,112.74,factor_candle,FRED CSV Gateway mirror,learning_only_mirror
DTWEXBGS,2021-07-02,2021-07-02T00:00:00Z,daily,112.5425,112.5425,112.5425,112.5425,,112.5425,factor_candle,FRED CSV Gateway mirror,learning_only_mirror
DTWEXBGS,2021-07-06,2021-07-06T00:00:00Z,daily,112.9516,112.9516,112.9516,112.9516,,112.9516,factor_candle,FRED CSV Gateway mirror,learning_only_mirror
DTWEXBGS,2021-07-07,2021-07-07T00:00:00Z,daily,113.1048,113.1048,113.1048,113.1048,,113.1048,factor_candle,FRED CSV Gateway mirror,learning_only_mirror
DTWEXBGS,2021-07-08,2021-07-08T00:00:00Z,daily,113.0776,113.0776,113.0776,113.0776,,113.0776,factor_candle,FRED CSV Gateway mirror,learning_only_mirror
DTWEXBGS,2021-07-09,2021-07-09T00:00:00Z,daily,112.8375,112.8375,112.8375,112.8375,,112.8375,factor_candle,FRED CSV Gateway mirror,learning_only_mirror
DTWEXBGS,2021-07-12,2021-07-12T00:00:00Z,daily,112.7611,112.7611,112.7611,112.7611,,112.7611,factor_candle,FRED CSV Gateway mirror,learning_only_mirror
DTWEXBGS,2021-07-13,2021-07-13T00:00:00Z,daily,113.0063,113.0063,113.0063,113.0063,,113.0063,factor_candle,FRED CSV Gateway mirror,learning_only_mirror
DTWEXBGS,2021-07-14,2021-07-14T00:00:00Z,daily,112.8801,112.8801,112.8801,112.8801,,112.8801,factor_candle,FRED CSV Gateway mirror,learning_only_mirror
DTWEXBGS,2021-07-15,2021-07-15T00:00:00Z,daily,113.0041,113.0041,113.0041,113.0041,,113.0041,factor_candle,FRED CSV Gateway mirror,learning_only_mirror
DTWEXBGS,2021-07-16,2021-07-16T00:00:00Z,daily,113.0428,113.0428,113.0428,113.0428,,113.0428,factor_candle,FRED CSV Gateway mirror,learning_only_mirror
DTWEXBGS,2021-07-19,2021-07-19T00:00:00Z,daily,113.5472,113.5472,113.5472,113.5472,,113.5472,factor_candle,FRED CSV Gateway mirror,learning_only_mirror
DTWEXBGS,2021-07-20,2021-07-20T00:00:00Z,daily,113.7502,113.7502,113.7502,113.7502,,113.7502,factor_candle,FRED CSV Gateway mirror,learning_only_mirror
DTWEXBGS,2021-07-21,2021-07-21T00:00:00Z,daily,113.3926,113.3926,113.3926,113.3926,,113.3926,factor_candle,FRED CSV Gateway mirror,learning_only_mirror
DTWEXBGS,2021-07-22,2021-07-22T00:00:00Z,daily,113.4695,113.4695,113.4695,113.4695,,113.4695,factor_candle,FRED CSV Gateway mirror,learning_only_mirror
DTWEXBGS,2021-07-23,2021-07-23T00:00:00Z,daily,113.4398,113.4398,113.4398,113.4398,,113.4398,factor_candle,FRED CSV Gateway mirror,learning_only_mirror
DTWEXBGS,2021-07-26,2021-07-26T00:00:00Z,daily,113.2238,113.2238,113.2238,113.2238,,113.2238,factor_candle,FRED CSV Gateway mirror,learning_only_mirror
DTWEXBGS,2021-07-27,2021-07-27T00:00:00Z,daily,113.2227,113.2227,113.2227,113.2227,,113.2227,factor_candle,FRED CSV Gateway mirror,learning_only_mirror
DTWEXBGS,2021-07-28,2021-07-28T00:00:00Z,daily,113.1807,113.1807,113.1807,113.1807,,113.1807,factor_candle,FRED CSV Gateway mirror,learning_only_mirror
DTWEXBGS,2021-07-29,2021-07-29T00:00:00Z,daily,112.4834,112.4834,112.4834,112.4834,,112.4834,factor_candle,FRED CSV Gateway mirror,learning_only_mirror
DTWEXBGS,2021-07-30,2021-07-30T00:00:00Z,daily,112.6714,112.6714,112.6714,112.6714,,112.6714,factor_candle,FRED CSV Gateway mirror,learning_only_mirror
DTWEXBGS,2021-08-02,2021-08-02T00:00:00Z,daily,112.6691,112.6691,112.6691,112.6691,,112.6691,factor_candle,FRED CSV Gateway mirror,learning_only_mirror
DTWEXBGS,2021-08-03,2021-08-03T00:00:00Z,daily,112.8228,112.8228,112.8228,112.8228,,112.8228,factor_candle,FRED CSV Gateway mirror,learning_only_mirror
DTWEXBGS,2021-08-04,2021-08-04T00:00:00Z,daily,112.8953,112.8953,112.8953,112.8953,,112.8953,factor_candle,FRED CSV Gateway mirror,learning_only_mirror
DTWEXBGS,2021-08-05,2021-08-05T00:00:00Z,daily,112.7674,112.7674,112.7674,112.7674,,112.7674,factor_candle,FRED CSV Gateway mirror,learning_only_mirror
DTWEXBGS,2021-08-06,2021-08-06T00:00:00Z,daily,113.3088,113.3088,113.3088,113.3088,,113.3088,factor_candle,FRED CSV Gateway mirror,learning_only_mirror
DTWEXBGS,2021-08-09,2021-08-09T00:00:00Z,daily,113.4521,113.4521,113.4521,113.4521,,113.4521,factor_candle,FRED CSV Gateway mirror,learning_only_mirror
DTWEXBGS,2021-08-10,2021-08-10T00:00:00Z,daily,113.4973,113.4973,113.4973,113.4973,,113.4973,factor_candle,FRED CSV Gateway mirror,learning_only_mirror
DTWEXBGS,2021-08-11,2021-08-11T00:00:00Z,daily,113.282,113.282,113.282,113.282,,113.282,factor_candle,FRED CSV Gateway mirror,learning_only_mirror
DTWEXBGS,2021-08-12,2021-08-12T00:00:00Z,daily,113.2691,113.2691,113.2691,113.2691,,113.2691,factor_candle,FRED CSV Gateway mirror,learning_only_mirror
DTWEXBGS,2021-08-13,2021-08-13T00:00:00Z,daily,113.0615,113.0615,113.0615,113.0615,,113.0615,factor_candle,FRED CSV Gateway mirror,learning_only_mirror
DTWEXBGS,2021-08-16,2021-08-16T00:00:00Z,daily,113.1698,113.1698,113.1698,113.1698,,113.1698,factor_candle,FRED CSV Gateway mirror,learning_only_mirror
DTWEXBGS,2021-08-17,2021-08-17T00:00:00Z,daily,113.6174,113.6174,113.6174,113.6174,,113.6174,factor_candle,FRED CSV Gateway mirror,learning_only_mirror
DTWEXBGS,2021-08-18,2021-08-18T00:00:00Z,daily,113.6959,113.6959,113.6959,113.6959,,113.6959,factor_candle,FRED CSV Gateway mirror,learning_only_mirror
DTWEXBGS,2021-08-19,2021-08-19T00:00:00Z,daily,114.1106,114.1106,114.1106,114.1106,,114.1106,factor_candle,FRED CSV Gateway mirror,learning_only_mirror
DTWEXBGS,2021-08-20,2021-08-20T00:00:00Z,daily,114.5009,114.5009,114.5009,114.5009,,114.5009,factor_candle,FRED CSV Gateway mirror,learning_only_mirror
DTWEXBGS,2021-08-23,2021-08-23T00:00:00Z,daily,113.9418,113.9418,113.9418,113.9418,,113.9418,factor_candle,FRED CSV Gateway mirror,learning_only_mirror
DTWEXBGS,2021-08-24,2021-08-24T00:00:00Z,daily,113.6795,113.6795,113.6795,113.6795,,113.6795,factor_candle,FRED CSV Gateway mirror,learning_only_mirror
DTWEXBGS,2021-08-25,2021-08-25T00:00:00Z,daily,113.6322,113.6322,113.6322,113.6322,,113.6322,factor_candle,FRED CSV Gateway mirror,learning_only_mirror
DTWEXBGS,2021-08-26,2021-08-26T00:00:00Z,daily,113.7883,113.7883,113.7883,113.7883,,113.7883,factor_candle,FRED CSV Gateway mirror,learning_only_mirror
DTWEXBGS,2021-08-27,2021-08-27T00:00:00Z,daily,113.3404,113.3404,113.3404,113.3404,,113.3404,factor_candle,FRED CSV Gateway mirror,learning_only_mirror
DTWEXBGS,2021-08-30,2021-08-30T00:00:00Z,daily,113.246,113.246,113.246,113.246,,113.246,factor_candle,FRED CSV Gateway mirror,learning_only_mirror
DTWEXBGS,2021-08-31,2021-08-31T00:00:00Z,daily,113.1076,113.1076,113.1076,113.1076,,113.1076,factor_candle,FRED CSV Gateway mirror,learning_only_mirror
DTWEXBGS,2021-09-01,2021-09-01T00:00:00Z,daily,112.8732,112.8732,112.8732,112.8732,,112.8732,factor_candle,FRED CSV Gateway mirror,learning_only_mirror
DTWEXBGS,2021-09-02,2021-09-02T00:00:00Z,daily,112.7863,112.7863,112.7863,112.7863,,112.7863,factor_candle,FRED CSV Gateway mirror,learning_only_mirror
DTWEXBGS,2021-09-03,2021-09-03T00:00:00Z,daily,112.5476,112.5476,112.5476,112.5476,,112.5476,factor_candle,FRED CSV Gateway mirror,learning_only_mirror
DTWEXBGS,2021-09-07,2021-09-07T00:00:00Z,daily,112.9795,112.9795,112.9795,112.9795,,112.9795,factor_candle,FRED CSV Gateway mirror,learning_only_mirror
DTWEXBGS,2021-09-08,2021-09-08T00:00:00Z,daily,113.2319,113.2319,113.2319,113.2319,,113.2319,factor_candle,FRED CSV Gateway mirror,learning_only_mirror
DTWEXBGS,2021-09-09,2021-09-09T00:00:00Z,daily,113.043,113.043,113.043,113.043,,113.043,factor_candle,FRED CSV Gateway mirror,learning_only_mirror
DTWEXBGS,2021-09-10,2021-09-10T00:00:00Z,daily,112.9425,112.9425,112.9425,112.9425,,112.9425,factor_candle,FRED CSV Gateway mirror,learning_only_mirror
DTWEXBGS,2021-09-13,2021-09-13T00:00:00Z,daily,113.0341,113.0341,113.0341,113.0341,,113.0341,factor_candle,FRED CSV Gateway mirror,learning_only_mirror
DTWEXBGS,2021-09-14,2021-09-14T00:00:00Z,daily,113.0061,113.0061,113.0061,113.0061,,113.0061,factor_candle,FRED CSV Gateway mirror,learning_only_mirror
DTWEXBGS,2021-09-15,2021-09-15T00:00:00Z,daily,112.9773,112.9773,112.9773,112.9773,,112.9773,factor_candle,FRED CSV Gateway mirror,learning_only_mirror
DTWEXBGS,2021-09-16,2021-09-16T00:00:00Z,daily,113.3036,113.3036,113.3036,113.3036,,113.3036,factor_candle,FRED CSV Gateway mirror,learning_only_mirror
DTWEXBGS,2021-09-17,2021-09-17T00:00:00Z,daily,113.5989,113.5989,113.5989,113.5989,,113.5989,factor_candle,FRED CSV Gateway mirror,learning_only_mirror
DTWEXBGS,2021-09-20,2021-09-20T00:00:00Z,daily,113.9422,113.9422,113.9422,113.9422,,113.9422,factor_candle,FRED CSV Gateway mirror,learning_only_mirror
DTWEXBGS,2021-09-21,2021-09-21T00:00:00Z,daily,113.8179,113.8179,113.8179,113.8179,,113.8179,factor_candle,FRED CSV Gateway mirror,learning_only_mirror
DTWEXBGS,2021-09-22,2021-09-22T00:00:00Z,daily,113.6223,113.6223,113.6223,113.6223,,113.6223,factor_candle,FRED CSV Gateway mirror,learning_only_mirror
DTWEXBGS,2021-09-23,2021-09-23T00:00:00Z,daily,113.513,113.513,113.513,113.513,,113.513,factor_candle,FRED CSV Gateway mirror,learning_only_mirror
DTWEXBGS,2021-09-24,2021-09-24T00:00:00Z,daily,113.7597,113.7597,113.7597,113.7597,,113.7597,factor_candle,FRED CSV Gateway mirror,learning_only_mirror
DTWEXBGS,2021-09-27,2021-09-27T00:00:00Z,daily,113.7432,113.7432,113.7432,113.7432,,113.7432,factor_candle,FRED CSV Gateway mirror,learning_only_mirror
DTWEXBGS,2021-09-28,2021-09-28T00:00:00Z,daily,114.2469,114.2469,114.2469,114.2469,,114.2469,factor_candle,FRED CSV Gateway mirror,learning_only_mirror
DTWEXBGS,2021-09-29,2021-09-29T00:00:00Z,daily,114.7092,114.7092,114.7092,114.7092,,114.7092,factor_candle,FRED CSV Gateway mirror,learning_only_mirror
DTWEXBGS,2021-09-30,2021-09-30T00:00:00Z,daily,114.6403,114.6403,114.6403,114.6403,,114.6403,factor_candle,FRED CSV Gateway mirror,learning_only_mirror
DTWEXBGS,2021-10-01,2021-10-01T00:00:00Z,daily,114.3798,114.3798,114.3798,114.3798,,114.3798,factor_candle,FRED CSV Gateway mirror,learning_only_mirror
DTWEXBGS,2021-10-04,2021-10-04T00:00:00Z,daily,114.2739,114.2739,114.2739,114.2739,,114.2739,factor_candle,FRED CSV Gateway mirror,learning_only_mirror
DTWEXBGS,2021-10-05,2021-10-05T00:00:00Z,daily,114.3654,114.3654,114.3654,114.3654,,114.3654,factor_candle,FRED CSV Gateway mirror,learning_only_mirror
DTWEXBGS,2021-10-06,2021-10-06T00:00:00Z,daily,114.7185,114.7185,114.7185,114.7185,,114.7185,factor_candle,FRED CSV Gateway mirror,learning_only_mirror
DTWEXBGS,2021-10-07,2021-10-07T00:00:00Z,daily,114.5044,114.5044,114.5044,114.5044,,114.5044,factor_candle,FRED CSV Gateway mirror,learning_only_mirror
DTWEXBGS,2021-10-08,2021-10-08T00:00:00Z,daily,114.5986,114.5986,114.5986,114.5986,,114.5986,factor_candle,FRED CSV Gateway mirror,learning_only_mirror
DTWEXBGS,2021-10-12,2021-10-12T00:00:00Z,daily,114.7542,114.7542,114.7542,114.7542,,114.7542,factor_candle,FRED CSV Gateway mirror,learning_only_mirror
DTWEXBGS,2021-10-13,2021-10-13T00:00:00Z,daily,114.4705,114.4705,114.4705,114.4705,,114.4705,factor_candle,FRED CSV Gateway mirror,learning_only_mirror
DTWEXBGS,2021-10-14,2021-10-14T00:00:00Z,daily,114.2053,114.2053,114.2053,114.2053,,114.2053,factor_candle,FRED CSV Gateway mirror,learning_only_mirror
DTWEXBGS,2021-10-15,2021-10-15T00:00:00Z,daily,114.0905,114.0905,114.0905,114.0905,,114.0905,factor_candle,FRED CSV Gateway mirror,learning_only_mirror
DTWEXBGS,2021-10-18,2021-10-18T00:00:00Z,daily,113.9899,113.9899,113.9899,113.9899,,113.9899,factor_candle,FRED CSV Gateway mirror,learning_only_mirror
DTWEXBGS,2021-10-19,2021-10-19T00:00:00Z,daily,113.647,113.647,113.647,113.647,,113.647,factor_candle,FRED CSV Gateway mirror,learning_only_mirror
DTWEXBGS,2021-10-20,2021-10-20T00:00:00Z,daily,113.5083,113.5083,113.5083,113.5083,,113.5083,factor_candle,FRED CSV Gateway mirror,learning_only_mirror
DTWEXBGS,2021-10-21,2021-10-21T00:00:00Z,daily,113.6188,113.6188,113.6188,113.6188,,113.6188,factor_candle,FRED CSV Gateway mirror,learning_only_mirror
DTWEXBGS,2021-10-22,2021-10-22T00:00:00Z,daily,113.67,113.67,113.67,113.67,,113.67,factor_candle,FRED CSV Gateway mirror,learning_only_mirror
DTWEXBGS,2021-10-25,2021-10-25T00:00:00Z,daily,113.605,113.605,113.605,113.605,,113.605,factor_candle,FRED CSV Gateway mirror,learning_only_mirror
DTWEXBGS,2021-10-26,2021-10-26T00:00:00Z,daily,113.674,113.674,113.674,113.674,,113.674,factor_candle,FRED CSV Gateway mirror,learning_only_mirror
DTWEXBGS,2021-10-27,2021-10-27T00:00:00Z,daily,113.6218,113.6218,113.6218,113.6218,,113.6218,factor_candle,FRED CSV Gateway mirror,learning_only_mirror
DTWEXBGS,2021-10-28,2021-10-28T00:00:00Z,daily,113.4389,113.4389,113.4389,113.4389,,113.4389,factor_candle,FRED CSV Gateway mirror,learning_only_mirror
DTWEXBGS,2021-10-29,2021-10-29T00:00:00Z,daily,114.1349,114.1349,114.1349,114.1349,,114.1349,factor_candle,FRED CSV Gateway mirror,learning_only_mirror
DTWEXBGS,2021-11-01,2021-11-01T00:00:00Z,daily,114.2067,114.2067,114.2067,114.2067,,114.2067,factor_candle,FRED CSV Gateway mirror,learning_only_mirror
DTWEXBGS,2021-11-02,2021-11-02T00:00:00Z,daily,114.2847,114.2847,114.2847,114.2847,,114.2847,factor_candle,FRED CSV Gateway mirror,learning_only_mirror
DTWEXBGS,2021-11-03,2021-11-03T00:00:00Z,daily,114.3593,114.3593,114.3593,114.3593,,114.3593,factor_candle,FRED CSV Gateway mirror,learning_only_mirror
DTWEXBGS,2021-11-04,2021-11-04T00:00:00Z,daily,114.3558,114.3558,114.3558,114.3558,,114.3558,factor_candle,FRED CSV Gateway mirror,learning_only_mirror
DTWEXBGS,2021-11-05,2021-11-05T00:00:00Z,daily,114.0732,114.0732,114.0732,114.0732,,114.0732,factor_candle,FRED CSV Gateway mirror,learning_only_mirror
DTWEXBGS,2021-11-08,2021-11-08T00:00:00Z,daily,113.8256,113.8256,113.8256,113.8256,,113.8256,factor_candle,FRED CSV Gateway mirror,learning_only_mirror
DTWEXBGS,2021-11-09,2021-11-09T00:00:00Z,daily,113.762,113.762,113.762,113.762,,113.762,factor_candle,FRED CSV Gateway mirror,learning_only_mirror
DTWEXBGS,2021-11-10,2021-11-10T00:00:00Z,daily,114.1484,114.1484,114.1484,114.1484,,114.1484,factor_candle,FRED CSV Gateway mirror,learning_only_mirror
DTWEXBGS,2021-11-12,2021-11-12T00:00:00Z,daily,114.5144,114.5144,114.5144,114.5144,,114.5144,factor_candle,FRED CSV Gateway mirror,learning_only_mirror
DTWEXBGS,2021-11-15,2021-11-15T00:00:00Z,daily,114.5876,114.5876,114.5876,114.5876,,114.5876,factor_candle,FRED CSV Gateway mirror,learning_only_mirror
DTWEXBGS,2021-11-16,2021-11-16T00:00:00Z,daily,115.136,115.136,115.136,115.136,,115.136,factor_candle,FRED CSV Gateway mirror,learning_only_mirror
DTWEXBGS,2021-11-17,2021-11-17T00:00:00Z,daily,115.0263,115.0263,115.0263,115.0263,,115.0263,factor_candle,FRED CSV Gateway mirror,learning_only_mirror
DTWEXBGS,2021-11-18,2021-11-18T00:00:00Z,daily,115.0678,115.0678,115.0678,115.0678,,115.0678,factor_candle,FRED CSV Gateway mirror,learning_only_mirror
DTWEXBGS,2021-11-19,2021-11-19T00:00:00Z,daily,115.2187,115.2187,115.2187,115.2187,,115.2187,factor_candle,FRED CSV Gateway mirror,learning_only_mirror
DTWEXBGS,2021-11-22,2021-11-22T00:00:00Z,daily,115.6481,115.6481,115.6481,115.6481,,115.6481,factor_candle,FRED CSV Gateway mirror,learning_only_mirror
DTWEXBGS,2021-11-23,2021-11-23T00:00:00Z,daily,116.0118,116.0118,116.0118,116.0118,,116.0118,factor_candle,FRED CSV Gateway mirror,learning_only_mirror
DTWEXBGS,2021-11-24,2021-11-24T00:00:00Z,daily,116.2711,116.2711,116.2711,116.2711,,116.2711,factor_candle,FRED CSV Gateway mirror,learning_only_mirror
DTWEXBGS,2021-11-26,2021-11-26T00:00:00Z,daily,116.5103,116.5103,116.5103,116.5103,,116.5103,factor_candle,FRED CSV Gateway mirror,learning_only_mirror
DTWEXBGS,2021-11-29,2021-11-29T00:00:00Z,daily,116.581,116.581,116.581,116.581,,116.581,factor_candle,FRED CSV Gateway mirror,learning_only_mirror
DTWEXBGS,2021-11-30,2021-11-30T00:00:00Z,daily,116.2071,116.2071,116.2071,116.2071,,116.2071,factor_candle,FRED CSV Gateway mirror,learning_only_mirror
DTWEXBGS,2021-12-01,2021-12-01T00:00:00Z,daily,115.889,115.889,115.889,115.889,,115.889,factor_candle,FRED CSV Gateway mirror,learning_only_mirror
DTWEXBGS,2021-12-02,2021-12-02T00:00:00Z,daily,116.018,116.018,116.018,116.018,,116.018,factor_candle,FRED CSV Gateway mirror,learning_only_mirror
DTWEXBGS,2021-12-03,2021-12-03T00:00:00Z,daily,116.2377,116.2377,116.2377,116.2377,,116.2377,factor_candle,FRED CSV Gateway mirror,learning_only_mirror
DTWEXBGS,2021-12-06,2021-12-06T00:00:00Z,daily,116.1538,116.1538,116.1538,116.1538,,116.1538,factor_candle,FRED CSV Gateway mirror,learning_only_mirror
DTWEXBGS,2021-12-07,2021-12-07T00:00:00Z,daily,115.8555,115.8555,115.8555,115.8555,,115.8555,factor_candle,FRED CSV Gateway mirror,learning_only_mirror
DTWEXBGS,2021-12-08,2021-12-08T00:00:00Z,daily,115.4418,115.4418,115.4418,115.4418,,115.4418,factor_candle,FRED CSV Gateway mirror,learning_only_mirror
DTWEXBGS,2021-12-09,2021-12-09T00:00:00Z,daily,115.7784,115.7784,115.7784,115.7784,,115.7784,factor_candle,FRED CSV Gateway mirror,learning_only_mirror
DTWEXBGS,2021-12-10,2021-12-10T00:00:00Z,daily,115.5732,115.5732,115.5732,115.5732,,115.5732,factor_candle,FRED CSV Gateway mirror,learning_only_mirror
DTWEXBGS,2021-12-13,2021-12-13T00:00:00Z,daily,115.842,115.842,115.842,115.842,,115.842,factor_candle,FRED CSV Gateway mirror,learning_only_mirror
DTWEXBGS,2021-12-14,2021-12-14T00:00:00Z,daily,116.2397,116.2397,116.2397,116.2397,,116.2397,factor_candle,FRED CSV Gateway mirror,learning_only_mirror
DTWEXBGS,2021-12-15,2021-12-15T00:00:00Z,daily,116.4219,116.4219,116.4219,116.4219,,116.4219,factor_candle,FRED CSV Gateway mirror,learning_only_mirror
DTWEXBGS,2021-12-16,2021-12-16T00:00:00Z,daily,115.7146,115.7146,115.7146,115.7146,,115.7146,factor_candle,FRED CSV Gateway mirror,learning_only_mirror
DTWEXBGS,2021-12-17,2021-12-17T00:00:00Z,daily,115.791,115.791,115.791,115.791,,115.791,factor_candle,FRED CSV Gateway mirror,learning_only_mirror
DTWEXBGS,2021-12-20,2021-12-20T00:00:00Z,daily,116.0092,116.0092,116.0092,116.0092,,116.0092,factor_candle,FRED CSV Gateway mirror,learning_only_mirror
DTWEXBGS,2021-12-21,2021-12-21T00:00:00Z,daily,116.1089,116.1089,116.1089,116.1089,,116.1089,factor_candle,FRED CSV Gateway mirror,learning_only_mirror
DTWEXBGS,2021-12-22,2021-12-22T00:00:00Z,daily,115.7485,115.7485,115.7485,115.7485,,115.7485,factor_candle,FRED CSV Gateway mirror,learning_only_mirror
DTWEXBGS,2021-12-23,2021-12-23T00:00:00Z,daily,115.5337,115.5337,115.5337,115.5337,,115.5337,factor_candle,FRED CSV Gateway mirror,learning_only_mirror
DTWEXBGS,2021-12-27,2021-12-27T00:00:00Z,daily,115.4684,115.4684,115.4684,115.4684,,115.4684,factor_candle,FRED CSV Gateway mirror,learning_only_mirror
DTWEXBGS,2021-12-28,2021-12-28T00:00:00Z,daily,115.4192,115.4192,115.4192,115.4192,,115.4192,factor_candle,FRED CSV Gateway mirror,learning_only_mirror
DTWEXBGS,2021-12-29,2021-12-29T00:00:00Z,daily,115.3678,115.3678,115.3678,115.3678,,115.3678,factor_candle,FRED CSV Gateway mirror,learning_only_mirror
DTWEXBGS,2021-12-30,2021-12-30T00:00:00Z,daily,115.283,115.283,115.283,115.283,,115.283,factor_candle,FRED CSV Gateway mirror,learning_only_mirror
DTWEXBGS,2022-01-03,2022-01-03T00:00:00Z,daily,115.4101,115.4101,115.4101,115.4101,,115.4101,factor_candle,FRED CSV Gateway mirror,learning_only_mirror
DTWEXBGS,2022-01-04,2022-01-04T00:00:00Z,daily,115.3103,115.3103,115.3103,115.3103,,115.3103,factor_candle,FRED CSV Gateway mirror,learning_only_mirror
DTWEXBGS,2022-01-05,2022-01-05T00:00:00Z,daily,115.137,115.137,115.137,115.137,,115.137,factor_candle,FRED CSV Gateway mirror,learning_only_mirror
DTWEXBGS,2022-01-06,2022-01-06T00:00:00Z,daily,115.4046,115.4046,115.4046,115.4046,,115.4046,factor_candle,FRED CSV Gateway mirror,learning_only_mirror
DTWEXBGS,2022-01-07,2022-01-07T00:00:00Z,daily,115.0451,115.0451,115.0451,115.0451,,115.0451,factor_candle,FRED CSV Gateway mirror,learning_only_mirror
DTWEXBGS,2022-01-10,2022-01-10T00:00:00Z,daily,115.2216,115.2216,115.2216,115.2216,,115.2216,factor_candle,FRED CSV Gateway mirror,learning_only_mirror
DTWEXBGS,2022-01-11,2022-01-11T00:00:00Z,daily,114.8332,114.8332,114.8332,114.8332,,114.8332,factor_candle,FRED CSV Gateway mirror,learning_only_mirror
DTWEXBGS,2022-01-12,2022-01-12T00:00:00Z,daily,114.355,114.355,114.355,114.355,,114.355,factor_candle,FRED CSV Gateway mirror,learning_only_mirror
DTWEXBGS,2022-01-13,2022-01-13T00:00:00Z,daily,114.177,114.177,114.177,114.177,,114.177,factor_candle,FRED CSV Gateway mirror,learning_only_mirror
DTWEXBGS,2022-01-14,2022-01-14T00:00:00Z,daily,114.3825,114.3825,114.3825,114.3825,,114.3825,factor_candle,FRED CSV Gateway mirror,learning_only_mirror
DTWEXBGS,2022-01-18,2022-01-18T00:00:00Z,daily,114.7373,114.7373,114.7373,114.7373,,114.7373,factor_candle,FRED CSV Gateway mirror,learning_only_mirror
DTWEXBGS,2022-01-19,2022-01-19T00:00:00Z,daily,114.6109,114.6109,114.6109,114.6109,,114.6109,factor_candle,FRED CSV Gateway mirror,learning_only_mirror
DTWEXBGS,2022-01-20,2022-01-20T00:00:00Z,daily,114.4642,114.4642,114.4642,114.4642,,114.4642,factor_candle,FRED CSV Gateway mirror,learning_only_mirror
DTWEXBGS,2022-01-21,2022-01-21T00:00:00Z,daily,114.6125,114.6125,114.6125,114.6125,,114.6125,factor_candle,FRED CSV Gateway mirror,learning_only_mirror
DTWEXBGS,2022-01-24,2022-01-24T00:00:00Z,daily,115.2034,115.2034,115.2034,115.2034,,115.2034,factor_candle,FRED CSV Gateway mirror,learning_only_mirror
DTWEXBGS,2022-01-25,2022-01-25T00:00:00Z,daily,115.1654,115.1654,115.1654,115.1654,,115.1654,factor_candle,FRED CSV Gateway mirror,learning_only_mirror
DTWEXBGS,2022-01-26,2022-01-26T00:00:00Z,daily,115.0922,115.0922,115.0922,115.0922,,115.0922,factor_candle,FRED CSV Gateway mirror,learning_only_mirror
DTWEXBGS,2022-01-27,2022-01-27T00:00:00Z,daily,115.978,115.978,115.978,115.978,,115.978,factor_candle,FRED CSV Gateway mirror,learning_only_mirror
DTWEXBGS,2022-01-28,2022-01-28T00:00:00Z,daily,116.0393,116.0393,116.0393,116.0393,,116.0393,factor_candle,FRED CSV Gateway mirror,learning_only_mirror
DTWEXBGS,2022-01-31,2022-01-31T00:00:00Z,daily,115.566,115.566,115.566,115.566,,115.566,factor_candle,FRED CSV Gateway mirror,learning_only_mirror
DTWEXBGS,2022-02-01,2022-02-01T00:00:00Z,daily,115.3685,115.3685,115.3685,115.3685,,115.3685,factor_candle,FRED CSV Gateway mirror,learning_only_mirror
DTWEXBGS,2022-02-02,2022-02-02T00:00:00Z,daily,115.1538,115.1538,115.1538,115.1538,,115.1538,factor_candle,FRED CSV Gateway mirror,learning_only_mirror
DTWEXBGS,2022-02-03,2022-02-03T00:00:00Z,daily,114.9065,114.9065,114.9065,114.9065,,114.9065,factor_candle,FRED CSV Gateway mirror,learning_only_mirror
DTWEXBGS,2022-02-04,2022-02-04T00:00:00Z,daily,115.1362,115.1362,115.1362,115.1362,,115.1362,factor_candle,FRED CSV Gateway mirror,learning_only_mirror
DTWEXBGS,2022-02-07,2022-02-07T00:00:00Z,daily,115.0098,115.0098,115.0098,115.0098,,115.0098,factor_candle,FRED CSV Gateway mirror,learning_only_mirror
DTWEXBGS,2022-02-08,2022-02-08T00:00:00Z,daily,115.0892,115.0892,115.0892,115.0892,,115.0892,factor_candle,FRED CSV Gateway mirror,learning_only_mirror
DTWEXBGS,2022-02-09,2022-02-09T00:00:00Z,daily,114.8232,114.8232,114.8232,114.8232,,114.8232,factor_candle,FRED CSV Gateway mirror,learning_only_mirror
DTWEXBGS,2022-02-10,2022-02-10T00:00:00Z,daily,114.5527,114.5527,114.5527,114.5527,,114.5527,factor_candle,FRED CSV Gateway mirror,learning_only_mirror
DTWEXBGS,2022-02-11,2022-02-11T00:00:00Z,daily,114.8413,114.8413,114.8413,114.8413,,114.8413,factor_candle,FRED CSV Gateway mirror,learning_only_mirror
DTWEXBGS,2022-02-14,2022-02-14T00:00:00Z,daily,115.1946,115.1946,115.1946,115.1946,,115.1946,factor_candle,FRED CSV Gateway mirror,learning_only_mirror
DTWEXBGS,2022-02-15,2022-02-15T00:00:00Z,daily,114.93,114.93,114.93,114.93,,114.93,factor_candle,FRED CSV Gateway mirror,learning_only_mirror
DTWEXBGS,2022-02-16,2022-02-16T00:00:00Z,daily,114.6886,114.6886,114.6886,114.6886,,114.6886,factor_candle,FRED CSV Gateway mirror,learning_only_mirror
DTWEXBGS,2022-02-17,2022-02-17T00:00:00Z,daily,114.6755,114.6755,114.6755,114.6755,,114.6755,factor_candle,FRED CSV Gateway mirror,learning_only_mirror
DTWEXBGS,2022-02-18,2022-02-18T00:00:00Z,daily,114.7982,114.7982,114.7982,114.7982,,114.7982,factor_candle,FRED CSV Gateway mirror,learning_only_mirror
DTWEXBGS,2022-02-22,2022-02-22T00:00:00Z,daily,114.7002,114.7002,114.7002,114.7002,,114.7002,factor_candle,FRED CSV Gateway mirror,learning_only_mirror
DTWEXBGS,2022-02-23,2022-02-23T00:00:00Z,daily,114.6668,114.6668,114.6668,114.6668,,114.6668,factor_candle,FRED CSV Gateway mirror,learning_only_mirror
DTWEXBGS,2022-02-24,2022-02-24T00:00:00Z,daily,115.9419,115.9419,115.9419,115.9419,,115.9419,factor_candle,FRED CSV Gateway mirror,learning_only_mirror
DTWEXBGS,2022-02-25,2022-02-25T00:00:00Z,daily,115.2577,115.2577,115.2577,115.2577,,115.2577,factor_candle,FRED CSV Gateway mirror,learning_only_mirror
DTWEXBGS,2022-02-28,2022-02-28T00:00:00Z,daily,115.2224,115.2224,115.2224,115.2224,,115.2224,factor_candle,FRED CSV Gateway mirror,learning_only_mirror
DTWEXBGS,2022-03-01,2022-03-01T00:00:00Z,daily,115.7962,115.7962,115.7962,115.7962,,115.7962,factor_candle,FRED CSV Gateway mirror,learning_only_mirror
DTWEXBGS,2022-03-02,2022-03-02T00:00:00Z,daily,115.7623,115.7623,115.7623,115.7623,,115.7623,factor_candle,FRED CSV Gateway mirror,learning_only_mirror
DTWEXBGS,2022-03-03,2022-03-03T00:00:00Z,daily,115.9495,115.9495,115.9495,115.9495,,115.9495,factor_candle,FRED CSV Gateway mirror,learning_only_mirror
DTWEXBGS,2022-03-04,2022-03-04T00:00:00Z,daily,116.6503,116.6503,116.6503,116.6503,,116.6503,factor_candle,FRED CSV Gateway mirror,learning_only_mirror
DTWEXBGS,2022-03-07,2022-03-07T00:00:00Z,daily,117.3278,117.3278,117.3278,117.3278,,117.3278,factor_candle,FRED CSV Gateway mirror,learning_only_mirror
DTWEXBGS,2022-03-08,2022-03-08T00:00:00Z,daily,117.6176,117.6176,117.6176,117.6176,,117.6176,factor_candle,FRED CSV Gateway mirror,learning_only_mirror
DTWEXBGS,2022-03-09,2022-03-09T00:00:00Z,daily,116.5961,116.5961,116.5961,116.5961,,116.5961,factor_candle,FRED CSV Gateway mirror,learning_only_mirror
DTWEXBGS,2022-03-10,2022-03-10T00:00:00Z,daily,116.7401,116.7401,116.7401,116.7401,,116.7401,factor_candle,FRED CSV Gateway mirror,learning_only_mirror
DTWEXBGS,2022-03-11,2022-03-11T00:00:00Z,daily,117.0192,117.0192,117.0192,117.0192,,117.0192,factor_candle,FRED CSV Gateway mirror,learning_only_mirror
DTWEXBGS,2022-03-14,2022-03-14T00:00:00Z,daily,117.1506,117.1506,117.1506,117.1506,,117.1506,factor_candle,FRED CSV Gateway mirror,learning_only_mirror
DTWEXBGS,2022-03-15,2022-03-15T00:00:00Z,daily,117.246,117.246,117.246,117.246,,117.246,factor_candle,FRED CSV Gateway mirror,learning_only_mirror
DTWEXBGS,2022-03-16,2022-03-16T00:00:00Z,daily,116.8073,116.8073,116.8073,116.8073,,116.8073,factor_candle,FRED CSV Gateway mirror,learning_only_mirror
DTWEXBGS,2022-03-17,2022-03-17T00:00:00Z,daily,116.0467,116.0467,116.0467,116.0467,,116.0467,factor_candle,FRED CSV Gateway mirror,learning_only_mirror
DTWEXBGS,2022-03-18,2022-03-18T00:00:00Z,daily,116.1378,116.1378,116.1378,116.1378,,116.1378,factor_candle,FRED CSV Gateway mirror,learning_only_mirror
DTWEXBGS,2022-03-21,2022-03-21T00:00:00Z,daily,115.9398,115.9398,115.9398,115.9398,,115.9398,factor_candle,FRED CSV Gateway mirror,learning_only_mirror
DTWEXBGS,2022-03-22,2022-03-22T00:00:00Z,daily,116.0824,116.0824,116.0824,116.0824,,116.0824,factor_candle,FRED CSV Gateway mirror,learning_only_mirror
DTWEXBGS,2022-03-23,2022-03-23T00:00:00Z,daily,116.005,116.005,116.005,116.005,,116.005,factor_candle,FRED CSV Gateway mirror,learning_only_mirror
DTWEXBGS,2022-03-24,2022-03-24T00:00:00Z,daily,115.9599,115.9599,115.9599,115.9599,,115.9599,factor_candle,FRED CSV Gateway mirror,learning_only_mirror
DTWEXBGS,2022-03-25,2022-03-25T00:00:00Z,daily,115.7921,115.7921,115.7921,115.7921,,115.7921,factor_candle,FRED CSV Gateway mirror,learning_only_mirror
DTWEXBGS,2022-03-28,2022-03-28T00:00:00Z,daily,116.1911,116.1911,116.1911,116.1911,,116.1911,factor_candle,FRED CSV Gateway mirror,learning_only_mirror
DTWEXBGS,2022-03-29,2022-03-29T00:00:00Z,daily,115.5679,115.5679,115.5679,115.5679,,115.5679,factor_candle,FRED CSV Gateway mirror,learning_only_mirror
DTWEXBGS,2022-03-30,2022-03-30T00:00:00Z,daily,115.0818,115.0818,115.0818,115.0818,,115.0818,factor_candle,FRED CSV Gateway mirror,learning_only_mirror
DTWEXBGS,2022-03-31,2022-03-31T00:00:00Z,daily,115.2218,115.2218,115.2218,115.2218,,115.2218,factor_candle,FRED CSV Gateway mirror,learning_only_mirror
DTWEXBGS,2022-04-01,2022-04-01T00:00:00Z,daily,115.4814,115.4814,115.4814,115.4814,,115.4814,factor_candle,FRED CSV Gateway mirror,learning_only_mirror
DTWEXBGS,2022-04-04,2022-04-04T00:00:00Z,daily,115.4112,115.4112,115.4112,115.4112,,115.4112,factor_candle,FRED CSV Gateway mirror,learning_only_mirror
DTWEXBGS,2022-04-05,2022-04-05T00:00:00Z,daily,115.73,115.73,115.73,115.73,,115.73,factor_candle,FRED CSV Gateway mirror,learning_only_mirror
DTWEXBGS,2022-04-06,2022-04-06T00:00:00Z,daily,115.9995,115.9995,115.9995,115.9995,,115.9995,factor_candle,FRED CSV Gateway mirror,learning_only_mirror
DTWEXBGS,2022-04-07,2022-04-07T00:00:00Z,daily,116.3512,116.3512,116.3512,116.3512,,116.3512,factor_candle,FRED CSV Gateway mirror,learning_only_mirror
DTWEXBGS,2022-04-08,2022-04-08T00:00:00Z,daily,116.4176,116.4176,116.4176,116.4176,,116.4176,factor_candle,FRED CSV Gateway mirror,learning_only_mirror
DTWEXBGS,2022-04-11,2022-04-11T00:00:00Z,daily,116.5401,116.5401,116.5401,116.5401,,116.5401,factor_candle,FRED CSV Gateway mirror,learning_only_mirror
DTWEXBGS,2022-04-12,2022-04-12T00:00:00Z,daily,116.3866,116.3866,116.3866,116.3866,,116.3866,factor_candle,FRED CSV Gateway mirror,learning_only_mirror
DTWEXBGS,2022-04-13,2022-04-13T00:00:00Z,daily,116.2796,116.2796,116.2796,116.2796,,116.2796,factor_candle,FRED CSV Gateway mirror,learning_only_mirror
DTWEXBGS,2022-04-14,2022-04-14T00:00:00Z,daily,116.7558,116.7558,116.7558,116.7558,,116.7558,factor_candle,FRED CSV Gateway mirror,learning_only_mirror
DTWEXBGS,2022-04-15,2022-04-15T00:00:00Z,daily,116.7017,116.7017,116.7017,116.7017,,116.7017,factor_candle,FRED CSV Gateway mirror,learning_only_mirror
DTWEXBGS,2022-04-18,2022-04-18T00:00:00Z,daily,116.8441,116.8441,116.8441,116.8441,,116.8441,factor_candle,FRED CSV Gateway mirror,learning_only_mirror
DTWEXBGS,2022-04-19,2022-04-19T00:00:00Z,daily,117.1324,117.1324,117.1324,117.1324,,117.1324,factor_candle,FRED CSV Gateway mirror,learning_only_mirror
DTWEXBGS,2022-04-20,2022-04-20T00:00:00Z,daily,116.7306,116.7306,116.7306,116.7306,,116.7306,factor_candle,FRED CSV Gateway mirror,learning_only_mirror
DTWEXBGS,2022-04-21,2022-04-21T00:00:00Z,daily,117.1432,117.1432,117.1432,117.1432,,117.1432,factor_candle,FRED CSV Gateway mirror,learning_only_mirror
DTWEXBGS,2022-04-22,2022-04-22T00:00:00Z,daily,118.0186,118.0186,118.0186,118.0186,,118.0186,factor_candle,FRED CSV Gateway mirror,learning_only_mirror
DTWEXBGS,2022-04-25,2022-04-25T00:00:00Z,daily,118.6271,118.6271,118.6271,118.6271,,118.6271,factor_candle,FRED CSV Gateway mirror,learning_only_mirror
DTWEXBGS,2022-04-26,2022-04-26T00:00:00Z,daily,118.9624,118.9624,118.9624,118.9624,,118.9624,factor_candle,FRED CSV Gateway mirror,learning_only_mirror
DTWEXBGS,2022-04-27,2022-04-27T00:00:00Z,daily,119.4708,119.4708,119.4708,119.4708,,119.4708,factor_candle,FRED CSV Gateway mirror,learning_only_mirror
DTWEXBGS,2022-04-28,2022-04-28T00:00:00Z,daily,120.0675,120.0675,120.0675,120.0675,,120.0675,factor_candle,FRED CSV Gateway mirror,learning_only_mirror
DTWEXBGS,2022-04-29,2022-04-29T00:00:00Z,daily,119.4933,119.4933,119.4933,119.4933,,119.4933,factor_candle,FRED CSV Gateway mirror,learning_only_mirror
DTWEXBGS,2022-05-02,2022-05-02T00:00:00Z,daily,119.8825,119.8825,119.8825,119.8825,,119.8825,factor_candle,FRED CSV Gateway mirror,learning_only_mirror
DTWEXBGS,2022-05-03,2022-05-03T00:00:00Z,daily,119.7043,119.7043,119.7043,119.7043,,119.7043,factor_candle,FRED CSV Gateway mirror,learning_only_mirror
DTWEXBGS,2022-05-04,2022-05-04T00:00:00Z,daily,119.5592,119.5592,119.5592,119.5592,,119.5592,factor_candle,FRED CSV Gateway mirror,learning_only_mirror
DTWEXBGS,2022-05-05,2022-05-05T00:00:00Z,daily,120.0068,120.0068,120.0068,120.0068,,120.0068,factor_candle,FRED CSV Gateway mirror,learning_only_mirror
DTWEXBGS,2022-05-06,2022-05-06T00:00:00Z,daily,119.8577,119.8577,119.8577,119.8577,,119.8577,factor_candle,FRED CSV Gateway mirror,learning_only_mirror
DTWEXBGS,2022-05-09,2022-05-09T00:00:00Z,daily,120.4972,120.4972,120.4972,120.4972,,120.4972,factor_candle,FRED CSV Gateway mirror,learning_only_mirror
DTWEXBGS,2022-05-10,2022-05-10T00:00:00Z,daily,120.7742,120.7742,120.7742,120.7742,,120.7742,factor_candle,FRED CSV Gateway mirror,learning_only_mirror
DTWEXBGS,2022-05-11,2022-05-11T00:00:00Z,daily,120.3925,120.3925,120.3925,120.3925,,120.3925,factor_candle,FRED CSV Gateway mirror,learning_only_mirror
DTWEXBGS,2022-05-12,2022-05-12T00:00:00Z,daily,121.2796,121.2796,121.2796,121.2796,,121.2796,factor_candle,FRED CSV Gateway mirror,learning_only_mirror
DTWEXBGS,2022-05-13,2022-05-13T00:00:00Z,daily,120.8442,120.8442,120.8442,120.8442,,120.8442,factor_candle,FRED CSV Gateway mirror,learning_only_mirror
DTWEXBGS,2022-05-16,2022-05-16T00:00:00Z,daily,120.6881,120.6881,120.6881,120.6881,,120.6881,factor_candle,FRED CSV Gateway mirror,learning_only_mirror
DTWEXBGS,2022-05-17,2022-05-17T00:00:00Z,daily,119.8871,119.8871,119.8871,119.8871,,119.8871,factor_candle,FRED CSV Gateway mirror,learning_only_mirror
DTWEXBGS,2022-05-18,2022-05-18T00:00:00Z,daily,120.0274,120.0274,120.0274,120.0274,,120.0274,factor_candle,FRED CSV Gateway mirror,learning_only_mirror
DTWEXBGS,2022-05-19,2022-05-19T00:00:00Z,daily,119.4278,119.4278,119.4278,119.4278,,119.4278,factor_candle,FRED CSV Gateway mirror,learning_only_mirror
DTWEXBGS,2022-05-20,2022-05-20T00:00:00Z,daily,119.3677,119.3677,119.3677,119.3677,,119.3677,factor_candle,FRED CSV Gateway mirror,learning_only_mirror
DTWEXBGS,2022-05-23,2022-05-23T00:00:00Z,daily,118.7169,118.7169,118.7169,118.7169,,118.7169,factor_candle,FRED CSV Gateway mirror,learning_only_mirror
DTWEXBGS,2022-05-24,2022-05-24T00:00:00Z,daily,118.6245,118.6245,118.6245,118.6245,,118.6245,factor_candle,FRED CSV Gateway mirror,learning_only_mirror
DTWEXBGS,2022-05-25,2022-05-25T00:00:00Z,daily,118.9598,118.9598,118.9598,118.9598,,118.9598,factor_candle,FRED CSV Gateway mirror,learning_only_mirror
DTWEXBGS,2022-05-26,2022-05-26T00:00:00Z,daily,118.7687,118.7687,118.7687,118.7687,,118.7687,factor_candle,FRED CSV Gateway mirror,learning_only_mirror
DTWEXBGS,2022-05-27,2022-05-27T00:00:00Z,daily,118.2834,118.2834,118.2834,118.2834,,118.2834,factor_candle,FRED CSV Gateway mirror,learning_only_mirror
DTWEXBGS,2022-05-31,2022-05-31T00:00:00Z,daily,118.0704,118.0704,118.0704,118.0704,,118.0704,factor_candle,FRED CSV Gateway mirror,learning_only_mirror
DTWEXBGS,2022-06-01,2022-06-01T00:00:00Z,daily,118.6954,118.6954,118.6954,118.6954,,118.6954,factor_candle,FRED CSV Gateway mirror,learning_only_mirror
DTWEXBGS,2022-06-02,2022-06-02T00:00:00Z,daily,118.0658,118.0658,118.0658,118.0658,,118.0658,factor_candle,FRED CSV Gateway mirror,learning_only_mirror
DTWEXBGS,2022-06-03,2022-06-03T00:00:00Z,daily,118.2153,118.2153,118.2153,118.2153,,118.2153,factor_candle,FRED CSV Gateway mirror,learning_only_mirror
DTWEXBGS,2022-06-06,2022-06-06T00:00:00Z,daily,118.3081,118.3081,118.3081,118.3081,,118.3081,factor_candle,FRED CSV Gateway mirror,learning_only_mirror
DTWEXBGS,2022-06-07,2022-06-07T00:00:00Z,daily,118.4414,118.4414,118.4414,118.4414,,118.4414,factor_candle,FRED CSV Gateway mirror,learning_only_mirror
DTWEXBGS,2022-06-08,2022-06-08T00:00:00Z,daily,118.3951,118.3951,118.3951,118.3951,,118.3951,factor_candle,FRED CSV Gateway mirror,learning_only_mirror
DTWEXBGS,2022-06-09,2022-06-09T00:00:00Z,daily,118.9226,118.9226,118.9226,118.9226,,118.9226,factor_candle,FRED CSV Gateway mirror,learning_only_mirror
DTWEXBGS,2022-06-10,2022-06-10T00:00:00Z,daily,119.9981,119.9981,119.9981,119.9981,,119.9981,factor_candle,FRED CSV Gateway mirror,learning_only_mirror
DTWEXBGS,2022-06-13,2022-06-13T00:00:00Z,daily,121.1523,121.1523,121.1523,121.1523,,121.1523,factor_candle,FRED CSV Gateway mirror,learning_only_mirror
DTWEXBGS,2022-06-14,2022-06-14T00:00:00Z,daily,121.6669,121.6669,121.6669,121.6669,,121.6669,factor_candle,FRED CSV Gateway mirror,learning_only_mirror
DTWEXBGS,2022-06-15,2022-06-15T00:00:00Z,daily,121.6403,121.6403,121.6403,121.6403,,121.6403,factor_candle,FRED CSV Gateway mirror,learning_only_mirror
DTWEXBGS,2022-06-16,2022-06-16T00:00:00Z,daily,120.6714,120.6714,120.6714,120.6714,,120.6714,factor_candle,FRED CSV Gateway mirror,learning_only_mirror
DTWEXBGS,2022-06-17,2022-06-17T00:00:00Z,daily,121.2369,121.2369,121.2369,121.2369,,121.2369,factor_candle,FRED CSV Gateway mirror,learning_only_mirror
DTWEXBGS,2022-06-21,2022-06-21T00:00:00Z,daily,120.6427,120.6427,120.6427,120.6427,,120.6427,factor_candle,FRED CSV Gateway mirror,learning_only_mirror
DTWEXBGS,2022-06-22,2022-06-22T00:00:00Z,daily,120.5197,120.5197,120.5197,120.5197,,120.5197,factor_candle,FRED CSV Gateway mirror,learning_only_mirror
DTWEXBGS,2022-06-23,2022-06-23T00:00:00Z,daily,120.7622,120.7622,120.7622,120.7622,,120.7622,factor_candle,FRED CSV Gateway mirror,learning_only_mirror
DTWEXBGS,2022-06-24,2022-06-24T00:00:00Z,daily,120.4853,120.4853,120.4853,120.4853,,120.4853,factor_candle,FRED CSV Gateway mirror,learning_only_mirror
DTWEXBGS,2022-06-27,2022-06-27T00:00:00Z,daily,120.1736,120.1736,120.1736,120.1736,,120.1736,factor_candle,FRED CSV Gateway mirror,learning_only_mirror
DTWEXBGS,2022-06-28,2022-06-28T00:00:00Z,daily,120.62,120.62,120.62,120.62,,120.62,factor_candle,FRED CSV Gateway mirror,learning_only_mirror
DTWEXBGS,2022-06-29,2022-06-29T00:00:00Z,daily,120.9616,120.9616,120.9616,120.9616,,120.9616,factor_candle,FRED CSV Gateway mirror,learning_only_mirror
DTWEXBGS,2022-06-30,2022-06-30T00:00:00Z,daily,120.9652,120.9652,120.9652,120.9652,,120.9652,factor_candle,FRED CSV Gateway mirror,learning_only_mirror
DTWEXBGS,2022-07-01,2022-07-01T00:00:00Z,daily,121.5058,121.5058,121.5058,121.5058,,121.5058,factor_candle,FRED CSV Gateway mirror,learning_only_mirror
DTWEXBGS,2022-07-05,2022-07-05T00:00:00Z,daily,122.6203,122.6203,122.6203,122.6203,,122.6203,factor_candle,FRED CSV Gateway mirror,learning_only_mirror
DTWEXBGS,2022-07-06,2022-07-06T00:00:00Z,daily,123.0073,123.0073,123.0073,123.0073,,123.0073,factor_candle,FRED CSV Gateway mirror,learning_only_mirror
DTWEXBGS,2022-07-07,2022-07-07T00:00:00Z,daily,122.7257,122.7257,122.7257,122.7257,,122.7257,factor_candle,FRED CSV Gateway mirror,learning_only_mirror
DTWEXBGS,2022-07-08,2022-07-08T00:00:00Z,daily,122.4662,122.4662,122.4662,122.4662,,122.4662,factor_candle,FRED CSV Gateway mirror,learning_only_mirror
DTWEXBGS,2022-07-11,2022-07-11T00:00:00Z,daily,123.2974,123.2974,123.2974,123.2974,,123.2974,factor_candle,FRED CSV Gateway mirror,learning_only_mirror
DTWEXBGS,2022-07-12,2022-07-12T00:00:00Z,daily,123.4524,123.4524,123.4524,123.4524,,123.4524,factor_candle,FRED CSV Gateway mirror,learning_only_mirror
DTWEXBGS,2022-07-13,2022-07-13T00:00:00Z,daily,123.2834,123.2834,123.2834,123.2834,,123.2834,factor_candle,FRED CSV Gateway mirror,learning_only_mirror
DTWEXBGS,2022-07-14,2022-07-14T00:00:00Z,daily,124.0622,124.0622,124.0622,124.0622,,124.0622,factor_candle,FRED CSV Gateway mirror,learning_only_mirror
DTWEXBGS,2022-07-15,2022-07-15T00:00:00Z,daily,123.4765,123.4765,123.4765,123.4765,,123.4765,factor_candle,FRED CSV Gateway mirror,learning_only_mirror
DTWEXBGS,2022-07-18,2022-07-18T00:00:00Z,daily,122.7727,122.7727,122.7727,122.7727,,122.7727,factor_candle,FRED CSV Gateway mirror,learning_only_mirror
DTWEXBGS,2022-07-19,2022-07-19T00:00:00Z,daily,122.4819,122.4819,122.4819,122.4819,,122.4819,factor_candle,FRED CSV Gateway mirror,learning_only_mirror
DTWEXBGS,2022-07-20,2022-07-20T00:00:00Z,daily,122.5997,122.5997,122.5997,122.5997,,122.5997,factor_candle,FRED CSV Gateway mirror,learning_only_mirror
DTWEXBGS,2022-07-21,2022-07-21T00:00:00Z,daily,122.9032,122.9032,122.9032,122.9032,,122.9032,factor_candle,FRED CSV Gateway mirror,learning_only_mirror
DTWEXBGS,2022-07-22,2022-07-22T00:00:00Z,daily,122.451,122.451,122.451,122.451,,122.451,factor_candle,FRED CSV Gateway mirror,learning_only_mirror
DTWEXBGS,2022-07-25,2022-07-25T00:00:00Z,daily,122.4594,122.4594,122.4594,122.4594,,122.4594,factor_candle,FRED CSV Gateway mirror,learning_only_mirror
DTWEXBGS,2022-07-26,2022-07-26T00:00:00Z,daily,122.7581,122.7581,122.7581,122.7581,,122.7581,factor_candle,FRED CSV Gateway mirror,learning_only_mirror
DTWEXBGS,2022-07-27,2022-07-27T00:00:00Z,daily,122.8169,122.8169,122.8169,122.8169,,122.8169,factor_candle,FRED CSV Gateway mirror,learning_only_mirror
DTWEXBGS,2022-07-28,2022-07-28T00:00:00Z,daily,122.1161,122.1161,122.1161,122.1161,,122.1161,factor_candle,FRED CSV Gateway mirror,learning_only_mirror
DTWEXBGS,2022-07-29,2022-07-29T00:00:00Z,daily,121.7678,121.7678,121.7678,121.7678,,121.7678,factor_candle,FRED CSV Gateway mirror,learning_only_mirror
DTWEXBGS,2022-08-01,2022-08-01T00:00:00Z,daily,121.4109,121.4109,121.4109,121.4109,,121.4109,factor_candle,FRED CSV Gateway mirror,learning_only_mirror
DTWEXBGS,2022-08-02,2022-08-02T00:00:00Z,daily,121.9486,121.9486,121.9486,121.9486,,121.9486,factor_candle,FRED CSV Gateway mirror,learning_only_mirror
DTWEXBGS,2022-08-03,2022-08-03T00:00:00Z,daily,122.3888,122.3888,122.3888,122.3888,,122.3888,factor_candle,FRED CSV Gateway mirror,learning_only_mirror
DTWEXBGS,2022-08-04,2022-08-04T00:00:00Z,daily,121.8333,121.8333,121.8333,121.8333,,121.8333,factor_candle,FRED CSV Gateway mirror,learning_only_mirror
DTWEXBGS,2022-08-05,2022-08-05T00:00:00Z,daily,122.321,122.321,122.321,122.321,,122.321,factor_candle,FRED CSV Gateway mirror,learning_only_mirror
DTWEXBGS,2022-08-08,2022-08-08T00:00:00Z,daily,121.8783,121.8783,121.8783,121.8783,,121.8783,factor_candle,FRED CSV Gateway mirror,learning_only_mirror
DTWEXBGS,2022-08-09,2022-08-09T00:00:00Z,daily,121.8614,121.8614,121.8614,121.8614,,121.8614,factor_candle,FRED CSV Gateway mirror,learning_only_mirror
DTWEXBGS,2022-08-10,2022-08-10T00:00:00Z,daily,120.7543,120.7543,120.7543,120.7543,,120.7543,factor_candle,FRED CSV Gateway mirror,learning_only_mirror
DTWEXBGS,2022-08-11,2022-08-11T00:00:00Z,daily,120.7163,120.7163,120.7163,120.7163,,120.7163,factor_candle,FRED CSV Gateway mirror,learning_only_mirror
DTWEXBGS,2022-08-12,2022-08-12T00:00:00Z,daily,121.018,121.018,121.018,121.018,,121.018,factor_candle,FRED CSV Gateway mirror,learning_only_mirror
DTWEXBGS,2022-08-15,2022-08-15T00:00:00Z,daily,121.4315,121.4315,121.4315,121.4315,,121.4315,factor_candle,FRED CSV Gateway mirror,learning_only_mirror
DTWEXBGS,2022-08-16,2022-08-16T00:00:00Z,daily,121.6807,121.6807,121.6807,121.6807,,121.6807,factor_candle,FRED CSV Gateway mirror,learning_only_mirror
DTWEXBGS,2022-08-17,2022-08-17T00:00:00Z,daily,122.0711,122.0711,122.0711,122.0711,,122.0711,factor_candle,FRED CSV Gateway mirror,learning_only_mirror
DTWEXBGS,2022-08-18,2022-08-18T00:00:00Z,daily,122.3627,122.3627,122.3627,122.3627,,122.3627,factor_candle,FRED CSV Gateway mirror,learning_only_mirror
DTWEXBGS,2022-08-19,2022-08-19T00:00:00Z,daily,123.0501,123.0501,123.0501,123.0501,,123.0501,factor_candle,FRED CSV Gateway mirror,learning_only_mirror
DTWEXBGS,2022-08-22,2022-08-22T00:00:00Z,daily,123.605,123.605,123.605,123.605,,123.605,factor_candle,FRED CSV Gateway mirror,learning_only_mirror
DTWEXBGS,2022-08-23,2022-08-23T00:00:00Z,daily,123.0547,123.0547,123.0547,123.0547,,123.0547,factor_candle,FRED CSV Gateway mirror,learning_only_mirror
DTWEXBGS,2022-08-24,2022-08-24T00:00:00Z,daily,123.109,123.109,123.109,123.109,,123.109,factor_candle,FRED CSV Gateway mirror,learning_only_mirror
DTWEXBGS,2022-08-25,2022-08-25T00:00:00Z,daily,123.0586,123.0586,123.0586,123.0586,,123.0586,factor_candle,FRED CSV Gateway mirror,learning_only_mirror
DTWEXBGS,2022-08-26,2022-08-26T00:00:00Z,daily,123.0656,123.0656,123.0656,123.0656,,123.0656,factor_candle,FRED CSV Gateway mirror,learning_only_mirror
DTWEXBGS,2022-08-29,2022-08-29T00:00:00Z,daily,123.4686,123.4686,123.4686,123.4686,,123.4686,factor_candle,FRED CSV Gateway mirror,learning_only_mirror
DTWEXBGS,2022-08-30,2022-08-30T00:00:00Z,daily,123.6848,123.6848,123.6848,123.6848,,123.6848,factor_candle,FRED CSV Gateway mirror,learning_only_mirror
DTWEXBGS,2022-08-31,2022-08-31T00:00:00Z,daily,123.535,123.535,123.535,123.535,,123.535,factor_candle,FRED CSV Gateway mirror,learning_only_mirror
DTWEXBGS,2022-09-01,2022-09-01T00:00:00Z,daily,124.4006,124.4006,124.4006,124.4006,,124.4006,factor_candle,FRED CSV Gateway mirror,learning_only_mirror
DTWEXBGS,2022-09-02,2022-09-02T00:00:00Z,daily,123.7743,123.7743,123.7743,123.7743,,123.7743,factor_candle,FRED CSV Gateway mirror,learning_only_mirror
DTWEXBGS,2022-09-06,2022-09-06T00:00:00Z,daily,124.767,124.767,124.767,124.767,,124.767,factor_candle,FRED CSV Gateway mirror,learning_only_mirror
DTWEXBGS,2022-09-07,2022-09-07T00:00:00Z,daily,124.8408,124.8408,124.8408,124.8408,,124.8408,factor_candle,FRED CSV Gateway mirror,learning_only_mirror
DTWEXBGS,2022-09-08,2022-09-08T00:00:00Z,daily,124.578,124.578,124.578,124.578,,124.578,factor_candle,FRED CSV Gateway mirror,learning_only_mirror
DTWEXBGS,2022-09-09,2022-09-09T00:00:00Z,daily,123.7874,123.7874,123.7874,123.7874,,123.7874,factor_candle,FRED CSV Gateway mirror,learning_only_mirror
DTWEXBGS,2022-09-12,2022-09-12T00:00:00Z,daily,123.3332,123.3332,123.3332,123.3332,,123.3332,factor_candle,FRED CSV Gateway mirror,learning_only_mirror
DTWEXBGS,2022-09-13,2022-09-13T00:00:00Z,daily,124.4242,124.4242,124.4242,124.4242,,124.4242,factor_candle,FRED CSV Gateway mirror,learning_only_mirror
DTWEXBGS,2022-09-14,2022-09-14T00:00:00Z,daily,124.4509,124.4509,124.4509,124.4509,,124.4509,factor_candle,FRED CSV Gateway mirror,learning_only_mirror
DTWEXBGS,2022-09-15,2022-09-15T00:00:00Z,daily,124.8843,124.8843,124.8843,124.8843,,124.8843,factor_candle,FRED CSV Gateway mirror,learning_only_mirror
DTWEXBGS,2022-09-16,2022-09-16T00:00:00Z,daily,124.8794,124.8794,124.8794,124.8794,,124.8794,factor_candle,FRED CSV Gateway mirror,learning_only_mirror
DTWEXBGS,2022-09-19,2022-09-19T00:00:00Z,daily,125.0104,125.0104,125.0104,125.0104,,125.0104,factor_candle,FRED CSV Gateway mirror,learning_only_mirror
DTWEXBGS,2022-09-20,2022-09-20T00:00:00Z,daily,125.1248,125.1248,125.1248,125.1248,,125.1248,factor_candle,FRED CSV Gateway mirror,learning_only_mirror
DTWEXBGS,2022-09-21,2022-09-21T00:00:00Z,daily,125.7399,125.7399,125.7399,125.7399,,125.7399,factor_candle,FRED CSV Gateway mirror,learning_only_mirror
DTWEXBGS,2022-09-22,2022-09-22T00:00:00Z,daily,126.1667,126.1667,126.1667,126.1667,,126.1667,factor_candle,FRED CSV Gateway mirror,learning_only_mirror
DTWEXBGS,2022-09-23,2022-09-23T00:00:00Z,daily,127.2853,127.2853,127.2853,127.2853,,127.2853,factor_candle,FRED CSV Gateway mirror,learning_only_mirror
DTWEXBGS,2022-09-26,2022-09-26T00:00:00Z,daily,128.4539,128.4539,128.4539,128.4539,,128.4539,factor_candle,FRED CSV Gateway mirror,learning_only_mirror
DTWEXBGS,2022-09-27,2022-09-27T00:00:00Z,daily,128.4386,128.4386,128.4386,128.4386,,128.4386,factor_candle,FRED CSV Gateway mirror,learning_only_mirror
DTWEXBGS,2022-09-28,2022-09-28T00:00:00Z,daily,128.0884,128.0884,128.0884,128.0884,,128.0884,factor_candle,FRED CSV Gateway mirror,learning_only_mirror
DTWEXBGS,2022-09-29,2022-09-29T00:00:00Z,daily,127.5437,127.5437,127.5437,127.5437,,127.5437,factor_candle,FRED CSV Gateway mirror,learning_only_mirror
DTWEXBGS,2022-09-30,2022-09-30T00:00:00Z,daily,127.5148,127.5148,127.5148,127.5148,,127.5148,factor_candle,FRED CSV Gateway mirror,learning_only_mirror
DTWEXBGS,2022-10-03,2022-10-03T00:00:00Z,daily,127.0813,127.0813,127.0813,127.0813,,127.0813,factor_candle,FRED CSV Gateway mirror,learning_only_mirror
DTWEXBGS,2022-10-04,2022-10-04T00:00:00Z,daily,126.1819,126.1819,126.1819,126.1819,,126.1819,factor_candle,FRED CSV Gateway mirror,learning_only_mirror
DTWEXBGS,2022-10-05,2022-10-05T00:00:00Z,daily,126.8616,126.8616,126.8616,126.8616,,126.8616,factor_candle,FRED CSV Gateway mirror,learning_only_mirror
DTWEXBGS,2022-10-06,2022-10-06T00:00:00Z,daily,127.2493,127.2493,127.2493,127.2493,,127.2493,factor_candle,FRED CSV Gateway mirror,learning_only_mirror
DTWEXBGS,2022-10-07,2022-10-07T00:00:00Z,daily,127.3111,127.3111,127.3111,127.3111,,127.3111,factor_candle,FRED CSV Gateway mirror,learning_only_mirror
DTWEXBGS,2022-10-11,2022-10-11T00:00:00Z,daily,127.6641,127.6641,127.6641,127.6641,,127.6641,factor_candle,FRED CSV Gateway mirror,learning_only_mirror
DTWEXBGS,2022-10-12,2022-10-12T00:00:00Z,daily,128.1481,128.1481,128.1481,128.1481,,128.1481,factor_candle,FRED CSV Gateway mirror,learning_only_mirror
DTWEXBGS,2022-10-13,2022-10-13T00:00:00Z,daily,127.7286,127.7286,127.7286,127.7286,,127.7286,factor_candle,FRED CSV Gateway mirror,learning_only_mirror
DTWEXBGS,2022-10-14,2022-10-14T00:00:00Z,daily,128.3325,128.3325,128.3325,128.3325,,128.3325,factor_candle,FRED CSV Gateway mirror,learning_only_mirror
DTWEXBGS,2022-10-17,2022-10-17T00:00:00Z,daily,127.6448,127.6448,127.6448,127.6448,,127.6448,factor_candle,FRED CSV Gateway mirror,learning_only_mirror
DTWEXBGS,2022-10-18,2022-10-18T00:00:00Z,daily,127.9153,127.9153,127.9153,127.9153,,127.9153,factor_candle,FRED CSV Gateway mirror,learning_only_mirror
DTWEXBGS,2022-10-19,2022-10-19T00:00:00Z,daily,128.3968,128.3968,128.3968,128.3968,,128.3968,factor_candle,FRED CSV Gateway mirror,learning_only_mirror
DTWEXBGS,2022-10-20,2022-10-20T00:00:00Z,daily,128.0052,128.0052,128.0052,128.0052,,128.0052,factor_candle,FRED CSV Gateway mirror,learning_only_mirror
DTWEXBGS,2022-10-21,2022-10-21T00:00:00Z,daily,127.6735,127.6735,127.6735,127.6735,,127.6735,factor_candle,FRED CSV Gateway mirror,learning_only_mirror
DTWEXBGS,2022-10-24,2022-10-24T00:00:00Z,daily,128.0304,128.0304,128.0304,128.0304,,128.0304,factor_candle,FRED CSV Gateway mirror,learning_only_mirror
DTWEXBGS,2022-10-25,2022-10-25T00:00:00Z,daily,127.3771,127.3771,127.3771,127.3771,,127.3771,factor_candle,FRED CSV Gateway mirror,learning_only_mirror
DTWEXBGS,2022-10-26,2022-10-26T00:00:00Z,daily,126.4723,126.4723,126.4723,126.4723,,126.4723,factor_candle,FRED CSV Gateway mirror,learning_only_mirror
DTWEXBGS,2022-10-27,2022-10-27T00:00:00Z,daily,126.7028,126.7028,126.7028,126.7028,,126.7028,factor_candle,FRED CSV Gateway mirror,learning_only_mirror
DTWEXBGS,2022-10-28,2022-10-28T00:00:00Z,daily,127.2135,127.2135,127.2135,127.2135,,127.2135,factor_candle,FRED CSV Gateway mirror,learning_only_mirror
DTWEXBGS,2022-10-31,2022-10-31T00:00:00Z,daily,127.6219,127.6219,127.6219,127.6219,,127.6219,factor_candle,FRED CSV Gateway mirror,learning_only_mirror
DTWEXBGS,2022-11-01,2022-11-01T00:00:00Z,daily,127.3987,127.3987,127.3987,127.3987,,127.3987,factor_candle,FRED CSV Gateway mirror,learning_only_mirror
DTWEXBGS,2022-11-02,2022-11-02T00:00:00Z,daily,127.3115,127.3115,127.3115,127.3115,,127.3115,factor_candle,FRED CSV Gateway mirror,learning_only_mirror
DTWEXBGS,2022-11-03,2022-11-03T00:00:00Z,daily,128.1743,128.1743,128.1743,128.1743,,128.1743,factor_candle,FRED CSV Gateway mirror,learning_only_mirror
DTWEXBGS,2022-11-04,2022-11-04T00:00:00Z,daily,127.1468,127.1468,127.1468,127.1468,,127.1468,factor_candle,FRED CSV Gateway mirror,learning_only_mirror
DTWEXBGS,2022-11-07,2022-11-07T00:00:00Z,daily,126.3062,126.3062,126.3062,126.3062,,126.3062,factor_candle,FRED CSV Gateway mirror,learning_only_mirror
DTWEXBGS,2022-11-08,2022-11-08T00:00:00Z,daily,125.633,125.633,125.633,125.633,,125.633,factor_candle,FRED CSV Gateway mirror,learning_only_mirror
DTWEXBGS,2022-11-09,2022-11-09T00:00:00Z,daily,125.9861,125.9861,125.9861,125.9861,,125.9861,factor_candle,FRED CSV Gateway mirror,learning_only_mirror
DTWEXBGS,2022-11-10,2022-11-10T00:00:00Z,daily,124.7044,124.7044,124.7044,124.7044,,124.7044,factor_candle,FRED CSV Gateway mirror,learning_only_mirror
DTWEXBGS,2022-11-14,2022-11-14T00:00:00Z,daily,123.4277,123.4277,123.4277,123.4277,,123.4277,factor_candle,FRED CSV Gateway mirror,learning_only_mirror
DTWEXBGS,2022-11-15,2022-11-15T00:00:00Z,daily,123.039,123.039,123.039,123.039,,123.039,factor_candle,FRED CSV Gateway mirror,learning_only_mirror
DTWEXBGS,2022-11-16,2022-11-16T00:00:00Z,daily,123.2817,123.2817,123.2817,123.2817,,123.2817,factor_candle,FRED CSV Gateway mirror,learning_only_mirror
DTWEXBGS,2022-11-17,2022-11-17T00:00:00Z,daily,123.977,123.977,123.977,123.977,,123.977,factor_candle,FRED CSV Gateway mirror,learning_only_mirror
DTWEXBGS,2022-11-18,2022-11-18T00:00:00Z,daily,123.8524,123.8524,123.8524,123.8524,,123.8524,factor_candle,FRED CSV Gateway mirror,learning_only_mirror
DTWEXBGS,2022-11-21,2022-11-21T00:00:00Z,daily,124.7009,124.7009,124.7009,124.7009,,124.7009,factor_candle,FRED CSV Gateway mirror,learning_only_mirror
DTWEXBGS,2022-11-22,2022-11-22T00:00:00Z,daily,124.2365,124.2365,124.2365,124.2365,,124.2365,factor_candle,FRED CSV Gateway mirror,learning_only_mirror
DTWEXBGS,2022-11-23,2022-11-23T00:00:00Z,daily,123.7574,123.7574,123.7574,123.7574,,123.7574,factor_candle,FRED CSV Gateway mirror,learning_only_mirror
DTWEXBGS,2022-11-25,2022-11-25T00:00:00Z,daily,123.3386,123.3386,123.3386,123.3386,,123.3386,factor_candle,FRED CSV Gateway mirror,learning_only_mirror
DTWEXBGS,2022-11-28,2022-11-28T00:00:00Z,daily,123.6032,123.6032,123.6032,123.6032,,123.6032,factor_candle,FRED CSV Gateway mirror,learning_only_mirror
DTWEXBGS,2022-11-29,2022-11-29T00:00:00Z,daily,123.6615,123.6615,123.6615,123.6615,,123.6615,factor_candle,FRED CSV Gateway mirror,learning_only_mirror
DTWEXBGS,2022-11-30,2022-11-30T00:00:00Z,daily,123.5175,123.5175,123.5175,123.5175,,123.5175,factor_candle,FRED CSV Gateway mirror,learning_only_mirror
DTWEXBGS,2022-12-01,2022-12-01T00:00:00Z,daily,122.0045,122.0045,122.0045,122.0045,,122.0045,factor_candle,FRED CSV Gateway mirror,learning_only_mirror
DTWEXBGS,2022-12-02,2022-12-02T00:00:00Z,daily,122.0102,122.0102,122.0102,122.0102,,122.0102,factor_candle,FRED CSV Gateway mirror,learning_only_mirror
DTWEXBGS,2022-12-05,2022-12-05T00:00:00Z,daily,122.6384,122.6384,122.6384,122.6384,,122.6384,factor_candle,FRED CSV Gateway mirror,learning_only_mirror
DTWEXBGS,2022-12-06,2022-12-06T00:00:00Z,daily,123.0191,123.0191,123.0191,123.0191,,123.0191,factor_candle,FRED CSV Gateway mirror,learning_only_mirror
DTWEXBGS,2022-12-07,2022-12-07T00:00:00Z,daily,122.7608,122.7608,122.7608,122.7608,,122.7608,factor_candle,FRED CSV Gateway mirror,learning_only_mirror
DTWEXBGS,2022-12-08,2022-12-08T00:00:00Z,daily,122.4152,122.4152,122.4152,122.4152,,122.4152,factor_candle,FRED CSV Gateway mirror,learning_only_mirror
DTWEXBGS,2022-12-09,2022-12-09T00:00:00Z,daily,122.4201,122.4201,122.4201,122.4201,,122.4201,factor_candle,FRED CSV Gateway mirror,learning_only_mirror
DTWEXBGS,2022-12-12,2022-12-12T00:00:00Z,daily,122.7714,122.7714,122.7714,122.7714,,122.7714,factor_candle,FRED CSV Gateway mirror,learning_only_mirror
DTWEXBGS,2022-12-13,2022-12-13T00:00:00Z,daily,121.8493,121.8493,121.8493,121.8493,,121.8493,factor_candle,FRED CSV Gateway mirror,learning_only_mirror
DTWEXBGS,2022-12-14,2022-12-14T00:00:00Z,daily,121.8226,121.8226,121.8226,121.8226,,121.8226,factor_candle,FRED CSV Gateway mirror,learning_only_mirror
DTWEXBGS,2022-12-15,2022-12-15T00:00:00Z,daily,122.5519,122.5519,122.5519,122.5519,,122.5519,factor_candle,FRED CSV Gateway mirror,learning_only_mirror
DTWEXBGS,2022-12-16,2022-12-16T00:00:00Z,daily,122.6505,122.6505,122.6505,122.6505,,122.6505,factor_candle,FRED CSV Gateway mirror,learning_only_mirror
DTWEXBGS,2022-12-19,2022-12-19T00:00:00Z,daily,122.5275,122.5275,122.5275,122.5275,,122.5275,factor_candle,FRED CSV Gateway mirror,learning_only_mirror
DTWEXBGS,2022-12-20,2022-12-20T00:00:00Z,daily,122.1357,122.1357,122.1357,122.1357,,122.1357,factor_candle,FRED CSV Gateway mirror,learning_only_mirror
DTWEXBGS,2022-12-21,2022-12-21T00:00:00Z,daily,122.2828,122.2828,122.2828,122.2828,,122.2828,factor_candle,FRED CSV Gateway mirror,learning_only_mirror
DTWEXBGS,2022-12-22,2022-12-22T00:00:00Z,daily,122.2419,122.2419,122.2419,122.2419,,122.2419,factor_candle,FRED CSV Gateway mirror,learning_only_mirror
DTWEXBGS,2022-12-23,2022-12-23T00:00:00Z,daily,121.9743,121.9743,121.9743,121.9743,,121.9743,factor_candle,FRED CSV Gateway mirror,learning_only_mirror
DTWEXBGS,2022-12-27,2022-12-27T00:00:00Z,daily,121.7539,121.7539,121.7539,121.7539,,121.7539,factor_candle,FRED CSV Gateway mirror,learning_only_mirror
DTWEXBGS,2022-12-28,2022-12-28T00:00:00Z,daily,122.0075,122.0075,122.0075,122.0075,,122.0075,factor_candle,FRED CSV Gateway mirror,learning_only_mirror
DTWEXBGS,2022-12-29,2022-12-29T00:00:00Z,daily,121.6577,121.6577,121.6577,121.6577,,121.6577,factor_candle,FRED CSV Gateway mirror,learning_only_mirror
DTWEXBGS,2022-12-30,2022-12-30T00:00:00Z,daily,121.4256,121.4256,121.4256,121.4256,,121.4256,factor_candle,FRED CSV Gateway mirror,learning_only_mirror
DTWEXBGS,2023-01-03,2023-01-03T00:00:00Z,daily,122.0905,122.0905,122.0905,122.0905,,122.0905,factor_candle,FRED CSV Gateway mirror,learning_only_mirror
DTWEXBGS,2023-01-04,2023-01-04T00:00:00Z,daily,121.5008,121.5008,121.5008,121.5008,,121.5008,factor_candle,FRED CSV Gateway mirror,learning_only_mirror
DTWEXBGS,2023-01-05,2023-01-05T00:00:00Z,daily,122.1017,122.1017,122.1017,122.1017,,122.1017,factor_candle,FRED CSV Gateway mirror,learning_only_mirror
DTWEXBGS,2023-01-06,2023-01-06T00:00:00Z,daily,121.0852,121.0852,121.0852,121.0852,,121.0852,factor_candle,FRED CSV Gateway mirror,learning_only_mirror
DTWEXBGS,2023-01-09,2023-01-09T00:00:00Z,daily,120.1508,120.1508,120.1508,120.1508,,120.1508,factor_candle,FRED CSV Gateway mirror,learning_only_mirror
DTWEXBGS,2023-01-10,2023-01-10T00:00:00Z,daily,120.2483,120.2483,120.2483,120.2483,,120.2483,factor_candle,FRED CSV Gateway mirror,learning_only_mirror
DTWEXBGS,2023-01-11,2023-01-11T00:00:00Z,daily,120.1614,120.1614,120.1614,120.1614,,120.1614,factor_candle,FRED CSV Gateway mirror,learning_only_mirror
DTWEXBGS,2023-01-12,2023-01-12T00:00:00Z,daily,119.4218,119.4218,119.4218,119.4218,,119.4218,factor_candle,FRED CSV Gateway mirror,learning_only_mirror
DTWEXBGS,2023-01-13,2023-01-13T00:00:00Z,daily,119.1673,119.1673,119.1673,119.1673,,119.1673,factor_candle,FRED CSV Gateway mirror,learning_only_mirror
DTWEXBGS,2023-01-17,2023-01-17T00:00:00Z,daily,119.2121,119.2121,119.2121,119.2121,,119.2121,factor_candle,FRED CSV Gateway mirror,learning_only_mirror
DTWEXBGS,2023-01-18,2023-01-18T00:00:00Z,daily,119.0755,119.0755,119.0755,119.0755,,119.0755,factor_candle,FRED CSV Gateway mirror,learning_only_mirror
DTWEXBGS,2023-01-19,2023-01-19T00:00:00Z,daily,119.6107,119.6107,119.6107,119.6107,,119.6107,factor_candle,FRED CSV Gateway mirror,learning_only_mirror
DTWEXBGS,2023-01-20,2023-01-20T00:00:00Z,daily,119.3486,119.3486,119.3486,119.3486,,119.3486,factor_candle,FRED CSV Gateway mirror,learning_only_mirror
DTWEXBGS,2023-01-23,2023-01-23T00:00:00Z,daily,119.1434,119.1434,119.1434,119.1434,,119.1434,factor_candle,FRED CSV Gateway mirror,learning_only_mirror
DTWEXBGS,2023-01-24,2023-01-24T00:00:00Z,daily,119.0958,119.0958,119.0958,119.0958,,119.0958,factor_candle,FRED CSV Gateway mirror,learning_only_mirror
DTWEXBGS,2023-01-25,2023-01-25T00:00:00Z,daily,118.9686,118.9686,118.9686,118.9686,,118.9686,factor_candle,FRED CSV Gateway mirror,learning_only_mirror
DTWEXBGS,2023-01-26,2023-01-26T00:00:00Z,daily,119.021,119.021,119.021,119.021,,119.021,factor_candle,FRED CSV Gateway mirror,learning_only_mirror
DTWEXBGS,2023-01-27,2023-01-27T00:00:00Z,daily,118.9223,118.9223,118.9223,118.9223,,118.9223,factor_candle,FRED CSV Gateway mirror,learning_only_mirror
DTWEXBGS,2023-01-30,2023-01-30T00:00:00Z,daily,118.8953,118.8953,118.8953,118.8953,,118.8953,factor_candle,FRED CSV Gateway mirror,learning_only_mirror
DTWEXBGS,2023-01-31,2023-01-31T00:00:00Z,daily,118.9802,118.9802,118.9802,118.9802,,118.9802,factor_candle,FRED CSV Gateway mirror,learning_only_mirror
DTWEXBGS,2023-02-01,2023-02-01T00:00:00Z,daily,118.6259,118.6259,118.6259,118.6259,,118.6259,factor_candle,FRED CSV Gateway mirror,learning_only_mirror
DTWEXBGS,2023-02-02,2023-02-02T00:00:00Z,daily,118.3421,118.3421,118.3421,118.3421,,118.3421,factor_candle,FRED CSV Gateway mirror,learning_only_mirror
DTWEXBGS,2023-02-03,2023-02-03T00:00:00Z,daily,119.5095,119.5095,119.5095,119.5095,,119.5095,factor_candle,FRED CSV Gateway mirror,learning_only_mirror
DTWEXBGS,2023-02-06,2023-02-06T00:00:00Z,daily,120.541,120.541,120.541,120.541,,120.541,factor_candle,FRED CSV Gateway mirror,learning_only_mirror
DTWEXBGS,2023-02-07,2023-02-07T00:00:00Z,daily,120.3475,120.3475,120.3475,120.3475,,120.3475,factor_candle,FRED CSV Gateway mirror,learning_only_mirror
DTWEXBGS,2023-02-08,2023-02-08T00:00:00Z,daily,120.1436,120.1436,120.1436,120.1436,,120.1436,factor_candle,FRED CSV Gateway mirror,learning_only_mirror
DTWEXBGS,2023-02-09,2023-02-09T00:00:00Z,daily,119.9781,119.9781,119.9781,119.9781,,119.9781,factor_candle,FRED CSV Gateway mirror,learning_only_mirror
DTWEXBGS,2023-02-10,2023-02-10T00:00:00Z,daily,120.1419,120.1419,120.1419,120.1419,,120.1419,factor_candle,FRED CSV Gateway mirror,learning_only_mirror
DTWEXBGS,2023-02-13,2023-02-13T00:00:00Z,daily,119.9828,119.9828,119.9828,119.9828,,119.9828,factor_candle,FRED CSV Gateway mirror,learning_only_mirror
DTWEXBGS,2023-02-14,2023-02-14T00:00:00Z,daily,119.9229,119.9229,119.9229,119.9229,,119.9229,factor_candle,FRED CSV Gateway mirror,learning_only_mirror
DTWEXBGS,2023-02-15,2023-02-15T00:00:00Z,daily,120.4557,120.4557,120.4557,120.4557,,120.4557,factor_candle,FRED CSV Gateway mirror,learning_only_mirror
DTWEXBGS,2023-02-16,2023-02-16T00:00:00Z,daily,120.4651,120.4651,120.4651,120.4651,,120.4651,factor_candle,FRED CSV Gateway mirror,learning_only_mirror
DTWEXBGS,2023-02-17,2023-02-17T00:00:00Z,daily,120.5526,120.5526,120.5526,120.5526,,120.5526,factor_candle,FRED CSV Gateway mirror,learning_only_mirror
DTWEXBGS,2023-02-21,2023-02-21T00:00:00Z,daily,120.6256,120.6256,120.6256,120.6256,,120.6256,factor_candle,FRED CSV Gateway mirror,learning_only_mirror
DTWEXBGS,2023-02-22,2023-02-22T00:00:00Z,daily,120.8389,120.8389,120.8389,120.8389,,120.8389,factor_candle,FRED CSV Gateway mirror,learning_only_mirror
DTWEXBGS,2023-02-23,2023-02-23T00:00:00Z,daily,121.0896,121.0896,121.0896,121.0896,,121.0896,factor_candle,FRED CSV Gateway mirror,learning_only_mirror
DTWEXBGS,2023-02-24,2023-02-24T00:00:00Z,daily,121.5681,121.5681,121.5681,121.5681,,121.5681,factor_candle,FRED CSV Gateway mirror,learning_only_mirror
DTWEXBGS,2023-02-27,2023-02-27T00:00:00Z,daily,121.3941,121.3941,121.3941,121.3941,,121.3941,factor_candle,FRED CSV Gateway mirror,learning_only_mirror
DTWEXBGS,2023-02-28,2023-02-28T00:00:00Z,daily,121.3341,121.3341,121.3341,121.3341,,121.3341,factor_candle,FRED CSV Gateway mirror,learning_only_mirror
DTWEXBGS,2023-03-01,2023-03-01T00:00:00Z,daily,120.6347,120.6347,120.6347,120.6347,,120.6347,factor_candle,FRED CSV Gateway mirror,learning_only_mirror
DTWEXBGS,2023-03-02,2023-03-02T00:00:00Z,daily,121.1302,121.1302,121.1302,121.1302,,121.1302,factor_candle,FRED CSV Gateway mirror,learning_only_mirror
DTWEXBGS,2023-03-03,2023-03-03T00:00:00Z,daily,120.7742,120.7742,120.7742,120.7742,,120.7742,factor_candle,FRED CSV Gateway mirror,learning_only_mirror
DTWEXBGS,2023-03-06,2023-03-06T00:00:00Z,daily,120.485,120.485,120.485,120.485,,120.485,factor_candle,FRED CSV Gateway mirror,learning_only_mirror
DTWEXBGS,2023-03-07,2023-03-07T00:00:00Z,daily,121.4623,121.4623,121.4623,121.4623,,121.4623,factor_candle,FRED CSV Gateway mirror,learning_only_mirror
DTWEXBGS,2023-03-08,2023-03-08T00:00:00Z,daily,121.4511,121.4511,121.4511,121.4511,,121.4511,factor_candle,FRED CSV Gateway mirror,learning_only_mirror
DTWEXBGS,2023-03-09,2023-03-09T00:00:00Z,daily,121.4458,121.4458,121.4458,121.4458,,121.4458,factor_candle,FRED CSV Gateway mirror,learning_only_mirror
DTWEXBGS,2023-03-10,2023-03-10T00:00:00Z,daily,121.2421,121.2421,121.2421,121.2421,,121.2421,factor_candle,FRED CSV Gateway mirror,learning_only_mirror
DTWEXBGS,2023-03-13,2023-03-13T00:00:00Z,daily,120.8897,120.8897,120.8897,120.8897,,120.8897,factor_candle,FRED CSV Gateway mirror,learning_only_mirror
DTWEXBGS,2023-03-14,2023-03-14T00:00:00Z,daily,121.0141,121.0141,121.0141,121.0141,,121.0141,factor_candle,FRED CSV Gateway mirror,learning_only_mirror
DTWEXBGS,2023-03-15,2023-03-15T00:00:00Z,daily,122.1079,122.1079,122.1079,122.1079,,122.1079,factor_candle,FRED CSV Gateway mirror,learning_only_mirror
DTWEXBGS,2023-03-16,2023-03-16T00:00:00Z,daily,121.7221,121.7221,121.7221,121.7221,,121.7221,factor_candle,FRED CSV Gateway mirror,learning_only_mirror
DTWEXBGS,2023-03-17,2023-03-17T00:00:00Z,daily,121.5643,121.5643,121.5643,121.5643,,121.5643,factor_candle,FRED CSV Gateway mirror,learning_only_mirror
DTWEXBGS,2023-03-20,2023-03-20T00:00:00Z,daily,121.0141,121.0141,121.0141,121.0141,,121.0141,factor_candle,FRED CSV Gateway mirror,learning_only_mirror
DTWEXBGS,2023-03-21,2023-03-21T00:00:00Z,daily,120.8958,120.8958,120.8958,120.8958,,120.8958,factor_candle,FRED CSV Gateway mirror,learning_only_mirror
DTWEXBGS,2023-03-22,2023-03-22T00:00:00Z,daily,120.6217,120.6217,120.6217,120.6217,,120.6217,factor_candle,FRED CSV Gateway mirror,learning_only_mirror
DTWEXBGS,2023-03-23,2023-03-23T00:00:00Z,daily,119.7587,119.7587,119.7587,119.7587,,119.7587,factor_candle,FRED CSV Gateway mirror,learning_only_mirror
DTWEXBGS,2023-03-24,2023-03-24T00:00:00Z,daily,120.4598,120.4598,120.4598,120.4598,,120.4598,factor_candle,FRED CSV Gateway mirror,learning_only_mirror
DTWEXBGS,2023-03-27,2023-03-27T00:00:00Z,daily,120.2541,120.2541,120.2541,120.2541,,120.2541,factor_candle,FRED CSV Gateway mirror,learning_only_mirror
DTWEXBGS,2023-03-28,2023-03-28T00:00:00Z,daily,119.7138,119.7138,119.7138,119.7138,,119.7138,factor_candle,FRED CSV Gateway mirror,learning_only_mirror
DTWEXBGS,2023-03-29,2023-03-29T00:00:00Z,daily,119.7258,119.7258,119.7258,119.7258,,119.7258,factor_candle,FRED CSV Gateway mirror,learning_only_mirror
DTWEXBGS,2023-03-30,2023-03-30T00:00:00Z,daily,119.4078,119.4078,119.4078,119.4078,,119.4078,factor_candle,FRED CSV Gateway mirror,learning_only_mirror
DTWEXBGS,2023-03-31,2023-03-31T00:00:00Z,daily,119.3602,119.3602,119.3602,119.3602,,119.3602,factor_candle,FRED CSV Gateway mirror,learning_only_mirror
DTWEXBGS,2023-04-03,2023-04-03T00:00:00Z,daily,119.3204,119.3204,119.3204,119.3204,,119.3204,factor_candle,FRED CSV Gateway mirror,learning_only_mirror
DTWEXBGS,2023-04-04,2023-04-04T00:00:00Z,daily,119.142,119.142,119.142,119.142,,119.142,factor_candle,FRED CSV Gateway mirror,learning_only_mirror
DTWEXBGS,2023-04-05,2023-04-05T00:00:00Z,daily,119.2953,119.2953,119.2953,119.2953,,119.2953,factor_candle,FRED CSV Gateway mirror,learning_only_mirror
DTWEXBGS,2023-04-06,2023-04-06T00:00:00Z,daily,119.3072,119.3072,119.3072,119.3072,,119.3072,factor_candle,FRED CSV Gateway mirror,learning_only_mirror
DTWEXBGS,2023-04-07,2023-04-07T00:00:00Z,daily,119.3547,119.3547,119.3547,119.3547,,119.3547,factor_candle,FRED CSV Gateway mirror,learning_only_mirror
DTWEXBGS,2023-04-10,2023-04-10T00:00:00Z,daily,119.7948,119.7948,119.7948,119.7948,,119.7948,factor_candle,FRED CSV Gateway mirror,learning_only_mirror
DTWEXBGS,2023-04-11,2023-04-11T00:00:00Z,daily,119.5248,119.5248,119.5248,119.5248,,119.5248,factor_candle,FRED CSV Gateway mirror,learning_only_mirror
DTWEXBGS,2023-04-12,2023-04-12T00:00:00Z,daily,119.003,119.003,119.003,119.003,,119.003,factor_candle,FRED CSV Gateway mirror,learning_only_mirror
DTWEXBGS,2023-04-13,2023-04-13T00:00:00Z,daily,118.3915,118.3915,118.3915,118.3915,,118.3915,factor_candle,FRED CSV Gateway mirror,learning_only_mirror
DTWEXBGS,2023-04-14,2023-04-14T00:00:00Z,daily,118.8567,118.8567,118.8567,118.8567,,118.8567,factor_candle,FRED CSV Gateway mirror,learning_only_mirror
DTWEXBGS,2023-04-17,2023-04-17T00:00:00Z,daily,119.2787,119.2787,119.2787,119.2787,,119.2787,factor_candle,FRED CSV Gateway mirror,learning_only_mirror
DTWEXBGS,2023-04-18,2023-04-18T00:00:00Z,daily,119.1049,119.1049,119.1049,119.1049,,119.1049,factor_candle,FRED CSV Gateway mirror,learning_only_mirror
DTWEXBGS,2023-04-19,2023-04-19T00:00:00Z,daily,119.303,119.303,119.303,119.303,,119.303,factor_candle,FRED CSV Gateway mirror,learning_only_mirror
DTWEXBGS,2023-04-20,2023-04-20T00:00:00Z,daily,119.1199,119.1199,119.1199,119.1199,,119.1199,factor_candle,FRED CSV Gateway mirror,learning_only_mirror
DTWEXBGS,2023-04-21,2023-04-21T00:00:00Z,daily,119.3117,119.3117,119.3117,119.3117,,119.3117,factor_candle,FRED CSV Gateway mirror,learning_only_mirror
DTWEXBGS,2023-04-24,2023-04-24T00:00:00Z,daily,119.2039,119.2039,119.2039,119.2039,,119.2039,factor_candle,FRED CSV Gateway mirror,learning_only_mirror
DTWEXBGS,2023-04-25,2023-04-25T00:00:00Z,daily,119.613,119.613,119.613,119.613,,119.613,factor_candle,FRED CSV Gateway mirror,learning_only_mirror
DTWEXBGS,2023-04-26,2023-04-26T00:00:00Z,daily,119.3228,119.3228,119.3228,119.3228,,119.3228,factor_candle,FRED CSV Gateway mirror,learning_only_mirror
DTWEXBGS,2023-04-27,2023-04-27T00:00:00Z,daily,119.4298,119.4298,119.4298,119.4298,,119.4298,factor_candle,FRED CSV Gateway mirror,learning_only_mirror
DTWEXBGS,2023-04-28,2023-04-28T00:00:00Z,daily,119.2248,119.2248,119.2248,119.2248,,119.2248,factor_candle,FRED CSV Gateway mirror,learning_only_mirror
DTWEXBGS,2023-05-01,2023-05-01T00:00:00Z,daily,119.4435,119.4435,119.4435,119.4435,,119.4435,factor_candle,FRED CSV Gateway mirror,learning_only_mirror
DTWEXBGS,2023-05-02,2023-05-02T00:00:00Z,daily,119.6105,119.6105,119.6105,119.6105,,119.6105,factor_candle,FRED CSV Gateway mirror,learning_only_mirror
DTWEXBGS,2023-05-03,2023-05-03T00:00:00Z,daily,119.1233,119.1233,119.1233,119.1233,,119.1233,factor_candle,FRED CSV Gateway mirror,learning_only_mirror
DTWEXBGS,2023-05-04,2023-05-04T00:00:00Z,daily,119.0465,119.0465,119.0465,119.0465,,119.0465,factor_candle,FRED CSV Gateway mirror,learning_only_mirror
DTWEXBGS,2023-05-05,2023-05-05T00:00:00Z,daily,118.5548,118.5548,118.5548,118.5548,,118.5548,factor_candle,FRED CSV Gateway mirror,learning_only_mirror
DTWEXBGS,2023-05-08,2023-05-08T00:00:00Z,daily,118.5759,118.5759,118.5759,118.5759,,118.5759,factor_candle,FRED CSV Gateway mirror,learning_only_mirror
DTWEXBGS,2023-05-09,2023-05-09T00:00:00Z,daily,118.8239,118.8239,118.8239,118.8239,,118.8239,factor_candle,FRED CSV Gateway mirror,learning_only_mirror
DTWEXBGS,2023-05-10,2023-05-10T00:00:00Z,daily,118.5864,118.5864,118.5864,118.5864,,118.5864,factor_candle,FRED CSV Gateway mirror,learning_only_mirror
DTWEXBGS,2023-05-11,2023-05-11T00:00:00Z,daily,119.0303,119.0303,119.0303,119.0303,,119.0303,factor_candle,FRED CSV Gateway mirror,learning_only_mirror
DTWEXBGS,2023-05-12,2023-05-12T00:00:00Z,daily,119.3671,119.3671,119.3671,119.3671,,119.3671,factor_candle,FRED CSV Gateway mirror,learning_only_mirror
DTWEXBGS,2023-05-15,2023-05-15T00:00:00Z,daily,119.1608,119.1608,119.1608,119.1608,,119.1608,factor_candle,FRED CSV Gateway mirror,learning_only_mirror
DTWEXBGS,2023-05-16,2023-05-16T00:00:00Z,daily,119.1743,119.1743,119.1743,119.1743,,119.1743,factor_candle,FRED CSV Gateway mirror,learning_only_mirror
DTWEXBGS,2023-05-17,2023-05-17T00:00:00Z,daily,119.607,119.607,119.607,119.607,,119.607,factor_candle,FRED CSV Gateway mirror,learning_only_mirror
DTWEXBGS,2023-05-18,2023-05-18T00:00:00Z,daily,120.0886,120.0886,120.0886,120.0886,,120.0886,factor_candle,FRED CSV Gateway mirror,learning_only_mirror
DTWEXBGS,2023-05-19,2023-05-19T00:00:00Z,daily,119.7751,119.7751,119.7751,119.7751,,119.7751,factor_candle,FRED CSV Gateway mirror,learning_only_mirror
DTWEXBGS,2023-05-22,2023-05-22T00:00:00Z,daily,120.0875,120.0875,120.0875,120.0875,,120.0875,factor_candle,FRED CSV Gateway mirror,learning_only_mirror
DTWEXBGS,2023-05-23,2023-05-23T00:00:00Z,daily,120.3204,120.3204,120.3204,120.3204,,120.3204,factor_candle,FRED CSV Gateway mirror,learning_only_mirror
DTWEXBGS,2023-05-24,2023-05-24T00:00:00Z,daily,120.4752,120.4752,120.4752,120.4752,,120.4752,factor_candle,FRED CSV Gateway mirror,learning_only_mirror
DTWEXBGS,2023-05-25,2023-05-25T00:00:00Z,daily,120.8413,120.8413,120.8413,120.8413,,120.8413,factor_candle,FRED CSV Gateway mirror,learning_only_mirror
DTWEXBGS,2023-05-26,2023-05-26T00:00:00Z,daily,120.6304,120.6304,120.6304,120.6304,,120.6304,factor_candle,FRED CSV Gateway mirror,learning_only_mirror
DTWEXBGS,2023-05-30,2023-05-30T00:00:00Z,daily,120.5546,120.5546,120.5546,120.5546,,120.5546,factor_candle,FRED CSV Gateway mirror,learning_only_mirror
DTWEXBGS,2023-05-31,2023-05-31T00:00:00Z,daily,120.9662,120.9662,120.9662,120.9662,,120.9662,factor_candle,FRED CSV Gateway mirror,learning_only_mirror
DTWEXBGS,2023-06-01,2023-06-01T00:00:00Z,daily,120.0491,120.0491,120.0491,120.0491,,120.0491,factor_candle,FRED CSV Gateway mirror,learning_only_mirror
DTWEXBGS,2023-06-02,2023-06-02T00:00:00Z,daily,120.0049,120.0049,120.0049,120.0049,,120.0049,factor_candle,FRED CSV Gateway mirror,learning_only_mirror
DTWEXBGS,2023-06-05,2023-06-05T00:00:00Z,daily,120.0048,120.0048,120.0048,120.0048,,120.0048,factor_candle,FRED CSV Gateway mirror,learning_only_mirror
DTWEXBGS,2023-06-06,2023-06-06T00:00:00Z,daily,119.9718,119.9718,119.9718,119.9718,,119.9718,factor_candle,FRED CSV Gateway mirror,learning_only_mirror
DTWEXBGS,2023-06-07,2023-06-07T00:00:00Z,daily,119.859,119.859,119.859,119.859,,119.859,factor_candle,FRED CSV Gateway mirror,learning_only_mirror
DTWEXBGS,2023-06-08,2023-06-08T00:00:00Z,daily,119.5712,119.5712,119.5712,119.5712,,119.5712,factor_candle,FRED CSV Gateway mirror,learning_only_mirror
DTWEXBGS,2023-06-09,2023-06-09T00:00:00Z,daily,119.4322,119.4322,119.4322,119.4322,,119.4322,factor_candle,FRED CSV Gateway mirror,learning_only_mirror
DTWEXBGS,2023-06-12,2023-06-12T00:00:00Z,daily,119.6376,119.6376,119.6376,119.6376,,119.6376,factor_candle,FRED CSV Gateway mirror,learning_only_mirror
DTWEXBGS,2023-06-13,2023-06-13T00:00:00Z,daily,119.1899,119.1899,119.1899,119.1899,,119.1899,factor_candle,FRED CSV Gateway mirror,learning_only_mirror
DTWEXBGS,2023-06-14,2023-06-14T00:00:00Z,daily,118.776,118.776,118.776,118.776,,118.776,factor_candle,FRED CSV Gateway mirror,learning_only_mirror
DTWEXBGS,2023-06-15,2023-06-15T00:00:00Z,daily,118.5521,118.5521,118.5521,118.5521,,118.5521,factor_candle,FRED CSV Gateway mirror,learning_only_mirror
DTWEXBGS,2023-06-16,2023-06-16T00:00:00Z,daily,118.4184,118.4184,118.4184,118.4184,,118.4184,factor_candle,FRED CSV Gateway mirror,learning_only_mirror
DTWEXBGS,2023-06-20,2023-06-20T00:00:00Z,daily,118.938,118.938,118.938,118.938,,118.938,factor_candle,FRED CSV Gateway mirror,learning_only_mirror
DTWEXBGS,2023-06-21,2023-06-21T00:00:00Z,daily,118.727,118.727,118.727,118.727,,118.727,factor_candle,FRED CSV Gateway mirror,learning_only_mirror
DTWEXBGS,2023-06-22,2023-06-22T00:00:00Z,daily,118.7552,118.7552,118.7552,118.7552,,118.7552,factor_candle,FRED CSV Gateway mirror,learning_only_mirror
DTWEXBGS,2023-06-23,2023-06-23T00:00:00Z,daily,119.152,119.152,119.152,119.152,,119.152,factor_candle,FRED CSV Gateway mirror,learning_only_mirror
DTWEXBGS,2023-06-26,2023-06-26T00:00:00Z,daily,119.0761,119.0761,119.0761,119.0761,,119.0761,factor_candle,FRED CSV Gateway mirror,learning_only_mirror
DTWEXBGS,2023-06-27,2023-06-27T00:00:00Z,daily,118.8949,118.8949,118.8949,118.8949,,118.8949,factor_candle,FRED CSV Gateway mirror,learning_only_mirror
DTWEXBGS,2023-06-28,2023-06-28T00:00:00Z,daily,119.3382,119.3382,119.3382,119.3382,,119.3382,factor_candle,FRED CSV Gateway mirror,learning_only_mirror
DTWEXBGS,2023-06-29,2023-06-29T00:00:00Z,daily,119.527,119.527,119.527,119.527,,119.527,factor_candle,FRED CSV Gateway mirror,learning_only_mirror
DTWEXBGS,2023-06-30,2023-06-30T00:00:00Z,daily,119.3606,119.3606,119.3606,119.3606,,119.3606,factor_candle,FRED CSV Gateway mirror,learning_only_mirror
DTWEXBGS,2023-07-03,2023-07-03T00:00:00Z,daily,119.2119,119.2119,119.2119,119.2119,,119.2119,factor_candle,FRED CSV Gateway mirror,learning_only_mirror
DTWEXBGS,2023-07-05,2023-07-05T00:00:00Z,daily,119.3483,119.3483,119.3483,119.3483,,119.3483,factor_candle,FRED CSV Gateway mirror,learning_only_mirror
DTWEXBGS,2023-07-06,2023-07-06T00:00:00Z,daily,119.8193,119.8193,119.8193,119.8193,,119.8193,factor_candle,FRED CSV Gateway mirror,learning_only_mirror
DTWEXBGS,2023-07-07,2023-07-07T00:00:00Z,daily,119.0761,119.0761,119.0761,119.0761,,119.0761,factor_candle,FRED CSV Gateway mirror,learning_only_mirror
DTWEXBGS,2023-07-10,2023-07-10T00:00:00Z,daily,118.9548,118.9548,118.9548,118.9548,,118.9548,factor_candle,FRED CSV Gateway mirror,learning_only_mirror
DTWEXBGS,2023-07-11,2023-07-11T00:00:00Z,daily,118.7344,118.7344,118.7344,118.7344,,118.7344,factor_candle,FRED CSV Gateway mirror,learning_only_mirror
DTWEXBGS,2023-07-12,2023-07-12T00:00:00Z,daily,117.6385,117.6385,117.6385,117.6385,,117.6385,factor_candle,FRED CSV Gateway mirror,learning_only_mirror
DTWEXBGS,2023-07-13,2023-07-13T00:00:00Z,daily,117.1831,117.1831,117.1831,117.1831,,117.1831,factor_candle,FRED CSV Gateway mirror,learning_only_mirror
DTWEXBGS,2023-07-14,2023-07-14T00:00:00Z,daily,117.0463,117.0463,117.0463,117.0463,,117.0463,factor_candle,FRED CSV Gateway mirror,learning_only_mirror
DTWEXBGS,2023-07-17,2023-07-17T00:00:00Z,daily,117.1267,117.1267,117.1267,117.1267,,117.1267,factor_candle,FRED CSV Gateway mirror,learning_only_mirror
DTWEXBGS,2023-07-18,2023-07-18T00:00:00Z,daily,117.0264,117.0264,117.0264,117.0264,,117.0264,factor_candle,FRED CSV Gateway mirror,learning_only_mirror
DTWEXBGS,2023-07-19,2023-07-19T00:00:00Z,daily,117.3462,117.3462,117.3462,117.3462,,117.3462,factor_candle,FRED CSV Gateway mirror,learning_only_mirror
DTWEXBGS,2023-07-20,2023-07-20T00:00:00Z,daily,117.5947,117.5947,117.5947,117.5947,,117.5947,factor_candle,FRED CSV Gateway mirror,learning_only_mirror
DTWEXBGS,2023-07-21,2023-07-21T00:00:00Z,daily,117.9418,117.9418,117.9418,117.9418,,117.9418,factor_candle,FRED CSV Gateway mirror,learning_only_mirror
DTWEXBGS,2023-07-24,2023-07-24T00:00:00Z,daily,117.8124,117.8124,117.8124,117.8124,,117.8124,factor_candle,FRED CSV Gateway mirror,learning_only_mirror
DTWEXBGS,2023-07-25,2023-07-25T00:00:00Z,daily,117.8565,117.8565,117.8565,117.8565,,117.8565,factor_candle,FRED CSV Gateway mirror,learning_only_mirror
DTWEXBGS,2023-07-26,2023-07-26T00:00:00Z,daily,117.76,117.76,117.76,117.76,,117.76,factor_candle,FRED CSV Gateway mirror,learning_only_mirror
DTWEXBGS,2023-07-27,2023-07-27T00:00:00Z,daily,117.8938,117.8938,117.8938,117.8938,,117.8938,factor_candle,FRED CSV Gateway mirror,learning_only_mirror
DTWEXBGS,2023-07-28,2023-07-28T00:00:00Z,daily,117.788,117.788,117.788,117.788,,117.788,factor_candle,FRED CSV Gateway mirror,learning_only_mirror
DTWEXBGS,2023-07-31,2023-07-31T00:00:00Z,daily,117.8241,117.8241,117.8241,117.8241,,117.8241,factor_candle,FRED CSV Gateway mirror,learning_only_mirror
DTWEXBGS,2023-08-01,2023-08-01T00:00:00Z,daily,118.5738,118.5738,118.5738,118.5738,,118.5738,factor_candle,FRED CSV Gateway mirror,learning_only_mirror
DTWEXBGS,2023-08-02,2023-08-02T00:00:00Z,daily,119.1268,119.1268,119.1268,119.1268,,119.1268,factor_candle,FRED CSV Gateway mirror,learning_only_mirror
DTWEXBGS,2023-08-03,2023-08-03T00:00:00Z,daily,119.3963,119.3963,119.3963,119.3963,,119.3963,factor_candle,FRED CSV Gateway mirror,learning_only_mirror
DTWEXBGS,2023-08-04,2023-08-04T00:00:00Z,daily,118.821,118.821,118.821,118.821,,118.821,factor_candle,FRED CSV Gateway mirror,learning_only_mirror
DTWEXBGS,2023-08-07,2023-08-07T00:00:00Z,daily,119.0809,119.0809,119.0809,119.0809,,119.0809,factor_candle,FRED CSV Gateway mirror,learning_only_mirror
DTWEXBGS,2023-08-08,2023-08-08T00:00:00Z,daily,119.6407,119.6407,119.6407,119.6407,,119.6407,factor_candle,FRED CSV Gateway mirror,learning_only_mirror
DTWEXBGS,2023-08-09,2023-08-09T00:00:00Z,daily,119.476,119.476,119.476,119.476,,119.476,factor_candle,FRED CSV Gateway mirror,learning_only_mirror
DTWEXBGS,2023-08-10,2023-08-10T00:00:00Z,daily,119.1581,119.1581,119.1581,119.1581,,119.1581,factor_candle,FRED CSV Gateway mirror,learning_only_mirror
DTWEXBGS,2023-08-11,2023-08-11T00:00:00Z,daily,119.6268,119.6268,119.6268,119.6268,,119.6268,factor_candle,FRED CSV Gateway mirror,learning_only_mirror
DTWEXBGS,2023-08-14,2023-08-14T00:00:00Z,daily,120.0725,120.0725,120.0725,120.0725,,120.0725,factor_candle,FRED CSV Gateway mirror,learning_only_mirror
DTWEXBGS,2023-08-15,2023-08-15T00:00:00Z,daily,120.2127,120.2127,120.2127,120.2127,,120.2127,factor_candle,FRED CSV Gateway mirror,learning_only_mirror
DTWEXBGS,2023-08-16,2023-08-16T00:00:00Z,daily,120.3551,120.3551,120.3551,120.3551,,120.3551,factor_candle,FRED CSV Gateway mirror,learning_only_mirror
DTWEXBGS,2023-08-17,2023-08-17T00:00:00Z,daily,120.5242,120.5242,120.5242,120.5242,,120.5242,factor_candle,FRED CSV Gateway mirror,learning_only_mirror
DTWEXBGS,2023-08-18,2023-08-18T00:00:00Z,daily,120.4321,120.4321,120.4321,120.4321,,120.4321,factor_candle,FRED CSV Gateway mirror,learning_only_mirror
DTWEXBGS,2023-08-21,2023-08-21T00:00:00Z,daily,120.4627,120.4627,120.4627,120.4627,,120.4627,factor_candle,FRED CSV Gateway mirror,learning_only_mirror
DTWEXBGS,2023-08-22,2023-08-22T00:00:00Z,daily,120.3554,120.3554,120.3554,120.3554,,120.3554,factor_candle,FRED CSV Gateway mirror,learning_only_mirror
DTWEXBGS,2023-08-23,2023-08-23T00:00:00Z,daily,120.0307,120.0307,120.0307,120.0307,,120.0307,factor_candle,FRED CSV Gateway mirror,learning_only_mirror
DTWEXBGS,2023-08-24,2023-08-24T00:00:00Z,daily,120.2354,120.2354,120.2354,120.2354,,120.2354,factor_candle,FRED CSV Gateway mirror,learning_only_mirror
DTWEXBGS,2023-08-25,2023-08-25T00:00:00Z,daily,120.5137,120.5137,120.5137,120.5137,,120.5137,factor_candle,FRED CSV Gateway mirror,learning_only_mirror
DTWEXBGS,2023-08-28,2023-08-28T00:00:00Z,daily,120.3155,120.3155,120.3155,120.3155,,120.3155,factor_candle,FRED CSV Gateway mirror,learning_only_mirror
DTWEXBGS,2023-08-29,2023-08-29T00:00:00Z,daily,120.2669,120.2669,120.2669,120.2669,,120.2669,factor_candle,FRED CSV Gateway mirror,learning_only_mirror
DTWEXBGS,2023-08-30,2023-08-30T00:00:00Z,daily,119.7937,119.7937,119.7937,119.7937,,119.7937,factor_candle,FRED CSV Gateway mirror,learning_only_mirror
DTWEXBGS,2023-08-31,2023-08-31T00:00:00Z,daily,120.225,120.225,120.225,120.225,,120.225,factor_candle,FRED CSV Gateway mirror,learning_only_mirror
DTWEXBGS,2023-09-01,2023-09-01T00:00:00Z,daily,120.759,120.759,120.759,120.759,,120.759,factor_candle,FRED CSV Gateway mirror,learning_only_mirror
DTWEXBGS,2023-09-05,2023-09-05T00:00:00Z,daily,121.4345,121.4345,121.4345,121.4345,,121.4345,factor_candle,FRED CSV Gateway mirror,learning_only_mirror
DTWEXBGS,2023-09-06,2023-09-06T00:00:00Z,daily,121.8671,121.8671,121.8671,121.8671,,121.8671,factor_candle,FRED CSV Gateway mirror,learning_only_mirror
DTWEXBGS,2023-09-07,2023-09-07T00:00:00Z,daily,121.9528,121.9528,121.9528,121.9528,,121.9528,factor_candle,FRED CSV Gateway mirror,learning_only_mirror
DTWEXBGS,2023-09-08,2023-09-08T00:00:00Z,daily,121.9475,121.9475,121.9475,121.9475,,121.9475,factor_candle,FRED CSV Gateway mirror,learning_only_mirror
DTWEXBGS,2023-09-11,2023-09-11T00:00:00Z,daily,121.3386,121.3386,121.3386,121.3386,,121.3386,factor_candle,FRED CSV Gateway mirror,learning_only_mirror
DTWEXBGS,2023-09-12,2023-09-12T00:00:00Z,daily,121.2913,121.2913,121.2913,121.2913,,121.2913,factor_candle,FRED CSV Gateway mirror,learning_only_mirror
DTWEXBGS,2023-09-13,2023-09-13T00:00:00Z,daily,121.0549,121.0549,121.0549,121.0549,,121.0549,factor_candle,FRED CSV Gateway mirror,learning_only_mirror
DTWEXBGS,2023-09-14,2023-09-14T00:00:00Z,daily,121.2395,121.2395,121.2395,121.2395,,121.2395,factor_candle,FRED CSV Gateway mirror,learning_only_mirror
DTWEXBGS,2023-09-15,2023-09-15T00:00:00Z,daily,121.199,121.199,121.199,121.199,,121.199,factor_candle,FRED CSV Gateway mirror,learning_only_mirror
DTWEXBGS,2023-09-18,2023-09-18T00:00:00Z,daily,121.1938,121.1938,121.1938,121.1938,,121.1938,factor_candle,FRED CSV Gateway mirror,learning_only_mirror
DTWEXBGS,2023-09-19,2023-09-19T00:00:00Z,daily,121.1645,121.1645,121.1645,121.1645,,121.1645,factor_candle,FRED CSV Gateway mirror,learning_only_mirror
DTWEXBGS,2023-09-20,2023-09-20T00:00:00Z,daily,120.9648,120.9648,120.9648,120.9648,,120.9648,factor_candle,FRED CSV Gateway mirror,learning_only_mirror
DTWEXBGS,2023-09-21,2023-09-21T00:00:00Z,daily,121.5528,121.5528,121.5528,121.5528,,121.5528,factor_candle,FRED CSV Gateway mirror,learning_only_mirror
DTWEXBGS,2023-09-22,2023-09-22T00:00:00Z,daily,121.5306,121.5306,121.5306,121.5306,,121.5306,factor_candle,FRED CSV Gateway mirror,learning_only_mirror
DTWEXBGS,2023-09-25,2023-09-25T00:00:00Z,daily,122.1143,122.1143,122.1143,122.1143,,122.1143,factor_candle,FRED CSV Gateway mirror,learning_only_mirror
DTWEXBGS,2023-09-26,2023-09-26T00:00:00Z,daily,122.4742,122.4742,122.4742,122.4742,,122.4742,factor_candle,FRED CSV Gateway mirror,learning_only_mirror
DTWEXBGS,2023-09-27,2023-09-27T00:00:00Z,daily,122.9895,122.9895,122.9895,122.9895,,122.9895,factor_candle,FRED CSV Gateway mirror,learning_only_mirror
DTWEXBGS,2023-09-28,2023-09-28T00:00:00Z,daily,122.5342,122.5342,122.5342,122.5342,,122.5342,factor_candle,FRED CSV Gateway mirror,learning_only_mirror
DTWEXBGS,2023-09-29,2023-09-29T00:00:00Z,daily,122.3077,122.3077,122.3077,122.3077,,122.3077,factor_candle,FRED CSV Gateway mirror,learning_only_mirror
DTWEXBGS,2023-10-02,2023-10-02T00:00:00Z,daily,123.0545,123.0545,123.0545,123.0545,,123.0545,factor_candle,FRED CSV Gateway mirror,learning_only_mirror
DTWEXBGS,2023-10-03,2023-10-03T00:00:00Z,daily,123.7848,123.7848,123.7848,123.7848,,123.7848,factor_candle,FRED CSV Gateway mirror,learning_only_mirror
DTWEXBGS,2023-10-04,2023-10-04T00:00:00Z,daily,123.5946,123.5946,123.5946,123.5946,,123.5946,factor_candle,FRED CSV Gateway mirror,learning_only_mirror
DTWEXBGS,2023-10-05,2023-10-05T00:00:00Z,daily,123.8993,123.8993,123.8993,123.8993,,123.8993,factor_candle,FRED CSV Gateway mirror,learning_only_mirror
DTWEXBGS,2023-10-06,2023-10-06T00:00:00Z,daily,123.3563,123.3563,123.3563,123.3563,,123.3563,factor_candle,FRED CSV Gateway mirror,learning_only_mirror
DTWEXBGS,2023-10-10,2023-10-10T00:00:00Z,daily,122.9282,122.9282,122.9282,122.9282,,122.9282,factor_candle,FRED CSV Gateway mirror,learning_only_mirror
DTWEXBGS,2023-10-11,2023-10-11T00:00:00Z,daily,122.7697,122.7697,122.7697,122.7697,,122.7697,factor_candle,FRED CSV Gateway mirror,learning_only_mirror
DTWEXBGS,2023-10-12,2023-10-12T00:00:00Z,daily,123.2101,123.2101,123.2101,123.2101,,123.2101,factor_candle,FRED CSV Gateway mirror,learning_only_mirror
DTWEXBGS,2023-10-13,2023-10-13T00:00:00Z,daily,123.5954,123.5954,123.5954,123.5954,,123.5954,factor_candle,FRED CSV Gateway mirror,learning_only_mirror
DTWEXBGS,2023-10-16,2023-10-16T00:00:00Z,daily,123.3185,123.3185,123.3185,123.3185,,123.3185,factor_candle,FRED CSV Gateway mirror,learning_only_mirror
DTWEXBGS,2023-10-17,2023-10-17T00:00:00Z,daily,123.1202,123.1202,123.1202,123.1202,,123.1202,factor_candle,FRED CSV Gateway mirror,learning_only_mirror
DTWEXBGS,2023-10-18,2023-10-18T00:00:00Z,daily,123.8148,123.8148,123.8148,123.8148,,123.8148,factor_candle,FRED CSV Gateway mirror,learning_only_mirror
DTWEXBGS,2023-10-19,2023-10-19T00:00:00Z,daily,123.798,123.798,123.798,123.798,,123.798,factor_candle,FRED CSV Gateway mirror,learning_only_mirror
DTWEXBGS,2023-10-20,2023-10-20T00:00:00Z,daily,123.612,123.612,123.612,123.612,,123.612,factor_candle,FRED CSV Gateway mirror,learning_only_mirror
DTWEXBGS,2023-10-23,2023-10-23T00:00:00Z,daily,123.2846,123.2846,123.2846,123.2846,,123.2846,factor_candle,FRED CSV Gateway mirror,learning_only_mirror
DTWEXBGS,2023-10-24,2023-10-24T00:00:00Z,daily,123.6416,123.6416,123.6416,123.6416,,123.6416,factor_candle,FRED CSV Gateway mirror,learning_only_mirror
DTWEXBGS,2023-10-25,2023-10-25T00:00:00Z,daily,123.7871,123.7871,123.7871,123.7871,,123.7871,factor_candle,FRED CSV Gateway mirror,learning_only_mirror
DTWEXBGS,2023-10-26,2023-10-26T00:00:00Z,daily,124.0064,124.0064,124.0064,124.0064,,124.0064,factor_candle,FRED CSV Gateway mirror,learning_only_mirror
DTWEXBGS,2023-10-27,2023-10-27T00:00:00Z,daily,123.62,123.62,123.62,123.62,,123.62,factor_candle,FRED CSV Gateway mirror,learning_only_mirror
DTWEXBGS,2023-10-30,2023-10-30T00:00:00Z,daily,123.4076,123.4076,123.4076,123.4076,,123.4076,factor_candle,FRED CSV Gateway mirror,learning_only_mirror
DTWEXBGS,2023-10-31,2023-10-31T00:00:00Z,daily,123.8364,123.8364,123.8364,123.8364,,123.8364,factor_candle,FRED CSV Gateway mirror,learning_only_mirror
DTWEXBGS,2023-11-01,2023-11-01T00:00:00Z,daily,123.7922,123.7922,123.7922,123.7922,,123.7922,factor_candle,FRED CSV Gateway mirror,learning_only_mirror
DTWEXBGS,2023-11-02,2023-11-02T00:00:00Z,daily,122.8818,122.8818,122.8818,122.8818,,122.8818,factor_candle,FRED CSV Gateway mirror,learning_only_mirror
DTWEXBGS,2023-11-03,2023-11-03T00:00:00Z,daily,121.7564,121.7564,121.7564,121.7564,,121.7564,factor_candle,FRED CSV Gateway mirror,learning_only_mirror
DTWEXBGS,2023-11-06,2023-11-06T00:00:00Z,daily,121.6484,121.6484,121.6484,121.6484,,121.6484,factor_candle,FRED CSV Gateway mirror,learning_only_mirror
DTWEXBGS,2023-11-07,2023-11-07T00:00:00Z,daily,122.0777,122.0777,122.0777,122.0777,,122.0777,factor_candle,FRED CSV Gateway mirror,learning_only_mirror
DTWEXBGS,2023-11-08,2023-11-08T00:00:00Z,daily,122.0926,122.0926,122.0926,122.0926,,122.0926,factor_candle,FRED CSV Gateway mirror,learning_only_mirror
DTWEXBGS,2023-11-09,2023-11-09T00:00:00Z,daily,122.1281,122.1281,122.1281,122.1281,,122.1281,factor_candle,FRED CSV Gateway mirror,learning_only_mirror
DTWEXBGS,2023-11-13,2023-11-13T00:00:00Z,daily,122.4264,122.4264,122.4264,122.4264,,122.4264,factor_candle,FRED CSV Gateway mirror,learning_only_mirror
DTWEXBGS,2023-11-14,2023-11-14T00:00:00Z,daily,121.35,121.35,121.35,121.35,,121.35,factor_candle,FRED CSV Gateway mirror,learning_only_mirror
DTWEXBGS,2023-11-15,2023-11-15T00:00:00Z,daily,121.0749,121.0749,121.0749,121.0749,,121.0749,factor_candle,FRED CSV Gateway mirror,learning_only_mirror
DTWEXBGS,2023-11-16,2023-11-16T00:00:00Z,daily,121.1754,121.1754,121.1754,121.1754,,121.1754,factor_candle,FRED CSV Gateway mirror,learning_only_mirror
DTWEXBGS,2023-11-17,2023-11-17T00:00:00Z,daily,120.8477,120.8477,120.8477,120.8477,,120.8477,factor_candle,FRED CSV Gateway mirror,learning_only_mirror
DTWEXBGS,2023-11-20,2023-11-20T00:00:00Z,daily,120.2533,120.2533,120.2533,120.2533,,120.2533,factor_candle,FRED CSV Gateway mirror,learning_only_mirror
DTWEXBGS,2023-11-21,2023-11-21T00:00:00Z,daily,120.2241,120.2241,120.2241,120.2241,,120.2241,factor_candle,FRED CSV Gateway mirror,learning_only_mirror
DTWEXBGS,2023-11-22,2023-11-22T00:00:00Z,daily,120.6802,120.6802,120.6802,120.6802,,120.6802,factor_candle,FRED CSV Gateway mirror,learning_only_mirror
DTWEXBGS,2023-11-24,2023-11-24T00:00:00Z,daily,120.2105,120.2105,120.2105,120.2105,,120.2105,factor_candle,FRED CSV Gateway mirror,learning_only_mirror
DTWEXBGS,2023-11-27,2023-11-27T00:00:00Z,daily,120.173,120.173,120.173,120.173,,120.173,factor_candle,FRED CSV Gateway mirror,learning_only_mirror
DTWEXBGS,2023-11-28,2023-11-28T00:00:00Z,daily,119.5904,119.5904,119.5904,119.5904,,119.5904,factor_candle,FRED CSV Gateway mirror,learning_only_mirror
DTWEXBGS,2023-11-29,2023-11-29T00:00:00Z,daily,119.8159,119.8159,119.8159,119.8159,,119.8159,factor_candle,FRED CSV Gateway mirror,learning_only_mirror
DTWEXBGS,2023-11-30,2023-11-30T00:00:00Z,daily,120.2434,120.2434,120.2434,120.2434,,120.2434,factor_candle,FRED CSV Gateway mirror,learning_only_mirror
DTWEXBGS,2023-12-01,2023-12-01T00:00:00Z,daily,119.9424,119.9424,119.9424,119.9424,,119.9424,factor_candle,FRED CSV Gateway mirror,learning_only_mirror
DTWEXBGS,2023-12-04,2023-12-04T00:00:00Z,daily,120.4727,120.4727,120.4727,120.4727,,120.4727,factor_candle,FRED CSV Gateway mirror,learning_only_mirror
DTWEXBGS,2023-12-05,2023-12-05T00:00:00Z,daily,120.7913,120.7913,120.7913,120.7913,,120.7913,factor_candle,FRED CSV Gateway mirror,learning_only_mirror
DTWEXBGS,2023-12-06,2023-12-06T00:00:00Z,daily,120.5334,120.5334,120.5334,120.5334,,120.5334,factor_candle,FRED CSV Gateway mirror,learning_only_mirror
DTWEXBGS,2023-12-07,2023-12-07T00:00:00Z,daily,120.6013,120.6013,120.6013,120.6013,,120.6013,factor_candle,FRED CSV Gateway mirror,learning_only_mirror
DTWEXBGS,2023-12-08,2023-12-08T00:00:00Z,daily,120.7607,120.7607,120.7607,120.7607,,120.7607,factor_candle,FRED CSV Gateway mirror,learning_only_mirror
DTWEXBGS,2023-12-11,2023-12-11T00:00:00Z,daily,120.9279,120.9279,120.9279,120.9279,,120.9279,factor_candle,FRED CSV Gateway mirror,learning_only_mirror
DTWEXBGS,2023-12-12,2023-12-12T00:00:00Z,daily,120.6817,120.6817,120.6817,120.6817,,120.6817,factor_candle,FRED CSV Gateway mirror,learning_only_mirror
DTWEXBGS,2023-12-13,2023-12-13T00:00:00Z,daily,121.1571,121.1571,121.1571,121.1571,,121.1571,factor_candle,FRED CSV Gateway mirror,learning_only_mirror
DTWEXBGS,2023-12-14,2023-12-14T00:00:00Z,daily,119.5683,119.5683,119.5683,119.5683,,119.5683,factor_candle,FRED CSV Gateway mirror,learning_only_mirror
DTWEXBGS,2023-12-15,2023-12-15T00:00:00Z,daily,119.7382,119.7382,119.7382,119.7382,,119.7382,factor_candle,FRED CSV Gateway mirror,learning_only_mirror
DTWEXBGS,2023-12-18,2023-12-18T00:00:00Z,daily,119.9102,119.9102,119.9102,119.9102,,119.9102,factor_candle,FRED CSV Gateway mirror,learning_only_mirror
DTWEXBGS,2023-12-19,2023-12-19T00:00:00Z,daily,119.4632,119.4632,119.4632,119.4632,,119.4632,factor_candle,FRED CSV Gateway mirror,learning_only_mirror
DTWEXBGS,2023-12-20,2023-12-20T00:00:00Z,daily,119.5435,119.5435,119.5435,119.5435,,119.5435,factor_candle,FRED CSV Gateway mirror,learning_only_mirror
DTWEXBGS,2023-12-21,2023-12-21T00:00:00Z,daily,119.3168,119.3168,119.3168,119.3168,,119.3168,factor_candle,FRED CSV Gateway mirror,learning_only_mirror
DTWEXBGS,2023-12-22,2023-12-22T00:00:00Z,daily,119.0625,119.0625,119.0625,119.0625,,119.0625,factor_candle,FRED CSV Gateway mirror,learning_only_mirror
DTWEXBGS,2023-12-26,2023-12-26T00:00:00Z,daily,118.8875,118.8875,118.8875,118.8875,,118.8875,factor_candle,FRED CSV Gateway mirror,learning_only_mirror
DTWEXBGS,2023-12-27,2023-12-27T00:00:00Z,daily,118.4729,118.4729,118.4729,118.4729,,118.4729,factor_candle,FRED CSV Gateway mirror,learning_only_mirror
DTWEXBGS,2023-12-28,2023-12-28T00:00:00Z,daily,118.4104,118.4104,118.4104,118.4104,,118.4104,factor_candle,FRED CSV Gateway mirror,learning_only_mirror
DTWEXBGS,2023-12-29,2023-12-29T00:00:00Z,daily,118.4208,118.4208,118.4208,118.4208,,118.4208,factor_candle,FRED CSV Gateway mirror,learning_only_mirror
DTWEXBGS,2024-01-02,2024-01-02T00:00:00Z,daily,119.2686,119.2686,119.2686,119.2686,,119.2686,factor_candle,FRED CSV Gateway mirror,learning_only_mirror
DTWEXBGS,2024-01-03,2024-01-03T00:00:00Z,daily,119.6958,119.6958,119.6958,119.6958,,119.6958,factor_candle,FRED CSV Gateway mirror,learning_only_mirror
DTWEXBGS,2024-01-04,2024-01-04T00:00:00Z,daily,119.6208,119.6208,119.6208,119.6208,,119.6208,factor_candle,FRED CSV Gateway mirror,learning_only_mirror
DTWEXBGS,2024-01-05,2024-01-05T00:00:00Z,daily,119.388,119.388,119.388,119.388,,119.388,factor_candle,FRED CSV Gateway mirror,learning_only_mirror
DTWEXBGS,2024-01-08,2024-01-08T00:00:00Z,daily,119.2506,119.2506,119.2506,119.2506,,119.2506,factor_candle,FRED CSV Gateway mirror,learning_only_mirror
DTWEXBGS,2024-01-09,2024-01-09T00:00:00Z,daily,119.6666,119.6666,119.6666,119.6666,,119.6666,factor_candle,FRED CSV Gateway mirror,learning_only_mirror
DTWEXBGS,2024-01-10,2024-01-10T00:00:00Z,daily,119.7614,119.7614,119.7614,119.7614,,119.7614,factor_candle,FRED CSV Gateway mirror,learning_only_mirror
DTWEXBGS,2024-01-11,2024-01-11T00:00:00Z,daily,119.8916,119.8916,119.8916,119.8916,,119.8916,factor_candle,FRED CSV Gateway mirror,learning_only_mirror
DTWEXBGS,2024-01-12,2024-01-12T00:00:00Z,daily,119.534,119.534,119.534,119.534,,119.534,factor_candle,FRED CSV Gateway mirror,learning_only_mirror
DTWEXBGS,2024-01-16,2024-01-16T00:00:00Z,daily,120.5759,120.5759,120.5759,120.5759,,120.5759,factor_candle,FRED CSV Gateway mirror,learning_only_mirror
DTWEXBGS,2024-01-17,2024-01-17T00:00:00Z,daily,121.0402,121.0402,121.0402,121.0402,,121.0402,factor_candle,FRED CSV Gateway mirror,learning_only_mirror
DTWEXBGS,2024-01-18,2024-01-18T00:00:00Z,daily,120.8895,120.8895,120.8895,120.8895,,120.8895,factor_candle,FRED CSV Gateway mirror,learning_only_mirror
DTWEXBGS,2024-01-19,2024-01-19T00:00:00Z,daily,120.6442,120.6442,120.6442,120.6442,,120.6442,factor_candle,FRED CSV Gateway mirror,learning_only_mirror
DTWEXBGS,2024-01-22,2024-01-22T00:00:00Z,daily,120.6178,120.6178,120.6178,120.6178,,120.6178,factor_candle,FRED CSV Gateway mirror,learning_only_mirror
DTWEXBGS,2024-01-23,2024-01-23T00:00:00Z,daily,121.1001,121.1001,121.1001,121.1001,,121.1001,factor_candle,FRED CSV Gateway mirror,learning_only_mirror
DTWEXBGS,2024-01-24,2024-01-24T00:00:00Z,daily,120.4916,120.4916,120.4916,120.4916,,120.4916,factor_candle,FRED CSV Gateway mirror,learning_only_mirror
DTWEXBGS,2024-01-25,2024-01-25T00:00:00Z,daily,120.8311,120.8311,120.8311,120.8311,,120.8311,factor_candle,FRED CSV Gateway mirror,learning_only_mirror
DTWEXBGS,2024-01-26,2024-01-26T00:00:00Z,daily,120.6173,120.6173,120.6173,120.6173,,120.6173,factor_candle,FRED CSV Gateway mirror,learning_only_mirror
DTWEXBGS,2024-01-29,2024-01-29T00:00:00Z,daily,120.8538,120.8538,120.8538,120.8538,,120.8538,factor_candle,FRED CSV Gateway mirror,learning_only_mirror
DTWEXBGS,2024-01-30,2024-01-30T00:00:00Z,daily,120.6025,120.6025,120.6025,120.6025,,120.6025,factor_candle,FRED CSV Gateway mirror,learning_only_mirror
DTWEXBGS,2024-01-31,2024-01-31T00:00:00Z,daily,120.4331,120.4331,120.4331,120.4331,,120.4331,factor_candle,FRED CSV Gateway mirror,learning_only_mirror
DTWEXBGS,2024-02-01,2024-02-01T00:00:00Z,daily,120.3335,120.3335,120.3335,120.3335,,120.3335,factor_candle,FRED CSV Gateway mirror,learning_only_mirror
DTWEXBGS,2024-02-02,2024-02-02T00:00:00Z,daily,120.902,120.902,120.902,120.902,,120.902,factor_candle,FRED CSV Gateway mirror,learning_only_mirror
DTWEXBGS,2024-02-05,2024-02-05T00:00:00Z,daily,121.349,121.349,121.349,121.349,,121.349,factor_candle,FRED CSV Gateway mirror,learning_only_mirror
DTWEXBGS,2024-02-06,2024-02-06T00:00:00Z,daily,120.9588,120.9588,120.9588,120.9588,,120.9588,factor_candle,FRED CSV Gateway mirror,learning_only_mirror
DTWEXBGS,2024-02-07,2024-02-07T00:00:00Z,daily,120.9049,120.9049,120.9049,120.9049,,120.9049,factor_candle,FRED CSV Gateway mirror,learning_only_mirror
DTWEXBGS,2024-02-08,2024-02-08T00:00:00Z,daily,121.0798,121.0798,121.0798,121.0798,,121.0798,factor_candle,FRED CSV Gateway mirror,learning_only_mirror
DTWEXBGS,2024-02-09,2024-02-09T00:00:00Z,daily,121.039,121.039,121.039,121.039,,121.039,factor_candle,FRED CSV Gateway mirror,learning_only_mirror
DTWEXBGS,2024-02-12,2024-02-12T00:00:00Z,daily,120.9378,120.9378,120.9378,120.9378,,120.9378,factor_candle,FRED CSV Gateway mirror,learning_only_mirror
DTWEXBGS,2024-02-13,2024-02-13T00:00:00Z,daily,121.5202,121.5202,121.5202,121.5202,,121.5202,factor_candle,FRED CSV Gateway mirror,learning_only_mirror
DTWEXBGS,2024-02-14,2024-02-14T00:00:00Z,daily,121.4002,121.4002,121.4002,121.4002,,121.4002,factor_candle,FRED CSV Gateway mirror,learning_only_mirror
DTWEXBGS,2024-02-15,2024-02-15T00:00:00Z,daily,121.2121,121.2121,121.2121,121.2121,,121.2121,factor_candle,FRED CSV Gateway mirror,learning_only_mirror
DTWEXBGS,2024-02-16,2024-02-16T00:00:00Z,daily,121.1505,121.1505,121.1505,121.1505,,121.1505,factor_candle,FRED CSV Gateway mirror,learning_only_mirror
DTWEXBGS,2024-02-20,2024-02-20T00:00:00Z,daily,121.0199,121.0199,121.0199,121.0199,,121.0199,factor_candle,FRED CSV Gateway mirror,learning_only_mirror
DTWEXBGS,2024-02-21,2024-02-21T00:00:00Z,daily,121.0379,121.0379,121.0379,121.0379,,121.0379,factor_candle,FRED CSV Gateway mirror,learning_only_mirror
DTWEXBGS,2024-02-22,2024-02-22T00:00:00Z,daily,121.102,121.102,121.102,121.102,,121.102,factor_candle,FRED CSV Gateway mirror,learning_only_mirror
DTWEXBGS,2024-02-23,2024-02-23T00:00:00Z,daily,121.0369,121.0369,121.0369,121.0369,,121.0369,factor_candle,FRED CSV Gateway mirror,learning_only_mirror
DTWEXBGS,2024-02-26,2024-02-26T00:00:00Z,daily,121.0592,121.0592,121.0592,121.0592,,121.0592,factor_candle,FRED CSV Gateway mirror,learning_only_mirror
DTWEXBGS,2024-02-27,2024-02-27T00:00:00Z,daily,120.9647,120.9647,120.9647,120.9647,,120.9647,factor_candle,FRED CSV Gateway mirror,learning_only_mirror
DTWEXBGS,2024-02-28,2024-02-28T00:00:00Z,daily,121.128,121.128,121.128,121.128,,121.128,factor_candle,FRED CSV Gateway mirror,learning_only_mirror
DTWEXBGS,2024-02-29,2024-02-29T00:00:00Z,daily,121.1824,121.1824,121.1824,121.1824,,121.1824,factor_candle,FRED CSV Gateway mirror,learning_only_mirror
DTWEXBGS,2024-03-01,2024-03-01T00:00:00Z,daily,121.0111,121.0111,121.0111,121.0111,,121.0111,factor_candle,FRED CSV Gateway mirror,learning_only_mirror
DTWEXBGS,2024-03-04,2024-03-04T00:00:00Z,daily,120.872,120.872,120.872,120.872,,120.872,factor_candle,FRED CSV Gateway mirror,learning_only_mirror
DTWEXBGS,2024-03-05,2024-03-05T00:00:00Z,daily,120.8846,120.8846,120.8846,120.8846,,120.8846,factor_candle,FRED CSV Gateway mirror,learning_only_mirror
DTWEXBGS,2024-03-06,2024-03-06T00:00:00Z,daily,120.4649,120.4649,120.4649,120.4649,,120.4649,factor_candle,FRED CSV Gateway mirror,learning_only_mirror
DTWEXBGS,2024-03-07,2024-03-07T00:00:00Z,daily,120.1909,120.1909,120.1909,120.1909,,120.1909,factor_candle,FRED CSV Gateway mirror,learning_only_mirror
DTWEXBGS,2024-03-08,2024-03-08T00:00:00Z,daily,119.975,119.975,119.975,119.975,,119.975,factor_candle,FRED CSV Gateway mirror,learning_only_mirror
DTWEXBGS,2024-03-11,2024-03-11T00:00:00Z,daily,120.0394,120.0394,120.0394,120.0394,,120.0394,factor_candle,FRED CSV Gateway mirror,learning_only_mirror
DTWEXBGS,2024-03-12,2024-03-12T00:00:00Z,daily,120.1668,120.1668,120.1668,120.1668,,120.1668,factor_candle,FRED CSV Gateway mirror,learning_only_mirror
DTWEXBGS,2024-03-13,2024-03-13T00:00:00Z,daily,119.9642,119.9642,119.9642,119.9642,,119.9642,factor_candle,FRED CSV Gateway mirror,learning_only_mirror
DTWEXBGS,2024-03-14,2024-03-14T00:00:00Z,daily,120.241,120.241,120.241,120.241,,120.241,factor_candle,FRED CSV Gateway mirror,learning_only_mirror
DTWEXBGS,2024-03-15,2024-03-15T00:00:00Z,daily,120.4003,120.4003,120.4003,120.4003,,120.4003,factor_candle,FRED CSV Gateway mirror,learning_only_mirror
DTWEXBGS,2024-03-18,2024-03-18T00:00:00Z,daily,120.5752,120.5752,120.5752,120.5752,,120.5752,factor_candle,FRED CSV Gateway mirror,learning_only_mirror
DTWEXBGS,2024-03-19,2024-03-19T00:00:00Z,daily,120.9332,120.9332,120.9332,120.9332,,120.9332,factor_candle,FRED CSV Gateway mirror,learning_only_mirror
DTWEXBGS,2024-03-20,2024-03-20T00:00:00Z,daily,120.9289,120.9289,120.9289,120.9289,,120.9289,factor_candle,FRED CSV Gateway mirror,learning_only_mirror
DTWEXBGS,2024-03-21,2024-03-21T00:00:00Z,daily,120.8086,120.8086,120.8086,120.8086,,120.8086,factor_candle,FRED CSV Gateway mirror,learning_only_mirror
DTWEXBGS,2024-03-22,2024-03-22T00:00:00Z,daily,121.1842,121.1842,121.1842,121.1842,,121.1842,factor_candle,FRED CSV Gateway mirror,learning_only_mirror
DTWEXBGS,2024-03-25,2024-03-25T00:00:00Z,daily,121.0295,121.0295,121.0295,121.0295,,121.0295,factor_candle,FRED CSV Gateway mirror,learning_only_mirror
DTWEXBGS,2024-03-26,2024-03-26T00:00:00Z,daily,121.0742,121.0742,121.0742,121.0742,,121.0742,factor_candle,FRED CSV Gateway mirror,learning_only_mirror
DTWEXBGS,2024-03-27,2024-03-27T00:00:00Z,daily,121.0089,121.0089,121.0089,121.0089,,121.0089,factor_candle,FRED CSV Gateway mirror,learning_only_mirror
DTWEXBGS,2024-03-28,2024-03-28T00:00:00Z,daily,121.0635,121.0635,121.0635,121.0635,,121.0635,factor_candle,FRED CSV Gateway mirror,learning_only_mirror
DTWEXBGS,2024-03-29,2024-03-29T00:00:00Z,daily,121.0191,121.0191,121.0191,121.0191,,121.0191,factor_candle,FRED CSV Gateway mirror,learning_only_mirror
DTWEXBGS,2024-04-01,2024-04-01T00:00:00Z,daily,121.5151,121.5151,121.5151,121.5151,,121.5151,factor_candle,FRED CSV Gateway mirror,learning_only_mirror
DTWEXBGS,2024-04-02,2024-04-02T00:00:00Z,daily,121.3035,121.3035,121.3035,121.3035,,121.3035,factor_candle,FRED CSV Gateway mirror,learning_only_mirror
DTWEXBGS,2024-04-03,2024-04-03T00:00:00Z,daily,121.0198,121.0198,121.0198,121.0198,,121.0198,factor_candle,FRED CSV Gateway mirror,learning_only_mirror
DTWEXBGS,2024-04-04,2024-04-04T00:00:00Z,daily,120.7613,120.7613,120.7613,120.7613,,120.7613,factor_candle,FRED CSV Gateway mirror,learning_only_mirror
DTWEXBGS,2024-04-05,2024-04-05T00:00:00Z,daily,120.9646,120.9646,120.9646,120.9646,,120.9646,factor_candle,FRED CSV Gateway mirror,learning_only_mirror
DTWEXBGS,2024-04-08,2024-04-08T00:00:00Z,daily,120.7359,120.7359,120.7359,120.7359,,120.7359,factor_candle,FRED CSV Gateway mirror,learning_only_mirror
DTWEXBGS,2024-04-09,2024-04-09T00:00:00Z,daily,120.7048,120.7048,120.7048,120.7048,,120.7048,factor_candle,FRED CSV Gateway mirror,learning_only_mirror
DTWEXBGS,2024-04-10,2024-04-10T00:00:00Z,daily,121.5727,121.5727,121.5727,121.5727,,121.5727,factor_candle,FRED CSV Gateway mirror,learning_only_mirror
DTWEXBGS,2024-04-11,2024-04-11T00:00:00Z,daily,121.6081,121.6081,121.6081,121.6081,,121.6081,factor_candle,FRED CSV Gateway mirror,learning_only_mirror
DTWEXBGS,2024-04-12,2024-04-12T00:00:00Z,daily,122.2885,122.2885,122.2885,122.2885,,122.2885,factor_candle,FRED CSV Gateway mirror,learning_only_mirror
DTWEXBGS,2024-04-15,2024-04-15T00:00:00Z,daily,122.425,122.425,122.425,122.425,,122.425,factor_candle,FRED CSV Gateway mirror,learning_only_mirror
DTWEXBGS,2024-04-16,2024-04-16T00:00:00Z,daily,123.1234,123.1234,123.1234,123.1234,,123.1234,factor_candle,FRED CSV Gateway mirror,learning_only_mirror
DTWEXBGS,2024-04-17,2024-04-17T00:00:00Z,daily,123.0207,123.0207,123.0207,123.0207,,123.0207,factor_candle,FRED CSV Gateway mirror,learning_only_mirror
DTWEXBGS,2024-04-18,2024-04-18T00:00:00Z,daily,123.0017,123.0017,123.0017,123.0017,,123.0017,factor_candle,FRED CSV Gateway mirror,learning_only_mirror
DTWEXBGS,2024-04-19,2024-04-19T00:00:00Z,daily,123.1075,123.1075,123.1075,123.1075,,123.1075,factor_candle,FRED CSV Gateway mirror,learning_only_mirror
DTWEXBGS,2024-04-22,2024-04-22T00:00:00Z,daily,123.0609,123.0609,123.0609,123.0609,,123.0609,factor_candle,FRED CSV Gateway mirror,learning_only_mirror
DTWEXBGS,2024-04-23,2024-04-23T00:00:00Z,daily,122.7227,122.7227,122.7227,122.7227,,122.7227,factor_candle,FRED CSV Gateway mirror,learning_only_mirror
DTWEXBGS,2024-04-24,2024-04-24T00:00:00Z,daily,122.89,122.89,122.89,122.89,,122.89,factor_candle,FRED CSV Gateway mirror,learning_only_mirror
DTWEXBGS,2024-04-25,2024-04-25T00:00:00Z,daily,122.8384,122.8384,122.8384,122.8384,,122.8384,factor_candle,FRED CSV Gateway mirror,learning_only_mirror
DTWEXBGS,2024-04-26,2024-04-26T00:00:00Z,daily,122.9471,122.9471,122.9471,122.9471,,122.9471,factor_candle,FRED CSV Gateway mirror,learning_only_mirror
DTWEXBGS,2024-04-29,2024-04-29T00:00:00Z,daily,122.5449,122.5449,122.5449,122.5449,,122.5449,factor_candle,FRED CSV Gateway mirror,learning_only_mirror
DTWEXBGS,2024-04-30,2024-04-30T00:00:00Z,daily,122.9853,122.9853,122.9853,122.9853,,122.9853,factor_candle,FRED CSV Gateway mirror,learning_only_mirror
DTWEXBGS,2024-05-01,2024-05-01T00:00:00Z,daily,123.0168,123.0168,123.0168,123.0168,,123.0168,factor_candle,FRED CSV Gateway mirror,learning_only_mirror
DTWEXBGS,2024-05-02,2024-05-02T00:00:00Z,daily,122.4384,122.4384,122.4384,122.4384,,122.4384,factor_candle,FRED CSV Gateway mirror,learning_only_mirror
DTWEXBGS,2024-05-03,2024-05-03T00:00:00Z,daily,122.1375,122.1375,122.1375,122.1375,,122.1375,factor_candle,FRED CSV Gateway mirror,learning_only_mirror
DTWEXBGS,2024-05-06,2024-05-06T00:00:00Z,daily,121.8913,121.8913,121.8913,121.8913,,121.8913,factor_candle,FRED CSV Gateway mirror,learning_only_mirror
DTWEXBGS,2024-05-07,2024-05-07T00:00:00Z,daily,122.093,122.093,122.093,122.093,,122.093,factor_candle,FRED CSV Gateway mirror,learning_only_mirror
DTWEXBGS,2024-05-08,2024-05-08T00:00:00Z,daily,122.1926,122.1926,122.1926,122.1926,,122.1926,factor_candle,FRED CSV Gateway mirror,learning_only_mirror
DTWEXBGS,2024-05-09,2024-05-09T00:00:00Z,daily,122.1634,122.1634,122.1634,122.1634,,122.1634,factor_candle,FRED CSV Gateway mirror,learning_only_mirror
DTWEXBGS,2024-05-10,2024-05-10T00:00:00Z,daily,122.014,122.014,122.014,122.014,,122.014,factor_candle,FRED CSV Gateway mirror,learning_only_mirror
DTWEXBGS,2024-05-13,2024-05-13T00:00:00Z,daily,122.0261,122.0261,122.0261,122.0261,,122.0261,factor_candle,FRED CSV Gateway mirror,learning_only_mirror
DTWEXBGS,2024-05-14,2024-05-14T00:00:00Z,daily,121.9256,121.9256,121.9256,121.9256,,121.9256,factor_candle,FRED CSV Gateway mirror,learning_only_mirror
DTWEXBGS,2024-05-15,2024-05-15T00:00:00Z,daily,121.3543,121.3543,121.3543,121.3543,,121.3543,factor_candle,FRED CSV Gateway mirror,learning_only_mirror
DTWEXBGS,2024-05-16,2024-05-16T00:00:00Z,daily,121.2236,121.2236,121.2236,121.2236,,121.2236,factor_candle,FRED CSV Gateway mirror,learning_only_mirror
DTWEXBGS,2024-05-17,2024-05-17T00:00:00Z,daily,121.2354,121.2354,121.2354,121.2354,,121.2354,factor_candle,FRED CSV Gateway mirror,learning_only_mirror
DTWEXBGS,2024-05-20,2024-05-20T00:00:00Z,daily,121.2289,121.2289,121.2289,121.2289,,121.2289,factor_candle,FRED CSV Gateway mirror,learning_only_mirror
DTWEXBGS,2024-05-21,2024-05-21T00:00:00Z,daily,121.3793,121.3793,121.3793,121.3793,,121.3793,factor_candle,FRED CSV Gateway mirror,learning_only_mirror
DTWEXBGS,2024-05-22,2024-05-22T00:00:00Z,daily,121.5462,121.5462,121.5462,121.5462,,121.5462,factor_candle,FRED CSV Gateway mirror,learning_only_mirror
DTWEXBGS,2024-05-23,2024-05-23T00:00:00Z,daily,121.7477,121.7477,121.7477,121.7477,,121.7477,factor_candle,FRED CSV Gateway mirror,learning_only_mirror
DTWEXBGS,2024-05-24,2024-05-24T00:00:00Z,daily,121.6172,121.6172,121.6172,121.6172,,121.6172,factor_candle,FRED CSV Gateway mirror,learning_only_mirror
DTWEXBGS,2024-05-28,2024-05-28T00:00:00Z,daily,121.43,121.43,121.43,121.43,,121.43,factor_candle,FRED CSV Gateway mirror,learning_only_mirror
DTWEXBGS,2024-05-29,2024-05-29T00:00:00Z,daily,122.1641,122.1641,122.1641,122.1641,,122.1641,factor_candle,FRED CSV Gateway mirror,learning_only_mirror
DTWEXBGS,2024-05-30,2024-05-30T00:00:00Z,daily,121.9601,121.9601,121.9601,121.9601,,121.9601,factor_candle,FRED CSV Gateway mirror,learning_only_mirror
DTWEXBGS,2024-05-31,2024-05-31T00:00:00Z,daily,122.098,122.098,122.098,122.098,,122.098,factor_candle,FRED CSV Gateway mirror,learning_only_mirror
DTWEXBGS,2024-06-03,2024-06-03T00:00:00Z,daily,122.3509,122.3509,122.3509,122.3509,,122.3509,factor_candle,FRED CSV Gateway mirror,learning_only_mirror
DTWEXBGS,2024-06-04,2024-06-04T00:00:00Z,daily,122.7256,122.7256,122.7256,122.7256,,122.7256,factor_candle,FRED CSV Gateway mirror,learning_only_mirror
DTWEXBGS,2024-06-05,2024-06-05T00:00:00Z,daily,122.5339,122.5339,122.5339,122.5339,,122.5339,factor_candle,FRED CSV Gateway mirror,learning_only_mirror
DTWEXBGS,2024-06-06,2024-06-06T00:00:00Z,daily,122.3713,122.3713,122.3713,122.3713,,122.3713,factor_candle,FRED CSV Gateway mirror,learning_only_mirror
DTWEXBGS,2024-06-07,2024-06-07T00:00:00Z,daily,123.549,123.549,123.549,123.549,,123.549,factor_candle,FRED CSV Gateway mirror,learning_only_mirror
DTWEXBGS,2024-06-10,2024-06-10T00:00:00Z,daily,123.9125,123.9125,123.9125,123.9125,,123.9125,factor_candle,FRED CSV Gateway mirror,learning_only_mirror
DTWEXBGS,2024-06-11,2024-06-11T00:00:00Z,daily,124.0349,124.0349,124.0349,124.0349,,124.0349,factor_candle,FRED CSV Gateway mirror,learning_only_mirror
DTWEXBGS,2024-06-12,2024-06-12T00:00:00Z,daily,123.8295,123.8295,123.8295,123.8295,,123.8295,factor_candle,FRED CSV Gateway mirror,learning_only_mirror
DTWEXBGS,2024-06-13,2024-06-13T00:00:00Z,daily,124.0235,124.0235,124.0235,124.0235,,124.0235,factor_candle,FRED CSV Gateway mirror,learning_only_mirror
DTWEXBGS,2024-06-14,2024-06-14T00:00:00Z,daily,124.1694,124.1694,124.1694,124.1694,,124.1694,factor_candle,FRED CSV Gateway mirror,learning_only_mirror
DTWEXBGS,2024-06-17,2024-06-17T00:00:00Z,daily,124.239,124.239,124.239,124.239,,124.239,factor_candle,FRED CSV Gateway mirror,learning_only_mirror
DTWEXBGS,2024-06-18,2024-06-18T00:00:00Z,daily,123.9776,123.9776,123.9776,123.9776,,123.9776,factor_candle,FRED CSV Gateway mirror,learning_only_mirror
DTWEXBGS,2024-06-20,2024-06-20T00:00:00Z,daily,124.192,124.192,124.192,124.192,,124.192,factor_candle,FRED CSV Gateway mirror,learning_only_mirror
DTWEXBGS,2024-06-21,2024-06-21T00:00:00Z,daily,124.1086,124.1086,124.1086,124.1086,,124.1086,factor_candle,FRED CSV Gateway mirror,learning_only_mirror
DTWEXBGS,2024-06-24,2024-06-24T00:00:00Z,daily,123.7125,123.7125,123.7125,123.7125,,123.7125,factor_candle,FRED CSV Gateway mirror,learning_only_mirror
DTWEXBGS,2024-06-25,2024-06-25T00:00:00Z,daily,123.9417,123.9417,123.9417,123.9417,,123.9417,factor_candle,FRED CSV Gateway mirror,learning_only_mirror
DTWEXBGS,2024-06-26,2024-06-26T00:00:00Z,daily,124.26,124.26,124.26,124.26,,124.26,factor_candle,FRED CSV Gateway mirror,learning_only_mirror
DTWEXBGS,2024-06-27,2024-06-27T00:00:00Z,daily,124.3379,124.3379,124.3379,124.3379,,124.3379,factor_candle,FRED CSV Gateway mirror,learning_only_mirror
DTWEXBGS,2024-06-28,2024-06-28T00:00:00Z,daily,124.2103,124.2103,124.2103,124.2103,,124.2103,factor_candle,FRED CSV Gateway mirror,learning_only_mirror
DTWEXBGS,2024-07-01,2024-07-01T00:00:00Z,daily,124.4667,124.4667,124.4667,124.4667,,124.4667,factor_candle,FRED CSV Gateway mirror,learning_only_mirror
DTWEXBGS,2024-07-02,2024-07-02T00:00:00Z,daily,124.2917,124.2917,124.2917,124.2917,,124.2917,factor_candle,FRED CSV Gateway mirror,learning_only_mirror
DTWEXBGS,2024-07-03,2024-07-03T00:00:00Z,daily,123.7768,123.7768,123.7768,123.7768,,123.7768,factor_candle,FRED CSV Gateway mirror,learning_only_mirror
DTWEXBGS,2024-07-05,2024-07-05T00:00:00Z,daily,123.4762,123.4762,123.4762,123.4762,,123.4762,factor_candle,FRED CSV Gateway mirror,learning_only_mirror
DTWEXBGS,2024-07-08,2024-07-08T00:00:00Z,daily,123.3576,123.3576,123.3576,123.3576,,123.3576,factor_candle,FRED CSV Gateway mirror,learning_only_mirror
DTWEXBGS,2024-07-09,2024-07-09T00:00:00Z,daily,123.4071,123.4071,123.4071,123.4071,,123.4071,factor_candle,FRED CSV Gateway mirror,learning_only_mirror
DTWEXBGS,2024-07-10,2024-07-10T00:00:00Z,daily,123.1895,123.1895,123.1895,123.1895,,123.1895,factor_candle,FRED CSV Gateway mirror,learning_only_mirror
DTWEXBGS,2024-07-11,2024-07-11T00:00:00Z,daily,122.769,122.769,122.769,122.769,,122.769,factor_candle,FRED CSV Gateway mirror,learning_only_mirror
DTWEXBGS,2024-07-12,2024-07-12T00:00:00Z,daily,122.4404,122.4404,122.4404,122.4404,,122.4404,factor_candle,FRED CSV Gateway mirror,learning_only_mirror
DTWEXBGS,2024-07-15,2024-07-15T00:00:00Z,daily,122.6347,122.6347,122.6347,122.6347,,122.6347,factor_candle,FRED CSV Gateway mirror,learning_only_mirror
DTWEXBGS,2024-07-16,2024-07-16T00:00:00Z,daily,122.7264,122.7264,122.7264,122.7264,,122.7264,factor_candle,FRED CSV Gateway mirror,learning_only_mirror
DTWEXBGS,2024-07-17,2024-07-17T00:00:00Z,daily,122.518,122.518,122.518,122.518,,122.518,factor_candle,FRED CSV Gateway mirror,learning_only_mirror
DTWEXBGS,2024-07-18,2024-07-18T00:00:00Z,daily,122.7909,122.7909,122.7909,122.7909,,122.7909,factor_candle,FRED CSV Gateway mirror,learning_only_mirror
DTWEXBGS,2024-07-19,2024-07-19T00:00:00Z,daily,123.147,123.147,123.147,123.147,,123.147,factor_candle,FRED CSV Gateway mirror,learning_only_mirror
DTWEXBGS,2024-07-22,2024-07-22T00:00:00Z,daily,123.2172,123.2172,123.2172,123.2172,,123.2172,factor_candle,FRED CSV Gateway mirror,learning_only_mirror
DTWEXBGS,2024-07-23,2024-07-23T00:00:00Z,daily,123.3843,123.3843,123.3843,123.3843,,123.3843,factor_candle,FRED CSV Gateway mirror,learning_only_mirror
DTWEXBGS,2024-07-24,2024-07-24T00:00:00Z,daily,123.5575,123.5575,123.5575,123.5575,,123.5575,factor_candle,FRED CSV Gateway mirror,learning_only_mirror
DTWEXBGS,2024-07-25,2024-07-25T00:00:00Z,daily,123.5286,123.5286,123.5286,123.5286,,123.5286,factor_candle,FRED CSV Gateway mirror,learning_only_mirror
DTWEXBGS,2024-07-26,2024-07-26T00:00:00Z,daily,123.672,123.672,123.672,123.672,,123.672,factor_candle,FRED CSV Gateway mirror,learning_only_mirror
DTWEXBGS,2024-07-29,2024-07-29T00:00:00Z,daily,124.1392,124.1392,124.1392,124.1392,,124.1392,factor_candle,FRED CSV Gateway mirror,learning_only_mirror
DTWEXBGS,2024-07-30,2024-07-30T00:00:00Z,daily,124.2855,124.2855,124.2855,124.2855,,124.2855,factor_candle,FRED CSV Gateway mirror,learning_only_mirror
DTWEXBGS,2024-07-31,2024-07-31T00:00:00Z,daily,123.6373,123.6373,123.6373,123.6373,,123.6373,factor_candle,FRED CSV Gateway mirror,learning_only_mirror
DTWEXBGS,2024-08-01,2024-08-01T00:00:00Z,daily,123.8693,123.8693,123.8693,123.8693,,123.8693,factor_candle,FRED CSV Gateway mirror,learning_only_mirror
DTWEXBGS,2024-08-02,2024-08-02T00:00:00Z,daily,123.4681,123.4681,123.4681,123.4681,,123.4681,factor_candle,FRED CSV Gateway mirror,learning_only_mirror
DTWEXBGS,2024-08-05,2024-08-05T00:00:00Z,daily,123.5787,123.5787,123.5787,123.5787,,123.5787,factor_candle,FRED CSV Gateway mirror,learning_only_mirror
DTWEXBGS,2024-08-06,2024-08-06T00:00:00Z,daily,123.6532,123.6532,123.6532,123.6532,,123.6532,factor_candle,FRED CSV Gateway mirror,learning_only_mirror
DTWEXBGS,2024-08-07,2024-08-07T00:00:00Z,daily,123.5698,123.5698,123.5698,123.5698,,123.5698,factor_candle,FRED CSV Gateway mirror,learning_only_mirror
DTWEXBGS,2024-08-08,2024-08-08T00:00:00Z,daily,123.4466,123.4466,123.4466,123.4466,,123.4466,factor_candle,FRED CSV Gateway mirror,learning_only_mirror
DTWEXBGS,2024-08-09,2024-08-09T00:00:00Z,daily,122.9276,122.9276,122.9276,122.9276,,122.9276,factor_candle,FRED CSV Gateway mirror,learning_only_mirror
DTWEXBGS,2024-08-12,2024-08-12T00:00:00Z,daily,123.2204,123.2204,123.2204,123.2204,,123.2204,factor_candle,FRED CSV Gateway mirror,learning_only_mirror
DTWEXBGS,2024-08-13,2024-08-13T00:00:00Z,daily,123.0146,123.0146,123.0146,123.0146,,123.0146,factor_candle,FRED CSV Gateway mirror,learning_only_mirror
DTWEXBGS,2024-08-14,2024-08-14T00:00:00Z,daily,122.4297,122.4297,122.4297,122.4297,,122.4297,factor_candle,FRED CSV Gateway mirror,learning_only_mirror
DTWEXBGS,2024-08-15,2024-08-15T00:00:00Z,daily,122.5844,122.5844,122.5844,122.5844,,122.5844,factor_candle,FRED CSV Gateway mirror,learning_only_mirror
DTWEXBGS,2024-08-16,2024-08-16T00:00:00Z,daily,122.3972,122.3972,122.3972,122.3972,,122.3972,factor_candle,FRED CSV Gateway mirror,learning_only_mirror
DTWEXBGS,2024-08-19,2024-08-19T00:00:00Z,daily,121.8788,121.8788,121.8788,121.8788,,121.8788,factor_candle,FRED CSV Gateway mirror,learning_only_mirror
DTWEXBGS,2024-08-20,2024-08-20T00:00:00Z,daily,121.7728,121.7728,121.7728,121.7728,,121.7728,factor_candle,FRED CSV Gateway mirror,learning_only_mirror
DTWEXBGS,2024-08-21,2024-08-21T00:00:00Z,daily,121.8535,121.8535,121.8535,121.8535,,121.8535,factor_candle,FRED CSV Gateway mirror,learning_only_mirror
DTWEXBGS,2024-08-22,2024-08-22T00:00:00Z,daily,122.3626,122.3626,122.3626,122.3626,,122.3626,factor_candle,FRED CSV Gateway mirror,learning_only_mirror
DTWEXBGS,2024-08-23,2024-08-23T00:00:00Z,daily,121.4597,121.4597,121.4597,121.4597,,121.4597,factor_candle,FRED CSV Gateway mirror,learning_only_mirror
DTWEXBGS,2024-08-26,2024-08-26T00:00:00Z,daily,121.6943,121.6943,121.6943,121.6943,,121.6943,factor_candle,FRED CSV Gateway mirror,learning_only_mirror
DTWEXBGS,2024-08-27,2024-08-27T00:00:00Z,daily,121.8672,121.8672,121.8672,121.8672,,121.8672,factor_candle,FRED CSV Gateway mirror,learning_only_mirror
DTWEXBGS,2024-08-28,2024-08-28T00:00:00Z,daily,121.8943,121.8943,121.8943,121.8943,,121.8943,factor_candle,FRED CSV Gateway mirror,learning_only_mirror
DTWEXBGS,2024-08-29,2024-08-29T00:00:00Z,daily,122.2333,122.2333,122.2333,122.2333,,122.2333,factor_candle,FRED CSV Gateway mirror,learning_only_mirror
DTWEXBGS,2024-08-30,2024-08-30T00:00:00Z,daily,122.3262,122.3262,122.3262,122.3262,,122.3262,factor_candle,FRED CSV Gateway mirror,learning_only_mirror
DTWEXBGS,2024-09-03,2024-09-03T00:00:00Z,daily,122.7811,122.7811,122.7811,122.7811,,122.7811,factor_candle,FRED CSV Gateway mirror,learning_only_mirror
DTWEXBGS,2024-09-04,2024-09-04T00:00:00Z,daily,122.5144,122.5144,122.5144,122.5144,,122.5144,factor_candle,FRED CSV Gateway mirror,learning_only_mirror
DTWEXBGS,2024-09-05,2024-09-05T00:00:00Z,daily,122.4533,122.4533,122.4533,122.4533,,122.4533,factor_candle,FRED CSV Gateway mirror,learning_only_mirror
DTWEXBGS,2024-09-06,2024-09-06T00:00:00Z,daily,122.4991,122.4991,122.4991,122.4991,,122.4991,factor_candle,FRED CSV Gateway mirror,learning_only_mirror
DTWEXBGS,2024-09-09,2024-09-09T00:00:00Z,daily,122.7156,122.7156,122.7156,122.7156,,122.7156,factor_candle,FRED CSV Gateway mirror,learning_only_mirror
DTWEXBGS,2024-09-10,2024-09-10T00:00:00Z,daily,123.0071,123.0071,123.0071,123.0071,,123.0071,factor_candle,FRED CSV Gateway mirror,learning_only_mirror
DTWEXBGS,2024-09-11,2024-09-11T00:00:00Z,daily,122.7754,122.7754,122.7754,122.7754,,122.7754,factor_candle,FRED CSV Gateway mirror,learning_only_mirror
DTWEXBGS,2024-09-12,2024-09-12T00:00:00Z,daily,122.4423,122.4423,122.4423,122.4423,,122.4423,factor_candle,FRED CSV Gateway mirror,learning_only_mirror
DTWEXBGS,2024-09-13,2024-09-13T00:00:00Z,daily,121.6551,121.6551,121.6551,121.6551,,121.6551,factor_candle,FRED CSV Gateway mirror,learning_only_mirror
DTWEXBGS,2024-09-16,2024-09-16T00:00:00Z,daily,121.4976,121.4976,121.4976,121.4976,,121.4976,factor_candle,FRED CSV Gateway mirror,learning_only_mirror
DTWEXBGS,2024-09-17,2024-09-17T00:00:00Z,daily,121.6031,121.6031,121.6031,121.6031,,121.6031,factor_candle,FRED CSV Gateway mirror,learning_only_mirror
DTWEXBGS,2024-09-18,2024-09-18T00:00:00Z,daily,121.5618,121.5618,121.5618,121.5618,,121.5618,factor_candle,FRED CSV Gateway mirror,learning_only_mirror
DTWEXBGS,2024-09-19,2024-09-19T00:00:00Z,daily,121.3059,121.3059,121.3059,121.3059,,121.3059,factor_candle,FRED CSV Gateway mirror,learning_only_mirror
DTWEXBGS,2024-09-20,2024-09-20T00:00:00Z,daily,121.4052,121.4052,121.4052,121.4052,,121.4052,factor_candle,FRED CSV Gateway mirror,learning_only_mirror
DTWEXBGS,2024-09-23,2024-09-23T00:00:00Z,daily,121.4303,121.4303,121.4303,121.4303,,121.4303,factor_candle,FRED CSV Gateway mirror,learning_only_mirror
DTWEXBGS,2024-09-24,2024-09-24T00:00:00Z,daily,121.1291,121.1291,121.1291,121.1291,,121.1291,factor_candle,FRED CSV Gateway mirror,learning_only_mirror
DTWEXBGS,2024-09-25,2024-09-25T00:00:00Z,daily,121.4447,121.4447,121.4447,121.4447,,121.4447,factor_candle,FRED CSV Gateway mirror,learning_only_mirror
DTWEXBGS,2024-09-26,2024-09-26T00:00:00Z,daily,121.0785,121.0785,121.0785,121.0785,,121.0785,factor_candle,FRED CSV Gateway mirror,learning_only_mirror
DTWEXBGS,2024-09-27,2024-09-27T00:00:00Z,daily,121.1111,121.1111,121.1111,121.1111,,121.1111,factor_candle,FRED CSV Gateway mirror,learning_only_mirror
DTWEXBGS,2024-09-30,2024-09-30T00:00:00Z,daily,121.2864,121.2864,121.2864,121.2864,,121.2864,factor_candle,FRED CSV Gateway mirror,learning_only_mirror
DTWEXBGS,2024-10-01,2024-10-01T00:00:00Z,daily,121.6881,121.6881,121.6881,121.6881,,121.6881,factor_candle,FRED CSV Gateway mirror,learning_only_mirror
DTWEXBGS,2024-10-02,2024-10-02T00:00:00Z,daily,121.5724,121.5724,121.5724,121.5724,,121.5724,factor_candle,FRED CSV Gateway mirror,learning_only_mirror
DTWEXBGS,2024-10-03,2024-10-03T00:00:00Z,daily,122.1197,122.1197,122.1197,122.1197,,122.1197,factor_candle,FRED CSV Gateway mirror,learning_only_mirror
DTWEXBGS,2024-10-04,2024-10-04T00:00:00Z,daily,122.2197,122.2197,122.2197,122.2197,,122.2197,factor_candle,FRED CSV Gateway mirror,learning_only_mirror
DTWEXBGS,2024-10-07,2024-10-07T00:00:00Z,daily,122.4241,122.4241,122.4241,122.4241,,122.4241,factor_candle,FRED CSV Gateway mirror,learning_only_mirror
DTWEXBGS,2024-10-08,2024-10-08T00:00:00Z,daily,122.6625,122.6625,122.6625,122.6625,,122.6625,factor_candle,FRED CSV Gateway mirror,learning_only_mirror
DTWEXBGS,2024-10-09,2024-10-09T00:00:00Z,daily,122.8821,122.8821,122.8821,122.8821,,122.8821,factor_candle,FRED CSV Gateway mirror,learning_only_mirror
DTWEXBGS,2024-10-10,2024-10-10T00:00:00Z,daily,123.0951,123.0951,123.0951,123.0951,,123.0951,factor_candle,FRED CSV Gateway mirror,learning_only_mirror
DTWEXBGS,2024-10-11,2024-10-11T00:00:00Z,daily,122.9805,122.9805,122.9805,122.9805,,122.9805,factor_candle,FRED CSV Gateway mirror,learning_only_mirror
DTWEXBGS,2024-10-15,2024-10-15T00:00:00Z,daily,123.5124,123.5124,123.5124,123.5124,,123.5124,factor_candle,FRED CSV Gateway mirror,learning_only_mirror
DTWEXBGS,2024-10-16,2024-10-16T00:00:00Z,daily,123.9235,123.9235,123.9235,123.9235,,123.9235,factor_candle,FRED CSV Gateway mirror,learning_only_mirror
DTWEXBGS,2024-10-17,2024-10-17T00:00:00Z,daily,124.1122,124.1122,124.1122,124.1122,,124.1122,factor_candle,FRED CSV Gateway mirror,learning_only_mirror
DTWEXBGS,2024-10-18,2024-10-18T00:00:00Z,daily,123.9185,123.9185,123.9185,123.9185,,123.9185,factor_candle,FRED CSV Gateway mirror,learning_only_mirror
DTWEXBGS,2024-10-21,2024-10-21T00:00:00Z,daily,124.4757,124.4757,124.4757,124.4757,,124.4757,factor_candle,FRED CSV Gateway mirror,learning_only_mirror
DTWEXBGS,2024-10-22,2024-10-22T00:00:00Z,daily,124.4107,124.4107,124.4107,124.4107,,124.4107,factor_candle,FRED CSV Gateway mirror,learning_only_mirror
DTWEXBGS,2024-10-23,2024-10-23T00:00:00Z,daily,124.6931,124.6931,124.6931,124.6931,,124.6931,factor_candle,FRED CSV Gateway mirror,learning_only_mirror
DTWEXBGS,2024-10-24,2024-10-24T00:00:00Z,daily,124.5127,124.5127,124.5127,124.5127,,124.5127,factor_candle,FRED CSV Gateway mirror,learning_only_mirror
DTWEXBGS,2024-10-25,2024-10-25T00:00:00Z,daily,124.6105,124.6105,124.6105,124.6105,,124.6105,factor_candle,FRED CSV Gateway mirror,learning_only_mirror
DTWEXBGS,2024-10-28,2024-10-28T00:00:00Z,daily,124.8076,124.8076,124.8076,124.8076,,124.8076,factor_candle,FRED CSV Gateway mirror,learning_only_mirror
DTWEXBGS,2024-10-29,2024-10-29T00:00:00Z,daily,124.8612,124.8612,124.8612,124.8612,,124.8612,factor_candle,FRED CSV Gateway mirror,learning_only_mirror
DTWEXBGS,2024-10-30,2024-10-30T00:00:00Z,daily,124.8153,124.8153,124.8153,124.8153,,124.8153,factor_candle,FRED CSV Gateway mirror,learning_only_mirror
DTWEXBGS,2024-10-31,2024-10-31T00:00:00Z,daily,124.7988,124.7988,124.7988,124.7988,,124.7988,factor_candle,FRED CSV Gateway mirror,learning_only_mirror
DTWEXBGS,2024-11-01,2024-11-01T00:00:00Z,daily,124.8076,124.8076,124.8076,124.8076,,124.8076,factor_candle,FRED CSV Gateway mirror,learning_only_mirror
DTWEXBGS,2024-11-04,2024-11-04T00:00:00Z,daily,124.5903,124.5903,124.5903,124.5903,,124.5903,factor_candle,FRED CSV Gateway mirror,learning_only_mirror
DTWEXBGS,2024-11-05,2024-11-05T00:00:00Z,daily,124.5532,124.5532,124.5532,124.5532,,124.5532,factor_candle,FRED CSV Gateway mirror,learning_only_mirror
DTWEXBGS,2024-11-06,2024-11-06T00:00:00Z,daily,125.7035,125.7035,125.7035,125.7035,,125.7035,factor_candle,FRED CSV Gateway mirror,learning_only_mirror
DTWEXBGS,2024-11-07,2024-11-07T00:00:00Z,daily,124.775,124.775,124.775,124.775,,124.775,factor_candle,FRED CSV Gateway mirror,learning_only_mirror
DTWEXBGS,2024-11-08,2024-11-08T00:00:00Z,daily,125.5811,125.5811,125.5811,125.5811,,125.5811,factor_candle,FRED CSV Gateway mirror,learning_only_mirror
DTWEXBGS,2024-11-12,2024-11-12T00:00:00Z,daily,126.7762,126.7762,126.7762,126.7762,,126.7762,factor_candle,FRED CSV Gateway mirror,learning_only_mirror
DTWEXBGS,2024-11-13,2024-11-13T00:00:00Z,daily,126.9572,126.9572,126.9572,126.9572,,126.9572,factor_candle,FRED CSV Gateway mirror,learning_only_mirror
DTWEXBGS,2024-11-14,2024-11-14T00:00:00Z,daily,127.0015,127.0015,127.0015,127.0015,,127.0015,factor_candle,FRED CSV Gateway mirror,learning_only_mirror
DTWEXBGS,2024-11-15,2024-11-15T00:00:00Z,daily,126.8848,126.8848,126.8848,126.8848,,126.8848,factor_candle,FRED CSV Gateway mirror,learning_only_mirror
DTWEXBGS,2024-11-18,2024-11-18T00:00:00Z,daily,126.6045,126.6045,126.6045,126.6045,,126.6045,factor_candle,FRED CSV Gateway mirror,learning_only_mirror
DTWEXBGS,2024-11-19,2024-11-19T00:00:00Z,daily,126.3994,126.3994,126.3994,126.3994,,126.3994,factor_candle,FRED CSV Gateway mirror,learning_only_mirror
DTWEXBGS,2024-11-20,2024-11-20T00:00:00Z,daily,126.88,126.88,126.88,126.88,,126.88,factor_candle,FRED CSV Gateway mirror,learning_only_mirror
DTWEXBGS,2024-11-21,2024-11-21T00:00:00Z,daily,127.1047,127.1047,127.1047,127.1047,,127.1047,factor_candle,FRED CSV Gateway mirror,learning_only_mirror
DTWEXBGS,2024-11-22,2024-11-22T00:00:00Z,daily,127.4712,127.4712,127.4712,127.4712,,127.4712,factor_candle,FRED CSV Gateway mirror,learning_only_mirror
DTWEXBGS,2024-11-25,2024-11-25T00:00:00Z,daily,126.9948,126.9948,126.9948,126.9948,,126.9948,factor_candle,FRED CSV Gateway mirror,learning_only_mirror
DTWEXBGS,2024-11-26,2024-11-26T00:00:00Z,daily,127.4301,127.4301,127.4301,127.4301,,127.4301,factor_candle,FRED CSV Gateway mirror,learning_only_mirror
DTWEXBGS,2024-11-27,2024-11-27T00:00:00Z,daily,126.8205,126.8205,126.8205,126.8205,,126.8205,factor_candle,FRED CSV Gateway mirror,learning_only_mirror
DTWEXBGS,2024-11-29,2024-11-29T00:00:00Z,daily,126.5798,126.5798,126.5798,126.5798,,126.5798,factor_candle,FRED CSV Gateway mirror,learning_only_mirror
DTWEXBGS,2024-12-02,2024-12-02T00:00:00Z,daily,127.1272,127.1272,127.1272,127.1272,,127.1272,factor_candle,FRED CSV Gateway mirror,learning_only_mirror
DTWEXBGS,2024-12-03,2024-12-03T00:00:00Z,daily,126.9565,126.9565,126.9565,126.9565,,126.9565,factor_candle,FRED CSV Gateway mirror,learning_only_mirror
DTWEXBGS,2024-12-04,2024-12-04T00:00:00Z,daily,126.7574,126.7574,126.7574,126.7574,,126.7574,factor_candle,FRED CSV Gateway mirror,learning_only_mirror
DTWEXBGS,2024-12-05,2024-12-05T00:00:00Z,daily,126.4286,126.4286,126.4286,126.4286,,126.4286,factor_candle,FRED CSV Gateway mirror,learning_only_mirror
DTWEXBGS,2024-12-06,2024-12-06T00:00:00Z,daily,126.688,126.688,126.688,126.688,,126.688,factor_candle,FRED CSV Gateway mirror,learning_only_mirror
DTWEXBGS,2024-12-09,2024-12-09T00:00:00Z,daily,126.5981,126.5981,126.5981,126.5981,,126.5981,factor_candle,FRED CSV Gateway mirror,learning_only_mirror
DTWEXBGS,2024-12-10,2024-12-10T00:00:00Z,daily,126.957,126.957,126.957,126.957,,126.957,factor_candle,FRED CSV Gateway mirror,learning_only_mirror
DTWEXBGS,2024-12-11,2024-12-11T00:00:00Z,daily,126.8483,126.8483,126.8483,126.8483,,126.8483,factor_candle,FRED CSV Gateway mirror,learning_only_mirror
DTWEXBGS,2024-12-12,2024-12-12T00:00:00Z,daily,126.9556,126.9556,126.9556,126.9556,,126.9556,factor_candle,FRED CSV Gateway mirror,learning_only_mirror
DTWEXBGS,2024-12-13,2024-12-13T00:00:00Z,daily,127.3096,127.3096,127.3096,127.3096,,127.3096,factor_candle,FRED CSV Gateway mirror,learning_only_mirror
DTWEXBGS,2024-12-16,2024-12-16T00:00:00Z,daily,127.2687,127.2687,127.2687,127.2687,,127.2687,factor_candle,FRED CSV Gateway mirror,learning_only_mirror
DTWEXBGS,2024-12-17,2024-12-17T00:00:00Z,daily,127.5043,127.5043,127.5043,127.5043,,127.5043,factor_candle,FRED CSV Gateway mirror,learning_only_mirror
DTWEXBGS,2024-12-18,2024-12-18T00:00:00Z,daily,127.6418,127.6418,127.6418,127.6418,,127.6418,factor_candle,FRED CSV Gateway mirror,learning_only_mirror
DTWEXBGS,2024-12-19,2024-12-19T00:00:00Z,daily,128.6366,128.6366,128.6366,128.6366,,128.6366,factor_candle,FRED CSV Gateway mirror,learning_only_mirror
DTWEXBGS,2024-12-20,2024-12-20T00:00:00Z,daily,127.893,127.893,127.893,127.893,,127.893,factor_candle,FRED CSV Gateway mirror,learning_only_mirror
DTWEXBGS,2024-12-23,2024-12-23T00:00:00Z,daily,128.3021,128.3021,128.3021,128.3021,,128.3021,factor_candle,FRED CSV Gateway mirror,learning_only_mirror
DTWEXBGS,2024-12-24,2024-12-24T00:00:00Z,daily,128.3377,128.3377,128.3377,128.3377,,128.3377,factor_candle,FRED CSV Gateway mirror,learning_only_mirror
DTWEXBGS,2024-12-26,2024-12-26T00:00:00Z,daily,128.3329,128.3329,128.3329,128.3329,,128.3329,factor_candle,FRED CSV Gateway mirror,learning_only_mirror
DTWEXBGS,2024-12-27,2024-12-27T00:00:00Z,daily,128.45,128.45,128.45,128.45,,128.45,factor_candle,FRED CSV Gateway mirror,learning_only_mirror
DTWEXBGS,2024-12-30,2024-12-30T00:00:00Z,daily,128.8205,128.8205,128.8205,128.8205,,128.8205,factor_candle,FRED CSV Gateway mirror,learning_only_mirror
DTWEXBGS,2024-12-31,2024-12-31T00:00:00Z,daily,129.2775,129.2775,129.2775,129.2775,,129.2775,factor_candle,FRED CSV Gateway mirror,learning_only_mirror
DTWEXBGS,2025-01-02,2025-01-02T00:00:00Z,daily,129.4598,129.4598,129.4598,129.4598,,129.4598,factor_candle,FRED CSV Gateway mirror,learning_only_mirror
DTWEXBGS,2025-01-03,2025-01-03T00:00:00Z,daily,129.4535,129.4535,129.4535,129.4535,,129.4535,factor_candle,FRED CSV Gateway mirror,learning_only_mirror
DTWEXBGS,2025-01-06,2025-01-06T00:00:00Z,daily,128.538,128.538,128.538,128.538,,128.538,factor_candle,FRED CSV Gateway mirror,learning_only_mirror
DTWEXBGS,2025-01-07,2025-01-07T00:00:00Z,daily,128.613,128.613,128.613,128.613,,128.613,factor_candle,FRED CSV Gateway mirror,learning_only_mirror
DTWEXBGS,2025-01-08,2025-01-08T00:00:00Z,daily,129.0785,129.0785,129.0785,129.0785,,129.0785,factor_candle,FRED CSV Gateway mirror,learning_only_mirror
DTWEXBGS,2025-01-09,2025-01-09T00:00:00Z,daily,129.2827,129.2827,129.2827,129.2827,,129.2827,factor_candle,FRED CSV Gateway mirror,learning_only_mirror
DTWEXBGS,2025-01-10,2025-01-10T00:00:00Z,daily,129.8664,129.8664,129.8664,129.8664,,129.8664,factor_candle,FRED CSV Gateway mirror,learning_only_mirror
DTWEXBGS,2025-01-13,2025-01-13T00:00:00Z,daily,130.0413,130.0413,130.0413,130.0413,,130.0413,factor_candle,FRED CSV Gateway mirror,learning_only_mirror
DTWEXBGS,2025-01-14,2025-01-14T00:00:00Z,daily,129.3812,129.3812,129.3812,129.3812,,129.3812,factor_candle,FRED CSV Gateway mirror,learning_only_mirror
DTWEXBGS,2025-01-15,2025-01-15T00:00:00Z,daily,129.2092,129.2092,129.2092,129.2092,,129.2092,factor_candle,FRED CSV Gateway mirror,learning_only_mirror
DTWEXBGS,2025-01-16,2025-01-16T00:00:00Z,daily,129.436,129.436,129.436,129.436,,129.436,factor_candle,FRED CSV Gateway mirror,learning_only_mirror
DTWEXBGS,2025-01-17,2025-01-17T00:00:00Z,daily,129.4859,129.4859,129.4859,129.4859,,129.4859,factor_candle,FRED CSV Gateway mirror,learning_only_mirror
DTWEXBGS,2025-01-21,2025-01-21T00:00:00Z,daily,128.4151,128.4151,128.4151,128.4151,,128.4151,factor_candle,FRED CSV Gateway mirror,learning_only_mirror
DTWEXBGS,2025-01-22,2025-01-22T00:00:00Z,daily,128.3402,128.3402,128.3402,128.3402,,128.3402,factor_candle,FRED CSV Gateway mirror,learning_only_mirror
DTWEXBGS,2025-01-23,2025-01-23T00:00:00Z,daily,128.2162,128.2162,128.2162,128.2162,,128.2162,factor_candle,FRED CSV Gateway mirror,learning_only_mirror
DTWEXBGS,2025-01-24,2025-01-24T00:00:00Z,daily,127.4611,127.4611,127.4611,127.4611,,127.4611,factor_candle,FRED CSV Gateway mirror,learning_only_mirror
DTWEXBGS,2025-01-27,2025-01-27T00:00:00Z,daily,128.0912,128.0912,128.0912,128.0912,,128.0912,factor_candle,FRED CSV Gateway mirror,learning_only_mirror
DTWEXBGS,2025-01-28,2025-01-28T00:00:00Z,daily,128.2817,128.2817,128.2817,128.2817,,128.2817,factor_candle,FRED CSV Gateway mirror,learning_only_mirror
DTWEXBGS,2025-01-29,2025-01-29T00:00:00Z,daily,128.3418,128.3418,128.3418,128.3418,,128.3418,factor_candle,FRED CSV Gateway mirror,learning_only_mirror
DTWEXBGS,2025-01-30,2025-01-30T00:00:00Z,daily,128.1004,128.1004,128.1004,128.1004,,128.1004,factor_candle,FRED CSV Gateway mirror,learning_only_mirror
DTWEXBGS,2025-01-31,2025-01-31T00:00:00Z,daily,128.4828,128.4828,128.4828,128.4828,,128.4828,factor_candle,FRED CSV Gateway mirror,learning_only_mirror
DTWEXBGS,2025-02-03,2025-02-03T00:00:00Z,daily,129.109,129.109,129.109,129.109,,129.109,factor_candle,FRED CSV Gateway mirror,learning_only_mirror
DTWEXBGS,2025-02-04,2025-02-04T00:00:00Z,daily,128.1083,128.1083,128.1083,128.1083,,128.1083,factor_candle,FRED CSV Gateway mirror,learning_only_mirror
DTWEXBGS,2025-02-05,2025-02-05T00:00:00Z,daily,127.9751,127.9751,127.9751,127.9751,,127.9751,factor_candle,FRED CSV Gateway mirror,learning_only_mirror
DTWEXBGS,2025-02-06,2025-02-06T00:00:00Z,daily,128.2017,128.2017,128.2017,128.2017,,128.2017,factor_candle,FRED CSV Gateway mirror,learning_only_mirror
DTWEXBGS,2025-02-07,2025-02-07T00:00:00Z,daily,128.4292,128.4292,128.4292,128.4292,,128.4292,factor_candle,FRED CSV Gateway mirror,learning_only_mirror
DTWEXBGS,2025-02-10,2025-02-10T00:00:00Z,daily,128.6382,128.6382,128.6382,128.6382,,128.6382,factor_candle,FRED CSV Gateway mirror,learning_only_mirror
DTWEXBGS,2025-02-11,2025-02-11T00:00:00Z,daily,128.4322,128.4322,128.4322,128.4322,,128.4322,factor_candle,FRED CSV Gateway mirror,learning_only_mirror
DTWEXBGS,2025-02-12,2025-02-12T00:00:00Z,daily,128.3288,128.3288,128.3288,128.3288,,128.3288,factor_candle,FRED CSV Gateway mirror,learning_only_mirror
DTWEXBGS,2025-02-13,2025-02-13T00:00:00Z,daily,127.8931,127.8931,127.8931,127.8931,,127.8931,factor_candle,FRED CSV Gateway mirror,learning_only_mirror
DTWEXBGS,2025-02-14,2025-02-14T00:00:00Z,daily,127.1491,127.1491,127.1491,127.1491,,127.1491,factor_candle,FRED CSV Gateway mirror,learning_only_mirror
DTWEXBGS,2025-02-18,2025-02-18T00:00:00Z,daily,127.2906,127.2906,127.2906,127.2906,,127.2906,factor_candle,FRED CSV Gateway mirror,learning_only_mirror
DTWEXBGS,2025-02-19,2025-02-19T00:00:00Z,daily,127.7317,127.7317,127.7317,127.7317,,127.7317,factor_candle,FRED CSV Gateway mirror,learning_only_mirror
DTWEXBGS,2025-02-20,2025-02-20T00:00:00Z,daily,127.1126,127.1126,127.1126,127.1126,,127.1126,factor_candle,FRED CSV Gateway mirror,learning_only_mirror
DTWEXBGS,2025-02-21,2025-02-21T00:00:00Z,daily,127.1408,127.1408,127.1408,127.1408,,127.1408,factor_candle,FRED CSV Gateway mirror,learning_only_mirror
DTWEXBGS,2025-02-24,2025-02-24T00:00:00Z,daily,127.1921,127.1921,127.1921,127.1921,,127.1921,factor_candle,FRED CSV Gateway mirror,learning_only_mirror
DTWEXBGS,2025-02-25,2025-02-25T00:00:00Z,daily,127.3752,127.3752,127.3752,127.3752,,127.3752,factor_candle,FRED CSV Gateway mirror,learning_only_mirror
DTWEXBGS,2025-02-26,2025-02-26T00:00:00Z,daily,127.2822,127.2822,127.2822,127.2822,,127.2822,factor_candle,FRED CSV Gateway mirror,learning_only_mirror
DTWEXBGS,2025-02-27,2025-02-27T00:00:00Z,daily,127.9704,127.9704,127.9704,127.9704,,127.9704,factor_candle,FRED CSV Gateway mirror,learning_only_mirror
DTWEXBGS,2025-02-28,2025-02-28T00:00:00Z,daily,128.2805,128.2805,128.2805,128.2805,,128.2805,factor_candle,FRED CSV Gateway mirror,learning_only_mirror
DTWEXBGS,2025-03-03,2025-03-03T00:00:00Z,daily,127.75,127.75,127.75,127.75,,127.75,factor_candle,FRED CSV Gateway mirror,learning_only_mirror
DTWEXBGS,2025-03-04,2025-03-04T00:00:00Z,daily,127.9966,127.9966,127.9966,127.9966,,127.9966,factor_candle,FRED CSV Gateway mirror,learning_only_mirror
DTWEXBGS,2025-03-05,2025-03-05T00:00:00Z,daily,126.504,126.504,126.504,126.504,,126.504,factor_candle,FRED CSV Gateway mirror,learning_only_mirror
DTWEXBGS,2025-03-06,2025-03-06T00:00:00Z,daily,126.1099,126.1099,126.1099,126.1099,,126.1099,factor_candle,FRED CSV Gateway mirror,learning_only_mirror
DTWEXBGS,2025-03-07,2025-03-07T00:00:00Z,daily,125.9814,125.9814,125.9814,125.9814,,125.9814,factor_candle,FRED CSV Gateway mirror,learning_only_mirror
DTWEXBGS,2025-03-10,2025-03-10T00:00:00Z,daily,126.268,126.268,126.268,126.268,,126.268,factor_candle,FRED CSV Gateway mirror,learning_only_mirror
DTWEXBGS,2025-03-11,2025-03-11T00:00:00Z,daily,126.0457,126.0457,126.0457,126.0457,,126.0457,factor_candle,FRED CSV Gateway mirror,learning_only_mirror
DTWEXBGS,2025-03-12,2025-03-12T00:00:00Z,daily,125.8664,125.8664,125.8664,125.8664,,125.8664,factor_candle,FRED CSV Gateway mirror,learning_only_mirror
DTWEXBGS,2025-03-13,2025-03-13T00:00:00Z,daily,126.0031,126.0031,126.0031,126.0031,,126.0031,factor_candle,FRED CSV Gateway mirror,learning_only_mirror
DTWEXBGS,2025-03-14,2025-03-14T00:00:00Z,daily,125.6942,125.6942,125.6942,125.6942,,125.6942,factor_candle,FRED CSV Gateway mirror,learning_only_mirror
DTWEXBGS,2025-03-17,2025-03-17T00:00:00Z,daily,125.3688,125.3688,125.3688,125.3688,,125.3688,factor_candle,FRED CSV Gateway mirror,learning_only_mirror
DTWEXBGS,2025-03-18,2025-03-18T00:00:00Z,daily,125.488,125.488,125.488,125.488,,125.488,factor_candle,FRED CSV Gateway mirror,learning_only_mirror
DTWEXBGS,2025-03-19,2025-03-19T00:00:00Z,daily,125.8006,125.8006,125.8006,125.8006,,125.8006,factor_candle,FRED CSV Gateway mirror,learning_only_mirror
DTWEXBGS,2025-03-20,2025-03-20T00:00:00Z,daily,125.985,125.985,125.985,125.985,,125.985,factor_candle,FRED CSV Gateway mirror,learning_only_mirror
DTWEXBGS,2025-03-21,2025-03-21T00:00:00Z,daily,126.2679,126.2679,126.2679,126.2679,,126.2679,factor_candle,FRED CSV Gateway mirror,learning_only_mirror
DTWEXBGS,2025-03-24,2025-03-24T00:00:00Z,daily,126.1956,126.1956,126.1956,126.1956,,126.1956,factor_candle,FRED CSV Gateway mirror,learning_only_mirror
DTWEXBGS,2025-03-25,2025-03-25T00:00:00Z,daily,126.0535,126.0535,126.0535,126.0535,,126.0535,factor_candle,FRED CSV Gateway mirror,learning_only_mirror
DTWEXBGS,2025-03-26,2025-03-26T00:00:00Z,daily,126.2364,126.2364,126.2364,126.2364,,126.2364,factor_candle,FRED CSV Gateway mirror,learning_only_mirror
DTWEXBGS,2025-03-27,2025-03-27T00:00:00Z,daily,126.3626,126.3626,126.3626,126.3626,,126.3626,factor_candle,FRED CSV Gateway mirror,learning_only_mirror
DTWEXBGS,2025-03-28,2025-03-28T00:00:00Z,daily,126.4187,126.4187,126.4187,126.4187,,126.4187,factor_candle,FRED CSV Gateway mirror,learning_only_mirror
DTWEXBGS,2025-03-31,2025-03-31T00:00:00Z,daily,126.7075,126.7075,126.7075,126.7075,,126.7075,factor_candle,FRED CSV Gateway mirror,learning_only_mirror
DTWEXBGS,2025-04-01,2025-04-01T00:00:00Z,daily,126.4338,126.4338,126.4338,126.4338,,126.4338,factor_candle,FRED CSV Gateway mirror,learning_only_mirror
DTWEXBGS,2025-04-02,2025-04-02T00:00:00Z,daily,126.3811,126.3811,126.3811,126.3811,,126.3811,factor_candle,FRED CSV Gateway mirror,learning_only_mirror
DTWEXBGS,2025-04-03,2025-04-03T00:00:00Z,daily,124.7316,124.7316,124.7316,124.7316,,124.7316,factor_candle,FRED CSV Gateway mirror,learning_only_mirror
DTWEXBGS,2025-04-04,2025-04-04T00:00:00Z,daily,125.8129,125.8129,125.8129,125.8129,,125.8129,factor_candle,FRED CSV Gateway mirror,learning_only_mirror
DTWEXBGS,2025-04-07,2025-04-07T00:00:00Z,daily,126.8282,126.8282,126.8282,126.8282,,126.8282,factor_candle,FRED CSV Gateway mirror,learning_only_mirror
DTWEXBGS,2025-04-08,2025-04-08T00:00:00Z,daily,126.8668,126.8668,126.8668,126.8668,,126.8668,factor_candle,FRED CSV Gateway mirror,learning_only_mirror
DTWEXBGS,2025-04-09,2025-04-09T00:00:00Z,daily,126.628,126.628,126.628,126.628,,126.628,factor_candle,FRED CSV Gateway mirror,learning_only_mirror
DTWEXBGS,2025-04-10,2025-04-10T00:00:00Z,daily,125.089,125.089,125.089,125.089,,125.089,factor_candle,FRED CSV Gateway mirror,learning_only_mirror
DTWEXBGS,2025-04-11,2025-04-11T00:00:00Z,daily,124.0163,124.0163,124.0163,124.0163,,124.0163,factor_candle,FRED CSV Gateway mirror,learning_only_mirror
DTWEXBGS,2025-04-14,2025-04-14T00:00:00Z,daily,123.6598,123.6598,123.6598,123.6598,,123.6598,factor_candle,FRED CSV Gateway mirror,learning_only_mirror
DTWEXBGS,2025-04-15,2025-04-15T00:00:00Z,daily,123.776,123.776,123.776,123.776,,123.776,factor_candle,FRED CSV Gateway mirror,learning_only_mirror
DTWEXBGS,2025-04-16,2025-04-16T00:00:00Z,daily,123.2724,123.2724,123.2724,123.2724,,123.2724,factor_candle,FRED CSV Gateway mirror,learning_only_mirror
DTWEXBGS,2025-04-17,2025-04-17T00:00:00Z,daily,123.1298,123.1298,123.1298,123.1298,,123.1298,factor_candle,FRED CSV Gateway mirror,learning_only_mirror
DTWEXBGS,2025-04-18,2025-04-18T00:00:00Z,daily,122.9865,122.9865,122.9865,122.9865,,122.9865,factor_candle,FRED CSV Gateway mirror,learning_only_mirror
DTWEXBGS,2025-04-21,2025-04-21T00:00:00Z,daily,122.3145,122.3145,122.3145,122.3145,,122.3145,factor_candle,FRED CSV Gateway mirror,learning_only_mirror
DTWEXBGS,2025-04-22,2025-04-22T00:00:00Z,daily,122.4175,122.4175,122.4175,122.4175,,122.4175,factor_candle,FRED CSV Gateway mirror,learning_only_mirror
DTWEXBGS,2025-04-23,2025-04-23T00:00:00Z,daily,123.0252,123.0252,123.0252,123.0252,,123.0252,factor_candle,FRED CSV Gateway mirror,learning_only_mirror
DTWEXBGS,2025-04-24,2025-04-24T00:00:00Z,daily,122.9251,122.9251,122.9251,122.9251,,122.9251,factor_candle,FRED CSV Gateway mirror,learning_only_mirror
DTWEXBGS,2025-04-25,2025-04-25T00:00:00Z,daily,122.8858,122.8858,122.8858,122.8858,,122.8858,factor_candle,FRED CSV Gateway mirror,learning_only_mirror
DTWEXBGS,2025-04-28,2025-04-28T00:00:00Z,daily,122.7176,122.7176,122.7176,122.7176,,122.7176,factor_candle,FRED CSV Gateway mirror,learning_only_mirror
DTWEXBGS,2025-04-29,2025-04-29T00:00:00Z,daily,122.5944,122.5944,122.5944,122.5944,,122.5944,factor_candle,FRED CSV Gateway mirror,learning_only_mirror
DTWEXBGS,2025-04-30,2025-04-30T00:00:00Z,daily,122.5921,122.5921,122.5921,122.5921,,122.5921,factor_candle,FRED CSV Gateway mirror,learning_only_mirror
DTWEXBGS,2025-05-01,2025-05-01T00:00:00Z,daily,123.1405,123.1405,123.1405,123.1405,,123.1405,factor_candle,FRED CSV Gateway mirror,learning_only_mirror
DTWEXBGS,2025-05-02,2025-05-02T00:00:00Z,daily,122.4962,122.4962,122.4962,122.4962,,122.4962,factor_candle,FRED CSV Gateway mirror,learning_only_mirror
DTWEXBGS,2025-05-05,2025-05-05T00:00:00Z,daily,122.2613,122.2613,122.2613,122.2613,,122.2613,factor_candle,FRED CSV Gateway mirror,learning_only_mirror
DTWEXBGS,2025-05-06,2025-05-06T00:00:00Z,daily,122.0417,122.0417,122.0417,122.0417,,122.0417,factor_candle,FRED CSV Gateway mirror,learning_only_mirror
DTWEXBGS,2025-05-07,2025-05-07T00:00:00Z,daily,122.117,122.117,122.117,122.117,,122.117,factor_candle,FRED CSV Gateway mirror,learning_only_mirror
DTWEXBGS,2025-05-08,2025-05-08T00:00:00Z,daily,122.7568,122.7568,122.7568,122.7568,,122.7568,factor_candle,FRED CSV Gateway mirror,learning_only_mirror
DTWEXBGS,2025-05-09,2025-05-09T00:00:00Z,daily,122.5191,122.5191,122.5191,122.5191,,122.5191,factor_candle,FRED CSV Gateway mirror,learning_only_mirror
DTWEXBGS,2025-05-12,2025-05-12T00:00:00Z,daily,123.4863,123.4863,123.4863,123.4863,,123.4863,factor_candle,FRED CSV Gateway mirror,learning_only_mirror
DTWEXBGS,2025-05-13,2025-05-13T00:00:00Z,daily,122.9583,122.9583,122.9583,122.9583,,122.9583,factor_candle,FRED CSV Gateway mirror,learning_only_mirror
DTWEXBGS,2025-05-14,2025-05-14T00:00:00Z,daily,122.6746,122.6746,122.6746,122.6746,,122.6746,factor_candle,FRED CSV Gateway mirror,learning_only_mirror
DTWEXBGS,2025-05-15,2025-05-15T00:00:00Z,daily,122.8174,122.8174,122.8174,122.8174,,122.8174,factor_candle,FRED CSV Gateway mirror,learning_only_mirror
DTWEXBGS,2025-05-16,2025-05-16T00:00:00Z,daily,123.0737,123.0737,123.0737,123.0737,,123.0737,factor_candle,FRED CSV Gateway mirror,learning_only_mirror
DTWEXBGS,2025-05-19,2025-05-19T00:00:00Z,daily,122.4186,122.4186,122.4186,122.4186,,122.4186,factor_candle,FRED CSV Gateway mirror,learning_only_mirror
DTWEXBGS,2025-05-20,2025-05-20T00:00:00Z,daily,122.3199,122.3199,122.3199,122.3199,,122.3199,factor_candle,FRED CSV Gateway mirror,learning_only_mirror
DTWEXBGS,2025-05-21,2025-05-21T00:00:00Z,daily,121.7496,121.7496,121.7496,121.7496,,121.7496,factor_candle,FRED CSV Gateway mirror,learning_only_mirror
DTWEXBGS,2025-05-22,2025-05-22T00:00:00Z,daily,122.0429,122.0429,122.0429,122.0429,,122.0429,factor_candle,FRED CSV Gateway mirror,learning_only_mirror
DTWEXBGS,2025-05-23,2025-05-23T00:00:00Z,daily,121.3837,121.3837,121.3837,121.3837,,121.3837,factor_candle,FRED CSV Gateway mirror,learning_only_mirror
DTWEXBGS,2025-05-27,2025-05-27T00:00:00Z,daily,121.6099,121.6099,121.6099,121.6099,,121.6099,factor_candle,FRED CSV Gateway mirror,learning_only_mirror
DTWEXBGS,2025-05-28,2025-05-28T00:00:00Z,daily,121.9888,121.9888,121.9888,121.9888,,121.9888,factor_candle,FRED CSV Gateway mirror,learning_only_mirror
DTWEXBGS,2025-05-29,2025-05-29T00:00:00Z,daily,121.5617,121.5617,121.5617,121.5617,,121.5617,factor_candle,FRED CSV Gateway mirror,learning_only_mirror
DTWEXBGS,2025-05-30,2025-05-30T00:00:00Z,daily,121.7674,121.7674,121.7674,121.7674,,121.7674,factor_candle,FRED CSV Gateway mirror,learning_only_mirror
DTWEXBGS,2025-06-02,2025-06-02T00:00:00Z,daily,121.1881,121.1881,121.1881,121.1881,,121.1881,factor_candle,FRED CSV Gateway mirror,learning_only_mirror
DTWEXBGS,2025-06-03,2025-06-03T00:00:00Z,daily,121.4592,121.4592,121.4592,121.4592,,121.4592,factor_candle,FRED CSV Gateway mirror,learning_only_mirror
DTWEXBGS,2025-06-04,2025-06-04T00:00:00Z,daily,121.0539,121.0539,121.0539,121.0539,,121.0539,factor_candle,FRED CSV Gateway mirror,learning_only_mirror
DTWEXBGS,2025-06-05,2025-06-05T00:00:00Z,daily,120.9596,120.9596,120.9596,120.9596,,120.9596,factor_candle,FRED CSV Gateway mirror,learning_only_mirror
DTWEXBGS,2025-06-06,2025-06-06T00:00:00Z,daily,121.161,121.161,121.161,121.161,,121.161,factor_candle,FRED CSV Gateway mirror,learning_only_mirror
DTWEXBGS,2025-06-09,2025-06-09T00:00:00Z,daily,120.9103,120.9103,120.9103,120.9103,,120.9103,factor_candle,FRED CSV Gateway mirror,learning_only_mirror
DTWEXBGS,2025-06-10,2025-06-10T00:00:00Z,daily,121.0485,121.0485,121.0485,121.0485,,121.0485,factor_candle,FRED CSV Gateway mirror,learning_only_mirror
DTWEXBGS,2025-06-11,2025-06-11T00:00:00Z,daily,120.587,120.587,120.587,120.587,,120.587,factor_candle,FRED CSV Gateway mirror,learning_only_mirror
DTWEXBGS,2025-06-12,2025-06-12T00:00:00Z,daily,120.1723,120.1723,120.1723,120.1723,,120.1723,factor_candle,FRED CSV Gateway mirror,learning_only_mirror
DTWEXBGS,2025-06-13,2025-06-13T00:00:00Z,daily,120.3245,120.3245,120.3245,120.3245,,120.3245,factor_candle,FRED CSV Gateway mirror,learning_only_mirror
DTWEXBGS,2025-06-16,2025-06-16T00:00:00Z,daily,120.1565,120.1565,120.1565,120.1565,,120.1565,factor_candle,FRED CSV Gateway mirror,learning_only_mirror
DTWEXBGS,2025-06-17,2025-06-17T00:00:00Z,daily,120.5048,120.5048,120.5048,120.5048,,120.5048,factor_candle,FRED CSV Gateway mirror,learning_only_mirror
DTWEXBGS,2025-06-18,2025-06-18T00:00:00Z,daily,120.7305,120.7305,120.7305,120.7305,,120.7305,factor_candle,FRED CSV Gateway mirror,learning_only_mirror
DTWEXBGS,2025-06-20,2025-06-20T00:00:00Z,daily,121.0408,121.0408,121.0408,121.0408,,121.0408,factor_candle,FRED CSV Gateway mirror,learning_only_mirror
DTWEXBGS,2025-06-23,2025-06-23T00:00:00Z,daily,121.1694,121.1694,121.1694,121.1694,,121.1694,factor_candle,FRED CSV Gateway mirror,learning_only_mirror
DTWEXBGS,2025-06-24,2025-06-24T00:00:00Z,daily,120.3645,120.3645,120.3645,120.3645,,120.3645,factor_candle,FRED CSV Gateway mirror,learning_only_mirror
DTWEXBGS,2025-06-25,2025-06-25T00:00:00Z,daily,120.3336,120.3336,120.3336,120.3336,,120.3336,factor_candle,FRED CSV Gateway mirror,learning_only_mirror
DTWEXBGS,2025-06-26,2025-06-26T00:00:00Z,daily,119.6451,119.6451,119.6451,119.6451,,119.6451,factor_candle,FRED CSV Gateway mirror,learning_only_mirror
DTWEXBGS,2025-06-27,2025-06-27T00:00:00Z,daily,119.659,119.659,119.659,119.659,,119.659,factor_candle,FRED CSV Gateway mirror,learning_only_mirror
DTWEXBGS,2025-06-30,2025-06-30T00:00:00Z,daily,119.4088,119.4088,119.4088,119.4088,,119.4088,factor_candle,FRED CSV Gateway mirror,learning_only_mirror
DTWEXBGS,2025-07-01,2025-07-01T00:00:00Z,daily,119.3436,119.3436,119.3436,119.3436,,119.3436,factor_candle,FRED CSV Gateway mirror,learning_only_mirror
DTWEXBGS,2025-07-02,2025-07-02T00:00:00Z,daily,119.3037,119.3037,119.3037,119.3037,,119.3037,factor_candle,FRED CSV Gateway mirror,learning_only_mirror
DTWEXBGS,2025-07-03,2025-07-03T00:00:00Z,daily,119.2382,119.2382,119.2382,119.2382,,119.2382,factor_candle,FRED CSV Gateway mirror,learning_only_mirror
DTWEXBGS,2025-07-07,2025-07-07T00:00:00Z,daily,119.6201,119.6201,119.6201,119.6201,,119.6201,factor_candle,FRED CSV Gateway mirror,learning_only_mirror
DTWEXBGS,2025-07-08,2025-07-08T00:00:00Z,daily,119.8371,119.8371,119.8371,119.8371,,119.8371,factor_candle,FRED CSV Gateway mirror,learning_only_mirror
DTWEXBGS,2025-07-09,2025-07-09T00:00:00Z,daily,119.7311,119.7311,119.7311,119.7311,,119.7311,factor_candle,FRED CSV Gateway mirror,learning_only_mirror
DTWEXBGS,2025-07-10,2025-07-10T00:00:00Z,daily,119.8343,119.8343,119.8343,119.8343,,119.8343,factor_candle,FRED CSV Gateway mirror,learning_only_mirror
DTWEXBGS,2025-07-11,2025-07-11T00:00:00Z,daily,119.9214,119.9214,119.9214,119.9214,,119.9214,factor_candle,FRED CSV Gateway mirror,learning_only_mirror
DTWEXBGS,2025-07-14,2025-07-14T00:00:00Z,daily,120.2209,120.2209,120.2209,120.2209,,120.2209,factor_candle,FRED CSV Gateway mirror,learning_only_mirror
DTWEXBGS,2025-07-15,2025-07-15T00:00:00Z,daily,120.5105,120.5105,120.5105,120.5105,,120.5105,factor_candle,FRED CSV Gateway mirror,learning_only_mirror
DTWEXBGS,2025-07-16,2025-07-16T00:00:00Z,daily,120.4175,120.4175,120.4175,120.4175,,120.4175,factor_candle,FRED CSV Gateway mirror,learning_only_mirror
DTWEXBGS,2025-07-17,2025-07-17T00:00:00Z,daily,120.6384,120.6384,120.6384,120.6384,,120.6384,factor_candle,FRED CSV Gateway mirror,learning_only_mirror
DTWEXBGS,2025-07-18,2025-07-18T00:00:00Z,daily,120.356,120.356,120.356,120.356,,120.356,factor_candle,FRED CSV Gateway mirror,learning_only_mirror
DTWEXBGS,2025-07-21,2025-07-21T00:00:00Z,daily,119.9961,119.9961,119.9961,119.9961,,119.9961,factor_candle,FRED CSV Gateway mirror,learning_only_mirror
DTWEXBGS,2025-07-22,2025-07-22T00:00:00Z,daily,119.681,119.681,119.681,119.681,,119.681,factor_candle,FRED CSV Gateway mirror,learning_only_mirror
DTWEXBGS,2025-07-23,2025-07-23T00:00:00Z,daily,119.5697,119.5697,119.5697,119.5697,,119.5697,factor_candle,FRED CSV Gateway mirror,learning_only_mirror
DTWEXBGS,2025-07-24,2025-07-24T00:00:00Z,daily,119.5664,119.5664,119.5664,119.5664,,119.5664,factor_candle,FRED CSV Gateway mirror,learning_only_mirror
DTWEXBGS,2025-07-25,2025-07-25T00:00:00Z,daily,119.9857,119.9857,119.9857,119.9857,,119.9857,factor_candle,FRED CSV Gateway mirror,learning_only_mirror
DTWEXBGS,2025-07-28,2025-07-28T00:00:00Z,daily,120.6149,120.6149,120.6149,120.6149,,120.6149,factor_candle,FRED CSV Gateway mirror,learning_only_mirror
DTWEXBGS,2025-07-29,2025-07-29T00:00:00Z,daily,120.9674,120.9674,120.9674,120.9674,,120.9674,factor_candle,FRED CSV Gateway mirror,learning_only_mirror
DTWEXBGS,2025-07-30,2025-07-30T00:00:00Z,daily,121.4042,121.4042,121.4042,121.4042,,121.4042,factor_candle,FRED CSV Gateway mirror,learning_only_mirror
DTWEXBGS,2025-07-31,2025-07-31T00:00:00Z,daily,121.721,121.721,121.721,121.721,,121.721,factor_candle,FRED CSV Gateway mirror,learning_only_mirror
DTWEXBGS,2025-08-01,2025-08-01T00:00:00Z,daily,121.2122,121.2122,121.2122,121.2122,,121.2122,factor_candle,FRED CSV Gateway mirror,learning_only_mirror
DTWEXBGS,2025-08-04,2025-08-04T00:00:00Z,daily,120.9859,120.9859,120.9859,120.9859,,120.9859,factor_candle,FRED CSV Gateway mirror,learning_only_mirror
DTWEXBGS,2025-08-05,2025-08-05T00:00:00Z,daily,120.9082,120.9082,120.9082,120.9082,,120.9082,factor_candle,FRED CSV Gateway mirror,learning_only_mirror
DTWEXBGS,2025-08-06,2025-08-06T00:00:00Z,daily,120.5082,120.5082,120.5082,120.5082,,120.5082,factor_candle,FRED CSV Gateway mirror,learning_only_mirror
DTWEXBGS,2025-08-07,2025-08-07T00:00:00Z,daily,120.5043,120.5043,120.5043,120.5043,,120.5043,factor_candle,FRED CSV Gateway mirror,learning_only_mirror
DTWEXBGS,2025-08-08,2025-08-08T00:00:00Z,daily,120.3329,120.3329,120.3329,120.3329,,120.3329,factor_candle,FRED CSV Gateway mirror,learning_only_mirror
DTWEXBGS,2025-08-11,2025-08-11T00:00:00Z,daily,120.6892,120.6892,120.6892,120.6892,,120.6892,factor_candle,FRED CSV Gateway mirror,learning_only_mirror
DTWEXBGS,2025-08-12,2025-08-12T00:00:00Z,daily,120.2736,120.2736,120.2736,120.2736,,120.2736,factor_candle,FRED CSV Gateway mirror,learning_only_mirror
DTWEXBGS,2025-08-13,2025-08-13T00:00:00Z,daily,120.13,120.13,120.13,120.13,,120.13,factor_candle,FRED CSV Gateway mirror,learning_only_mirror
DTWEXBGS,2025-08-14,2025-08-14T00:00:00Z,daily,120.6446,120.6446,120.6446,120.6446,,120.6446,factor_candle,FRED CSV Gateway mirror,learning_only_mirror
DTWEXBGS,2025-08-15,2025-08-15T00:00:00Z,daily,120.3377,120.3377,120.3377,120.3377,,120.3377,factor_candle,FRED CSV Gateway mirror,learning_only_mirror
DTWEXBGS,2025-08-18,2025-08-18T00:00:00Z,daily,120.5622,120.5622,120.5622,120.5622,,120.5622,factor_candle,FRED CSV Gateway mirror,learning_only_mirror
DTWEXBGS,2025-08-19,2025-08-19T00:00:00Z,daily,120.7224,120.7224,120.7224,120.7224,,120.7224,factor_candle,FRED CSV Gateway mirror,learning_only_mirror
DTWEXBGS,2025-08-20,2025-08-20T00:00:00Z,daily,120.7757,120.7757,120.7757,120.7757,,120.7757,factor_candle,FRED CSV Gateway mirror,learning_only_mirror
DTWEXBGS,2025-08-21,2025-08-21T00:00:00Z,daily,121.0843,121.0843,121.0843,121.0843,,121.0843,factor_candle,FRED CSV Gateway mirror,learning_only_mirror
DTWEXBGS,2025-08-22,2025-08-22T00:00:00Z,daily,120.2774,120.2774,120.2774,120.2774,,120.2774,factor_candle,FRED CSV Gateway mirror,learning_only_mirror
DTWEXBGS,2025-08-25,2025-08-25T00:00:00Z,daily,120.4214,120.4214,120.4214,120.4214,,120.4214,factor_candle,FRED CSV Gateway mirror,learning_only_mirror
DTWEXBGS,2025-08-26,2025-08-26T00:00:00Z,daily,120.5274,120.5274,120.5274,120.5274,,120.5274,factor_candle,FRED CSV Gateway mirror,learning_only_mirror
DTWEXBGS,2025-08-27,2025-08-27T00:00:00Z,daily,120.7274,120.7274,120.7274,120.7274,,120.7274,factor_candle,FRED CSV Gateway mirror,learning_only_mirror
DTWEXBGS,2025-08-28,2025-08-28T00:00:00Z,daily,120.2595,120.2595,120.2595,120.2595,,120.2595,factor_candle,FRED CSV Gateway mirror,learning_only_mirror
DTWEXBGS,2025-08-29,2025-08-29T00:00:00Z,daily,120.2082,120.2082,120.2082,120.2082,,120.2082,factor_candle,FRED CSV Gateway mirror,learning_only_mirror
DTWEXBGS,2025-09-02,2025-09-02T00:00:00Z,daily,120.6837,120.6837,120.6837,120.6837,,120.6837,factor_candle,FRED CSV Gateway mirror,learning_only_mirror
DTWEXBGS,2025-09-03,2025-09-03T00:00:00Z,daily,120.5052,120.5052,120.5052,120.5052,,120.5052,factor_candle,FRED CSV Gateway mirror,learning_only_mirror
DTWEXBGS,2025-09-04,2025-09-04T00:00:00Z,daily,120.7629,120.7629,120.7629,120.7629,,120.7629,factor_candle,FRED CSV Gateway mirror,learning_only_mirror
DTWEXBGS,2025-09-05,2025-09-05T00:00:00Z,daily,120.1282,120.1282,120.1282,120.1282,,120.1282,factor_candle,FRED CSV Gateway mirror,learning_only_mirror
DTWEXBGS,2025-09-08,2025-09-08T00:00:00Z,daily,120.0971,120.0971,120.0971,120.0971,,120.0971,factor_candle,FRED CSV Gateway mirror,learning_only_mirror
DTWEXBGS,2025-09-09,2025-09-09T00:00:00Z,daily,120.1569,120.1569,120.1569,120.1569,,120.1569,factor_candle,FRED CSV Gateway mirror,learning_only_mirror
DTWEXBGS,2025-09-10,2025-09-10T00:00:00Z,daily,120.1223,120.1223,120.1223,120.1223,,120.1223,factor_candle,FRED CSV Gateway mirror,learning_only_mirror
DTWEXBGS,2025-09-11,2025-09-11T00:00:00Z,daily,119.9534,119.9534,119.9534,119.9534,,119.9534,factor_candle,FRED CSV Gateway mirror,learning_only_mirror
DTWEXBGS,2025-09-12,2025-09-12T00:00:00Z,daily,120.0611,120.0611,120.0611,120.0611,,120.0611,factor_candle,FRED CSV Gateway mirror,learning_only_mirror
DTWEXBGS,2025-09-15,2025-09-15T00:00:00Z,daily,119.5644,119.5644,119.5644,119.5644,,119.5644,factor_candle,FRED CSV Gateway mirror,learning_only_mirror
DTWEXBGS,2025-09-16,2025-09-16T00:00:00Z,daily,119.1348,119.1348,119.1348,119.1348,,119.1348,factor_candle,FRED CSV Gateway mirror,learning_only_mirror
DTWEXBGS,2025-09-17,2025-09-17T00:00:00Z,daily,119.1582,119.1582,119.1582,119.1582,,119.1582,factor_candle,FRED CSV Gateway mirror,learning_only_mirror
DTWEXBGS,2025-09-18,2025-09-18T00:00:00Z,daily,119.6616,119.6616,119.6616,119.6616,,119.6616,factor_candle,FRED CSV Gateway mirror,learning_only_mirror
DTWEXBGS,2025-09-19,2025-09-19T00:00:00Z,daily,119.7858,119.7858,119.7858,119.7858,,119.7858,factor_candle,FRED CSV Gateway mirror,learning_only_mirror
DTWEXBGS,2025-09-22,2025-09-22T00:00:00Z,daily,119.8152,119.8152,119.8152,119.8152,,119.8152,factor_candle,FRED CSV Gateway mirror,learning_only_mirror
DTWEXBGS,2025-09-23,2025-09-23T00:00:00Z,daily,119.6202,119.6202,119.6202,119.6202,,119.6202,factor_candle,FRED CSV Gateway mirror,learning_only_mirror
DTWEXBGS,2025-09-24,2025-09-24T00:00:00Z,daily,120.1707,120.1707,120.1707,120.1707,,120.1707,factor_candle,FRED CSV Gateway mirror,learning_only_mirror
DTWEXBGS,2025-09-25,2025-09-25T00:00:00Z,daily,120.5419,120.5419,120.5419,120.5419,,120.5419,factor_candle,FRED CSV Gateway mirror,learning_only_mirror
DTWEXBGS,2025-09-26,2025-09-26T00:00:00Z,daily,120.4349,120.4349,120.4349,120.4349,,120.4349,factor_candle,FRED CSV Gateway mirror,learning_only_mirror
DTWEXBGS,2025-09-29,2025-09-29T00:00:00Z,daily,120.115,120.115,120.115,120.115,,120.115,factor_candle,FRED CSV Gateway mirror,learning_only_mirror
DTWEXBGS,2025-09-30,2025-09-30T00:00:00Z,daily,120.1368,120.1368,120.1368,120.1368,,120.1368,factor_candle,FRED CSV Gateway mirror,learning_only_mirror
DTWEXBGS,2025-10-01,2025-10-01T00:00:00Z,daily,120.1502,120.1502,120.1502,120.1502,,120.1502,factor_candle,FRED CSV Gateway mirror,learning_only_mirror
DTWEXBGS,2025-10-02,2025-10-02T00:00:00Z,daily,120.4296,120.4296,120.4296,120.4296,,120.4296,factor_candle,FRED CSV Gateway mirror,learning_only_mirror
DTWEXBGS,2025-10-03,2025-10-03T00:00:00Z,daily,120.0881,120.0881,120.0881,120.0881,,120.0881,factor_candle,FRED CSV Gateway mirror,learning_only_mirror
DTWEXBGS,2025-10-06,2025-10-06T00:00:00Z,daily,120.2722,120.2722,120.2722,120.2722,,120.2722,factor_candle,FRED CSV Gateway mirror,learning_only_mirror
DTWEXBGS,2025-10-07,2025-10-07T00:00:00Z,daily,120.4884,120.4884,120.4884,120.4884,,120.4884,factor_candle,FRED CSV Gateway mirror,learning_only_mirror
DTWEXBGS,2025-10-08,2025-10-08T00:00:00Z,daily,120.7766,120.7766,120.7766,120.7766,,120.7766,factor_candle,FRED CSV Gateway mirror,learning_only_mirror
DTWEXBGS,2025-10-09,2025-10-09T00:00:00Z,daily,121.0902,121.0902,121.0902,121.0902,,121.0902,factor_candle,FRED CSV Gateway mirror,learning_only_mirror
DTWEXBGS,2025-10-10,2025-10-10T00:00:00Z,daily,121.1163,121.1163,121.1163,121.1163,,121.1163,factor_candle,FRED CSV Gateway mirror,learning_only_mirror
DTWEXBGS,2025-10-14,2025-10-14T00:00:00Z,daily,121.1822,121.1822,121.1822,121.1822,,121.1822,factor_candle,FRED CSV Gateway mirror,learning_only_mirror
DTWEXBGS,2025-10-15,2025-10-15T00:00:00Z,daily,120.8642,120.8642,120.8642,120.8642,,120.8642,factor_candle,FRED CSV Gateway mirror,learning_only_mirror
DTWEXBGS,2025-10-16,2025-10-16T00:00:00Z,daily,120.6698,120.6698,120.6698,120.6698,,120.6698,factor_candle,FRED CSV Gateway mirror,learning_only_mirror
DTWEXBGS,2025-10-17,2025-10-17T00:00:00Z,daily,120.7028,120.7028,120.7028,120.7028,,120.7028,factor_candle,FRED CSV Gateway mirror,learning_only_mirror
DTWEXBGS,2025-10-20,2025-10-20T00:00:00Z,daily,120.6209,120.6209,120.6209,120.6209,,120.6209,factor_candle,FRED CSV Gateway mirror,learning_only_mirror
DTWEXBGS,2025-10-21,2025-10-21T00:00:00Z,daily,120.8895,120.8895,120.8895,120.8895,,120.8895,factor_candle,FRED CSV Gateway mirror,learning_only_mirror
DTWEXBGS,2025-10-22,2025-10-22T00:00:00Z,daily,120.8958,120.8958,120.8958,120.8958,,120.8958,factor_candle,FRED CSV Gateway mirror,learning_only_mirror
DTWEXBGS,2025-10-23,2025-10-23T00:00:00Z,daily,120.9531,120.9531,120.9531,120.9531,,120.9531,factor_candle,FRED CSV Gateway mirror,learning_only_mirror
DTWEXBGS,2025-10-24,2025-10-24T00:00:00Z,daily,120.9345,120.9345,120.9345,120.9345,,120.9345,factor_candle,FRED CSV Gateway mirror,learning_only_mirror
DTWEXBGS,2025-10-27,2025-10-27T00:00:00Z,daily,120.7988,120.7988,120.7988,120.7988,,120.7988,factor_candle,FRED CSV Gateway mirror,learning_only_mirror
DTWEXBGS,2025-10-28,2025-10-28T00:00:00Z,daily,120.6361,120.6361,120.6361,120.6361,,120.6361,factor_candle,FRED CSV Gateway mirror,learning_only_mirror
DTWEXBGS,2025-10-29,2025-10-29T00:00:00Z,daily,120.5312,120.5312,120.5312,120.5312,,120.5312,factor_candle,FRED CSV Gateway mirror,learning_only_mirror
DTWEXBGS,2025-10-30,2025-10-30T00:00:00Z,daily,121.2832,121.2832,121.2832,121.2832,,121.2832,factor_candle,FRED CSV Gateway mirror,learning_only_mirror
DTWEXBGS,2025-10-31,2025-10-31T00:00:00Z,daily,121.3859,121.3859,121.3859,121.3859,,121.3859,factor_candle,FRED CSV Gateway mirror,learning_only_mirror
DTWEXBGS,2025-11-03,2025-11-03T00:00:00Z,daily,121.4512,121.4512,121.4512,121.4512,,121.4512,factor_candle,FRED CSV Gateway mirror,learning_only_mirror
DTWEXBGS,2025-11-04,2025-11-04T00:00:00Z,daily,121.8271,121.8271,121.8271,121.8271,,121.8271,factor_candle,FRED CSV Gateway mirror,learning_only_mirror
DTWEXBGS,2025-11-05,2025-11-05T00:00:00Z,daily,121.8482,121.8482,121.8482,121.8482,,121.8482,factor_candle,FRED CSV Gateway mirror,learning_only_mirror
DTWEXBGS,2025-11-06,2025-11-06T00:00:00Z,daily,121.6948,121.6948,121.6948,121.6948,,121.6948,factor_candle,FRED CSV Gateway mirror,learning_only_mirror
DTWEXBGS,2025-11-07,2025-11-07T00:00:00Z,daily,121.388,121.388,121.388,121.388,,121.388,factor_candle,FRED CSV Gateway mirror,learning_only_mirror
DTWEXBGS,2025-11-10,2025-11-10T00:00:00Z,daily,121.2984,121.2984,121.2984,121.2984,,121.2984,factor_candle,FRED CSV Gateway mirror,learning_only_mirror
DTWEXBGS,2025-11-12,2025-11-12T00:00:00Z,daily,121.0458,121.0458,121.0458,121.0458,,121.0458,factor_candle,FRED CSV Gateway mirror,learning_only_mirror
DTWEXBGS,2025-11-13,2025-11-13T00:00:00Z,daily,120.7725,120.7725,120.7725,120.7725,,120.7725,factor_candle,FRED CSV Gateway mirror,learning_only_mirror
DTWEXBGS,2025-11-14,2025-11-14T00:00:00Z,daily,120.9666,120.9666,120.9666,120.9666,,120.9666,factor_candle,FRED CSV Gateway mirror,learning_only_mirror
DTWEXBGS,2025-11-17,2025-11-17T00:00:00Z,daily,121.1146,121.1146,121.1146,121.1146,,121.1146,factor_candle,FRED CSV Gateway mirror,learning_only_mirror
DTWEXBGS,2025-11-18,2025-11-18T00:00:00Z,daily,121.2127,121.2127,121.2127,121.2127,,121.2127,factor_candle,FRED CSV Gateway mirror,learning_only_mirror
DTWEXBGS,2025-11-19,2025-11-19T00:00:00Z,daily,121.4978,121.4978,121.4978,121.4978,,121.4978,factor_candle,FRED CSV Gateway mirror,learning_only_mirror
DTWEXBGS,2025-11-20,2025-11-20T00:00:00Z,daily,121.6889,121.6889,121.6889,121.6889,,121.6889,factor_candle,FRED CSV Gateway mirror,learning_only_mirror
DTWEXBGS,2025-11-21,2025-11-21T00:00:00Z,daily,121.8653,121.8653,121.8653,121.8653,,121.8653,factor_candle,FRED CSV Gateway mirror,learning_only_mirror
DTWEXBGS,2025-11-24,2025-11-24T00:00:00Z,daily,121.9171,121.9171,121.9171,121.9171,,121.9171,factor_candle,FRED CSV Gateway mirror,learning_only_mirror
DTWEXBGS,2025-11-25,2025-11-25T00:00:00Z,daily,121.6335,121.6335,121.6335,121.6335,,121.6335,factor_candle,FRED CSV Gateway mirror,learning_only_mirror
DTWEXBGS,2025-11-26,2025-11-26T00:00:00Z,daily,121.2437,121.2437,121.2437,121.2437,,121.2437,factor_candle,FRED CSV Gateway mirror,learning_only_mirror
DTWEXBGS,2025-11-28,2025-11-28T00:00:00Z,daily,121.0527,121.0527,121.0527,121.0527,,121.0527,factor_candle,FRED CSV Gateway mirror,learning_only_mirror
DTWEXBGS,2025-12-01,2025-12-01T00:00:00Z,daily,120.9862,120.9862,120.9862,120.9862,,120.9862,factor_candle,FRED CSV Gateway mirror,learning_only_mirror
DTWEXBGS,2025-12-02,2025-12-02T00:00:00Z,daily,121.1467,121.1467,121.1467,121.1467,,121.1467,factor_candle,FRED CSV Gateway mirror,learning_only_mirror
DTWEXBGS,2025-12-03,2025-12-03T00:00:00Z,daily,120.7336,120.7336,120.7336,120.7336,,120.7336,factor_candle,FRED CSV Gateway mirror,learning_only_mirror
DTWEXBGS,2025-12-04,2025-12-04T00:00:00Z,daily,120.6766,120.6766,120.6766,120.6766,,120.6766,factor_candle,FRED CSV Gateway mirror,learning_only_mirror
DTWEXBGS,2025-12-05,2025-12-05T00:00:00Z,daily,120.6863,120.6863,120.6863,120.6863,,120.6863,factor_candle,FRED CSV Gateway mirror,learning_only_mirror
DTWEXBGS,2025-12-08,2025-12-08T00:00:00Z,daily,120.776,120.776,120.776,120.776,,120.776,factor_candle,FRED CSV Gateway mirror,learning_only_mirror
DTWEXBGS,2025-12-09,2025-12-09T00:00:00Z,daily,120.6832,120.6832,120.6832,120.6832,,120.6832,factor_candle,FRED CSV Gateway mirror,learning_only_mirror
DTWEXBGS,2025-12-10,2025-12-10T00:00:00Z,daily,120.6752,120.6752,120.6752,120.6752,,120.6752,factor_candle,FRED CSV Gateway mirror,learning_only_mirror
DTWEXBGS,2025-12-11,2025-12-11T00:00:00Z,daily,119.98,119.98,119.98,119.98,,119.98,factor_candle,FRED CSV Gateway mirror,learning_only_mirror
DTWEXBGS,2025-12-12,2025-12-12T00:00:00Z,daily,120.1442,120.1442,120.1442,120.1442,,120.1442,factor_candle,FRED CSV Gateway mirror,learning_only_mirror
DTWEXBGS,2025-12-15,2025-12-15T00:00:00Z,daily,119.9561,119.9561,119.9561,119.9561,,119.9561,factor_candle,FRED CSV Gateway mirror,learning_only_mirror
DTWEXBGS,2025-12-16,2025-12-16T00:00:00Z,daily,119.8902,119.8902,119.8902,119.8902,,119.8902,factor_candle,FRED CSV Gateway mirror,learning_only_mirror
DTWEXBGS,2025-12-17,2025-12-17T00:00:00Z,daily,120.155,120.155,120.155,120.155,,120.155,factor_candle,FRED CSV Gateway mirror,learning_only_mirror
DTWEXBGS,2025-12-18,2025-12-18T00:00:00Z,daily,120.0528,120.0528,120.0528,120.0528,,120.0528,factor_candle,FRED CSV Gateway mirror,learning_only_mirror
DTWEXBGS,2025-12-19,2025-12-19T00:00:00Z,daily,120.1652,120.1652,120.1652,120.1652,,120.1652,factor_candle,FRED CSV Gateway mirror,learning_only_mirror
DTWEXBGS,2025-12-22,2025-12-22T00:00:00Z,daily,119.9912,119.9912,119.9912,119.9912,,119.9912,factor_candle,FRED CSV Gateway mirror,learning_only_mirror
DTWEXBGS,2025-12-23,2025-12-23T00:00:00Z,daily,119.7057,119.7057,119.7057,119.7057,,119.7057,factor_candle,FRED CSV Gateway mirror,learning_only_mirror
DTWEXBGS,2025-12-24,2025-12-24T00:00:00Z,daily,119.4372,119.4372,119.4372,119.4372,,119.4372,factor_candle,FRED CSV Gateway mirror,learning_only_mirror
DTWEXBGS,2025-12-26,2025-12-26T00:00:00Z,daily,119.4723,119.4723,119.4723,119.4723,,119.4723,factor_candle,FRED CSV Gateway mirror,learning_only_mirror
DTWEXBGS,2025-12-29,2025-12-29T00:00:00Z,daily,119.5899,119.5899,119.5899,119.5899,,119.5899,factor_candle,FRED CSV Gateway mirror,learning_only_mirror
DTWEXBGS,2025-12-30,2025-12-30T00:00:00Z,daily,119.4939,119.4939,119.4939,119.4939,,119.4939,factor_candle,FRED CSV Gateway mirror,learning_only_mirror
DTWEXBGS,2025-12-31,2025-12-31T00:00:00Z,daily,119.7456,119.7456,119.7456,119.7456,,119.7456,factor_candle,FRED CSV Gateway mirror,learning_only_mirror
DTWEXBGS,2026-01-02,2026-01-02T00:00:00Z,daily,119.6059,119.6059,119.6059,119.6059,,119.6059,factor_candle,FRED CSV Gateway mirror,learning_only_mirror
DTWEXBGS,2026-01-05,2026-01-05T00:00:00Z,daily,119.6192,119.6192,119.6192,119.6192,,119.6192,factor_candle,FRED CSV Gateway mirror,learning_only_mirror
DTWEXBGS,2026-01-06,2026-01-06T00:00:00Z,daily,119.7807,119.7807,119.7807,119.7807,,119.7807,factor_candle,FRED CSV Gateway mirror,learning_only_mirror
DTWEXBGS,2026-01-07,2026-01-07T00:00:00Z,daily,119.8719,119.8719,119.8719,119.8719,,119.8719,factor_candle,FRED CSV Gateway mirror,learning_only_mirror
DTWEXBGS,2026-01-08,2026-01-08T00:00:00Z,daily,120.0904,120.0904,120.0904,120.0904,,120.0904,factor_candle,FRED CSV Gateway mirror,learning_only_mirror
DTWEXBGS,2026-01-09,2026-01-09T00:00:00Z,daily,120.2215,120.2215,120.2215,120.2215,,120.2215,factor_candle,FRED CSV Gateway mirror,learning_only_mirror
DTWEXBGS,2026-01-12,2026-01-12T00:00:00Z,daily,119.9958,119.9958,119.9958,119.9958,,119.9958,factor_candle,FRED CSV Gateway mirror,learning_only_mirror
DTWEXBGS,2026-01-13,2026-01-13T00:00:00Z,daily,120.1401,120.1401,120.1401,120.1401,,120.1401,factor_candle,FRED CSV Gateway mirror,learning_only_mirror
DTWEXBGS,2026-01-14,2026-01-14T00:00:00Z,daily,119.9537,119.9537,119.9537,119.9537,,119.9537,factor_candle,FRED CSV Gateway mirror,learning_only_mirror
DTWEXBGS,2026-01-15,2026-01-15T00:00:00Z,daily,119.9951,119.9951,119.9951,119.9951,,119.9951,factor_candle,FRED CSV Gateway mirror,learning_only_mirror
DTWEXBGS,2026-01-16,2026-01-16T00:00:00Z,daily,120.0838,120.0838,120.0838,120.0838,,120.0838,factor_candle,FRED CSV Gateway mirror,learning_only_mirror
DTWEXBGS,2026-01-20,2026-01-20T00:00:00Z,daily,119.4455,119.4455,119.4455,119.4455,,119.4455,factor_candle,FRED CSV Gateway mirror,learning_only_mirror
DTWEXBGS,2026-01-21,2026-01-21T00:00:00Z,daily,119.3431,119.3431,119.3431,119.3431,,119.3431,factor_candle,FRED CSV Gateway mirror,learning_only_mirror
DTWEXBGS,2026-01-22,2026-01-22T00:00:00Z,daily,119.1962,119.1962,119.1962,119.1962,,119.1962,factor_candle,FRED CSV Gateway mirror,learning_only_mirror
DTWEXBGS,2026-01-23,2026-01-23T00:00:00Z,daily,118.8976,118.8976,118.8976,118.8976,,118.8976,factor_candle,FRED CSV Gateway mirror,learning_only_mirror
DTWEXBGS,2026-01-26,2026-01-26T00:00:00Z,daily,118.0525,118.0525,118.0525,118.0525,,118.0525,factor_candle,FRED CSV Gateway mirror,learning_only_mirror
DTWEXBGS,2026-01-27,2026-01-27T00:00:00Z,daily,117.4523,117.4523,117.4523,117.4523,,117.4523,factor_candle,FRED CSV Gateway mirror,learning_only_mirror
DTWEXBGS,2026-01-28,2026-01-28T00:00:00Z,daily,117.5117,117.5117,117.5117,117.5117,,117.5117,factor_candle,FRED CSV Gateway mirror,learning_only_mirror
DTWEXBGS,2026-01-29,2026-01-29T00:00:00Z,daily,117.4396,117.4396,117.4396,117.4396,,117.4396,factor_candle,FRED CSV Gateway mirror,learning_only_mirror
DTWEXBGS,2026-01-30,2026-01-30T00:00:00Z,daily,117.8996,117.8996,117.8996,117.8996,,117.8996,factor_candle,FRED CSV Gateway mirror,learning_only_mirror
DTWEXBGS,2026-02-02,2026-02-02T00:00:00Z,daily,118.3609,118.3609,118.3609,118.3609,,118.3609,factor_candle,FRED CSV Gateway mirror,learning_only_mirror
DTWEXBGS,2026-02-03,2026-02-03T00:00:00Z,daily,117.9764,117.9764,117.9764,117.9764,,117.9764,factor_candle,FRED CSV Gateway mirror,learning_only_mirror
DTWEXBGS,2026-02-04,2026-02-04T00:00:00Z,daily,118.2602,118.2602,118.2602,118.2602,,118.2602,factor_candle,FRED CSV Gateway mirror,learning_only_mirror
DTWEXBGS,2026-02-05,2026-02-05T00:00:00Z,daily,118.5034,118.5034,118.5034,118.5034,,118.5034,factor_candle,FRED CSV Gateway mirror,learning_only_mirror
DTWEXBGS,2026-02-06,2026-02-06T00:00:00Z,daily,118.2407,118.2407,118.2407,118.2407,,118.2407,factor_candle,FRED CSV Gateway mirror,learning_only_mirror
DTWEXBGS,2026-02-09,2026-02-09T00:00:00Z,daily,117.6392,117.6392,117.6392,117.6392,,117.6392,factor_candle,FRED CSV Gateway mirror,learning_only_mirror
DTWEXBGS,2026-02-10,2026-02-10T00:00:00Z,daily,117.5216,117.5216,117.5216,117.5216,,117.5216,factor_candle,FRED CSV Gateway mirror,learning_only_mirror
DTWEXBGS,2026-02-11,2026-02-11T00:00:00Z,daily,117.4601,117.4601,117.4601,117.4601,,117.4601,factor_candle,FRED CSV Gateway mirror,learning_only_mirror
DTWEXBGS,2026-02-12,2026-02-12T00:00:00Z,daily,117.5376,117.5376,117.5376,117.5376,,117.5376,factor_candle,FRED CSV Gateway mirror,learning_only_mirror
DTWEXBGS,2026-02-13,2026-02-13T00:00:00Z,daily,117.5258,117.5258,117.5258,117.5258,,117.5258,factor_candle,FRED CSV Gateway mirror,learning_only_mirror
DTWEXBGS,2026-02-17,2026-02-17T00:00:00Z,daily,117.7375,117.7375,117.7375,117.7375,,117.7375,factor_candle,FRED CSV Gateway mirror,learning_only_mirror
DTWEXBGS,2026-02-18,2026-02-18T00:00:00Z,daily,117.8426,117.8426,117.8426,117.8426,,117.8426,factor_candle,FRED CSV Gateway mirror,learning_only_mirror
DTWEXBGS,2026-02-19,2026-02-19T00:00:00Z,daily,118.2354,118.2354,118.2354,118.2354,,118.2354,factor_candle,FRED CSV Gateway mirror,learning_only_mirror
DTWEXBGS,2026-02-20,2026-02-20T00:00:00Z,daily,117.9917,117.9917,117.9917,117.9917,,117.9917,factor_candle,FRED CSV Gateway mirror,learning_only_mirror
DTWEXBGS,2026-02-23,2026-02-23T00:00:00Z,daily,117.9395,117.9395,117.9395,117.9395,,117.9395,factor_candle,FRED CSV Gateway mirror,learning_only_mirror
DTWEXBGS,2026-02-24,2026-02-24T00:00:00Z,daily,117.9463,117.9463,117.9463,117.9463,,117.9463,factor_candle,FRED CSV Gateway mirror,learning_only_mirror
DTWEXBGS,2026-02-25,2026-02-25T00:00:00Z,daily,117.769,117.769,117.769,117.769,,117.769,factor_candle,FRED CSV Gateway mirror,learning_only_mirror
DTWEXBGS,2026-02-26,2026-02-26T00:00:00Z,daily,117.9042,117.9042,117.9042,117.9042,,117.9042,factor_candle,FRED CSV Gateway mirror,learning_only_mirror
DTWEXBGS,2026-02-27,2026-02-27T00:00:00Z,daily,117.8223,117.8223,117.8223,117.8223,,117.8223,factor_candle,FRED CSV Gateway mirror,learning_only_mirror
DTWEXBGS,2026-03-02,2026-03-02T00:00:00Z,daily,118.667,118.667,118.667,118.667,,118.667,factor_candle,FRED CSV Gateway mirror,learning_only_mirror
DTWEXBGS,2026-03-03,2026-03-03T00:00:00Z,daily,119.4341,119.4341,119.4341,119.4341,,119.4341,factor_candle,FRED CSV Gateway mirror,learning_only_mirror
DTWEXBGS,2026-03-04,2026-03-04T00:00:00Z,daily,119.0705,119.0705,119.0705,119.0705,,119.0705,factor_candle,FRED CSV Gateway mirror,learning_only_mirror
DTWEXBGS,2026-03-05,2026-03-05T00:00:00Z,daily,119.5683,119.5683,119.5683,119.5683,,119.5683,factor_candle,FRED CSV Gateway mirror,learning_only_mirror
DTWEXBGS,2026-03-06,2026-03-06T00:00:00Z,daily,119.491,119.491,119.491,119.491,,119.491,factor_candle,FRED CSV Gateway mirror,learning_only_mirror
DTWEXBGS,2026-03-09,2026-03-09T00:00:00Z,daily,119.5151,119.5151,119.5151,119.5151,,119.5151,factor_candle,FRED CSV Gateway mirror,learning_only_mirror
DTWEXBGS,2026-03-10,2026-03-10T00:00:00Z,daily,118.7255,118.7255,118.7255,118.7255,,118.7255,factor_candle,FRED CSV Gateway mirror,learning_only_mirror
DTWEXBGS,2026-03-11,2026-03-11T00:00:00Z,daily,119.2885,119.2885,119.2885,119.2885,,119.2885,factor_candle,FRED CSV Gateway mirror,learning_only_mirror
DTWEXBGS,2026-03-12,2026-03-12T00:00:00Z,daily,119.8227,119.8227,119.8227,119.8227,,119.8227,factor_candle,FRED CSV Gateway mirror,learning_only_mirror
DTWEXBGS,2026-03-13,2026-03-13T00:00:00Z,daily,120.5518,120.5518,120.5518,120.5518,,120.5518,factor_candle,FRED CSV Gateway mirror,learning_only_mirror
DTWEXBGS,2026-03-16,2026-03-16T00:00:00Z,daily,120.097,120.097,120.097,120.097,,120.097,factor_candle,FRED CSV Gateway mirror,learning_only_mirror
DTWEXBGS,2026-03-17,2026-03-17T00:00:00Z,daily,119.8328,119.8328,119.8328,119.8328,,119.8328,factor_candle,FRED CSV Gateway mirror,learning_only_mirror
DTWEXBGS,2026-03-18,2026-03-18T00:00:00Z,daily,119.9276,119.9276,119.9276,119.9276,,119.9276,factor_candle,FRED CSV Gateway mirror,learning_only_mirror
DTWEXBGS,2026-03-19,2026-03-19T00:00:00Z,daily,120.1802,120.1802,120.1802,120.1802,,120.1802,factor_candle,FRED CSV Gateway mirror,learning_only_mirror
DTWEXBGS,2026-03-20,2026-03-20T00:00:00Z,daily,120.2757,120.2757,120.2757,120.2757,,120.2757,factor_candle,FRED CSV Gateway mirror,learning_only_mirror
DTWEXBGS,2026-03-23,2026-03-23T00:00:00Z,daily,119.9371,119.9371,119.9371,119.9371,,119.9371,factor_candle,FRED CSV Gateway mirror,learning_only_mirror
DTWEXBGS,2026-03-24,2026-03-24T00:00:00Z,daily,120.1295,120.1295,120.1295,120.1295,,120.1295,factor_candle,FRED CSV Gateway mirror,learning_only_mirror
DTWEXBGS,2026-03-25,2026-03-25T00:00:00Z,daily,120.1282,120.1282,120.1282,120.1282,,120.1282,factor_candle,FRED CSV Gateway mirror,learning_only_mirror
DTWEXBGS,2026-03-26,2026-03-26T00:00:00Z,daily,120.389,120.389,120.389,120.389,,120.389,factor_candle,FRED CSV Gateway mirror,learning_only_mirror
DTWEXBGS,2026-03-27,2026-03-27T00:00:00Z,daily,120.8851,120.8851,120.8851,120.8851,,120.8851,factor_candle,FRED CSV Gateway mirror,learning_only_mirror
DTWEXBGS,2026-03-30,2026-03-30T00:00:00Z,daily,121.2851,121.2851,121.2851,121.2851,,121.2851,factor_candle,FRED CSV Gateway mirror,learning_only_mirror
DTWEXBGS,2026-03-31,2026-03-31T00:00:00Z,daily,121.035,121.035,121.035,121.035,,121.035,factor_candle,FRED CSV Gateway mirror,learning_only_mirror
DTWEXBGS,2026-04-01,2026-04-01T00:00:00Z,daily,120.1198,120.1198,120.1198,120.1198,,120.1198,factor_candle,FRED CSV Gateway mirror,learning_only_mirror
DTWEXBGS,2026-04-02,2026-04-02T00:00:00Z,daily,120.503,120.503,120.503,120.503,,120.503,factor_candle,FRED CSV Gateway mirror,learning_only_mirror
DTWEXBGS,2026-04-03,2026-04-03T00:00:00Z,daily,120.6565,120.6565,120.6565,120.6565,,120.6565,factor_candle,FRED CSV Gateway mirror,learning_only_mirror
DTWEXBGS,2026-04-06,2026-04-06T00:00:00Z,daily,120.4302,120.4302,120.4302,120.4302,,120.4302,factor_candle,FRED CSV Gateway mirror,learning_only_mirror
DTWEXBGS,2026-04-07,2026-04-07T00:00:00Z,daily,120.32,120.32,120.32,120.32,,120.32,factor_candle,FRED CSV Gateway mirror,learning_only_mirror
DTWEXBGS,2026-04-08,2026-04-08T00:00:00Z,daily,119.0596,119.0596,119.0596,119.0596,,119.0596,factor_candle,FRED CSV Gateway mirror,learning_only_mirror
DTWEXBGS,2026-04-09,2026-04-09T00:00:00Z,daily,118.8998,118.8998,118.8998,118.8998,,118.8998,factor_candle,FRED CSV Gateway mirror,learning_only_mirror
DTWEXBGS,2026-04-10,2026-04-10T00:00:00Z,daily,118.8552,118.8552,118.8552,118.8552,,118.8552,factor_candle,FRED CSV Gateway mirror,learning_only_mirror
DTWEXBGS,2026-04-13,2026-04-13T00:00:00Z,daily,118.9916,118.9916,118.9916,118.9916,,118.9916,factor_candle,FRED CSV Gateway mirror,learning_only_mirror
DTWEXBGS,2026-04-14,2026-04-14T00:00:00Z,daily,118.3581,118.3581,118.3581,118.3581,,118.3581,factor_candle,FRED CSV Gateway mirror,learning_only_mirror
DTWEXBGS,2026-04-15,2026-04-15T00:00:00Z,daily,118.3623,118.3623,118.3623,118.3623,,118.3623,factor_candle,FRED CSV Gateway mirror,learning_only_mirror
DTWEXBGS,2026-04-16,2026-04-16T00:00:00Z,daily,118.3616,118.3616,118.3616,118.3616,,118.3616,factor_candle,FRED CSV Gateway mirror,learning_only_mirror
DTWEXBGS,2026-04-17,2026-04-17T00:00:00Z,daily,118.0795,118.0795,118.0795,118.0795,,118.0795,factor_candle,FRED CSV Gateway mirror,learning_only_mirror
DTWEXBGS,2026-04-20,2026-04-20T00:00:00Z,daily,118.2374,118.2374,118.2374,118.2374,,118.2374,factor_candle,FRED CSV Gateway mirror,learning_only_mirror
DTWEXBGS,2026-04-21,2026-04-21T00:00:00Z,daily,118.4331,118.4331,118.4331,118.4331,,118.4331,factor_candle,FRED CSV Gateway mirror,learning_only_mirror
DTWEXBGS,2026-04-22,2026-04-22T00:00:00Z,daily,118.6004,118.6004,118.6004,118.6004,,118.6004,factor_candle,FRED CSV Gateway mirror,learning_only_mirror
DTWEXBGS,2026-04-23,2026-04-23T00:00:00Z,daily,118.7155,118.7155,118.7155,118.7155,,118.7155,factor_candle,FRED CSV Gateway mirror,learning_only_mirror
DTWEXBGS,2026-04-24,2026-04-24T00:00:00Z,daily,118.7294,118.7294,118.7294,118.7294,,118.7294,factor_candle,FRED CSV Gateway mirror,learning_only_mirror
DTWEXBGS,2026-04-27,2026-04-27T00:00:00Z,daily,118.5458,118.5458,118.5458,118.5458,,118.5458,factor_candle,FRED CSV Gateway mirror,learning_only_mirror
DTWEXBGS,2026-04-28,2026-04-28T00:00:00Z,daily,118.7717,118.7717,118.7717,118.7717,,118.7717,factor_candle,FRED CSV Gateway mirror,learning_only_mirror
DTWEXBGS,2026-04-29,2026-04-29T00:00:00Z,daily,119.0975,119.0975,119.0975,119.0975,,119.0975,factor_candle,FRED CSV Gateway mirror,learning_only_mirror
DTWEXBGS,2026-04-30,2026-04-30T00:00:00Z,daily,118.671,118.671,118.671,118.671,,118.671,factor_candle,FRED CSV Gateway mirror,learning_only_mirror
DTWEXBGS,2026-05-01,2026-05-01T00:00:00Z,daily,118.3926,118.3926,118.3926,118.3926,,118.3926,factor_candle,FRED CSV Gateway mirror,learning_only_mirror
DTWEXBGS,2026-05-04,2026-05-04T00:00:00Z,daily,118.8264,118.8264,118.8264,118.8264,,118.8264,factor_candle,FRED CSV Gateway mirror,learning_only_mirror
DTWEXBGS,2026-05-05,2026-05-05T00:00:00Z,daily,118.6207,118.6207,118.6207,118.6207,,118.6207,factor_candle,FRED CSV Gateway mirror,learning_only_mirror
DTWEXBGS,2026-05-06,2026-05-06T00:00:00Z,daily,118.0982,118.0982,118.0982,118.0982,,118.0982,factor_candle,FRED CSV Gateway mirror,learning_only_mirror
DTWEXBGS,2026-05-07,2026-05-07T00:00:00Z,daily,118.0116,118.0116,118.0116,118.0116,,118.0116,factor_candle,FRED CSV Gateway mirror,learning_only_mirror
DTWEXBGS,2026-05-08,2026-05-08T00:00:00Z,daily,118.0392,118.0392,118.0392,118.0392,,118.0392,factor_candle,FRED CSV Gateway mirror,learning_only_mirror
DTWEXBGS,2026-05-11,2026-05-11T00:00:00Z,daily,118.0562,118.0562,118.0562,118.0562,,118.0562,factor_candle,FRED CSV Gateway mirror,learning_only_mirror
DTWEXBGS,2026-05-12,2026-05-12T00:00:00Z,daily,118.5238,118.5238,118.5238,118.5238,,118.5238,factor_candle,FRED CSV Gateway mirror,learning_only_mirror
DTWEXBGS,2026-05-13,2026-05-13T00:00:00Z,daily,118.4737,118.4737,118.4737,118.4737,,118.4737,factor_candle,FRED CSV Gateway mirror,learning_only_mirror
DTWEXBGS,2026-05-14,2026-05-14T00:00:00Z,daily,118.6696,118.6696,118.6696,118.6696,,118.6696,factor_candle,FRED CSV Gateway mirror,learning_only_mirror
DTWEXBGS,2026-05-15,2026-05-15T00:00:00Z,daily,119.2825,119.2825,119.2825,119.2825,,119.2825,factor_candle,FRED CSV Gateway mirror,learning_only_mirror
