symbol,date,time,frequency,open,high,low,close,volume,value,kind,source,productionUsage
US10Y_MONTHLY_SAMPLE,1953-04-01,1953-04-01T00:00:00Z,monthly,2.83,2.83,2.83,2.83,,2.83,factor_candle,GitHub datasets mirror sample,offline_sample_production_disabled
US10Y_MONTHLY_SAMPLE,1953-05-01,1953-05-01T00:00:00Z,monthly,3.05,3.05,3.05,3.05,,3.05,factor_candle,GitHub datasets mirror sample,offline_sample_production_disabled
US10Y_MONTHLY_SAMPLE,1953-06-01,1953-06-01T00:00:00Z,monthly,3.11,3.11,3.11,3.11,,3.11,factor_candle,GitHub datasets mirror sample,offline_sample_production_disabled
US10Y_MONTHLY_SAMPLE,1953-07-01,1953-07-01T00:00:00Z,monthly,2.93,2.93,2.93,2.93,,2.93,factor_candle,GitHub datasets mirror sample,offline_sample_production_disabled
US10Y_MONTHLY_SAMPLE,1953-08-01,1953-08-01T00:00:00Z,monthly,2.95,2.95,2.95,2.95,,2.95,factor_candle,GitHub datasets mirror sample,offline_sample_production_disabled
US10Y_MONTHLY_SAMPLE,1953-09-01,1953-09-01T00:00:00Z,monthly,2.87,2.87,2.87,2.87,,2.87,factor_candle,GitHub datasets mirror sample,offline_sample_production_disabled
US10Y_MONTHLY_SAMPLE,1953-10-01,1953-10-01T00:00:00Z,monthly,2.66,2.66,2.66,2.66,,2.66,factor_candle,GitHub datasets mirror sample,offline_sample_production_disabled
US10Y_MONTHLY_SAMPLE,1953-11-01,1953-11-01T00:00:00Z,monthly,2.68,2.68,2.68,2.68,,2.68,factor_candle,GitHub datasets mirror sample,offline_sample_production_disabled
US10Y_MONTHLY_SAMPLE,1953-12-01,1953-12-01T00:00:00Z,monthly,2.59,2.59,2.59,2.59,,2.59,factor_candle,GitHub datasets mirror sample,offline_sample_production_disabled
US10Y_MONTHLY_SAMPLE,1954-01-01,1954-01-01T00:00:00Z,monthly,2.48,2.48,2.48,2.48,,2.48,factor_candle,GitHub datasets mirror sample,offline_sample_production_disabled
US10Y_MONTHLY_SAMPLE,1954-02-01,1954-02-01T00:00:00Z,monthly,2.47,2.47,2.47,2.47,,2.47,factor_candle,GitHub datasets mirror sample,offline_sample_production_disabled
US10Y_MONTHLY_SAMPLE,1954-03-01,1954-03-01T00:00:00Z,monthly,2.37,2.37,2.37,2.37,,2.37,factor_candle,GitHub datasets mirror sample,offline_sample_production_disabled
US10Y_MONTHLY_SAMPLE,1954-04-01,1954-04-01T00:00:00Z,monthly,2.29,2.29,2.29,2.29,,2.29,factor_candle,GitHub datasets mirror sample,offline_sample_production_disabled
US10Y_MONTHLY_SAMPLE,1954-05-01,1954-05-01T00:00:00Z,monthly,2.37,2.37,2.37,2.37,,2.37,factor_candle,GitHub datasets mirror sample,offline_sample_production_disabled
US10Y_MONTHLY_SAMPLE,1954-06-01,1954-06-01T00:00:00Z,monthly,2.38,2.38,2.38,2.38,,2.38,factor_candle,GitHub datasets mirror sample,offline_sample_production_disabled
US10Y_MONTHLY_SAMPLE,1954-07-01,1954-07-01T00:00:00Z,monthly,2.3,2.3,2.3,2.3,,2.3,factor_candle,GitHub datasets mirror sample,offline_sample_production_disabled
US10Y_MONTHLY_SAMPLE,1954-08-01,1954-08-01T00:00:00Z,monthly,2.36,2.36,2.36,2.36,,2.36,factor_candle,GitHub datasets mirror sample,offline_sample_production_disabled
US10Y_MONTHLY_SAMPLE,1954-09-01,1954-09-01T00:00:00Z,monthly,2.38,2.38,2.38,2.38,,2.38,factor_candle,GitHub datasets mirror sample,offline_sample_production_disabled
US10Y_MONTHLY_SAMPLE,1954-10-01,1954-10-01T00:00:00Z,monthly,2.43,2.43,2.43,2.43,,2.43,factor_candle,GitHub datasets mirror sample,offline_sample_production_disabled
US10Y_MONTHLY_SAMPLE,1954-11-01,1954-11-01T00:00:00Z,monthly,2.48,2.48,2.48,2.48,,2.48,factor_candle,GitHub datasets mirror sample,offline_sample_production_disabled
US10Y_MONTHLY_SAMPLE,1954-12-01,1954-12-01T00:00:00Z,monthly,2.51,2.51,2.51,2.51,,2.51,factor_candle,GitHub datasets mirror sample,offline_sample_production_disabled
US10Y_MONTHLY_SAMPLE,1955-01-01,1955-01-01T00:00:00Z,monthly,2.61,2.61,2.61,2.61,,2.61,factor_candle,GitHub datasets mirror sample,offline_sample_production_disabled
US10Y_MONTHLY_SAMPLE,1955-02-01,1955-02-01T00:00:00Z,monthly,2.65,2.65,2.65,2.65,,2.65,factor_candle,GitHub datasets mirror sample,offline_sample_production_disabled
US10Y_MONTHLY_SAMPLE,1955-03-01,1955-03-01T00:00:00Z,monthly,2.68,2.68,2.68,2.68,,2.68,factor_candle,GitHub datasets mirror sample,offline_sample_production_disabled
US10Y_MONTHLY_SAMPLE,1955-04-01,1955-04-01T00:00:00Z,monthly,2.75,2.75,2.75,2.75,,2.75,factor_candle,GitHub datasets mirror sample,offline_sample_production_disabled
US10Y_MONTHLY_SAMPLE,1955-05-01,1955-05-01T00:00:00Z,monthly,2.76,2.76,2.76,2.76,,2.76,factor_candle,GitHub datasets mirror sample,offline_sample_production_disabled
US10Y_MONTHLY_SAMPLE,1955-06-01,1955-06-01T00:00:00Z,monthly,2.78,2.78,2.78,2.78,,2.78,factor_candle,GitHub datasets mirror sample,offline_sample_production_disabled
US10Y_MONTHLY_SAMPLE,1955-07-01,1955-07-01T00:00:00Z,monthly,2.9,2.9,2.9,2.9,,2.9,factor_candle,GitHub datasets mirror sample,offline_sample_production_disabled
US10Y_MONTHLY_SAMPLE,1955-08-01,1955-08-01T00:00:00Z,monthly,2.97,2.97,2.97,2.97,,2.97,factor_candle,GitHub datasets mirror sample,offline_sample_production_disabled
US10Y_MONTHLY_SAMPLE,1955-09-01,1955-09-01T00:00:00Z,monthly,2.97,2.97,2.97,2.97,,2.97,factor_candle,GitHub datasets mirror sample,offline_sample_production_disabled
US10Y_MONTHLY_SAMPLE,1955-10-01,1955-10-01T00:00:00Z,monthly,2.88,2.88,2.88,2.88,,2.88,factor_candle,GitHub datasets mirror sample,offline_sample_production_disabled
US10Y_MONTHLY_SAMPLE,1955-11-01,1955-11-01T00:00:00Z,monthly,2.89,2.89,2.89,2.89,,2.89,factor_candle,GitHub datasets mirror sample,offline_sample_production_disabled
US10Y_MONTHLY_SAMPLE,1955-12-01,1955-12-01T00:00:00Z,monthly,2.96,2.96,2.96,2.96,,2.96,factor_candle,GitHub datasets mirror sample,offline_sample_production_disabled
US10Y_MONTHLY_SAMPLE,1956-01-01,1956-01-01T00:00:00Z,monthly,2.9,2.9,2.9,2.9,,2.9,factor_candle,GitHub datasets mirror sample,offline_sample_production_disabled
US10Y_MONTHLY_SAMPLE,1956-02-01,1956-02-01T00:00:00Z,monthly,2.84,2.84,2.84,2.84,,2.84,factor_candle,GitHub datasets mirror sample,offline_sample_production_disabled
US10Y_MONTHLY_SAMPLE,1956-03-01,1956-03-01T00:00:00Z,monthly,2.96,2.96,2.96,2.96,,2.96,factor_candle,GitHub datasets mirror sample,offline_sample_production_disabled
US10Y_MONTHLY_SAMPLE,1956-04-01,1956-04-01T00:00:00Z,monthly,3.18,3.18,3.18,3.18,,3.18,factor_candle,GitHub datasets mirror sample,offline_sample_production_disabled
US10Y_MONTHLY_SAMPLE,1956-05-01,1956-05-01T00:00:00Z,monthly,3.07,3.07,3.07,3.07,,3.07,factor_candle,GitHub datasets mirror sample,offline_sample_production_disabled
US10Y_MONTHLY_SAMPLE,1956-06-01,1956-06-01T00:00:00Z,monthly,3.0,3.0,3.0,3.0,,3.0,factor_candle,GitHub datasets mirror sample,offline_sample_production_disabled
US10Y_MONTHLY_SAMPLE,1956-07-01,1956-07-01T00:00:00Z,monthly,3.11,3.11,3.11,3.11,,3.11,factor_candle,GitHub datasets mirror sample,offline_sample_production_disabled
US10Y_MONTHLY_SAMPLE,1956-08-01,1956-08-01T00:00:00Z,monthly,3.33,3.33,3.33,3.33,,3.33,factor_candle,GitHub datasets mirror sample,offline_sample_production_disabled
US10Y_MONTHLY_SAMPLE,1956-09-01,1956-09-01T00:00:00Z,monthly,3.38,3.38,3.38,3.38,,3.38,factor_candle,GitHub datasets mirror sample,offline_sample_production_disabled
US10Y_MONTHLY_SAMPLE,1956-10-01,1956-10-01T00:00:00Z,monthly,3.34,3.34,3.34,3.34,,3.34,factor_candle,GitHub datasets mirror sample,offline_sample_production_disabled
US10Y_MONTHLY_SAMPLE,1956-11-01,1956-11-01T00:00:00Z,monthly,3.49,3.49,3.49,3.49,,3.49,factor_candle,GitHub datasets mirror sample,offline_sample_production_disabled
US10Y_MONTHLY_SAMPLE,1956-12-01,1956-12-01T00:00:00Z,monthly,3.59,3.59,3.59,3.59,,3.59,factor_candle,GitHub datasets mirror sample,offline_sample_production_disabled
US10Y_MONTHLY_SAMPLE,1957-01-01,1957-01-01T00:00:00Z,monthly,3.46,3.46,3.46,3.46,,3.46,factor_candle,GitHub datasets mirror sample,offline_sample_production_disabled
US10Y_MONTHLY_SAMPLE,1957-02-01,1957-02-01T00:00:00Z,monthly,3.34,3.34,3.34,3.34,,3.34,factor_candle,GitHub datasets mirror sample,offline_sample_production_disabled
US10Y_MONTHLY_SAMPLE,1957-03-01,1957-03-01T00:00:00Z,monthly,3.41,3.41,3.41,3.41,,3.41,factor_candle,GitHub datasets mirror sample,offline_sample_production_disabled
US10Y_MONTHLY_SAMPLE,1957-04-01,1957-04-01T00:00:00Z,monthly,3.48,3.48,3.48,3.48,,3.48,factor_candle,GitHub datasets mirror sample,offline_sample_production_disabled
US10Y_MONTHLY_SAMPLE,1957-05-01,1957-05-01T00:00:00Z,monthly,3.6,3.6,3.6,3.6,,3.6,factor_candle,GitHub datasets mirror sample,offline_sample_production_disabled
US10Y_MONTHLY_SAMPLE,1957-06-01,1957-06-01T00:00:00Z,monthly,3.8,3.8,3.8,3.8,,3.8,factor_candle,GitHub datasets mirror sample,offline_sample_production_disabled
US10Y_MONTHLY_SAMPLE,1957-07-01,1957-07-01T00:00:00Z,monthly,3.93,3.93,3.93,3.93,,3.93,factor_candle,GitHub datasets mirror sample,offline_sample_production_disabled
US10Y_MONTHLY_SAMPLE,1957-08-01,1957-08-01T00:00:00Z,monthly,3.93,3.93,3.93,3.93,,3.93,factor_candle,GitHub datasets mirror sample,offline_sample_production_disabled
US10Y_MONTHLY_SAMPLE,1957-09-01,1957-09-01T00:00:00Z,monthly,3.92,3.92,3.92,3.92,,3.92,factor_candle,GitHub datasets mirror sample,offline_sample_production_disabled
US10Y_MONTHLY_SAMPLE,1957-10-01,1957-10-01T00:00:00Z,monthly,3.97,3.97,3.97,3.97,,3.97,factor_candle,GitHub datasets mirror sample,offline_sample_production_disabled
US10Y_MONTHLY_SAMPLE,1957-11-01,1957-11-01T00:00:00Z,monthly,3.72,3.72,3.72,3.72,,3.72,factor_candle,GitHub datasets mirror sample,offline_sample_production_disabled
US10Y_MONTHLY_SAMPLE,1957-12-01,1957-12-01T00:00:00Z,monthly,3.21,3.21,3.21,3.21,,3.21,factor_candle,GitHub datasets mirror sample,offline_sample_production_disabled
US10Y_MONTHLY_SAMPLE,1958-01-01,1958-01-01T00:00:00Z,monthly,3.09,3.09,3.09,3.09,,3.09,factor_candle,GitHub datasets mirror sample,offline_sample_production_disabled
US10Y_MONTHLY_SAMPLE,1958-02-01,1958-02-01T00:00:00Z,monthly,3.05,3.05,3.05,3.05,,3.05,factor_candle,GitHub datasets mirror sample,offline_sample_production_disabled
US10Y_MONTHLY_SAMPLE,1958-03-01,1958-03-01T00:00:00Z,monthly,2.98,2.98,2.98,2.98,,2.98,factor_candle,GitHub datasets mirror sample,offline_sample_production_disabled
US10Y_MONTHLY_SAMPLE,1958-04-01,1958-04-01T00:00:00Z,monthly,2.88,2.88,2.88,2.88,,2.88,factor_candle,GitHub datasets mirror sample,offline_sample_production_disabled
US10Y_MONTHLY_SAMPLE,1958-05-01,1958-05-01T00:00:00Z,monthly,2.92,2.92,2.92,2.92,,2.92,factor_candle,GitHub datasets mirror sample,offline_sample_production_disabled
US10Y_MONTHLY_SAMPLE,1958-06-01,1958-06-01T00:00:00Z,monthly,2.97,2.97,2.97,2.97,,2.97,factor_candle,GitHub datasets mirror sample,offline_sample_production_disabled
US10Y_MONTHLY_SAMPLE,1958-07-01,1958-07-01T00:00:00Z,monthly,3.2,3.2,3.2,3.2,,3.2,factor_candle,GitHub datasets mirror sample,offline_sample_production_disabled
US10Y_MONTHLY_SAMPLE,1958-08-01,1958-08-01T00:00:00Z,monthly,3.54,3.54,3.54,3.54,,3.54,factor_candle,GitHub datasets mirror sample,offline_sample_production_disabled
US10Y_MONTHLY_SAMPLE,1958-09-01,1958-09-01T00:00:00Z,monthly,3.76,3.76,3.76,3.76,,3.76,factor_candle,GitHub datasets mirror sample,offline_sample_production_disabled
US10Y_MONTHLY_SAMPLE,1958-10-01,1958-10-01T00:00:00Z,monthly,3.8,3.8,3.8,3.8,,3.8,factor_candle,GitHub datasets mirror sample,offline_sample_production_disabled
US10Y_MONTHLY_SAMPLE,1958-11-01,1958-11-01T00:00:00Z,monthly,3.74,3.74,3.74,3.74,,3.74,factor_candle,GitHub datasets mirror sample,offline_sample_production_disabled
US10Y_MONTHLY_SAMPLE,1958-12-01,1958-12-01T00:00:00Z,monthly,3.86,3.86,3.86,3.86,,3.86,factor_candle,GitHub datasets mirror sample,offline_sample_production_disabled
US10Y_MONTHLY_SAMPLE,1959-01-01,1959-01-01T00:00:00Z,monthly,4.02,4.02,4.02,4.02,,4.02,factor_candle,GitHub datasets mirror sample,offline_sample_production_disabled
US10Y_MONTHLY_SAMPLE,1959-02-01,1959-02-01T00:00:00Z,monthly,3.96,3.96,3.96,3.96,,3.96,factor_candle,GitHub datasets mirror sample,offline_sample_production_disabled
US10Y_MONTHLY_SAMPLE,1959-03-01,1959-03-01T00:00:00Z,monthly,3.99,3.99,3.99,3.99,,3.99,factor_candle,GitHub datasets mirror sample,offline_sample_production_disabled
US10Y_MONTHLY_SAMPLE,1959-04-01,1959-04-01T00:00:00Z,monthly,4.12,4.12,4.12,4.12,,4.12,factor_candle,GitHub datasets mirror sample,offline_sample_production_disabled
US10Y_MONTHLY_SAMPLE,1959-05-01,1959-05-01T00:00:00Z,monthly,4.31,4.31,4.31,4.31,,4.31,factor_candle,GitHub datasets mirror sample,offline_sample_production_disabled
US10Y_MONTHLY_SAMPLE,1959-06-01,1959-06-01T00:00:00Z,monthly,4.34,4.34,4.34,4.34,,4.34,factor_candle,GitHub datasets mirror sample,offline_sample_production_disabled
US10Y_MONTHLY_SAMPLE,1959-07-01,1959-07-01T00:00:00Z,monthly,4.4,4.4,4.4,4.4,,4.4,factor_candle,GitHub datasets mirror sample,offline_sample_production_disabled
US10Y_MONTHLY_SAMPLE,1959-08-01,1959-08-01T00:00:00Z,monthly,4.43,4.43,4.43,4.43,,4.43,factor_candle,GitHub datasets mirror sample,offline_sample_production_disabled
US10Y_MONTHLY_SAMPLE,1959-09-01,1959-09-01T00:00:00Z,monthly,4.68,4.68,4.68,4.68,,4.68,factor_candle,GitHub datasets mirror sample,offline_sample_production_disabled
US10Y_MONTHLY_SAMPLE,1959-10-01,1959-10-01T00:00:00Z,monthly,4.53,4.53,4.53,4.53,,4.53,factor_candle,GitHub datasets mirror sample,offline_sample_production_disabled
US10Y_MONTHLY_SAMPLE,1959-11-01,1959-11-01T00:00:00Z,monthly,4.53,4.53,4.53,4.53,,4.53,factor_candle,GitHub datasets mirror sample,offline_sample_production_disabled
US10Y_MONTHLY_SAMPLE,1959-12-01,1959-12-01T00:00:00Z,monthly,4.69,4.69,4.69,4.69,,4.69,factor_candle,GitHub datasets mirror sample,offline_sample_production_disabled
US10Y_MONTHLY_SAMPLE,1960-01-01,1960-01-01T00:00:00Z,monthly,4.72,4.72,4.72,4.72,,4.72,factor_candle,GitHub datasets mirror sample,offline_sample_production_disabled
US10Y_MONTHLY_SAMPLE,1960-02-01,1960-02-01T00:00:00Z,monthly,4.49,4.49,4.49,4.49,,4.49,factor_candle,GitHub datasets mirror sample,offline_sample_production_disabled
US10Y_MONTHLY_SAMPLE,1960-03-01,1960-03-01T00:00:00Z,monthly,4.25,4.25,4.25,4.25,,4.25,factor_candle,GitHub datasets mirror sample,offline_sample_production_disabled
US10Y_MONTHLY_SAMPLE,1960-04-01,1960-04-01T00:00:00Z,monthly,4.28,4.28,4.28,4.28,,4.28,factor_candle,GitHub datasets mirror sample,offline_sample_production_disabled
US10Y_MONTHLY_SAMPLE,1960-05-01,1960-05-01T00:00:00Z,monthly,4.35,4.35,4.35,4.35,,4.35,factor_candle,GitHub datasets mirror sample,offline_sample_production_disabled
US10Y_MONTHLY_SAMPLE,1960-06-01,1960-06-01T00:00:00Z,monthly,4.15,4.15,4.15,4.15,,4.15,factor_candle,GitHub datasets mirror sample,offline_sample_production_disabled
US10Y_MONTHLY_SAMPLE,1960-07-01,1960-07-01T00:00:00Z,monthly,3.9,3.9,3.9,3.9,,3.9,factor_candle,GitHub datasets mirror sample,offline_sample_production_disabled
US10Y_MONTHLY_SAMPLE,1960-08-01,1960-08-01T00:00:00Z,monthly,3.8,3.8,3.8,3.8,,3.8,factor_candle,GitHub datasets mirror sample,offline_sample_production_disabled
US10Y_MONTHLY_SAMPLE,1960-09-01,1960-09-01T00:00:00Z,monthly,3.8,3.8,3.8,3.8,,3.8,factor_candle,GitHub datasets mirror sample,offline_sample_production_disabled
US10Y_MONTHLY_SAMPLE,1960-10-01,1960-10-01T00:00:00Z,monthly,3.89,3.89,3.89,3.89,,3.89,factor_candle,GitHub datasets mirror sample,offline_sample_production_disabled
US10Y_MONTHLY_SAMPLE,1960-11-01,1960-11-01T00:00:00Z,monthly,3.93,3.93,3.93,3.93,,3.93,factor_candle,GitHub datasets mirror sample,offline_sample_production_disabled
US10Y_MONTHLY_SAMPLE,1960-12-01,1960-12-01T00:00:00Z,monthly,3.84,3.84,3.84,3.84,,3.84,factor_candle,GitHub datasets mirror sample,offline_sample_production_disabled
US10Y_MONTHLY_SAMPLE,1961-01-01,1961-01-01T00:00:00Z,monthly,3.84,3.84,3.84,3.84,,3.84,factor_candle,GitHub datasets mirror sample,offline_sample_production_disabled
US10Y_MONTHLY_SAMPLE,1961-02-01,1961-02-01T00:00:00Z,monthly,3.78,3.78,3.78,3.78,,3.78,factor_candle,GitHub datasets mirror sample,offline_sample_production_disabled
US10Y_MONTHLY_SAMPLE,1961-03-01,1961-03-01T00:00:00Z,monthly,3.74,3.74,3.74,3.74,,3.74,factor_candle,GitHub datasets mirror sample,offline_sample_production_disabled
US10Y_MONTHLY_SAMPLE,1961-04-01,1961-04-01T00:00:00Z,monthly,3.78,3.78,3.78,3.78,,3.78,factor_candle,GitHub datasets mirror sample,offline_sample_production_disabled
US10Y_MONTHLY_SAMPLE,1961-05-01,1961-05-01T00:00:00Z,monthly,3.71,3.71,3.71,3.71,,3.71,factor_candle,GitHub datasets mirror sample,offline_sample_production_disabled
US10Y_MONTHLY_SAMPLE,1961-06-01,1961-06-01T00:00:00Z,monthly,3.88,3.88,3.88,3.88,,3.88,factor_candle,GitHub datasets mirror sample,offline_sample_production_disabled
US10Y_MONTHLY_SAMPLE,1961-07-01,1961-07-01T00:00:00Z,monthly,3.92,3.92,3.92,3.92,,3.92,factor_candle,GitHub datasets mirror sample,offline_sample_production_disabled
US10Y_MONTHLY_SAMPLE,1961-08-01,1961-08-01T00:00:00Z,monthly,4.04,4.04,4.04,4.04,,4.04,factor_candle,GitHub datasets mirror sample,offline_sample_production_disabled
US10Y_MONTHLY_SAMPLE,1961-09-01,1961-09-01T00:00:00Z,monthly,3.98,3.98,3.98,3.98,,3.98,factor_candle,GitHub datasets mirror sample,offline_sample_production_disabled
US10Y_MONTHLY_SAMPLE,1961-10-01,1961-10-01T00:00:00Z,monthly,3.92,3.92,3.92,3.92,,3.92,factor_candle,GitHub datasets mirror sample,offline_sample_production_disabled
US10Y_MONTHLY_SAMPLE,1961-11-01,1961-11-01T00:00:00Z,monthly,3.94,3.94,3.94,3.94,,3.94,factor_candle,GitHub datasets mirror sample,offline_sample_production_disabled
US10Y_MONTHLY_SAMPLE,1961-12-01,1961-12-01T00:00:00Z,monthly,4.06,4.06,4.06,4.06,,4.06,factor_candle,GitHub datasets mirror sample,offline_sample_production_disabled
US10Y_MONTHLY_SAMPLE,1962-01-01,1962-01-01T00:00:00Z,monthly,4.08,4.08,4.08,4.08,,4.08,factor_candle,GitHub datasets mirror sample,offline_sample_production_disabled
US10Y_MONTHLY_SAMPLE,1962-02-01,1962-02-01T00:00:00Z,monthly,4.04,4.04,4.04,4.04,,4.04,factor_candle,GitHub datasets mirror sample,offline_sample_production_disabled
US10Y_MONTHLY_SAMPLE,1962-03-01,1962-03-01T00:00:00Z,monthly,3.93,3.93,3.93,3.93,,3.93,factor_candle,GitHub datasets mirror sample,offline_sample_production_disabled
US10Y_MONTHLY_SAMPLE,1962-04-01,1962-04-01T00:00:00Z,monthly,3.84,3.84,3.84,3.84,,3.84,factor_candle,GitHub datasets mirror sample,offline_sample_production_disabled
US10Y_MONTHLY_SAMPLE,1962-05-01,1962-05-01T00:00:00Z,monthly,3.87,3.87,3.87,3.87,,3.87,factor_candle,GitHub datasets mirror sample,offline_sample_production_disabled
US10Y_MONTHLY_SAMPLE,1962-06-01,1962-06-01T00:00:00Z,monthly,3.91,3.91,3.91,3.91,,3.91,factor_candle,GitHub datasets mirror sample,offline_sample_production_disabled
US10Y_MONTHLY_SAMPLE,1962-07-01,1962-07-01T00:00:00Z,monthly,4.01,4.01,4.01,4.01,,4.01,factor_candle,GitHub datasets mirror sample,offline_sample_production_disabled
US10Y_MONTHLY_SAMPLE,1962-08-01,1962-08-01T00:00:00Z,monthly,3.98,3.98,3.98,3.98,,3.98,factor_candle,GitHub datasets mirror sample,offline_sample_production_disabled
US10Y_MONTHLY_SAMPLE,1962-09-01,1962-09-01T00:00:00Z,monthly,3.98,3.98,3.98,3.98,,3.98,factor_candle,GitHub datasets mirror sample,offline_sample_production_disabled
US10Y_MONTHLY_SAMPLE,1962-10-01,1962-10-01T00:00:00Z,monthly,3.93,3.93,3.93,3.93,,3.93,factor_candle,GitHub datasets mirror sample,offline_sample_production_disabled
US10Y_MONTHLY_SAMPLE,1962-11-01,1962-11-01T00:00:00Z,monthly,3.92,3.92,3.92,3.92,,3.92,factor_candle,GitHub datasets mirror sample,offline_sample_production_disabled
US10Y_MONTHLY_SAMPLE,1962-12-01,1962-12-01T00:00:00Z,monthly,3.86,3.86,3.86,3.86,,3.86,factor_candle,GitHub datasets mirror sample,offline_sample_production_disabled
US10Y_MONTHLY_SAMPLE,1963-01-01,1963-01-01T00:00:00Z,monthly,3.83,3.83,3.83,3.83,,3.83,factor_candle,GitHub datasets mirror sample,offline_sample_production_disabled
US10Y_MONTHLY_SAMPLE,1963-02-01,1963-02-01T00:00:00Z,monthly,3.92,3.92,3.92,3.92,,3.92,factor_candle,GitHub datasets mirror sample,offline_sample_production_disabled
US10Y_MONTHLY_SAMPLE,1963-03-01,1963-03-01T00:00:00Z,monthly,3.93,3.93,3.93,3.93,,3.93,factor_candle,GitHub datasets mirror sample,offline_sample_production_disabled
US10Y_MONTHLY_SAMPLE,1963-04-01,1963-04-01T00:00:00Z,monthly,3.97,3.97,3.97,3.97,,3.97,factor_candle,GitHub datasets mirror sample,offline_sample_production_disabled
US10Y_MONTHLY_SAMPLE,1963-05-01,1963-05-01T00:00:00Z,monthly,3.93,3.93,3.93,3.93,,3.93,factor_candle,GitHub datasets mirror sample,offline_sample_production_disabled
US10Y_MONTHLY_SAMPLE,1963-06-01,1963-06-01T00:00:00Z,monthly,3.99,3.99,3.99,3.99,,3.99,factor_candle,GitHub datasets mirror sample,offline_sample_production_disabled
US10Y_MONTHLY_SAMPLE,1963-07-01,1963-07-01T00:00:00Z,monthly,4.02,4.02,4.02,4.02,,4.02,factor_candle,GitHub datasets mirror sample,offline_sample_production_disabled
US10Y_MONTHLY_SAMPLE,1963-08-01,1963-08-01T00:00:00Z,monthly,4.0,4.0,4.0,4.0,,4.0,factor_candle,GitHub datasets mirror sample,offline_sample_production_disabled
US10Y_MONTHLY_SAMPLE,1963-09-01,1963-09-01T00:00:00Z,monthly,4.08,4.08,4.08,4.08,,4.08,factor_candle,GitHub datasets mirror sample,offline_sample_production_disabled
US10Y_MONTHLY_SAMPLE,1963-10-01,1963-10-01T00:00:00Z,monthly,4.11,4.11,4.11,4.11,,4.11,factor_candle,GitHub datasets mirror sample,offline_sample_production_disabled
US10Y_MONTHLY_SAMPLE,1963-11-01,1963-11-01T00:00:00Z,monthly,4.12,4.12,4.12,4.12,,4.12,factor_candle,GitHub datasets mirror sample,offline_sample_production_disabled
US10Y_MONTHLY_SAMPLE,1963-12-01,1963-12-01T00:00:00Z,monthly,4.13,4.13,4.13,4.13,,4.13,factor_candle,GitHub datasets mirror sample,offline_sample_production_disabled
US10Y_MONTHLY_SAMPLE,1964-01-01,1964-01-01T00:00:00Z,monthly,4.17,4.17,4.17,4.17,,4.17,factor_candle,GitHub datasets mirror sample,offline_sample_production_disabled
US10Y_MONTHLY_SAMPLE,1964-02-01,1964-02-01T00:00:00Z,monthly,4.15,4.15,4.15,4.15,,4.15,factor_candle,GitHub datasets mirror sample,offline_sample_production_disabled
US10Y_MONTHLY_SAMPLE,1964-03-01,1964-03-01T00:00:00Z,monthly,4.22,4.22,4.22,4.22,,4.22,factor_candle,GitHub datasets mirror sample,offline_sample_production_disabled
US10Y_MONTHLY_SAMPLE,1964-04-01,1964-04-01T00:00:00Z,monthly,4.23,4.23,4.23,4.23,,4.23,factor_candle,GitHub datasets mirror sample,offline_sample_production_disabled
US10Y_MONTHLY_SAMPLE,1964-05-01,1964-05-01T00:00:00Z,monthly,4.2,4.2,4.2,4.2,,4.2,factor_candle,GitHub datasets mirror sample,offline_sample_production_disabled
US10Y_MONTHLY_SAMPLE,1964-06-01,1964-06-01T00:00:00Z,monthly,4.17,4.17,4.17,4.17,,4.17,factor_candle,GitHub datasets mirror sample,offline_sample_production_disabled
US10Y_MONTHLY_SAMPLE,1964-07-01,1964-07-01T00:00:00Z,monthly,4.19,4.19,4.19,4.19,,4.19,factor_candle,GitHub datasets mirror sample,offline_sample_production_disabled
US10Y_MONTHLY_SAMPLE,1964-08-01,1964-08-01T00:00:00Z,monthly,4.19,4.19,4.19,4.19,,4.19,factor_candle,GitHub datasets mirror sample,offline_sample_production_disabled
US10Y_MONTHLY_SAMPLE,1964-09-01,1964-09-01T00:00:00Z,monthly,4.2,4.2,4.2,4.2,,4.2,factor_candle,GitHub datasets mirror sample,offline_sample_production_disabled
US10Y_MONTHLY_SAMPLE,1964-10-01,1964-10-01T00:00:00Z,monthly,4.19,4.19,4.19,4.19,,4.19,factor_candle,GitHub datasets mirror sample,offline_sample_production_disabled
US10Y_MONTHLY_SAMPLE,1964-11-01,1964-11-01T00:00:00Z,monthly,4.15,4.15,4.15,4.15,,4.15,factor_candle,GitHub datasets mirror sample,offline_sample_production_disabled
US10Y_MONTHLY_SAMPLE,1964-12-01,1964-12-01T00:00:00Z,monthly,4.18,4.18,4.18,4.18,,4.18,factor_candle,GitHub datasets mirror sample,offline_sample_production_disabled
US10Y_MONTHLY_SAMPLE,1965-01-01,1965-01-01T00:00:00Z,monthly,4.19,4.19,4.19,4.19,,4.19,factor_candle,GitHub datasets mirror sample,offline_sample_production_disabled
US10Y_MONTHLY_SAMPLE,1965-02-01,1965-02-01T00:00:00Z,monthly,4.21,4.21,4.21,4.21,,4.21,factor_candle,GitHub datasets mirror sample,offline_sample_production_disabled
US10Y_MONTHLY_SAMPLE,1965-03-01,1965-03-01T00:00:00Z,monthly,4.21,4.21,4.21,4.21,,4.21,factor_candle,GitHub datasets mirror sample,offline_sample_production_disabled
US10Y_MONTHLY_SAMPLE,1965-04-01,1965-04-01T00:00:00Z,monthly,4.2,4.2,4.2,4.2,,4.2,factor_candle,GitHub datasets mirror sample,offline_sample_production_disabled
US10Y_MONTHLY_SAMPLE,1965-05-01,1965-05-01T00:00:00Z,monthly,4.21,4.21,4.21,4.21,,4.21,factor_candle,GitHub datasets mirror sample,offline_sample_production_disabled
US10Y_MONTHLY_SAMPLE,1965-06-01,1965-06-01T00:00:00Z,monthly,4.21,4.21,4.21,4.21,,4.21,factor_candle,GitHub datasets mirror sample,offline_sample_production_disabled
US10Y_MONTHLY_SAMPLE,1965-07-01,1965-07-01T00:00:00Z,monthly,4.2,4.2,4.2,4.2,,4.2,factor_candle,GitHub datasets mirror sample,offline_sample_production_disabled
US10Y_MONTHLY_SAMPLE,1965-08-01,1965-08-01T00:00:00Z,monthly,4.25,4.25,4.25,4.25,,4.25,factor_candle,GitHub datasets mirror sample,offline_sample_production_disabled
US10Y_MONTHLY_SAMPLE,1965-09-01,1965-09-01T00:00:00Z,monthly,4.29,4.29,4.29,4.29,,4.29,factor_candle,GitHub datasets mirror sample,offline_sample_production_disabled
US10Y_MONTHLY_SAMPLE,1965-10-01,1965-10-01T00:00:00Z,monthly,4.35,4.35,4.35,4.35,,4.35,factor_candle,GitHub datasets mirror sample,offline_sample_production_disabled
US10Y_MONTHLY_SAMPLE,1965-11-01,1965-11-01T00:00:00Z,monthly,4.45,4.45,4.45,4.45,,4.45,factor_candle,GitHub datasets mirror sample,offline_sample_production_disabled
US10Y_MONTHLY_SAMPLE,1965-12-01,1965-12-01T00:00:00Z,monthly,4.62,4.62,4.62,4.62,,4.62,factor_candle,GitHub datasets mirror sample,offline_sample_production_disabled
US10Y_MONTHLY_SAMPLE,1966-01-01,1966-01-01T00:00:00Z,monthly,4.61,4.61,4.61,4.61,,4.61,factor_candle,GitHub datasets mirror sample,offline_sample_production_disabled
US10Y_MONTHLY_SAMPLE,1966-02-01,1966-02-01T00:00:00Z,monthly,4.83,4.83,4.83,4.83,,4.83,factor_candle,GitHub datasets mirror sample,offline_sample_production_disabled
US10Y_MONTHLY_SAMPLE,1966-03-01,1966-03-01T00:00:00Z,monthly,4.87,4.87,4.87,4.87,,4.87,factor_candle,GitHub datasets mirror sample,offline_sample_production_disabled
US10Y_MONTHLY_SAMPLE,1966-04-01,1966-04-01T00:00:00Z,monthly,4.75,4.75,4.75,4.75,,4.75,factor_candle,GitHub datasets mirror sample,offline_sample_production_disabled
US10Y_MONTHLY_SAMPLE,1966-05-01,1966-05-01T00:00:00Z,monthly,4.78,4.78,4.78,4.78,,4.78,factor_candle,GitHub datasets mirror sample,offline_sample_production_disabled
US10Y_MONTHLY_SAMPLE,1966-06-01,1966-06-01T00:00:00Z,monthly,4.81,4.81,4.81,4.81,,4.81,factor_candle,GitHub datasets mirror sample,offline_sample_production_disabled
US10Y_MONTHLY_SAMPLE,1966-07-01,1966-07-01T00:00:00Z,monthly,5.02,5.02,5.02,5.02,,5.02,factor_candle,GitHub datasets mirror sample,offline_sample_production_disabled
US10Y_MONTHLY_SAMPLE,1966-08-01,1966-08-01T00:00:00Z,monthly,5.22,5.22,5.22,5.22,,5.22,factor_candle,GitHub datasets mirror sample,offline_sample_production_disabled
US10Y_MONTHLY_SAMPLE,1966-09-01,1966-09-01T00:00:00Z,monthly,5.18,5.18,5.18,5.18,,5.18,factor_candle,GitHub datasets mirror sample,offline_sample_production_disabled
US10Y_MONTHLY_SAMPLE,1966-10-01,1966-10-01T00:00:00Z,monthly,5.01,5.01,5.01,5.01,,5.01,factor_candle,GitHub datasets mirror sample,offline_sample_production_disabled
US10Y_MONTHLY_SAMPLE,1966-11-01,1966-11-01T00:00:00Z,monthly,5.16,5.16,5.16,5.16,,5.16,factor_candle,GitHub datasets mirror sample,offline_sample_production_disabled
US10Y_MONTHLY_SAMPLE,1966-12-01,1966-12-01T00:00:00Z,monthly,4.84,4.84,4.84,4.84,,4.84,factor_candle,GitHub datasets mirror sample,offline_sample_production_disabled
US10Y_MONTHLY_SAMPLE,1967-01-01,1967-01-01T00:00:00Z,monthly,4.58,4.58,4.58,4.58,,4.58,factor_candle,GitHub datasets mirror sample,offline_sample_production_disabled
US10Y_MONTHLY_SAMPLE,1967-02-01,1967-02-01T00:00:00Z,monthly,4.63,4.63,4.63,4.63,,4.63,factor_candle,GitHub datasets mirror sample,offline_sample_production_disabled
US10Y_MONTHLY_SAMPLE,1967-03-01,1967-03-01T00:00:00Z,monthly,4.54,4.54,4.54,4.54,,4.54,factor_candle,GitHub datasets mirror sample,offline_sample_production_disabled
US10Y_MONTHLY_SAMPLE,1967-04-01,1967-04-01T00:00:00Z,monthly,4.59,4.59,4.59,4.59,,4.59,factor_candle,GitHub datasets mirror sample,offline_sample_production_disabled
US10Y_MONTHLY_SAMPLE,1967-05-01,1967-05-01T00:00:00Z,monthly,4.85,4.85,4.85,4.85,,4.85,factor_candle,GitHub datasets mirror sample,offline_sample_production_disabled
US10Y_MONTHLY_SAMPLE,1967-06-01,1967-06-01T00:00:00Z,monthly,5.02,5.02,5.02,5.02,,5.02,factor_candle,GitHub datasets mirror sample,offline_sample_production_disabled
US10Y_MONTHLY_SAMPLE,1967-07-01,1967-07-01T00:00:00Z,monthly,5.16,5.16,5.16,5.16,,5.16,factor_candle,GitHub datasets mirror sample,offline_sample_production_disabled
US10Y_MONTHLY_SAMPLE,1967-08-01,1967-08-01T00:00:00Z,monthly,5.28,5.28,5.28,5.28,,5.28,factor_candle,GitHub datasets mirror sample,offline_sample_production_disabled
US10Y_MONTHLY_SAMPLE,1967-09-01,1967-09-01T00:00:00Z,monthly,5.3,5.3,5.3,5.3,,5.3,factor_candle,GitHub datasets mirror sample,offline_sample_production_disabled
US10Y_MONTHLY_SAMPLE,1967-10-01,1967-10-01T00:00:00Z,monthly,5.48,5.48,5.48,5.48,,5.48,factor_candle,GitHub datasets mirror sample,offline_sample_production_disabled
US10Y_MONTHLY_SAMPLE,1967-11-01,1967-11-01T00:00:00Z,monthly,5.75,5.75,5.75,5.75,,5.75,factor_candle,GitHub datasets mirror sample,offline_sample_production_disabled
US10Y_MONTHLY_SAMPLE,1967-12-01,1967-12-01T00:00:00Z,monthly,5.7,5.7,5.7,5.7,,5.7,factor_candle,GitHub datasets mirror sample,offline_sample_production_disabled
US10Y_MONTHLY_SAMPLE,1968-01-01,1968-01-01T00:00:00Z,monthly,5.53,5.53,5.53,5.53,,5.53,factor_candle,GitHub datasets mirror sample,offline_sample_production_disabled
US10Y_MONTHLY_SAMPLE,1968-02-01,1968-02-01T00:00:00Z,monthly,5.56,5.56,5.56,5.56,,5.56,factor_candle,GitHub datasets mirror sample,offline_sample_production_disabled
US10Y_MONTHLY_SAMPLE,1968-03-01,1968-03-01T00:00:00Z,monthly,5.74,5.74,5.74,5.74,,5.74,factor_candle,GitHub datasets mirror sample,offline_sample_production_disabled
US10Y_MONTHLY_SAMPLE,1968-04-01,1968-04-01T00:00:00Z,monthly,5.64,5.64,5.64,5.64,,5.64,factor_candle,GitHub datasets mirror sample,offline_sample_production_disabled
US10Y_MONTHLY_SAMPLE,1968-05-01,1968-05-01T00:00:00Z,monthly,5.87,5.87,5.87,5.87,,5.87,factor_candle,GitHub datasets mirror sample,offline_sample_production_disabled
US10Y_MONTHLY_SAMPLE,1968-06-01,1968-06-01T00:00:00Z,monthly,5.72,5.72,5.72,5.72,,5.72,factor_candle,GitHub datasets mirror sample,offline_sample_production_disabled
US10Y_MONTHLY_SAMPLE,1968-07-01,1968-07-01T00:00:00Z,monthly,5.5,5.5,5.5,5.5,,5.5,factor_candle,GitHub datasets mirror sample,offline_sample_production_disabled
US10Y_MONTHLY_SAMPLE,1968-08-01,1968-08-01T00:00:00Z,monthly,5.42,5.42,5.42,5.42,,5.42,factor_candle,GitHub datasets mirror sample,offline_sample_production_disabled
US10Y_MONTHLY_SAMPLE,1968-09-01,1968-09-01T00:00:00Z,monthly,5.46,5.46,5.46,5.46,,5.46,factor_candle,GitHub datasets mirror sample,offline_sample_production_disabled
US10Y_MONTHLY_SAMPLE,1968-10-01,1968-10-01T00:00:00Z,monthly,5.58,5.58,5.58,5.58,,5.58,factor_candle,GitHub datasets mirror sample,offline_sample_production_disabled
US10Y_MONTHLY_SAMPLE,1968-11-01,1968-11-01T00:00:00Z,monthly,5.7,5.7,5.7,5.7,,5.7,factor_candle,GitHub datasets mirror sample,offline_sample_production_disabled
US10Y_MONTHLY_SAMPLE,1968-12-01,1968-12-01T00:00:00Z,monthly,6.03,6.03,6.03,6.03,,6.03,factor_candle,GitHub datasets mirror sample,offline_sample_production_disabled
US10Y_MONTHLY_SAMPLE,1969-01-01,1969-01-01T00:00:00Z,monthly,6.04,6.04,6.04,6.04,,6.04,factor_candle,GitHub datasets mirror sample,offline_sample_production_disabled
US10Y_MONTHLY_SAMPLE,1969-02-01,1969-02-01T00:00:00Z,monthly,6.19,6.19,6.19,6.19,,6.19,factor_candle,GitHub datasets mirror sample,offline_sample_production_disabled
US10Y_MONTHLY_SAMPLE,1969-03-01,1969-03-01T00:00:00Z,monthly,6.3,6.3,6.3,6.3,,6.3,factor_candle,GitHub datasets mirror sample,offline_sample_production_disabled
US10Y_MONTHLY_SAMPLE,1969-04-01,1969-04-01T00:00:00Z,monthly,6.17,6.17,6.17,6.17,,6.17,factor_candle,GitHub datasets mirror sample,offline_sample_production_disabled
US10Y_MONTHLY_SAMPLE,1969-05-01,1969-05-01T00:00:00Z,monthly,6.32,6.32,6.32,6.32,,6.32,factor_candle,GitHub datasets mirror sample,offline_sample_production_disabled
US10Y_MONTHLY_SAMPLE,1969-06-01,1969-06-01T00:00:00Z,monthly,6.57,6.57,6.57,6.57,,6.57,factor_candle,GitHub datasets mirror sample,offline_sample_production_disabled
US10Y_MONTHLY_SAMPLE,1969-07-01,1969-07-01T00:00:00Z,monthly,6.72,6.72,6.72,6.72,,6.72,factor_candle,GitHub datasets mirror sample,offline_sample_production_disabled
US10Y_MONTHLY_SAMPLE,1969-08-01,1969-08-01T00:00:00Z,monthly,6.69,6.69,6.69,6.69,,6.69,factor_candle,GitHub datasets mirror sample,offline_sample_production_disabled
US10Y_MONTHLY_SAMPLE,1969-09-01,1969-09-01T00:00:00Z,monthly,7.16,7.16,7.16,7.16,,7.16,factor_candle,GitHub datasets mirror sample,offline_sample_production_disabled
US10Y_MONTHLY_SAMPLE,1969-10-01,1969-10-01T00:00:00Z,monthly,7.1,7.1,7.1,7.1,,7.1,factor_candle,GitHub datasets mirror sample,offline_sample_production_disabled
US10Y_MONTHLY_SAMPLE,1969-11-01,1969-11-01T00:00:00Z,monthly,7.14,7.14,7.14,7.14,,7.14,factor_candle,GitHub datasets mirror sample,offline_sample_production_disabled
US10Y_MONTHLY_SAMPLE,1969-12-01,1969-12-01T00:00:00Z,monthly,7.65,7.65,7.65,7.65,,7.65,factor_candle,GitHub datasets mirror sample,offline_sample_production_disabled
US10Y_MONTHLY_SAMPLE,1970-01-01,1970-01-01T00:00:00Z,monthly,7.79,7.79,7.79,7.79,,7.79,factor_candle,GitHub datasets mirror sample,offline_sample_production_disabled
US10Y_MONTHLY_SAMPLE,1970-02-01,1970-02-01T00:00:00Z,monthly,7.24,7.24,7.24,7.24,,7.24,factor_candle,GitHub datasets mirror sample,offline_sample_production_disabled
US10Y_MONTHLY_SAMPLE,1970-03-01,1970-03-01T00:00:00Z,monthly,7.07,7.07,7.07,7.07,,7.07,factor_candle,GitHub datasets mirror sample,offline_sample_production_disabled
US10Y_MONTHLY_SAMPLE,1970-04-01,1970-04-01T00:00:00Z,monthly,7.39,7.39,7.39,7.39,,7.39,factor_candle,GitHub datasets mirror sample,offline_sample_production_disabled
US10Y_MONTHLY_SAMPLE,1970-05-01,1970-05-01T00:00:00Z,monthly,7.91,7.91,7.91,7.91,,7.91,factor_candle,GitHub datasets mirror sample,offline_sample_production_disabled
US10Y_MONTHLY_SAMPLE,1970-06-01,1970-06-01T00:00:00Z,monthly,7.84,7.84,7.84,7.84,,7.84,factor_candle,GitHub datasets mirror sample,offline_sample_production_disabled
US10Y_MONTHLY_SAMPLE,1970-07-01,1970-07-01T00:00:00Z,monthly,7.46,7.46,7.46,7.46,,7.46,factor_candle,GitHub datasets mirror sample,offline_sample_production_disabled
US10Y_MONTHLY_SAMPLE,1970-08-01,1970-08-01T00:00:00Z,monthly,7.53,7.53,7.53,7.53,,7.53,factor_candle,GitHub datasets mirror sample,offline_sample_production_disabled
US10Y_MONTHLY_SAMPLE,1970-09-01,1970-09-01T00:00:00Z,monthly,7.39,7.39,7.39,7.39,,7.39,factor_candle,GitHub datasets mirror sample,offline_sample_production_disabled
US10Y_MONTHLY_SAMPLE,1970-10-01,1970-10-01T00:00:00Z,monthly,7.33,7.33,7.33,7.33,,7.33,factor_candle,GitHub datasets mirror sample,offline_sample_production_disabled
US10Y_MONTHLY_SAMPLE,1970-11-01,1970-11-01T00:00:00Z,monthly,6.84,6.84,6.84,6.84,,6.84,factor_candle,GitHub datasets mirror sample,offline_sample_production_disabled
US10Y_MONTHLY_SAMPLE,1970-12-01,1970-12-01T00:00:00Z,monthly,6.39,6.39,6.39,6.39,,6.39,factor_candle,GitHub datasets mirror sample,offline_sample_production_disabled
US10Y_MONTHLY_SAMPLE,1971-01-01,1971-01-01T00:00:00Z,monthly,6.24,6.24,6.24,6.24,,6.24,factor_candle,GitHub datasets mirror sample,offline_sample_production_disabled
US10Y_MONTHLY_SAMPLE,1971-02-01,1971-02-01T00:00:00Z,monthly,6.11,6.11,6.11,6.11,,6.11,factor_candle,GitHub datasets mirror sample,offline_sample_production_disabled
US10Y_MONTHLY_SAMPLE,1971-03-01,1971-03-01T00:00:00Z,monthly,5.7,5.7,5.7,5.7,,5.7,factor_candle,GitHub datasets mirror sample,offline_sample_production_disabled
US10Y_MONTHLY_SAMPLE,1971-04-01,1971-04-01T00:00:00Z,monthly,5.83,5.83,5.83,5.83,,5.83,factor_candle,GitHub datasets mirror sample,offline_sample_production_disabled
US10Y_MONTHLY_SAMPLE,1971-05-01,1971-05-01T00:00:00Z,monthly,6.39,6.39,6.39,6.39,,6.39,factor_candle,GitHub datasets mirror sample,offline_sample_production_disabled
US10Y_MONTHLY_SAMPLE,1971-06-01,1971-06-01T00:00:00Z,monthly,6.52,6.52,6.52,6.52,,6.52,factor_candle,GitHub datasets mirror sample,offline_sample_production_disabled
US10Y_MONTHLY_SAMPLE,1971-07-01,1971-07-01T00:00:00Z,monthly,6.73,6.73,6.73,6.73,,6.73,factor_candle,GitHub datasets mirror sample,offline_sample_production_disabled
US10Y_MONTHLY_SAMPLE,1971-08-01,1971-08-01T00:00:00Z,monthly,6.58,6.58,6.58,6.58,,6.58,factor_candle,GitHub datasets mirror sample,offline_sample_production_disabled
US10Y_MONTHLY_SAMPLE,1971-09-01,1971-09-01T00:00:00Z,monthly,6.14,6.14,6.14,6.14,,6.14,factor_candle,GitHub datasets mirror sample,offline_sample_production_disabled
US10Y_MONTHLY_SAMPLE,1971-10-01,1971-10-01T00:00:00Z,monthly,5.93,5.93,5.93,5.93,,5.93,factor_candle,GitHub datasets mirror sample,offline_sample_production_disabled
US10Y_MONTHLY_SAMPLE,1971-11-01,1971-11-01T00:00:00Z,monthly,5.81,5.81,5.81,5.81,,5.81,factor_candle,GitHub datasets mirror sample,offline_sample_production_disabled
US10Y_MONTHLY_SAMPLE,1971-12-01,1971-12-01T00:00:00Z,monthly,5.93,5.93,5.93,5.93,,5.93,factor_candle,GitHub datasets mirror sample,offline_sample_production_disabled
US10Y_MONTHLY_SAMPLE,1972-01-01,1972-01-01T00:00:00Z,monthly,5.95,5.95,5.95,5.95,,5.95,factor_candle,GitHub datasets mirror sample,offline_sample_production_disabled
US10Y_MONTHLY_SAMPLE,1972-02-01,1972-02-01T00:00:00Z,monthly,6.08,6.08,6.08,6.08,,6.08,factor_candle,GitHub datasets mirror sample,offline_sample_production_disabled
US10Y_MONTHLY_SAMPLE,1972-03-01,1972-03-01T00:00:00Z,monthly,6.07,6.07,6.07,6.07,,6.07,factor_candle,GitHub datasets mirror sample,offline_sample_production_disabled
US10Y_MONTHLY_SAMPLE,1972-04-01,1972-04-01T00:00:00Z,monthly,6.19,6.19,6.19,6.19,,6.19,factor_candle,GitHub datasets mirror sample,offline_sample_production_disabled
US10Y_MONTHLY_SAMPLE,1972-05-01,1972-05-01T00:00:00Z,monthly,6.13,6.13,6.13,6.13,,6.13,factor_candle,GitHub datasets mirror sample,offline_sample_production_disabled
US10Y_MONTHLY_SAMPLE,1972-06-01,1972-06-01T00:00:00Z,monthly,6.11,6.11,6.11,6.11,,6.11,factor_candle,GitHub datasets mirror sample,offline_sample_production_disabled
US10Y_MONTHLY_SAMPLE,1972-07-01,1972-07-01T00:00:00Z,monthly,6.11,6.11,6.11,6.11,,6.11,factor_candle,GitHub datasets mirror sample,offline_sample_production_disabled
US10Y_MONTHLY_SAMPLE,1972-08-01,1972-08-01T00:00:00Z,monthly,6.21,6.21,6.21,6.21,,6.21,factor_candle,GitHub datasets mirror sample,offline_sample_production_disabled
US10Y_MONTHLY_SAMPLE,1972-09-01,1972-09-01T00:00:00Z,monthly,6.55,6.55,6.55,6.55,,6.55,factor_candle,GitHub datasets mirror sample,offline_sample_production_disabled
US10Y_MONTHLY_SAMPLE,1972-10-01,1972-10-01T00:00:00Z,monthly,6.48,6.48,6.48,6.48,,6.48,factor_candle,GitHub datasets mirror sample,offline_sample_production_disabled
US10Y_MONTHLY_SAMPLE,1972-11-01,1972-11-01T00:00:00Z,monthly,6.28,6.28,6.28,6.28,,6.28,factor_candle,GitHub datasets mirror sample,offline_sample_production_disabled
US10Y_MONTHLY_SAMPLE,1972-12-01,1972-12-01T00:00:00Z,monthly,6.36,6.36,6.36,6.36,,6.36,factor_candle,GitHub datasets mirror sample,offline_sample_production_disabled
US10Y_MONTHLY_SAMPLE,1973-01-01,1973-01-01T00:00:00Z,monthly,6.46,6.46,6.46,6.46,,6.46,factor_candle,GitHub datasets mirror sample,offline_sample_production_disabled
US10Y_MONTHLY_SAMPLE,1973-02-01,1973-02-01T00:00:00Z,monthly,6.64,6.64,6.64,6.64,,6.64,factor_candle,GitHub datasets mirror sample,offline_sample_production_disabled
US10Y_MONTHLY_SAMPLE,1973-03-01,1973-03-01T00:00:00Z,monthly,6.71,6.71,6.71,6.71,,6.71,factor_candle,GitHub datasets mirror sample,offline_sample_production_disabled
US10Y_MONTHLY_SAMPLE,1973-04-01,1973-04-01T00:00:00Z,monthly,6.67,6.67,6.67,6.67,,6.67,factor_candle,GitHub datasets mirror sample,offline_sample_production_disabled
US10Y_MONTHLY_SAMPLE,1973-05-01,1973-05-01T00:00:00Z,monthly,6.85,6.85,6.85,6.85,,6.85,factor_candle,GitHub datasets mirror sample,offline_sample_production_disabled
US10Y_MONTHLY_SAMPLE,1973-06-01,1973-06-01T00:00:00Z,monthly,6.9,6.9,6.9,6.9,,6.9,factor_candle,GitHub datasets mirror sample,offline_sample_production_disabled
US10Y_MONTHLY_SAMPLE,1973-07-01,1973-07-01T00:00:00Z,monthly,7.13,7.13,7.13,7.13,,7.13,factor_candle,GitHub datasets mirror sample,offline_sample_production_disabled
US10Y_MONTHLY_SAMPLE,1973-08-01,1973-08-01T00:00:00Z,monthly,7.4,7.4,7.4,7.4,,7.4,factor_candle,GitHub datasets mirror sample,offline_sample_production_disabled
US10Y_MONTHLY_SAMPLE,1973-09-01,1973-09-01T00:00:00Z,monthly,7.09,7.09,7.09,7.09,,7.09,factor_candle,GitHub datasets mirror sample,offline_sample_production_disabled
US10Y_MONTHLY_SAMPLE,1973-10-01,1973-10-01T00:00:00Z,monthly,6.79,6.79,6.79,6.79,,6.79,factor_candle,GitHub datasets mirror sample,offline_sample_production_disabled
US10Y_MONTHLY_SAMPLE,1973-11-01,1973-11-01T00:00:00Z,monthly,6.73,6.73,6.73,6.73,,6.73,factor_candle,GitHub datasets mirror sample,offline_sample_production_disabled
US10Y_MONTHLY_SAMPLE,1973-12-01,1973-12-01T00:00:00Z,monthly,6.74,6.74,6.74,6.74,,6.74,factor_candle,GitHub datasets mirror sample,offline_sample_production_disabled
US10Y_MONTHLY_SAMPLE,1974-01-01,1974-01-01T00:00:00Z,monthly,6.99,6.99,6.99,6.99,,6.99,factor_candle,GitHub datasets mirror sample,offline_sample_production_disabled
US10Y_MONTHLY_SAMPLE,1974-02-01,1974-02-01T00:00:00Z,monthly,6.96,6.96,6.96,6.96,,6.96,factor_candle,GitHub datasets mirror sample,offline_sample_production_disabled
US10Y_MONTHLY_SAMPLE,1974-03-01,1974-03-01T00:00:00Z,monthly,7.21,7.21,7.21,7.21,,7.21,factor_candle,GitHub datasets mirror sample,offline_sample_production_disabled
US10Y_MONTHLY_SAMPLE,1974-04-01,1974-04-01T00:00:00Z,monthly,7.51,7.51,7.51,7.51,,7.51,factor_candle,GitHub datasets mirror sample,offline_sample_production_disabled
US10Y_MONTHLY_SAMPLE,1974-05-01,1974-05-01T00:00:00Z,monthly,7.58,7.58,7.58,7.58,,7.58,factor_candle,GitHub datasets mirror sample,offline_sample_production_disabled
US10Y_MONTHLY_SAMPLE,1974-06-01,1974-06-01T00:00:00Z,monthly,7.54,7.54,7.54,7.54,,7.54,factor_candle,GitHub datasets mirror sample,offline_sample_production_disabled
US10Y_MONTHLY_SAMPLE,1974-07-01,1974-07-01T00:00:00Z,monthly,7.81,7.81,7.81,7.81,,7.81,factor_candle,GitHub datasets mirror sample,offline_sample_production_disabled
US10Y_MONTHLY_SAMPLE,1974-08-01,1974-08-01T00:00:00Z,monthly,8.04,8.04,8.04,8.04,,8.04,factor_candle,GitHub datasets mirror sample,offline_sample_production_disabled
US10Y_MONTHLY_SAMPLE,1974-09-01,1974-09-01T00:00:00Z,monthly,8.04,8.04,8.04,8.04,,8.04,factor_candle,GitHub datasets mirror sample,offline_sample_production_disabled
US10Y_MONTHLY_SAMPLE,1974-10-01,1974-10-01T00:00:00Z,monthly,7.9,7.9,7.9,7.9,,7.9,factor_candle,GitHub datasets mirror sample,offline_sample_production_disabled
US10Y_MONTHLY_SAMPLE,1974-11-01,1974-11-01T00:00:00Z,monthly,7.68,7.68,7.68,7.68,,7.68,factor_candle,GitHub datasets mirror sample,offline_sample_production_disabled
US10Y_MONTHLY_SAMPLE,1974-12-01,1974-12-01T00:00:00Z,monthly,7.43,7.43,7.43,7.43,,7.43,factor_candle,GitHub datasets mirror sample,offline_sample_production_disabled
US10Y_MONTHLY_SAMPLE,1975-01-01,1975-01-01T00:00:00Z,monthly,7.5,7.5,7.5,7.5,,7.5,factor_candle,GitHub datasets mirror sample,offline_sample_production_disabled
US10Y_MONTHLY_SAMPLE,1975-02-01,1975-02-01T00:00:00Z,monthly,7.39,7.39,7.39,7.39,,7.39,factor_candle,GitHub datasets mirror sample,offline_sample_production_disabled
US10Y_MONTHLY_SAMPLE,1975-03-01,1975-03-01T00:00:00Z,monthly,7.73,7.73,7.73,7.73,,7.73,factor_candle,GitHub datasets mirror sample,offline_sample_production_disabled
US10Y_MONTHLY_SAMPLE,1975-04-01,1975-04-01T00:00:00Z,monthly,8.23,8.23,8.23,8.23,,8.23,factor_candle,GitHub datasets mirror sample,offline_sample_production_disabled
US10Y_MONTHLY_SAMPLE,1975-05-01,1975-05-01T00:00:00Z,monthly,8.06,8.06,8.06,8.06,,8.06,factor_candle,GitHub datasets mirror sample,offline_sample_production_disabled
US10Y_MONTHLY_SAMPLE,1975-06-01,1975-06-01T00:00:00Z,monthly,7.86,7.86,7.86,7.86,,7.86,factor_candle,GitHub datasets mirror sample,offline_sample_production_disabled
US10Y_MONTHLY_SAMPLE,1975-07-01,1975-07-01T00:00:00Z,monthly,8.06,8.06,8.06,8.06,,8.06,factor_candle,GitHub datasets mirror sample,offline_sample_production_disabled
US10Y_MONTHLY_SAMPLE,1975-08-01,1975-08-01T00:00:00Z,monthly,8.4,8.4,8.4,8.4,,8.4,factor_candle,GitHub datasets mirror sample,offline_sample_production_disabled
US10Y_MONTHLY_SAMPLE,1975-09-01,1975-09-01T00:00:00Z,monthly,8.43,8.43,8.43,8.43,,8.43,factor_candle,GitHub datasets mirror sample,offline_sample_production_disabled
US10Y_MONTHLY_SAMPLE,1975-10-01,1975-10-01T00:00:00Z,monthly,8.14,8.14,8.14,8.14,,8.14,factor_candle,GitHub datasets mirror sample,offline_sample_production_disabled
US10Y_MONTHLY_SAMPLE,1975-11-01,1975-11-01T00:00:00Z,monthly,8.05,8.05,8.05,8.05,,8.05,factor_candle,GitHub datasets mirror sample,offline_sample_production_disabled
US10Y_MONTHLY_SAMPLE,1975-12-01,1975-12-01T00:00:00Z,monthly,8.0,8.0,8.0,8.0,,8.0,factor_candle,GitHub datasets mirror sample,offline_sample_production_disabled
US10Y_MONTHLY_SAMPLE,1976-01-01,1976-01-01T00:00:00Z,monthly,7.74,7.74,7.74,7.74,,7.74,factor_candle,GitHub datasets mirror sample,offline_sample_production_disabled
US10Y_MONTHLY_SAMPLE,1976-02-01,1976-02-01T00:00:00Z,monthly,7.79,7.79,7.79,7.79,,7.79,factor_candle,GitHub datasets mirror sample,offline_sample_production_disabled
US10Y_MONTHLY_SAMPLE,1976-03-01,1976-03-01T00:00:00Z,monthly,7.73,7.73,7.73,7.73,,7.73,factor_candle,GitHub datasets mirror sample,offline_sample_production_disabled
US10Y_MONTHLY_SAMPLE,1976-04-01,1976-04-01T00:00:00Z,monthly,7.56,7.56,7.56,7.56,,7.56,factor_candle,GitHub datasets mirror sample,offline_sample_production_disabled
US10Y_MONTHLY_SAMPLE,1976-05-01,1976-05-01T00:00:00Z,monthly,7.9,7.9,7.9,7.9,,7.9,factor_candle,GitHub datasets mirror sample,offline_sample_production_disabled
US10Y_MONTHLY_SAMPLE,1976-06-01,1976-06-01T00:00:00Z,monthly,7.86,7.86,7.86,7.86,,7.86,factor_candle,GitHub datasets mirror sample,offline_sample_production_disabled
US10Y_MONTHLY_SAMPLE,1976-07-01,1976-07-01T00:00:00Z,monthly,7.83,7.83,7.83,7.83,,7.83,factor_candle,GitHub datasets mirror sample,offline_sample_production_disabled
US10Y_MONTHLY_SAMPLE,1976-08-01,1976-08-01T00:00:00Z,monthly,7.77,7.77,7.77,7.77,,7.77,factor_candle,GitHub datasets mirror sample,offline_sample_production_disabled
US10Y_MONTHLY_SAMPLE,1976-09-01,1976-09-01T00:00:00Z,monthly,7.59,7.59,7.59,7.59,,7.59,factor_candle,GitHub datasets mirror sample,offline_sample_production_disabled
US10Y_MONTHLY_SAMPLE,1976-10-01,1976-10-01T00:00:00Z,monthly,7.41,7.41,7.41,7.41,,7.41,factor_candle,GitHub datasets mirror sample,offline_sample_production_disabled
US10Y_MONTHLY_SAMPLE,1976-11-01,1976-11-01T00:00:00Z,monthly,7.29,7.29,7.29,7.29,,7.29,factor_candle,GitHub datasets mirror sample,offline_sample_production_disabled
US10Y_MONTHLY_SAMPLE,1976-12-01,1976-12-01T00:00:00Z,monthly,6.87,6.87,6.87,6.87,,6.87,factor_candle,GitHub datasets mirror sample,offline_sample_production_disabled
US10Y_MONTHLY_SAMPLE,1977-01-01,1977-01-01T00:00:00Z,monthly,7.21,7.21,7.21,7.21,,7.21,factor_candle,GitHub datasets mirror sample,offline_sample_production_disabled
US10Y_MONTHLY_SAMPLE,1977-02-01,1977-02-01T00:00:00Z,monthly,7.39,7.39,7.39,7.39,,7.39,factor_candle,GitHub datasets mirror sample,offline_sample_production_disabled
US10Y_MONTHLY_SAMPLE,1977-03-01,1977-03-01T00:00:00Z,monthly,7.46,7.46,7.46,7.46,,7.46,factor_candle,GitHub datasets mirror sample,offline_sample_production_disabled
US10Y_MONTHLY_SAMPLE,1977-04-01,1977-04-01T00:00:00Z,monthly,7.37,7.37,7.37,7.37,,7.37,factor_candle,GitHub datasets mirror sample,offline_sample_production_disabled
US10Y_MONTHLY_SAMPLE,1977-05-01,1977-05-01T00:00:00Z,monthly,7.46,7.46,7.46,7.46,,7.46,factor_candle,GitHub datasets mirror sample,offline_sample_production_disabled
US10Y_MONTHLY_SAMPLE,1977-06-01,1977-06-01T00:00:00Z,monthly,7.28,7.28,7.28,7.28,,7.28,factor_candle,GitHub datasets mirror sample,offline_sample_production_disabled
US10Y_MONTHLY_SAMPLE,1977-07-01,1977-07-01T00:00:00Z,monthly,7.33,7.33,7.33,7.33,,7.33,factor_candle,GitHub datasets mirror sample,offline_sample_production_disabled
US10Y_MONTHLY_SAMPLE,1977-08-01,1977-08-01T00:00:00Z,monthly,7.4,7.4,7.4,7.4,,7.4,factor_candle,GitHub datasets mirror sample,offline_sample_production_disabled
US10Y_MONTHLY_SAMPLE,1977-09-01,1977-09-01T00:00:00Z,monthly,7.34,7.34,7.34,7.34,,7.34,factor_candle,GitHub datasets mirror sample,offline_sample_production_disabled
US10Y_MONTHLY_SAMPLE,1977-10-01,1977-10-01T00:00:00Z,monthly,7.52,7.52,7.52,7.52,,7.52,factor_candle,GitHub datasets mirror sample,offline_sample_production_disabled
US10Y_MONTHLY_SAMPLE,1977-11-01,1977-11-01T00:00:00Z,monthly,7.58,7.58,7.58,7.58,,7.58,factor_candle,GitHub datasets mirror sample,offline_sample_production_disabled
US10Y_MONTHLY_SAMPLE,1977-12-01,1977-12-01T00:00:00Z,monthly,7.69,7.69,7.69,7.69,,7.69,factor_candle,GitHub datasets mirror sample,offline_sample_production_disabled
US10Y_MONTHLY_SAMPLE,1978-01-01,1978-01-01T00:00:00Z,monthly,7.96,7.96,7.96,7.96,,7.96,factor_candle,GitHub datasets mirror sample,offline_sample_production_disabled
US10Y_MONTHLY_SAMPLE,1978-02-01,1978-02-01T00:00:00Z,monthly,8.03,8.03,8.03,8.03,,8.03,factor_candle,GitHub datasets mirror sample,offline_sample_production_disabled
US10Y_MONTHLY_SAMPLE,1978-03-01,1978-03-01T00:00:00Z,monthly,8.04,8.04,8.04,8.04,,8.04,factor_candle,GitHub datasets mirror sample,offline_sample_production_disabled
US10Y_MONTHLY_SAMPLE,1978-04-01,1978-04-01T00:00:00Z,monthly,8.15,8.15,8.15,8.15,,8.15,factor_candle,GitHub datasets mirror sample,offline_sample_production_disabled
US10Y_MONTHLY_SAMPLE,1978-05-01,1978-05-01T00:00:00Z,monthly,8.35,8.35,8.35,8.35,,8.35,factor_candle,GitHub datasets mirror sample,offline_sample_production_disabled
US10Y_MONTHLY_SAMPLE,1978-06-01,1978-06-01T00:00:00Z,monthly,8.46,8.46,8.46,8.46,,8.46,factor_candle,GitHub datasets mirror sample,offline_sample_production_disabled
US10Y_MONTHLY_SAMPLE,1978-07-01,1978-07-01T00:00:00Z,monthly,8.64,8.64,8.64,8.64,,8.64,factor_candle,GitHub datasets mirror sample,offline_sample_production_disabled
US10Y_MONTHLY_SAMPLE,1978-08-01,1978-08-01T00:00:00Z,monthly,8.41,8.41,8.41,8.41,,8.41,factor_candle,GitHub datasets mirror sample,offline_sample_production_disabled
US10Y_MONTHLY_SAMPLE,1978-09-01,1978-09-01T00:00:00Z,monthly,8.42,8.42,8.42,8.42,,8.42,factor_candle,GitHub datasets mirror sample,offline_sample_production_disabled
US10Y_MONTHLY_SAMPLE,1978-10-01,1978-10-01T00:00:00Z,monthly,8.64,8.64,8.64,8.64,,8.64,factor_candle,GitHub datasets mirror sample,offline_sample_production_disabled
US10Y_MONTHLY_SAMPLE,1978-11-01,1978-11-01T00:00:00Z,monthly,8.81,8.81,8.81,8.81,,8.81,factor_candle,GitHub datasets mirror sample,offline_sample_production_disabled
US10Y_MONTHLY_SAMPLE,1978-12-01,1978-12-01T00:00:00Z,monthly,9.01,9.01,9.01,9.01,,9.01,factor_candle,GitHub datasets mirror sample,offline_sample_production_disabled
US10Y_MONTHLY_SAMPLE,1979-01-01,1979-01-01T00:00:00Z,monthly,9.1,9.1,9.1,9.1,,9.1,factor_candle,GitHub datasets mirror sample,offline_sample_production_disabled
US10Y_MONTHLY_SAMPLE,1979-02-01,1979-02-01T00:00:00Z,monthly,9.1,9.1,9.1,9.1,,9.1,factor_candle,GitHub datasets mirror sample,offline_sample_production_disabled
US10Y_MONTHLY_SAMPLE,1979-03-01,1979-03-01T00:00:00Z,monthly,9.12,9.12,9.12,9.12,,9.12,factor_candle,GitHub datasets mirror sample,offline_sample_production_disabled
US10Y_MONTHLY_SAMPLE,1979-04-01,1979-04-01T00:00:00Z,monthly,9.18,9.18,9.18,9.18,,9.18,factor_candle,GitHub datasets mirror sample,offline_sample_production_disabled
US10Y_MONTHLY_SAMPLE,1979-05-01,1979-05-01T00:00:00Z,monthly,9.25,9.25,9.25,9.25,,9.25,factor_candle,GitHub datasets mirror sample,offline_sample_production_disabled
US10Y_MONTHLY_SAMPLE,1979-06-01,1979-06-01T00:00:00Z,monthly,8.91,8.91,8.91,8.91,,8.91,factor_candle,GitHub datasets mirror sample,offline_sample_production_disabled
US10Y_MONTHLY_SAMPLE,1979-07-01,1979-07-01T00:00:00Z,monthly,8.95,8.95,8.95,8.95,,8.95,factor_candle,GitHub datasets mirror sample,offline_sample_production_disabled
US10Y_MONTHLY_SAMPLE,1979-08-01,1979-08-01T00:00:00Z,monthly,9.03,9.03,9.03,9.03,,9.03,factor_candle,GitHub datasets mirror sample,offline_sample_production_disabled
US10Y_MONTHLY_SAMPLE,1979-09-01,1979-09-01T00:00:00Z,monthly,9.33,9.33,9.33,9.33,,9.33,factor_candle,GitHub datasets mirror sample,offline_sample_production_disabled
US10Y_MONTHLY_SAMPLE,1979-10-01,1979-10-01T00:00:00Z,monthly,10.3,10.3,10.3,10.3,,10.3,factor_candle,GitHub datasets mirror sample,offline_sample_production_disabled
US10Y_MONTHLY_SAMPLE,1979-11-01,1979-11-01T00:00:00Z,monthly,10.65,10.65,10.65,10.65,,10.65,factor_candle,GitHub datasets mirror sample,offline_sample_production_disabled
US10Y_MONTHLY_SAMPLE,1979-12-01,1979-12-01T00:00:00Z,monthly,10.39,10.39,10.39,10.39,,10.39,factor_candle,GitHub datasets mirror sample,offline_sample_production_disabled
US10Y_MONTHLY_SAMPLE,1980-01-01,1980-01-01T00:00:00Z,monthly,10.8,10.8,10.8,10.8,,10.8,factor_candle,GitHub datasets mirror sample,offline_sample_production_disabled
US10Y_MONTHLY_SAMPLE,1980-02-01,1980-02-01T00:00:00Z,monthly,12.41,12.41,12.41,12.41,,12.41,factor_candle,GitHub datasets mirror sample,offline_sample_production_disabled
US10Y_MONTHLY_SAMPLE,1980-03-01,1980-03-01T00:00:00Z,monthly,12.75,12.75,12.75,12.75,,12.75,factor_candle,GitHub datasets mirror sample,offline_sample_production_disabled
US10Y_MONTHLY_SAMPLE,1980-04-01,1980-04-01T00:00:00Z,monthly,11.47,11.47,11.47,11.47,,11.47,factor_candle,GitHub datasets mirror sample,offline_sample_production_disabled
US10Y_MONTHLY_SAMPLE,1980-05-01,1980-05-01T00:00:00Z,monthly,10.18,10.18,10.18,10.18,,10.18,factor_candle,GitHub datasets mirror sample,offline_sample_production_disabled
US10Y_MONTHLY_SAMPLE,1980-06-01,1980-06-01T00:00:00Z,monthly,9.78,9.78,9.78,9.78,,9.78,factor_candle,GitHub datasets mirror sample,offline_sample_production_disabled
US10Y_MONTHLY_SAMPLE,1980-07-01,1980-07-01T00:00:00Z,monthly,10.25,10.25,10.25,10.25,,10.25,factor_candle,GitHub datasets mirror sample,offline_sample_production_disabled
US10Y_MONTHLY_SAMPLE,1980-08-01,1980-08-01T00:00:00Z,monthly,11.1,11.1,11.1,11.1,,11.1,factor_candle,GitHub datasets mirror sample,offline_sample_production_disabled
US10Y_MONTHLY_SAMPLE,1980-09-01,1980-09-01T00:00:00Z,monthly,11.51,11.51,11.51,11.51,,11.51,factor_candle,GitHub datasets mirror sample,offline_sample_production_disabled
US10Y_MONTHLY_SAMPLE,1980-10-01,1980-10-01T00:00:00Z,monthly,11.75,11.75,11.75,11.75,,11.75,factor_candle,GitHub datasets mirror sample,offline_sample_production_disabled
US10Y_MONTHLY_SAMPLE,1980-11-01,1980-11-01T00:00:00Z,monthly,12.68,12.68,12.68,12.68,,12.68,factor_candle,GitHub datasets mirror sample,offline_sample_production_disabled
US10Y_MONTHLY_SAMPLE,1980-12-01,1980-12-01T00:00:00Z,monthly,12.84,12.84,12.84,12.84,,12.84,factor_candle,GitHub datasets mirror sample,offline_sample_production_disabled
US10Y_MONTHLY_SAMPLE,1981-01-01,1981-01-01T00:00:00Z,monthly,12.57,12.57,12.57,12.57,,12.57,factor_candle,GitHub datasets mirror sample,offline_sample_production_disabled
US10Y_MONTHLY_SAMPLE,1981-02-01,1981-02-01T00:00:00Z,monthly,13.19,13.19,13.19,13.19,,13.19,factor_candle,GitHub datasets mirror sample,offline_sample_production_disabled
US10Y_MONTHLY_SAMPLE,1981-03-01,1981-03-01T00:00:00Z,monthly,13.12,13.12,13.12,13.12,,13.12,factor_candle,GitHub datasets mirror sample,offline_sample_production_disabled
US10Y_MONTHLY_SAMPLE,1981-04-01,1981-04-01T00:00:00Z,monthly,13.68,13.68,13.68,13.68,,13.68,factor_candle,GitHub datasets mirror sample,offline_sample_production_disabled
US10Y_MONTHLY_SAMPLE,1981-05-01,1981-05-01T00:00:00Z,monthly,14.1,14.1,14.1,14.1,,14.1,factor_candle,GitHub datasets mirror sample,offline_sample_production_disabled
US10Y_MONTHLY_SAMPLE,1981-06-01,1981-06-01T00:00:00Z,monthly,13.47,13.47,13.47,13.47,,13.47,factor_candle,GitHub datasets mirror sample,offline_sample_production_disabled
US10Y_MONTHLY_SAMPLE,1981-07-01,1981-07-01T00:00:00Z,monthly,14.28,14.28,14.28,14.28,,14.28,factor_candle,GitHub datasets mirror sample,offline_sample_production_disabled
US10Y_MONTHLY_SAMPLE,1981-08-01,1981-08-01T00:00:00Z,monthly,14.94,14.94,14.94,14.94,,14.94,factor_candle,GitHub datasets mirror sample,offline_sample_production_disabled
US10Y_MONTHLY_SAMPLE,1981-09-01,1981-09-01T00:00:00Z,monthly,15.32,15.32,15.32,15.32,,15.32,factor_candle,GitHub datasets mirror sample,offline_sample_production_disabled
US10Y_MONTHLY_SAMPLE,1981-10-01,1981-10-01T00:00:00Z,monthly,15.15,15.15,15.15,15.15,,15.15,factor_candle,GitHub datasets mirror sample,offline_sample_production_disabled
US10Y_MONTHLY_SAMPLE,1981-11-01,1981-11-01T00:00:00Z,monthly,13.39,13.39,13.39,13.39,,13.39,factor_candle,GitHub datasets mirror sample,offline_sample_production_disabled
US10Y_MONTHLY_SAMPLE,1981-12-01,1981-12-01T00:00:00Z,monthly,13.72,13.72,13.72,13.72,,13.72,factor_candle,GitHub datasets mirror sample,offline_sample_production_disabled
US10Y_MONTHLY_SAMPLE,1982-01-01,1982-01-01T00:00:00Z,monthly,14.59,14.59,14.59,14.59,,14.59,factor_candle,GitHub datasets mirror sample,offline_sample_production_disabled
US10Y_MONTHLY_SAMPLE,1982-02-01,1982-02-01T00:00:00Z,monthly,14.43,14.43,14.43,14.43,,14.43,factor_candle,GitHub datasets mirror sample,offline_sample_production_disabled
US10Y_MONTHLY_SAMPLE,1982-03-01,1982-03-01T00:00:00Z,monthly,13.86,13.86,13.86,13.86,,13.86,factor_candle,GitHub datasets mirror sample,offline_sample_production_disabled
US10Y_MONTHLY_SAMPLE,1982-04-01,1982-04-01T00:00:00Z,monthly,13.87,13.87,13.87,13.87,,13.87,factor_candle,GitHub datasets mirror sample,offline_sample_production_disabled
US10Y_MONTHLY_SAMPLE,1982-05-01,1982-05-01T00:00:00Z,monthly,13.62,13.62,13.62,13.62,,13.62,factor_candle,GitHub datasets mirror sample,offline_sample_production_disabled
US10Y_MONTHLY_SAMPLE,1982-06-01,1982-06-01T00:00:00Z,monthly,14.3,14.3,14.3,14.3,,14.3,factor_candle,GitHub datasets mirror sample,offline_sample_production_disabled
US10Y_MONTHLY_SAMPLE,1982-07-01,1982-07-01T00:00:00Z,monthly,13.95,13.95,13.95,13.95,,13.95,factor_candle,GitHub datasets mirror sample,offline_sample_production_disabled
US10Y_MONTHLY_SAMPLE,1982-08-01,1982-08-01T00:00:00Z,monthly,13.06,13.06,13.06,13.06,,13.06,factor_candle,GitHub datasets mirror sample,offline_sample_production_disabled
US10Y_MONTHLY_SAMPLE,1982-09-01,1982-09-01T00:00:00Z,monthly,12.34,12.34,12.34,12.34,,12.34,factor_candle,GitHub datasets mirror sample,offline_sample_production_disabled
US10Y_MONTHLY_SAMPLE,1982-10-01,1982-10-01T00:00:00Z,monthly,10.91,10.91,10.91,10.91,,10.91,factor_candle,GitHub datasets mirror sample,offline_sample_production_disabled
US10Y_MONTHLY_SAMPLE,1982-11-01,1982-11-01T00:00:00Z,monthly,10.55,10.55,10.55,10.55,,10.55,factor_candle,GitHub datasets mirror sample,offline_sample_production_disabled
US10Y_MONTHLY_SAMPLE,1982-12-01,1982-12-01T00:00:00Z,monthly,10.54,10.54,10.54,10.54,,10.54,factor_candle,GitHub datasets mirror sample,offline_sample_production_disabled
US10Y_MONTHLY_SAMPLE,1983-01-01,1983-01-01T00:00:00Z,monthly,10.46,10.46,10.46,10.46,,10.46,factor_candle,GitHub datasets mirror sample,offline_sample_production_disabled
US10Y_MONTHLY_SAMPLE,1983-02-01,1983-02-01T00:00:00Z,monthly,10.72,10.72,10.72,10.72,,10.72,factor_candle,GitHub datasets mirror sample,offline_sample_production_disabled
US10Y_MONTHLY_SAMPLE,1983-03-01,1983-03-01T00:00:00Z,monthly,10.51,10.51,10.51,10.51,,10.51,factor_candle,GitHub datasets mirror sample,offline_sample_production_disabled
US10Y_MONTHLY_SAMPLE,1983-04-01,1983-04-01T00:00:00Z,monthly,10.4,10.4,10.4,10.4,,10.4,factor_candle,GitHub datasets mirror sample,offline_sample_production_disabled
US10Y_MONTHLY_SAMPLE,1983-05-01,1983-05-01T00:00:00Z,monthly,10.38,10.38,10.38,10.38,,10.38,factor_candle,GitHub datasets mirror sample,offline_sample_production_disabled
US10Y_MONTHLY_SAMPLE,1983-06-01,1983-06-01T00:00:00Z,monthly,10.85,10.85,10.85,10.85,,10.85,factor_candle,GitHub datasets mirror sample,offline_sample_production_disabled
US10Y_MONTHLY_SAMPLE,1983-07-01,1983-07-01T00:00:00Z,monthly,11.38,11.38,11.38,11.38,,11.38,factor_candle,GitHub datasets mirror sample,offline_sample_production_disabled
US10Y_MONTHLY_SAMPLE,1983-08-01,1983-08-01T00:00:00Z,monthly,11.85,11.85,11.85,11.85,,11.85,factor_candle,GitHub datasets mirror sample,offline_sample_production_disabled
US10Y_MONTHLY_SAMPLE,1983-09-01,1983-09-01T00:00:00Z,monthly,11.65,11.65,11.65,11.65,,11.65,factor_candle,GitHub datasets mirror sample,offline_sample_production_disabled
US10Y_MONTHLY_SAMPLE,1983-10-01,1983-10-01T00:00:00Z,monthly,11.54,11.54,11.54,11.54,,11.54,factor_candle,GitHub datasets mirror sample,offline_sample_production_disabled
US10Y_MONTHLY_SAMPLE,1983-11-01,1983-11-01T00:00:00Z,monthly,11.69,11.69,11.69,11.69,,11.69,factor_candle,GitHub datasets mirror sample,offline_sample_production_disabled
US10Y_MONTHLY_SAMPLE,1983-12-01,1983-12-01T00:00:00Z,monthly,11.83,11.83,11.83,11.83,,11.83,factor_candle,GitHub datasets mirror sample,offline_sample_production_disabled
US10Y_MONTHLY_SAMPLE,1984-01-01,1984-01-01T00:00:00Z,monthly,11.67,11.67,11.67,11.67,,11.67,factor_candle,GitHub datasets mirror sample,offline_sample_production_disabled
US10Y_MONTHLY_SAMPLE,1984-02-01,1984-02-01T00:00:00Z,monthly,11.84,11.84,11.84,11.84,,11.84,factor_candle,GitHub datasets mirror sample,offline_sample_production_disabled
US10Y_MONTHLY_SAMPLE,1984-03-01,1984-03-01T00:00:00Z,monthly,12.32,12.32,12.32,12.32,,12.32,factor_candle,GitHub datasets mirror sample,offline_sample_production_disabled
US10Y_MONTHLY_SAMPLE,1984-04-01,1984-04-01T00:00:00Z,monthly,12.63,12.63,12.63,12.63,,12.63,factor_candle,GitHub datasets mirror sample,offline_sample_production_disabled
US10Y_MONTHLY_SAMPLE,1984-05-01,1984-05-01T00:00:00Z,monthly,13.41,13.41,13.41,13.41,,13.41,factor_candle,GitHub datasets mirror sample,offline_sample_production_disabled
US10Y_MONTHLY_SAMPLE,1984-06-01,1984-06-01T00:00:00Z,monthly,13.56,13.56,13.56,13.56,,13.56,factor_candle,GitHub datasets mirror sample,offline_sample_production_disabled
US10Y_MONTHLY_SAMPLE,1984-07-01,1984-07-01T00:00:00Z,monthly,13.36,13.36,13.36,13.36,,13.36,factor_candle,GitHub datasets mirror sample,offline_sample_production_disabled
US10Y_MONTHLY_SAMPLE,1984-08-01,1984-08-01T00:00:00Z,monthly,12.72,12.72,12.72,12.72,,12.72,factor_candle,GitHub datasets mirror sample,offline_sample_production_disabled
US10Y_MONTHLY_SAMPLE,1984-09-01,1984-09-01T00:00:00Z,monthly,12.52,12.52,12.52,12.52,,12.52,factor_candle,GitHub datasets mirror sample,offline_sample_production_disabled
US10Y_MONTHLY_SAMPLE,1984-10-01,1984-10-01T00:00:00Z,monthly,12.16,12.16,12.16,12.16,,12.16,factor_candle,GitHub datasets mirror sample,offline_sample_production_disabled
US10Y_MONTHLY_SAMPLE,1984-11-01,1984-11-01T00:00:00Z,monthly,11.57,11.57,11.57,11.57,,11.57,factor_candle,GitHub datasets mirror sample,offline_sample_production_disabled
US10Y_MONTHLY_SAMPLE,1984-12-01,1984-12-01T00:00:00Z,monthly,11.5,11.5,11.5,11.5,,11.5,factor_candle,GitHub datasets mirror sample,offline_sample_production_disabled
US10Y_MONTHLY_SAMPLE,1985-01-01,1985-01-01T00:00:00Z,monthly,11.38,11.38,11.38,11.38,,11.38,factor_candle,GitHub datasets mirror sample,offline_sample_production_disabled
US10Y_MONTHLY_SAMPLE,1985-02-01,1985-02-01T00:00:00Z,monthly,11.51,11.51,11.51,11.51,,11.51,factor_candle,GitHub datasets mirror sample,offline_sample_production_disabled
US10Y_MONTHLY_SAMPLE,1985-03-01,1985-03-01T00:00:00Z,monthly,11.86,11.86,11.86,11.86,,11.86,factor_candle,GitHub datasets mirror sample,offline_sample_production_disabled
US10Y_MONTHLY_SAMPLE,1985-04-01,1985-04-01T00:00:00Z,monthly,11.43,11.43,11.43,11.43,,11.43,factor_candle,GitHub datasets mirror sample,offline_sample_production_disabled
US10Y_MONTHLY_SAMPLE,1985-05-01,1985-05-01T00:00:00Z,monthly,10.85,10.85,10.85,10.85,,10.85,factor_candle,GitHub datasets mirror sample,offline_sample_production_disabled
US10Y_MONTHLY_SAMPLE,1985-06-01,1985-06-01T00:00:00Z,monthly,10.16,10.16,10.16,10.16,,10.16,factor_candle,GitHub datasets mirror sample,offline_sample_production_disabled
US10Y_MONTHLY_SAMPLE,1985-07-01,1985-07-01T00:00:00Z,monthly,10.31,10.31,10.31,10.31,,10.31,factor_candle,GitHub datasets mirror sample,offline_sample_production_disabled
US10Y_MONTHLY_SAMPLE,1985-08-01,1985-08-01T00:00:00Z,monthly,10.33,10.33,10.33,10.33,,10.33,factor_candle,GitHub datasets mirror sample,offline_sample_production_disabled
US10Y_MONTHLY_SAMPLE,1985-09-01,1985-09-01T00:00:00Z,monthly,10.37,10.37,10.37,10.37,,10.37,factor_candle,GitHub datasets mirror sample,offline_sample_production_disabled
US10Y_MONTHLY_SAMPLE,1985-10-01,1985-10-01T00:00:00Z,monthly,10.24,10.24,10.24,10.24,,10.24,factor_candle,GitHub datasets mirror sample,offline_sample_production_disabled
US10Y_MONTHLY_SAMPLE,1985-11-01,1985-11-01T00:00:00Z,monthly,9.78,9.78,9.78,9.78,,9.78,factor_candle,GitHub datasets mirror sample,offline_sample_production_disabled
US10Y_MONTHLY_SAMPLE,1985-12-01,1985-12-01T00:00:00Z,monthly,9.26,9.26,9.26,9.26,,9.26,factor_candle,GitHub datasets mirror sample,offline_sample_production_disabled
US10Y_MONTHLY_SAMPLE,1986-01-01,1986-01-01T00:00:00Z,monthly,9.19,9.19,9.19,9.19,,9.19,factor_candle,GitHub datasets mirror sample,offline_sample_production_disabled
US10Y_MONTHLY_SAMPLE,1986-02-01,1986-02-01T00:00:00Z,monthly,8.7,8.7,8.7,8.7,,8.7,factor_candle,GitHub datasets mirror sample,offline_sample_production_disabled
US10Y_MONTHLY_SAMPLE,1986-03-01,1986-03-01T00:00:00Z,monthly,7.78,7.78,7.78,7.78,,7.78,factor_candle,GitHub datasets mirror sample,offline_sample_production_disabled
US10Y_MONTHLY_SAMPLE,1986-04-01,1986-04-01T00:00:00Z,monthly,7.3,7.3,7.3,7.3,,7.3,factor_candle,GitHub datasets mirror sample,offline_sample_production_disabled
US10Y_MONTHLY_SAMPLE,1986-05-01,1986-05-01T00:00:00Z,monthly,7.71,7.71,7.71,7.71,,7.71,factor_candle,GitHub datasets mirror sample,offline_sample_production_disabled
US10Y_MONTHLY_SAMPLE,1986-06-01,1986-06-01T00:00:00Z,monthly,7.8,7.8,7.8,7.8,,7.8,factor_candle,GitHub datasets mirror sample,offline_sample_production_disabled
US10Y_MONTHLY_SAMPLE,1986-07-01,1986-07-01T00:00:00Z,monthly,7.3,7.3,7.3,7.3,,7.3,factor_candle,GitHub datasets mirror sample,offline_sample_production_disabled
US10Y_MONTHLY_SAMPLE,1986-08-01,1986-08-01T00:00:00Z,monthly,7.17,7.17,7.17,7.17,,7.17,factor_candle,GitHub datasets mirror sample,offline_sample_production_disabled
US10Y_MONTHLY_SAMPLE,1986-09-01,1986-09-01T00:00:00Z,monthly,7.45,7.45,7.45,7.45,,7.45,factor_candle,GitHub datasets mirror sample,offline_sample_production_disabled
US10Y_MONTHLY_SAMPLE,1986-10-01,1986-10-01T00:00:00Z,monthly,7.43,7.43,7.43,7.43,,7.43,factor_candle,GitHub datasets mirror sample,offline_sample_production_disabled
US10Y_MONTHLY_SAMPLE,1986-11-01,1986-11-01T00:00:00Z,monthly,7.25,7.25,7.25,7.25,,7.25,factor_candle,GitHub datasets mirror sample,offline_sample_production_disabled
US10Y_MONTHLY_SAMPLE,1986-12-01,1986-12-01T00:00:00Z,monthly,7.11,7.11,7.11,7.11,,7.11,factor_candle,GitHub datasets mirror sample,offline_sample_production_disabled
US10Y_MONTHLY_SAMPLE,1987-01-01,1987-01-01T00:00:00Z,monthly,7.08,7.08,7.08,7.08,,7.08,factor_candle,GitHub datasets mirror sample,offline_sample_production_disabled
US10Y_MONTHLY_SAMPLE,1987-02-01,1987-02-01T00:00:00Z,monthly,7.25,7.25,7.25,7.25,,7.25,factor_candle,GitHub datasets mirror sample,offline_sample_production_disabled
US10Y_MONTHLY_SAMPLE,1987-03-01,1987-03-01T00:00:00Z,monthly,7.25,7.25,7.25,7.25,,7.25,factor_candle,GitHub datasets mirror sample,offline_sample_production_disabled
US10Y_MONTHLY_SAMPLE,1987-04-01,1987-04-01T00:00:00Z,monthly,8.02,8.02,8.02,8.02,,8.02,factor_candle,GitHub datasets mirror sample,offline_sample_production_disabled
US10Y_MONTHLY_SAMPLE,1987-05-01,1987-05-01T00:00:00Z,monthly,8.61,8.61,8.61,8.61,,8.61,factor_candle,GitHub datasets mirror sample,offline_sample_production_disabled
US10Y_MONTHLY_SAMPLE,1987-06-01,1987-06-01T00:00:00Z,monthly,8.4,8.4,8.4,8.4,,8.4,factor_candle,GitHub datasets mirror sample,offline_sample_production_disabled
US10Y_MONTHLY_SAMPLE,1987-07-01,1987-07-01T00:00:00Z,monthly,8.45,8.45,8.45,8.45,,8.45,factor_candle,GitHub datasets mirror sample,offline_sample_production_disabled
US10Y_MONTHLY_SAMPLE,1987-08-01,1987-08-01T00:00:00Z,monthly,8.76,8.76,8.76,8.76,,8.76,factor_candle,GitHub datasets mirror sample,offline_sample_production_disabled
US10Y_MONTHLY_SAMPLE,1987-09-01,1987-09-01T00:00:00Z,monthly,9.42,9.42,9.42,9.42,,9.42,factor_candle,GitHub datasets mirror sample,offline_sample_production_disabled
US10Y_MONTHLY_SAMPLE,1987-10-01,1987-10-01T00:00:00Z,monthly,9.52,9.52,9.52,9.52,,9.52,factor_candle,GitHub datasets mirror sample,offline_sample_production_disabled
US10Y_MONTHLY_SAMPLE,1987-11-01,1987-11-01T00:00:00Z,monthly,8.86,8.86,8.86,8.86,,8.86,factor_candle,GitHub datasets mirror sample,offline_sample_production_disabled
US10Y_MONTHLY_SAMPLE,1987-12-01,1987-12-01T00:00:00Z,monthly,8.99,8.99,8.99,8.99,,8.99,factor_candle,GitHub datasets mirror sample,offline_sample_production_disabled
US10Y_MONTHLY_SAMPLE,1988-01-01,1988-01-01T00:00:00Z,monthly,8.67,8.67,8.67,8.67,,8.67,factor_candle,GitHub datasets mirror sample,offline_sample_production_disabled
US10Y_MONTHLY_SAMPLE,1988-02-01,1988-02-01T00:00:00Z,monthly,8.21,8.21,8.21,8.21,,8.21,factor_candle,GitHub datasets mirror sample,offline_sample_production_disabled
US10Y_MONTHLY_SAMPLE,1988-03-01,1988-03-01T00:00:00Z,monthly,8.37,8.37,8.37,8.37,,8.37,factor_candle,GitHub datasets mirror sample,offline_sample_production_disabled
US10Y_MONTHLY_SAMPLE,1988-04-01,1988-04-01T00:00:00Z,monthly,8.72,8.72,8.72,8.72,,8.72,factor_candle,GitHub datasets mirror sample,offline_sample_production_disabled
US10Y_MONTHLY_SAMPLE,1988-05-01,1988-05-01T00:00:00Z,monthly,9.09,9.09,9.09,9.09,,9.09,factor_candle,GitHub datasets mirror sample,offline_sample_production_disabled
US10Y_MONTHLY_SAMPLE,1988-06-01,1988-06-01T00:00:00Z,monthly,8.92,8.92,8.92,8.92,,8.92,factor_candle,GitHub datasets mirror sample,offline_sample_production_disabled
US10Y_MONTHLY_SAMPLE,1988-07-01,1988-07-01T00:00:00Z,monthly,9.06,9.06,9.06,9.06,,9.06,factor_candle,GitHub datasets mirror sample,offline_sample_production_disabled
US10Y_MONTHLY_SAMPLE,1988-08-01,1988-08-01T00:00:00Z,monthly,9.26,9.26,9.26,9.26,,9.26,factor_candle,GitHub datasets mirror sample,offline_sample_production_disabled
US10Y_MONTHLY_SAMPLE,1988-09-01,1988-09-01T00:00:00Z,monthly,8.98,8.98,8.98,8.98,,8.98,factor_candle,GitHub datasets mirror sample,offline_sample_production_disabled
US10Y_MONTHLY_SAMPLE,1988-10-01,1988-10-01T00:00:00Z,monthly,8.8,8.8,8.8,8.8,,8.8,factor_candle,GitHub datasets mirror sample,offline_sample_production_disabled
US10Y_MONTHLY_SAMPLE,1988-11-01,1988-11-01T00:00:00Z,monthly,8.96,8.96,8.96,8.96,,8.96,factor_candle,GitHub datasets mirror sample,offline_sample_production_disabled
US10Y_MONTHLY_SAMPLE,1988-12-01,1988-12-01T00:00:00Z,monthly,9.11,9.11,9.11,9.11,,9.11,factor_candle,GitHub datasets mirror sample,offline_sample_production_disabled
US10Y_MONTHLY_SAMPLE,1989-01-01,1989-01-01T00:00:00Z,monthly,9.09,9.09,9.09,9.09,,9.09,factor_candle,GitHub datasets mirror sample,offline_sample_production_disabled
US10Y_MONTHLY_SAMPLE,1989-02-01,1989-02-01T00:00:00Z,monthly,9.17,9.17,9.17,9.17,,9.17,factor_candle,GitHub datasets mirror sample,offline_sample_production_disabled
US10Y_MONTHLY_SAMPLE,1989-03-01,1989-03-01T00:00:00Z,monthly,9.36,9.36,9.36,9.36,,9.36,factor_candle,GitHub datasets mirror sample,offline_sample_production_disabled
US10Y_MONTHLY_SAMPLE,1989-04-01,1989-04-01T00:00:00Z,monthly,9.18,9.18,9.18,9.18,,9.18,factor_candle,GitHub datasets mirror sample,offline_sample_production_disabled
US10Y_MONTHLY_SAMPLE,1989-05-01,1989-05-01T00:00:00Z,monthly,8.86,8.86,8.86,8.86,,8.86,factor_candle,GitHub datasets mirror sample,offline_sample_production_disabled
US10Y_MONTHLY_SAMPLE,1989-06-01,1989-06-01T00:00:00Z,monthly,8.28,8.28,8.28,8.28,,8.28,factor_candle,GitHub datasets mirror sample,offline_sample_production_disabled
US10Y_MONTHLY_SAMPLE,1989-07-01,1989-07-01T00:00:00Z,monthly,8.02,8.02,8.02,8.02,,8.02,factor_candle,GitHub datasets mirror sample,offline_sample_production_disabled
US10Y_MONTHLY_SAMPLE,1989-08-01,1989-08-01T00:00:00Z,monthly,8.11,8.11,8.11,8.11,,8.11,factor_candle,GitHub datasets mirror sample,offline_sample_production_disabled
US10Y_MONTHLY_SAMPLE,1989-09-01,1989-09-01T00:00:00Z,monthly,8.19,8.19,8.19,8.19,,8.19,factor_candle,GitHub datasets mirror sample,offline_sample_production_disabled
US10Y_MONTHLY_SAMPLE,1989-10-01,1989-10-01T00:00:00Z,monthly,8.01,8.01,8.01,8.01,,8.01,factor_candle,GitHub datasets mirror sample,offline_sample_production_disabled
US10Y_MONTHLY_SAMPLE,1989-11-01,1989-11-01T00:00:00Z,monthly,7.87,7.87,7.87,7.87,,7.87,factor_candle,GitHub datasets mirror sample,offline_sample_production_disabled
US10Y_MONTHLY_SAMPLE,1989-12-01,1989-12-01T00:00:00Z,monthly,7.84,7.84,7.84,7.84,,7.84,factor_candle,GitHub datasets mirror sample,offline_sample_production_disabled
US10Y_MONTHLY_SAMPLE,1990-01-01,1990-01-01T00:00:00Z,monthly,8.21,8.21,8.21,8.21,,8.21,factor_candle,GitHub datasets mirror sample,offline_sample_production_disabled
US10Y_MONTHLY_SAMPLE,1990-02-01,1990-02-01T00:00:00Z,monthly,8.47,8.47,8.47,8.47,,8.47,factor_candle,GitHub datasets mirror sample,offline_sample_production_disabled
US10Y_MONTHLY_SAMPLE,1990-03-01,1990-03-01T00:00:00Z,monthly,8.59,8.59,8.59,8.59,,8.59,factor_candle,GitHub datasets mirror sample,offline_sample_production_disabled
US10Y_MONTHLY_SAMPLE,1990-04-01,1990-04-01T00:00:00Z,monthly,8.79,8.79,8.79,8.79,,8.79,factor_candle,GitHub datasets mirror sample,offline_sample_production_disabled
US10Y_MONTHLY_SAMPLE,1990-05-01,1990-05-01T00:00:00Z,monthly,8.76,8.76,8.76,8.76,,8.76,factor_candle,GitHub datasets mirror sample,offline_sample_production_disabled
US10Y_MONTHLY_SAMPLE,1990-06-01,1990-06-01T00:00:00Z,monthly,8.48,8.48,8.48,8.48,,8.48,factor_candle,GitHub datasets mirror sample,offline_sample_production_disabled
US10Y_MONTHLY_SAMPLE,1990-07-01,1990-07-01T00:00:00Z,monthly,8.47,8.47,8.47,8.47,,8.47,factor_candle,GitHub datasets mirror sample,offline_sample_production_disabled
US10Y_MONTHLY_SAMPLE,1990-08-01,1990-08-01T00:00:00Z,monthly,8.75,8.75,8.75,8.75,,8.75,factor_candle,GitHub datasets mirror sample,offline_sample_production_disabled
US10Y_MONTHLY_SAMPLE,1990-09-01,1990-09-01T00:00:00Z,monthly,8.89,8.89,8.89,8.89,,8.89,factor_candle,GitHub datasets mirror sample,offline_sample_production_disabled
US10Y_MONTHLY_SAMPLE,1990-10-01,1990-10-01T00:00:00Z,monthly,8.72,8.72,8.72,8.72,,8.72,factor_candle,GitHub datasets mirror sample,offline_sample_production_disabled
US10Y_MONTHLY_SAMPLE,1990-11-01,1990-11-01T00:00:00Z,monthly,8.39,8.39,8.39,8.39,,8.39,factor_candle,GitHub datasets mirror sample,offline_sample_production_disabled
US10Y_MONTHLY_SAMPLE,1990-12-01,1990-12-01T00:00:00Z,monthly,8.08,8.08,8.08,8.08,,8.08,factor_candle,GitHub datasets mirror sample,offline_sample_production_disabled
US10Y_MONTHLY_SAMPLE,1991-01-01,1991-01-01T00:00:00Z,monthly,8.09,8.09,8.09,8.09,,8.09,factor_candle,GitHub datasets mirror sample,offline_sample_production_disabled
US10Y_MONTHLY_SAMPLE,1991-02-01,1991-02-01T00:00:00Z,monthly,7.85,7.85,7.85,7.85,,7.85,factor_candle,GitHub datasets mirror sample,offline_sample_production_disabled
US10Y_MONTHLY_SAMPLE,1991-03-01,1991-03-01T00:00:00Z,monthly,8.11,8.11,8.11,8.11,,8.11,factor_candle,GitHub datasets mirror sample,offline_sample_production_disabled
US10Y_MONTHLY_SAMPLE,1991-04-01,1991-04-01T00:00:00Z,monthly,8.04,8.04,8.04,8.04,,8.04,factor_candle,GitHub datasets mirror sample,offline_sample_production_disabled
US10Y_MONTHLY_SAMPLE,1991-05-01,1991-05-01T00:00:00Z,monthly,8.07,8.07,8.07,8.07,,8.07,factor_candle,GitHub datasets mirror sample,offline_sample_production_disabled
US10Y_MONTHLY_SAMPLE,1991-06-01,1991-06-01T00:00:00Z,monthly,8.28,8.28,8.28,8.28,,8.28,factor_candle,GitHub datasets mirror sample,offline_sample_production_disabled
US10Y_MONTHLY_SAMPLE,1991-07-01,1991-07-01T00:00:00Z,monthly,8.27,8.27,8.27,8.27,,8.27,factor_candle,GitHub datasets mirror sample,offline_sample_production_disabled
US10Y_MONTHLY_SAMPLE,1991-08-01,1991-08-01T00:00:00Z,monthly,7.9,7.9,7.9,7.9,,7.9,factor_candle,GitHub datasets mirror sample,offline_sample_production_disabled
US10Y_MONTHLY_SAMPLE,1991-09-01,1991-09-01T00:00:00Z,monthly,7.65,7.65,7.65,7.65,,7.65,factor_candle,GitHub datasets mirror sample,offline_sample_production_disabled
US10Y_MONTHLY_SAMPLE,1991-10-01,1991-10-01T00:00:00Z,monthly,7.53,7.53,7.53,7.53,,7.53,factor_candle,GitHub datasets mirror sample,offline_sample_production_disabled
US10Y_MONTHLY_SAMPLE,1991-11-01,1991-11-01T00:00:00Z,monthly,7.42,7.42,7.42,7.42,,7.42,factor_candle,GitHub datasets mirror sample,offline_sample_production_disabled
US10Y_MONTHLY_SAMPLE,1991-12-01,1991-12-01T00:00:00Z,monthly,7.09,7.09,7.09,7.09,,7.09,factor_candle,GitHub datasets mirror sample,offline_sample_production_disabled
US10Y_MONTHLY_SAMPLE,1992-01-01,1992-01-01T00:00:00Z,monthly,7.03,7.03,7.03,7.03,,7.03,factor_candle,GitHub datasets mirror sample,offline_sample_production_disabled
US10Y_MONTHLY_SAMPLE,1992-02-01,1992-02-01T00:00:00Z,monthly,7.34,7.34,7.34,7.34,,7.34,factor_candle,GitHub datasets mirror sample,offline_sample_production_disabled
US10Y_MONTHLY_SAMPLE,1992-03-01,1992-03-01T00:00:00Z,monthly,7.54,7.54,7.54,7.54,,7.54,factor_candle,GitHub datasets mirror sample,offline_sample_production_disabled
US10Y_MONTHLY_SAMPLE,1992-04-01,1992-04-01T00:00:00Z,monthly,7.48,7.48,7.48,7.48,,7.48,factor_candle,GitHub datasets mirror sample,offline_sample_production_disabled
US10Y_MONTHLY_SAMPLE,1992-05-01,1992-05-01T00:00:00Z,monthly,7.39,7.39,7.39,7.39,,7.39,factor_candle,GitHub datasets mirror sample,offline_sample_production_disabled
US10Y_MONTHLY_SAMPLE,1992-06-01,1992-06-01T00:00:00Z,monthly,7.26,7.26,7.26,7.26,,7.26,factor_candle,GitHub datasets mirror sample,offline_sample_production_disabled
US10Y_MONTHLY_SAMPLE,1992-07-01,1992-07-01T00:00:00Z,monthly,6.84,6.84,6.84,6.84,,6.84,factor_candle,GitHub datasets mirror sample,offline_sample_production_disabled
US10Y_MONTHLY_SAMPLE,1992-08-01,1992-08-01T00:00:00Z,monthly,6.59,6.59,6.59,6.59,,6.59,factor_candle,GitHub datasets mirror sample,offline_sample_production_disabled
US10Y_MONTHLY_SAMPLE,1992-09-01,1992-09-01T00:00:00Z,monthly,6.42,6.42,6.42,6.42,,6.42,factor_candle,GitHub datasets mirror sample,offline_sample_production_disabled
US10Y_MONTHLY_SAMPLE,1992-10-01,1992-10-01T00:00:00Z,monthly,6.59,6.59,6.59,6.59,,6.59,factor_candle,GitHub datasets mirror sample,offline_sample_production_disabled
US10Y_MONTHLY_SAMPLE,1992-11-01,1992-11-01T00:00:00Z,monthly,6.87,6.87,6.87,6.87,,6.87,factor_candle,GitHub datasets mirror sample,offline_sample_production_disabled
US10Y_MONTHLY_SAMPLE,1992-12-01,1992-12-01T00:00:00Z,monthly,6.77,6.77,6.77,6.77,,6.77,factor_candle,GitHub datasets mirror sample,offline_sample_production_disabled
US10Y_MONTHLY_SAMPLE,1993-01-01,1993-01-01T00:00:00Z,monthly,6.6,6.6,6.6,6.6,,6.6,factor_candle,GitHub datasets mirror sample,offline_sample_production_disabled
US10Y_MONTHLY_SAMPLE,1993-02-01,1993-02-01T00:00:00Z,monthly,6.26,6.26,6.26,6.26,,6.26,factor_candle,GitHub datasets mirror sample,offline_sample_production_disabled
US10Y_MONTHLY_SAMPLE,1993-03-01,1993-03-01T00:00:00Z,monthly,5.98,5.98,5.98,5.98,,5.98,factor_candle,GitHub datasets mirror sample,offline_sample_production_disabled
US10Y_MONTHLY_SAMPLE,1993-04-01,1993-04-01T00:00:00Z,monthly,5.97,5.97,5.97,5.97,,5.97,factor_candle,GitHub datasets mirror sample,offline_sample_production_disabled
US10Y_MONTHLY_SAMPLE,1993-05-01,1993-05-01T00:00:00Z,monthly,6.04,6.04,6.04,6.04,,6.04,factor_candle,GitHub datasets mirror sample,offline_sample_production_disabled
US10Y_MONTHLY_SAMPLE,1993-06-01,1993-06-01T00:00:00Z,monthly,5.96,5.96,5.96,5.96,,5.96,factor_candle,GitHub datasets mirror sample,offline_sample_production_disabled
US10Y_MONTHLY_SAMPLE,1993-07-01,1993-07-01T00:00:00Z,monthly,5.81,5.81,5.81,5.81,,5.81,factor_candle,GitHub datasets mirror sample,offline_sample_production_disabled
US10Y_MONTHLY_SAMPLE,1993-08-01,1993-08-01T00:00:00Z,monthly,5.68,5.68,5.68,5.68,,5.68,factor_candle,GitHub datasets mirror sample,offline_sample_production_disabled
US10Y_MONTHLY_SAMPLE,1993-09-01,1993-09-01T00:00:00Z,monthly,5.36,5.36,5.36,5.36,,5.36,factor_candle,GitHub datasets mirror sample,offline_sample_production_disabled
US10Y_MONTHLY_SAMPLE,1993-10-01,1993-10-01T00:00:00Z,monthly,5.33,5.33,5.33,5.33,,5.33,factor_candle,GitHub datasets mirror sample,offline_sample_production_disabled
US10Y_MONTHLY_SAMPLE,1993-11-01,1993-11-01T00:00:00Z,monthly,5.72,5.72,5.72,5.72,,5.72,factor_candle,GitHub datasets mirror sample,offline_sample_production_disabled
US10Y_MONTHLY_SAMPLE,1993-12-01,1993-12-01T00:00:00Z,monthly,5.77,5.77,5.77,5.77,,5.77,factor_candle,GitHub datasets mirror sample,offline_sample_production_disabled
US10Y_MONTHLY_SAMPLE,1994-01-01,1994-01-01T00:00:00Z,monthly,5.75,5.75,5.75,5.75,,5.75,factor_candle,GitHub datasets mirror sample,offline_sample_production_disabled
US10Y_MONTHLY_SAMPLE,1994-02-01,1994-02-01T00:00:00Z,monthly,5.97,5.97,5.97,5.97,,5.97,factor_candle,GitHub datasets mirror sample,offline_sample_production_disabled
US10Y_MONTHLY_SAMPLE,1994-03-01,1994-03-01T00:00:00Z,monthly,6.48,6.48,6.48,6.48,,6.48,factor_candle,GitHub datasets mirror sample,offline_sample_production_disabled
US10Y_MONTHLY_SAMPLE,1994-04-01,1994-04-01T00:00:00Z,monthly,6.97,6.97,6.97,6.97,,6.97,factor_candle,GitHub datasets mirror sample,offline_sample_production_disabled
US10Y_MONTHLY_SAMPLE,1994-05-01,1994-05-01T00:00:00Z,monthly,7.18,7.18,7.18,7.18,,7.18,factor_candle,GitHub datasets mirror sample,offline_sample_production_disabled
US10Y_MONTHLY_SAMPLE,1994-06-01,1994-06-01T00:00:00Z,monthly,7.1,7.1,7.1,7.1,,7.1,factor_candle,GitHub datasets mirror sample,offline_sample_production_disabled
US10Y_MONTHLY_SAMPLE,1994-07-01,1994-07-01T00:00:00Z,monthly,7.3,7.3,7.3,7.3,,7.3,factor_candle,GitHub datasets mirror sample,offline_sample_production_disabled
US10Y_MONTHLY_SAMPLE,1994-08-01,1994-08-01T00:00:00Z,monthly,7.24,7.24,7.24,7.24,,7.24,factor_candle,GitHub datasets mirror sample,offline_sample_production_disabled
US10Y_MONTHLY_SAMPLE,1994-09-01,1994-09-01T00:00:00Z,monthly,7.46,7.46,7.46,7.46,,7.46,factor_candle,GitHub datasets mirror sample,offline_sample_production_disabled
US10Y_MONTHLY_SAMPLE,1994-10-01,1994-10-01T00:00:00Z,monthly,7.74,7.74,7.74,7.74,,7.74,factor_candle,GitHub datasets mirror sample,offline_sample_production_disabled
US10Y_MONTHLY_SAMPLE,1994-11-01,1994-11-01T00:00:00Z,monthly,7.96,7.96,7.96,7.96,,7.96,factor_candle,GitHub datasets mirror sample,offline_sample_production_disabled
US10Y_MONTHLY_SAMPLE,1994-12-01,1994-12-01T00:00:00Z,monthly,7.81,7.81,7.81,7.81,,7.81,factor_candle,GitHub datasets mirror sample,offline_sample_production_disabled
US10Y_MONTHLY_SAMPLE,1995-01-01,1995-01-01T00:00:00Z,monthly,7.78,7.78,7.78,7.78,,7.78,factor_candle,GitHub datasets mirror sample,offline_sample_production_disabled
US10Y_MONTHLY_SAMPLE,1995-02-01,1995-02-01T00:00:00Z,monthly,7.47,7.47,7.47,7.47,,7.47,factor_candle,GitHub datasets mirror sample,offline_sample_production_disabled
US10Y_MONTHLY_SAMPLE,1995-03-01,1995-03-01T00:00:00Z,monthly,7.2,7.2,7.2,7.2,,7.2,factor_candle,GitHub datasets mirror sample,offline_sample_production_disabled
US10Y_MONTHLY_SAMPLE,1995-04-01,1995-04-01T00:00:00Z,monthly,7.06,7.06,7.06,7.06,,7.06,factor_candle,GitHub datasets mirror sample,offline_sample_production_disabled
US10Y_MONTHLY_SAMPLE,1995-05-01,1995-05-01T00:00:00Z,monthly,6.63,6.63,6.63,6.63,,6.63,factor_candle,GitHub datasets mirror sample,offline_sample_production_disabled
US10Y_MONTHLY_SAMPLE,1995-06-01,1995-06-01T00:00:00Z,monthly,6.17,6.17,6.17,6.17,,6.17,factor_candle,GitHub datasets mirror sample,offline_sample_production_disabled
US10Y_MONTHLY_SAMPLE,1995-07-01,1995-07-01T00:00:00Z,monthly,6.28,6.28,6.28,6.28,,6.28,factor_candle,GitHub datasets mirror sample,offline_sample_production_disabled
US10Y_MONTHLY_SAMPLE,1995-08-01,1995-08-01T00:00:00Z,monthly,6.49,6.49,6.49,6.49,,6.49,factor_candle,GitHub datasets mirror sample,offline_sample_production_disabled
US10Y_MONTHLY_SAMPLE,1995-09-01,1995-09-01T00:00:00Z,monthly,6.2,6.2,6.2,6.2,,6.2,factor_candle,GitHub datasets mirror sample,offline_sample_production_disabled
US10Y_MONTHLY_SAMPLE,1995-10-01,1995-10-01T00:00:00Z,monthly,6.04,6.04,6.04,6.04,,6.04,factor_candle,GitHub datasets mirror sample,offline_sample_production_disabled
US10Y_MONTHLY_SAMPLE,1995-11-01,1995-11-01T00:00:00Z,monthly,5.93,5.93,5.93,5.93,,5.93,factor_candle,GitHub datasets mirror sample,offline_sample_production_disabled
US10Y_MONTHLY_SAMPLE,1995-12-01,1995-12-01T00:00:00Z,monthly,5.71,5.71,5.71,5.71,,5.71,factor_candle,GitHub datasets mirror sample,offline_sample_production_disabled
US10Y_MONTHLY_SAMPLE,1996-01-01,1996-01-01T00:00:00Z,monthly,5.65,5.65,5.65,5.65,,5.65,factor_candle,GitHub datasets mirror sample,offline_sample_production_disabled
US10Y_MONTHLY_SAMPLE,1996-02-01,1996-02-01T00:00:00Z,monthly,5.81,5.81,5.81,5.81,,5.81,factor_candle,GitHub datasets mirror sample,offline_sample_production_disabled
US10Y_MONTHLY_SAMPLE,1996-03-01,1996-03-01T00:00:00Z,monthly,6.27,6.27,6.27,6.27,,6.27,factor_candle,GitHub datasets mirror sample,offline_sample_production_disabled
US10Y_MONTHLY_SAMPLE,1996-04-01,1996-04-01T00:00:00Z,monthly,6.51,6.51,6.51,6.51,,6.51,factor_candle,GitHub datasets mirror sample,offline_sample_production_disabled
US10Y_MONTHLY_SAMPLE,1996-05-01,1996-05-01T00:00:00Z,monthly,6.74,6.74,6.74,6.74,,6.74,factor_candle,GitHub datasets mirror sample,offline_sample_production_disabled
US10Y_MONTHLY_SAMPLE,1996-06-01,1996-06-01T00:00:00Z,monthly,6.91,6.91,6.91,6.91,,6.91,factor_candle,GitHub datasets mirror sample,offline_sample_production_disabled
US10Y_MONTHLY_SAMPLE,1996-07-01,1996-07-01T00:00:00Z,monthly,6.87,6.87,6.87,6.87,,6.87,factor_candle,GitHub datasets mirror sample,offline_sample_production_disabled
US10Y_MONTHLY_SAMPLE,1996-08-01,1996-08-01T00:00:00Z,monthly,6.64,6.64,6.64,6.64,,6.64,factor_candle,GitHub datasets mirror sample,offline_sample_production_disabled
US10Y_MONTHLY_SAMPLE,1996-09-01,1996-09-01T00:00:00Z,monthly,6.83,6.83,6.83,6.83,,6.83,factor_candle,GitHub datasets mirror sample,offline_sample_production_disabled
US10Y_MONTHLY_SAMPLE,1996-10-01,1996-10-01T00:00:00Z,monthly,6.53,6.53,6.53,6.53,,6.53,factor_candle,GitHub datasets mirror sample,offline_sample_production_disabled
US10Y_MONTHLY_SAMPLE,1996-11-01,1996-11-01T00:00:00Z,monthly,6.2,6.2,6.2,6.2,,6.2,factor_candle,GitHub datasets mirror sample,offline_sample_production_disabled
US10Y_MONTHLY_SAMPLE,1996-12-01,1996-12-01T00:00:00Z,monthly,6.3,6.3,6.3,6.3,,6.3,factor_candle,GitHub datasets mirror sample,offline_sample_production_disabled
US10Y_MONTHLY_SAMPLE,1997-01-01,1997-01-01T00:00:00Z,monthly,6.58,6.58,6.58,6.58,,6.58,factor_candle,GitHub datasets mirror sample,offline_sample_production_disabled
US10Y_MONTHLY_SAMPLE,1997-02-01,1997-02-01T00:00:00Z,monthly,6.42,6.42,6.42,6.42,,6.42,factor_candle,GitHub datasets mirror sample,offline_sample_production_disabled
US10Y_MONTHLY_SAMPLE,1997-03-01,1997-03-01T00:00:00Z,monthly,6.69,6.69,6.69,6.69,,6.69,factor_candle,GitHub datasets mirror sample,offline_sample_production_disabled
US10Y_MONTHLY_SAMPLE,1997-04-01,1997-04-01T00:00:00Z,monthly,6.89,6.89,6.89,6.89,,6.89,factor_candle,GitHub datasets mirror sample,offline_sample_production_disabled
US10Y_MONTHLY_SAMPLE,1997-05-01,1997-05-01T00:00:00Z,monthly,6.71,6.71,6.71,6.71,,6.71,factor_candle,GitHub datasets mirror sample,offline_sample_production_disabled
US10Y_MONTHLY_SAMPLE,1997-06-01,1997-06-01T00:00:00Z,monthly,6.49,6.49,6.49,6.49,,6.49,factor_candle,GitHub datasets mirror sample,offline_sample_production_disabled
US10Y_MONTHLY_SAMPLE,1997-07-01,1997-07-01T00:00:00Z,monthly,6.22,6.22,6.22,6.22,,6.22,factor_candle,GitHub datasets mirror sample,offline_sample_production_disabled
US10Y_MONTHLY_SAMPLE,1997-08-01,1997-08-01T00:00:00Z,monthly,6.3,6.3,6.3,6.3,,6.3,factor_candle,GitHub datasets mirror sample,offline_sample_production_disabled
US10Y_MONTHLY_SAMPLE,1997-09-01,1997-09-01T00:00:00Z,monthly,6.21,6.21,6.21,6.21,,6.21,factor_candle,GitHub datasets mirror sample,offline_sample_production_disabled
US10Y_MONTHLY_SAMPLE,1997-10-01,1997-10-01T00:00:00Z,monthly,6.03,6.03,6.03,6.03,,6.03,factor_candle,GitHub datasets mirror sample,offline_sample_production_disabled
US10Y_MONTHLY_SAMPLE,1997-11-01,1997-11-01T00:00:00Z,monthly,5.88,5.88,5.88,5.88,,5.88,factor_candle,GitHub datasets mirror sample,offline_sample_production_disabled
US10Y_MONTHLY_SAMPLE,1997-12-01,1997-12-01T00:00:00Z,monthly,5.81,5.81,5.81,5.81,,5.81,factor_candle,GitHub datasets mirror sample,offline_sample_production_disabled
US10Y_MONTHLY_SAMPLE,1998-01-01,1998-01-01T00:00:00Z,monthly,5.54,5.54,5.54,5.54,,5.54,factor_candle,GitHub datasets mirror sample,offline_sample_production_disabled
US10Y_MONTHLY_SAMPLE,1998-02-01,1998-02-01T00:00:00Z,monthly,5.57,5.57,5.57,5.57,,5.57,factor_candle,GitHub datasets mirror sample,offline_sample_production_disabled
US10Y_MONTHLY_SAMPLE,1998-03-01,1998-03-01T00:00:00Z,monthly,5.65,5.65,5.65,5.65,,5.65,factor_candle,GitHub datasets mirror sample,offline_sample_production_disabled
US10Y_MONTHLY_SAMPLE,1998-04-01,1998-04-01T00:00:00Z,monthly,5.64,5.64,5.64,5.64,,5.64,factor_candle,GitHub datasets mirror sample,offline_sample_production_disabled
US10Y_MONTHLY_SAMPLE,1998-05-01,1998-05-01T00:00:00Z,monthly,5.65,5.65,5.65,5.65,,5.65,factor_candle,GitHub datasets mirror sample,offline_sample_production_disabled
US10Y_MONTHLY_SAMPLE,1998-06-01,1998-06-01T00:00:00Z,monthly,5.5,5.5,5.5,5.5,,5.5,factor_candle,GitHub datasets mirror sample,offline_sample_production_disabled
US10Y_MONTHLY_SAMPLE,1998-07-01,1998-07-01T00:00:00Z,monthly,5.46,5.46,5.46,5.46,,5.46,factor_candle,GitHub datasets mirror sample,offline_sample_production_disabled
US10Y_MONTHLY_SAMPLE,1998-08-01,1998-08-01T00:00:00Z,monthly,5.34,5.34,5.34,5.34,,5.34,factor_candle,GitHub datasets mirror sample,offline_sample_production_disabled
US10Y_MONTHLY_SAMPLE,1998-09-01,1998-09-01T00:00:00Z,monthly,4.81,4.81,4.81,4.81,,4.81,factor_candle,GitHub datasets mirror sample,offline_sample_production_disabled
US10Y_MONTHLY_SAMPLE,1998-10-01,1998-10-01T00:00:00Z,monthly,4.53,4.53,4.53,4.53,,4.53,factor_candle,GitHub datasets mirror sample,offline_sample_production_disabled
US10Y_MONTHLY_SAMPLE,1998-11-01,1998-11-01T00:00:00Z,monthly,4.83,4.83,4.83,4.83,,4.83,factor_candle,GitHub datasets mirror sample,offline_sample_production_disabled
US10Y_MONTHLY_SAMPLE,1998-12-01,1998-12-01T00:00:00Z,monthly,4.65,4.65,4.65,4.65,,4.65,factor_candle,GitHub datasets mirror sample,offline_sample_production_disabled
US10Y_MONTHLY_SAMPLE,1999-01-01,1999-01-01T00:00:00Z,monthly,4.72,4.72,4.72,4.72,,4.72,factor_candle,GitHub datasets mirror sample,offline_sample_production_disabled
US10Y_MONTHLY_SAMPLE,1999-02-01,1999-02-01T00:00:00Z,monthly,5.0,5.0,5.0,5.0,,5.0,factor_candle,GitHub datasets mirror sample,offline_sample_production_disabled
US10Y_MONTHLY_SAMPLE,1999-03-01,1999-03-01T00:00:00Z,monthly,5.23,5.23,5.23,5.23,,5.23,factor_candle,GitHub datasets mirror sample,offline_sample_production_disabled
US10Y_MONTHLY_SAMPLE,1999-04-01,1999-04-01T00:00:00Z,monthly,5.18,5.18,5.18,5.18,,5.18,factor_candle,GitHub datasets mirror sample,offline_sample_production_disabled
US10Y_MONTHLY_SAMPLE,1999-05-01,1999-05-01T00:00:00Z,monthly,5.54,5.54,5.54,5.54,,5.54,factor_candle,GitHub datasets mirror sample,offline_sample_production_disabled
US10Y_MONTHLY_SAMPLE,1999-06-01,1999-06-01T00:00:00Z,monthly,5.9,5.9,5.9,5.9,,5.9,factor_candle,GitHub datasets mirror sample,offline_sample_production_disabled
US10Y_MONTHLY_SAMPLE,1999-07-01,1999-07-01T00:00:00Z,monthly,5.79,5.79,5.79,5.79,,5.79,factor_candle,GitHub datasets mirror sample,offline_sample_production_disabled
US10Y_MONTHLY_SAMPLE,1999-08-01,1999-08-01T00:00:00Z,monthly,5.94,5.94,5.94,5.94,,5.94,factor_candle,GitHub datasets mirror sample,offline_sample_production_disabled
US10Y_MONTHLY_SAMPLE,1999-09-01,1999-09-01T00:00:00Z,monthly,5.92,5.92,5.92,5.92,,5.92,factor_candle,GitHub datasets mirror sample,offline_sample_production_disabled
US10Y_MONTHLY_SAMPLE,1999-10-01,1999-10-01T00:00:00Z,monthly,6.11,6.11,6.11,6.11,,6.11,factor_candle,GitHub datasets mirror sample,offline_sample_production_disabled
US10Y_MONTHLY_SAMPLE,1999-11-01,1999-11-01T00:00:00Z,monthly,6.03,6.03,6.03,6.03,,6.03,factor_candle,GitHub datasets mirror sample,offline_sample_production_disabled
US10Y_MONTHLY_SAMPLE,1999-12-01,1999-12-01T00:00:00Z,monthly,6.28,6.28,6.28,6.28,,6.28,factor_candle,GitHub datasets mirror sample,offline_sample_production_disabled
US10Y_MONTHLY_SAMPLE,2000-01-01,2000-01-01T00:00:00Z,monthly,6.66,6.66,6.66,6.66,,6.66,factor_candle,GitHub datasets mirror sample,offline_sample_production_disabled
US10Y_MONTHLY_SAMPLE,2000-02-01,2000-02-01T00:00:00Z,monthly,6.52,6.52,6.52,6.52,,6.52,factor_candle,GitHub datasets mirror sample,offline_sample_production_disabled
US10Y_MONTHLY_SAMPLE,2000-03-01,2000-03-01T00:00:00Z,monthly,6.26,6.26,6.26,6.26,,6.26,factor_candle,GitHub datasets mirror sample,offline_sample_production_disabled
US10Y_MONTHLY_SAMPLE,2000-04-01,2000-04-01T00:00:00Z,monthly,5.99,5.99,5.99,5.99,,5.99,factor_candle,GitHub datasets mirror sample,offline_sample_production_disabled
US10Y_MONTHLY_SAMPLE,2000-05-01,2000-05-01T00:00:00Z,monthly,6.44,6.44,6.44,6.44,,6.44,factor_candle,GitHub datasets mirror sample,offline_sample_production_disabled
US10Y_MONTHLY_SAMPLE,2000-06-01,2000-06-01T00:00:00Z,monthly,6.1,6.1,6.1,6.1,,6.1,factor_candle,GitHub datasets mirror sample,offline_sample_production_disabled
US10Y_MONTHLY_SAMPLE,2000-07-01,2000-07-01T00:00:00Z,monthly,6.05,6.05,6.05,6.05,,6.05,factor_candle,GitHub datasets mirror sample,offline_sample_production_disabled
US10Y_MONTHLY_SAMPLE,2000-08-01,2000-08-01T00:00:00Z,monthly,5.83,5.83,5.83,5.83,,5.83,factor_candle,GitHub datasets mirror sample,offline_sample_production_disabled
US10Y_MONTHLY_SAMPLE,2000-09-01,2000-09-01T00:00:00Z,monthly,5.8,5.8,5.8,5.8,,5.8,factor_candle,GitHub datasets mirror sample,offline_sample_production_disabled
US10Y_MONTHLY_SAMPLE,2000-10-01,2000-10-01T00:00:00Z,monthly,5.74,5.74,5.74,5.74,,5.74,factor_candle,GitHub datasets mirror sample,offline_sample_production_disabled
US10Y_MONTHLY_SAMPLE,2000-11-01,2000-11-01T00:00:00Z,monthly,5.72,5.72,5.72,5.72,,5.72,factor_candle,GitHub datasets mirror sample,offline_sample_production_disabled
US10Y_MONTHLY_SAMPLE,2000-12-01,2000-12-01T00:00:00Z,monthly,5.24,5.24,5.24,5.24,,5.24,factor_candle,GitHub datasets mirror sample,offline_sample_production_disabled
US10Y_MONTHLY_SAMPLE,2001-01-01,2001-01-01T00:00:00Z,monthly,5.16,5.16,5.16,5.16,,5.16,factor_candle,GitHub datasets mirror sample,offline_sample_production_disabled
US10Y_MONTHLY_SAMPLE,2001-02-01,2001-02-01T00:00:00Z,monthly,5.1,5.1,5.1,5.1,,5.1,factor_candle,GitHub datasets mirror sample,offline_sample_production_disabled
US10Y_MONTHLY_SAMPLE,2001-03-01,2001-03-01T00:00:00Z,monthly,4.89,4.89,4.89,4.89,,4.89,factor_candle,GitHub datasets mirror sample,offline_sample_production_disabled
US10Y_MONTHLY_SAMPLE,2001-04-01,2001-04-01T00:00:00Z,monthly,5.14,5.14,5.14,5.14,,5.14,factor_candle,GitHub datasets mirror sample,offline_sample_production_disabled
US10Y_MONTHLY_SAMPLE,2001-05-01,2001-05-01T00:00:00Z,monthly,5.39,5.39,5.39,5.39,,5.39,factor_candle,GitHub datasets mirror sample,offline_sample_production_disabled
US10Y_MONTHLY_SAMPLE,2001-06-01,2001-06-01T00:00:00Z,monthly,5.28,5.28,5.28,5.28,,5.28,factor_candle,GitHub datasets mirror sample,offline_sample_production_disabled
US10Y_MONTHLY_SAMPLE,2001-07-01,2001-07-01T00:00:00Z,monthly,5.24,5.24,5.24,5.24,,5.24,factor_candle,GitHub datasets mirror sample,offline_sample_production_disabled
US10Y_MONTHLY_SAMPLE,2001-08-01,2001-08-01T00:00:00Z,monthly,4.97,4.97,4.97,4.97,,4.97,factor_candle,GitHub datasets mirror sample,offline_sample_production_disabled
US10Y_MONTHLY_SAMPLE,2001-09-01,2001-09-01T00:00:00Z,monthly,4.73,4.73,4.73,4.73,,4.73,factor_candle,GitHub datasets mirror sample,offline_sample_production_disabled
US10Y_MONTHLY_SAMPLE,2001-10-01,2001-10-01T00:00:00Z,monthly,4.57,4.57,4.57,4.57,,4.57,factor_candle,GitHub datasets mirror sample,offline_sample_production_disabled
US10Y_MONTHLY_SAMPLE,2001-11-01,2001-11-01T00:00:00Z,monthly,4.65,4.65,4.65,4.65,,4.65,factor_candle,GitHub datasets mirror sample,offline_sample_production_disabled
US10Y_MONTHLY_SAMPLE,2001-12-01,2001-12-01T00:00:00Z,monthly,5.09,5.09,5.09,5.09,,5.09,factor_candle,GitHub datasets mirror sample,offline_sample_production_disabled
US10Y_MONTHLY_SAMPLE,2002-01-01,2002-01-01T00:00:00Z,monthly,5.04,5.04,5.04,5.04,,5.04,factor_candle,GitHub datasets mirror sample,offline_sample_production_disabled
US10Y_MONTHLY_SAMPLE,2002-02-01,2002-02-01T00:00:00Z,monthly,4.91,4.91,4.91,4.91,,4.91,factor_candle,GitHub datasets mirror sample,offline_sample_production_disabled
US10Y_MONTHLY_SAMPLE,2002-03-01,2002-03-01T00:00:00Z,monthly,5.28,5.28,5.28,5.28,,5.28,factor_candle,GitHub datasets mirror sample,offline_sample_production_disabled
US10Y_MONTHLY_SAMPLE,2002-04-01,2002-04-01T00:00:00Z,monthly,5.21,5.21,5.21,5.21,,5.21,factor_candle,GitHub datasets mirror sample,offline_sample_production_disabled
US10Y_MONTHLY_SAMPLE,2002-05-01,2002-05-01T00:00:00Z,monthly,5.16,5.16,5.16,5.16,,5.16,factor_candle,GitHub datasets mirror sample,offline_sample_production_disabled
US10Y_MONTHLY_SAMPLE,2002-06-01,2002-06-01T00:00:00Z,monthly,4.93,4.93,4.93,4.93,,4.93,factor_candle,GitHub datasets mirror sample,offline_sample_production_disabled
US10Y_MONTHLY_SAMPLE,2002-07-01,2002-07-01T00:00:00Z,monthly,4.65,4.65,4.65,4.65,,4.65,factor_candle,GitHub datasets mirror sample,offline_sample_production_disabled
US10Y_MONTHLY_SAMPLE,2002-08-01,2002-08-01T00:00:00Z,monthly,4.26,4.26,4.26,4.26,,4.26,factor_candle,GitHub datasets mirror sample,offline_sample_production_disabled
US10Y_MONTHLY_SAMPLE,2002-09-01,2002-09-01T00:00:00Z,monthly,3.87,3.87,3.87,3.87,,3.87,factor_candle,GitHub datasets mirror sample,offline_sample_production_disabled
US10Y_MONTHLY_SAMPLE,2002-10-01,2002-10-01T00:00:00Z,monthly,3.94,3.94,3.94,3.94,,3.94,factor_candle,GitHub datasets mirror sample,offline_sample_production_disabled
US10Y_MONTHLY_SAMPLE,2002-11-01,2002-11-01T00:00:00Z,monthly,4.05,4.05,4.05,4.05,,4.05,factor_candle,GitHub datasets mirror sample,offline_sample_production_disabled
US10Y_MONTHLY_SAMPLE,2002-12-01,2002-12-01T00:00:00Z,monthly,4.03,4.03,4.03,4.03,,4.03,factor_candle,GitHub datasets mirror sample,offline_sample_production_disabled
US10Y_MONTHLY_SAMPLE,2003-01-01,2003-01-01T00:00:00Z,monthly,4.05,4.05,4.05,4.05,,4.05,factor_candle,GitHub datasets mirror sample,offline_sample_production_disabled
US10Y_MONTHLY_SAMPLE,2003-02-01,2003-02-01T00:00:00Z,monthly,3.9,3.9,3.9,3.9,,3.9,factor_candle,GitHub datasets mirror sample,offline_sample_production_disabled
US10Y_MONTHLY_SAMPLE,2003-03-01,2003-03-01T00:00:00Z,monthly,3.81,3.81,3.81,3.81,,3.81,factor_candle,GitHub datasets mirror sample,offline_sample_production_disabled
US10Y_MONTHLY_SAMPLE,2003-04-01,2003-04-01T00:00:00Z,monthly,3.96,3.96,3.96,3.96,,3.96,factor_candle,GitHub datasets mirror sample,offline_sample_production_disabled
US10Y_MONTHLY_SAMPLE,2003-05-01,2003-05-01T00:00:00Z,monthly,3.57,3.57,3.57,3.57,,3.57,factor_candle,GitHub datasets mirror sample,offline_sample_production_disabled
US10Y_MONTHLY_SAMPLE,2003-06-01,2003-06-01T00:00:00Z,monthly,3.33,3.33,3.33,3.33,,3.33,factor_candle,GitHub datasets mirror sample,offline_sample_production_disabled
US10Y_MONTHLY_SAMPLE,2003-07-01,2003-07-01T00:00:00Z,monthly,3.98,3.98,3.98,3.98,,3.98,factor_candle,GitHub datasets mirror sample,offline_sample_production_disabled
US10Y_MONTHLY_SAMPLE,2003-08-01,2003-08-01T00:00:00Z,monthly,4.45,4.45,4.45,4.45,,4.45,factor_candle,GitHub datasets mirror sample,offline_sample_production_disabled
US10Y_MONTHLY_SAMPLE,2003-09-01,2003-09-01T00:00:00Z,monthly,4.27,4.27,4.27,4.27,,4.27,factor_candle,GitHub datasets mirror sample,offline_sample_production_disabled
US10Y_MONTHLY_SAMPLE,2003-10-01,2003-10-01T00:00:00Z,monthly,4.29,4.29,4.29,4.29,,4.29,factor_candle,GitHub datasets mirror sample,offline_sample_production_disabled
US10Y_MONTHLY_SAMPLE,2003-11-01,2003-11-01T00:00:00Z,monthly,4.3,4.3,4.3,4.3,,4.3,factor_candle,GitHub datasets mirror sample,offline_sample_production_disabled
US10Y_MONTHLY_SAMPLE,2003-12-01,2003-12-01T00:00:00Z,monthly,4.27,4.27,4.27,4.27,,4.27,factor_candle,GitHub datasets mirror sample,offline_sample_production_disabled
US10Y_MONTHLY_SAMPLE,2004-01-01,2004-01-01T00:00:00Z,monthly,4.15,4.15,4.15,4.15,,4.15,factor_candle,GitHub datasets mirror sample,offline_sample_production_disabled
US10Y_MONTHLY_SAMPLE,2004-02-01,2004-02-01T00:00:00Z,monthly,4.08,4.08,4.08,4.08,,4.08,factor_candle,GitHub datasets mirror sample,offline_sample_production_disabled
US10Y_MONTHLY_SAMPLE,2004-03-01,2004-03-01T00:00:00Z,monthly,3.83,3.83,3.83,3.83,,3.83,factor_candle,GitHub datasets mirror sample,offline_sample_production_disabled
US10Y_MONTHLY_SAMPLE,2004-04-01,2004-04-01T00:00:00Z,monthly,4.35,4.35,4.35,4.35,,4.35,factor_candle,GitHub datasets mirror sample,offline_sample_production_disabled
US10Y_MONTHLY_SAMPLE,2004-05-01,2004-05-01T00:00:00Z,monthly,4.72,4.72,4.72,4.72,,4.72,factor_candle,GitHub datasets mirror sample,offline_sample_production_disabled
US10Y_MONTHLY_SAMPLE,2004-06-01,2004-06-01T00:00:00Z,monthly,4.73,4.73,4.73,4.73,,4.73,factor_candle,GitHub datasets mirror sample,offline_sample_production_disabled
US10Y_MONTHLY_SAMPLE,2004-07-01,2004-07-01T00:00:00Z,monthly,4.5,4.5,4.5,4.5,,4.5,factor_candle,GitHub datasets mirror sample,offline_sample_production_disabled
US10Y_MONTHLY_SAMPLE,2004-08-01,2004-08-01T00:00:00Z,monthly,4.28,4.28,4.28,4.28,,4.28,factor_candle,GitHub datasets mirror sample,offline_sample_production_disabled
US10Y_MONTHLY_SAMPLE,2004-09-01,2004-09-01T00:00:00Z,monthly,4.13,4.13,4.13,4.13,,4.13,factor_candle,GitHub datasets mirror sample,offline_sample_production_disabled
US10Y_MONTHLY_SAMPLE,2004-10-01,2004-10-01T00:00:00Z,monthly,4.1,4.1,4.1,4.1,,4.1,factor_candle,GitHub datasets mirror sample,offline_sample_production_disabled
US10Y_MONTHLY_SAMPLE,2004-11-01,2004-11-01T00:00:00Z,monthly,4.19,4.19,4.19,4.19,,4.19,factor_candle,GitHub datasets mirror sample,offline_sample_production_disabled
US10Y_MONTHLY_SAMPLE,2004-12-01,2004-12-01T00:00:00Z,monthly,4.23,4.23,4.23,4.23,,4.23,factor_candle,GitHub datasets mirror sample,offline_sample_production_disabled
US10Y_MONTHLY_SAMPLE,2005-01-01,2005-01-01T00:00:00Z,monthly,4.22,4.22,4.22,4.22,,4.22,factor_candle,GitHub datasets mirror sample,offline_sample_production_disabled
US10Y_MONTHLY_SAMPLE,2005-02-01,2005-02-01T00:00:00Z,monthly,4.17,4.17,4.17,4.17,,4.17,factor_candle,GitHub datasets mirror sample,offline_sample_production_disabled
US10Y_MONTHLY_SAMPLE,2005-03-01,2005-03-01T00:00:00Z,monthly,4.5,4.5,4.5,4.5,,4.5,factor_candle,GitHub datasets mirror sample,offline_sample_production_disabled
US10Y_MONTHLY_SAMPLE,2005-04-01,2005-04-01T00:00:00Z,monthly,4.34,4.34,4.34,4.34,,4.34,factor_candle,GitHub datasets mirror sample,offline_sample_production_disabled
US10Y_MONTHLY_SAMPLE,2005-05-01,2005-05-01T00:00:00Z,monthly,4.14,4.14,4.14,4.14,,4.14,factor_candle,GitHub datasets mirror sample,offline_sample_production_disabled
US10Y_MONTHLY_SAMPLE,2005-06-01,2005-06-01T00:00:00Z,monthly,4.0,4.0,4.0,4.0,,4.0,factor_candle,GitHub datasets mirror sample,offline_sample_production_disabled
US10Y_MONTHLY_SAMPLE,2005-07-01,2005-07-01T00:00:00Z,monthly,4.18,4.18,4.18,4.18,,4.18,factor_candle,GitHub datasets mirror sample,offline_sample_production_disabled
US10Y_MONTHLY_SAMPLE,2005-08-01,2005-08-01T00:00:00Z,monthly,4.26,4.26,4.26,4.26,,4.26,factor_candle,GitHub datasets mirror sample,offline_sample_production_disabled
US10Y_MONTHLY_SAMPLE,2005-09-01,2005-09-01T00:00:00Z,monthly,4.2,4.2,4.2,4.2,,4.2,factor_candle,GitHub datasets mirror sample,offline_sample_production_disabled
US10Y_MONTHLY_SAMPLE,2005-10-01,2005-10-01T00:00:00Z,monthly,4.46,4.46,4.46,4.46,,4.46,factor_candle,GitHub datasets mirror sample,offline_sample_production_disabled
US10Y_MONTHLY_SAMPLE,2005-11-01,2005-11-01T00:00:00Z,monthly,4.54,4.54,4.54,4.54,,4.54,factor_candle,GitHub datasets mirror sample,offline_sample_production_disabled
US10Y_MONTHLY_SAMPLE,2005-12-01,2005-12-01T00:00:00Z,monthly,4.47,4.47,4.47,4.47,,4.47,factor_candle,GitHub datasets mirror sample,offline_sample_production_disabled
US10Y_MONTHLY_SAMPLE,2006-01-01,2006-01-01T00:00:00Z,monthly,4.42,4.42,4.42,4.42,,4.42,factor_candle,GitHub datasets mirror sample,offline_sample_production_disabled
US10Y_MONTHLY_SAMPLE,2006-02-01,2006-02-01T00:00:00Z,monthly,4.57,4.57,4.57,4.57,,4.57,factor_candle,GitHub datasets mirror sample,offline_sample_production_disabled
US10Y_MONTHLY_SAMPLE,2006-03-01,2006-03-01T00:00:00Z,monthly,4.72,4.72,4.72,4.72,,4.72,factor_candle,GitHub datasets mirror sample,offline_sample_production_disabled
US10Y_MONTHLY_SAMPLE,2006-04-01,2006-04-01T00:00:00Z,monthly,4.99,4.99,4.99,4.99,,4.99,factor_candle,GitHub datasets mirror sample,offline_sample_production_disabled
US10Y_MONTHLY_SAMPLE,2006-05-01,2006-05-01T00:00:00Z,monthly,5.11,5.11,5.11,5.11,,5.11,factor_candle,GitHub datasets mirror sample,offline_sample_production_disabled
US10Y_MONTHLY_SAMPLE,2006-06-01,2006-06-01T00:00:00Z,monthly,5.11,5.11,5.11,5.11,,5.11,factor_candle,GitHub datasets mirror sample,offline_sample_production_disabled
US10Y_MONTHLY_SAMPLE,2006-07-01,2006-07-01T00:00:00Z,monthly,5.09,5.09,5.09,5.09,,5.09,factor_candle,GitHub datasets mirror sample,offline_sample_production_disabled
US10Y_MONTHLY_SAMPLE,2006-08-01,2006-08-01T00:00:00Z,monthly,4.88,4.88,4.88,4.88,,4.88,factor_candle,GitHub datasets mirror sample,offline_sample_production_disabled
US10Y_MONTHLY_SAMPLE,2006-09-01,2006-09-01T00:00:00Z,monthly,4.72,4.72,4.72,4.72,,4.72,factor_candle,GitHub datasets mirror sample,offline_sample_production_disabled
US10Y_MONTHLY_SAMPLE,2006-10-01,2006-10-01T00:00:00Z,monthly,4.73,4.73,4.73,4.73,,4.73,factor_candle,GitHub datasets mirror sample,offline_sample_production_disabled
US10Y_MONTHLY_SAMPLE,2006-11-01,2006-11-01T00:00:00Z,monthly,4.6,4.6,4.6,4.6,,4.6,factor_candle,GitHub datasets mirror sample,offline_sample_production_disabled
US10Y_MONTHLY_SAMPLE,2006-12-01,2006-12-01T00:00:00Z,monthly,4.56,4.56,4.56,4.56,,4.56,factor_candle,GitHub datasets mirror sample,offline_sample_production_disabled
US10Y_MONTHLY_SAMPLE,2007-01-01,2007-01-01T00:00:00Z,monthly,4.76,4.76,4.76,4.76,,4.76,factor_candle,GitHub datasets mirror sample,offline_sample_production_disabled
US10Y_MONTHLY_SAMPLE,2007-02-01,2007-02-01T00:00:00Z,monthly,4.72,4.72,4.72,4.72,,4.72,factor_candle,GitHub datasets mirror sample,offline_sample_production_disabled
US10Y_MONTHLY_SAMPLE,2007-03-01,2007-03-01T00:00:00Z,monthly,4.56,4.56,4.56,4.56,,4.56,factor_candle,GitHub datasets mirror sample,offline_sample_production_disabled
US10Y_MONTHLY_SAMPLE,2007-04-01,2007-04-01T00:00:00Z,monthly,4.69,4.69,4.69,4.69,,4.69,factor_candle,GitHub datasets mirror sample,offline_sample_production_disabled
US10Y_MONTHLY_SAMPLE,2007-05-01,2007-05-01T00:00:00Z,monthly,4.75,4.75,4.75,4.75,,4.75,factor_candle,GitHub datasets mirror sample,offline_sample_production_disabled
US10Y_MONTHLY_SAMPLE,2007-06-01,2007-06-01T00:00:00Z,monthly,5.1,5.1,5.1,5.1,,5.1,factor_candle,GitHub datasets mirror sample,offline_sample_production_disabled
US10Y_MONTHLY_SAMPLE,2007-07-01,2007-07-01T00:00:00Z,monthly,5.0,5.0,5.0,5.0,,5.0,factor_candle,GitHub datasets mirror sample,offline_sample_production_disabled
US10Y_MONTHLY_SAMPLE,2007-08-01,2007-08-01T00:00:00Z,monthly,4.67,4.67,4.67,4.67,,4.67,factor_candle,GitHub datasets mirror sample,offline_sample_production_disabled
US10Y_MONTHLY_SAMPLE,2007-09-01,2007-09-01T00:00:00Z,monthly,4.52,4.52,4.52,4.52,,4.52,factor_candle,GitHub datasets mirror sample,offline_sample_production_disabled
US10Y_MONTHLY_SAMPLE,2007-10-01,2007-10-01T00:00:00Z,monthly,4.53,4.53,4.53,4.53,,4.53,factor_candle,GitHub datasets mirror sample,offline_sample_production_disabled
US10Y_MONTHLY_SAMPLE,2007-11-01,2007-11-01T00:00:00Z,monthly,4.15,4.15,4.15,4.15,,4.15,factor_candle,GitHub datasets mirror sample,offline_sample_production_disabled
US10Y_MONTHLY_SAMPLE,2007-12-01,2007-12-01T00:00:00Z,monthly,4.1,4.1,4.1,4.1,,4.1,factor_candle,GitHub datasets mirror sample,offline_sample_production_disabled
US10Y_MONTHLY_SAMPLE,2008-01-01,2008-01-01T00:00:00Z,monthly,3.74,3.74,3.74,3.74,,3.74,factor_candle,GitHub datasets mirror sample,offline_sample_production_disabled
US10Y_MONTHLY_SAMPLE,2008-02-01,2008-02-01T00:00:00Z,monthly,3.74,3.74,3.74,3.74,,3.74,factor_candle,GitHub datasets mirror sample,offline_sample_production_disabled
US10Y_MONTHLY_SAMPLE,2008-03-01,2008-03-01T00:00:00Z,monthly,3.51,3.51,3.51,3.51,,3.51,factor_candle,GitHub datasets mirror sample,offline_sample_production_disabled
US10Y_MONTHLY_SAMPLE,2008-04-01,2008-04-01T00:00:00Z,monthly,3.68,3.68,3.68,3.68,,3.68,factor_candle,GitHub datasets mirror sample,offline_sample_production_disabled
US10Y_MONTHLY_SAMPLE,2008-05-01,2008-05-01T00:00:00Z,monthly,3.88,3.88,3.88,3.88,,3.88,factor_candle,GitHub datasets mirror sample,offline_sample_production_disabled
US10Y_MONTHLY_SAMPLE,2008-06-01,2008-06-01T00:00:00Z,monthly,4.1,4.1,4.1,4.1,,4.1,factor_candle,GitHub datasets mirror sample,offline_sample_production_disabled
US10Y_MONTHLY_SAMPLE,2008-07-01,2008-07-01T00:00:00Z,monthly,4.01,4.01,4.01,4.01,,4.01,factor_candle,GitHub datasets mirror sample,offline_sample_production_disabled
US10Y_MONTHLY_SAMPLE,2008-08-01,2008-08-01T00:00:00Z,monthly,3.89,3.89,3.89,3.89,,3.89,factor_candle,GitHub datasets mirror sample,offline_sample_production_disabled
US10Y_MONTHLY_SAMPLE,2008-09-01,2008-09-01T00:00:00Z,monthly,3.69,3.69,3.69,3.69,,3.69,factor_candle,GitHub datasets mirror sample,offline_sample_production_disabled
US10Y_MONTHLY_SAMPLE,2008-10-01,2008-10-01T00:00:00Z,monthly,3.81,3.81,3.81,3.81,,3.81,factor_candle,GitHub datasets mirror sample,offline_sample_production_disabled
US10Y_MONTHLY_SAMPLE,2008-11-01,2008-11-01T00:00:00Z,monthly,3.53,3.53,3.53,3.53,,3.53,factor_candle,GitHub datasets mirror sample,offline_sample_production_disabled
US10Y_MONTHLY_SAMPLE,2008-12-01,2008-12-01T00:00:00Z,monthly,2.42,2.42,2.42,2.42,,2.42,factor_candle,GitHub datasets mirror sample,offline_sample_production_disabled
US10Y_MONTHLY_SAMPLE,2009-01-01,2009-01-01T00:00:00Z,monthly,2.52,2.52,2.52,2.52,,2.52,factor_candle,GitHub datasets mirror sample,offline_sample_production_disabled
US10Y_MONTHLY_SAMPLE,2009-02-01,2009-02-01T00:00:00Z,monthly,2.87,2.87,2.87,2.87,,2.87,factor_candle,GitHub datasets mirror sample,offline_sample_production_disabled
US10Y_MONTHLY_SAMPLE,2009-03-01,2009-03-01T00:00:00Z,monthly,2.82,2.82,2.82,2.82,,2.82,factor_candle,GitHub datasets mirror sample,offline_sample_production_disabled
US10Y_MONTHLY_SAMPLE,2009-04-01,2009-04-01T00:00:00Z,monthly,2.93,2.93,2.93,2.93,,2.93,factor_candle,GitHub datasets mirror sample,offline_sample_production_disabled
US10Y_MONTHLY_SAMPLE,2009-05-01,2009-05-01T00:00:00Z,monthly,3.29,3.29,3.29,3.29,,3.29,factor_candle,GitHub datasets mirror sample,offline_sample_production_disabled
US10Y_MONTHLY_SAMPLE,2009-06-01,2009-06-01T00:00:00Z,monthly,3.72,3.72,3.72,3.72,,3.72,factor_candle,GitHub datasets mirror sample,offline_sample_production_disabled
US10Y_MONTHLY_SAMPLE,2009-07-01,2009-07-01T00:00:00Z,monthly,3.56,3.56,3.56,3.56,,3.56,factor_candle,GitHub datasets mirror sample,offline_sample_production_disabled
US10Y_MONTHLY_SAMPLE,2009-08-01,2009-08-01T00:00:00Z,monthly,3.59,3.59,3.59,3.59,,3.59,factor_candle,GitHub datasets mirror sample,offline_sample_production_disabled
US10Y_MONTHLY_SAMPLE,2009-09-01,2009-09-01T00:00:00Z,monthly,3.4,3.4,3.4,3.4,,3.4,factor_candle,GitHub datasets mirror sample,offline_sample_production_disabled
US10Y_MONTHLY_SAMPLE,2009-10-01,2009-10-01T00:00:00Z,monthly,3.39,3.39,3.39,3.39,,3.39,factor_candle,GitHub datasets mirror sample,offline_sample_production_disabled
US10Y_MONTHLY_SAMPLE,2009-11-01,2009-11-01T00:00:00Z,monthly,3.4,3.4,3.4,3.4,,3.4,factor_candle,GitHub datasets mirror sample,offline_sample_production_disabled
US10Y_MONTHLY_SAMPLE,2009-12-01,2009-12-01T00:00:00Z,monthly,3.59,3.59,3.59,3.59,,3.59,factor_candle,GitHub datasets mirror sample,offline_sample_production_disabled
US10Y_MONTHLY_SAMPLE,2010-01-01,2010-01-01T00:00:00Z,monthly,3.73,3.73,3.73,3.73,,3.73,factor_candle,GitHub datasets mirror sample,offline_sample_production_disabled
US10Y_MONTHLY_SAMPLE,2010-02-01,2010-02-01T00:00:00Z,monthly,3.69,3.69,3.69,3.69,,3.69,factor_candle,GitHub datasets mirror sample,offline_sample_production_disabled
US10Y_MONTHLY_SAMPLE,2010-03-01,2010-03-01T00:00:00Z,monthly,3.73,3.73,3.73,3.73,,3.73,factor_candle,GitHub datasets mirror sample,offline_sample_production_disabled
US10Y_MONTHLY_SAMPLE,2010-04-01,2010-04-01T00:00:00Z,monthly,3.85,3.85,3.85,3.85,,3.85,factor_candle,GitHub datasets mirror sample,offline_sample_production_disabled
US10Y_MONTHLY_SAMPLE,2010-05-01,2010-05-01T00:00:00Z,monthly,3.42,3.42,3.42,3.42,,3.42,factor_candle,GitHub datasets mirror sample,offline_sample_production_disabled
US10Y_MONTHLY_SAMPLE,2010-06-01,2010-06-01T00:00:00Z,monthly,3.2,3.2,3.2,3.2,,3.2,factor_candle,GitHub datasets mirror sample,offline_sample_production_disabled
US10Y_MONTHLY_SAMPLE,2010-07-01,2010-07-01T00:00:00Z,monthly,3.01,3.01,3.01,3.01,,3.01,factor_candle,GitHub datasets mirror sample,offline_sample_production_disabled
US10Y_MONTHLY_SAMPLE,2010-08-01,2010-08-01T00:00:00Z,monthly,2.7,2.7,2.7,2.7,,2.7,factor_candle,GitHub datasets mirror sample,offline_sample_production_disabled
US10Y_MONTHLY_SAMPLE,2010-09-01,2010-09-01T00:00:00Z,monthly,2.65,2.65,2.65,2.65,,2.65,factor_candle,GitHub datasets mirror sample,offline_sample_production_disabled
US10Y_MONTHLY_SAMPLE,2010-10-01,2010-10-01T00:00:00Z,monthly,2.54,2.54,2.54,2.54,,2.54,factor_candle,GitHub datasets mirror sample,offline_sample_production_disabled
US10Y_MONTHLY_SAMPLE,2010-11-01,2010-11-01T00:00:00Z,monthly,2.76,2.76,2.76,2.76,,2.76,factor_candle,GitHub datasets mirror sample,offline_sample_production_disabled
US10Y_MONTHLY_SAMPLE,2010-12-01,2010-12-01T00:00:00Z,monthly,3.29,3.29,3.29,3.29,,3.29,factor_candle,GitHub datasets mirror sample,offline_sample_production_disabled
US10Y_MONTHLY_SAMPLE,2011-01-01,2011-01-01T00:00:00Z,monthly,3.39,3.39,3.39,3.39,,3.39,factor_candle,GitHub datasets mirror sample,offline_sample_production_disabled
US10Y_MONTHLY_SAMPLE,2011-02-01,2011-02-01T00:00:00Z,monthly,3.58,3.58,3.58,3.58,,3.58,factor_candle,GitHub datasets mirror sample,offline_sample_production_disabled
US10Y_MONTHLY_SAMPLE,2011-03-01,2011-03-01T00:00:00Z,monthly,3.41,3.41,3.41,3.41,,3.41,factor_candle,GitHub datasets mirror sample,offline_sample_production_disabled
US10Y_MONTHLY_SAMPLE,2011-04-01,2011-04-01T00:00:00Z,monthly,3.46,3.46,3.46,3.46,,3.46,factor_candle,GitHub datasets mirror sample,offline_sample_production_disabled
US10Y_MONTHLY_SAMPLE,2011-05-01,2011-05-01T00:00:00Z,monthly,3.17,3.17,3.17,3.17,,3.17,factor_candle,GitHub datasets mirror sample,offline_sample_production_disabled
US10Y_MONTHLY_SAMPLE,2011-06-01,2011-06-01T00:00:00Z,monthly,3.0,3.0,3.0,3.0,,3.0,factor_candle,GitHub datasets mirror sample,offline_sample_production_disabled
US10Y_MONTHLY_SAMPLE,2011-07-01,2011-07-01T00:00:00Z,monthly,3.0,3.0,3.0,3.0,,3.0,factor_candle,GitHub datasets mirror sample,offline_sample_production_disabled
US10Y_MONTHLY_SAMPLE,2011-08-01,2011-08-01T00:00:00Z,monthly,2.3,2.3,2.3,2.3,,2.3,factor_candle,GitHub datasets mirror sample,offline_sample_production_disabled
US10Y_MONTHLY_SAMPLE,2011-09-01,2011-09-01T00:00:00Z,monthly,1.98,1.98,1.98,1.98,,1.98,factor_candle,GitHub datasets mirror sample,offline_sample_production_disabled
US10Y_MONTHLY_SAMPLE,2011-10-01,2011-10-01T00:00:00Z,monthly,2.15,2.15,2.15,2.15,,2.15,factor_candle,GitHub datasets mirror sample,offline_sample_production_disabled
US10Y_MONTHLY_SAMPLE,2011-11-01,2011-11-01T00:00:00Z,monthly,2.01,2.01,2.01,2.01,,2.01,factor_candle,GitHub datasets mirror sample,offline_sample_production_disabled
US10Y_MONTHLY_SAMPLE,2011-12-01,2011-12-01T00:00:00Z,monthly,1.98,1.98,1.98,1.98,,1.98,factor_candle,GitHub datasets mirror sample,offline_sample_production_disabled
US10Y_MONTHLY_SAMPLE,2012-01-01,2012-01-01T00:00:00Z,monthly,1.97,1.97,1.97,1.97,,1.97,factor_candle,GitHub datasets mirror sample,offline_sample_production_disabled
US10Y_MONTHLY_SAMPLE,2012-02-01,2012-02-01T00:00:00Z,monthly,1.97,1.97,1.97,1.97,,1.97,factor_candle,GitHub datasets mirror sample,offline_sample_production_disabled
US10Y_MONTHLY_SAMPLE,2012-03-01,2012-03-01T00:00:00Z,monthly,2.17,2.17,2.17,2.17,,2.17,factor_candle,GitHub datasets mirror sample,offline_sample_production_disabled
US10Y_MONTHLY_SAMPLE,2012-04-01,2012-04-01T00:00:00Z,monthly,2.05,2.05,2.05,2.05,,2.05,factor_candle,GitHub datasets mirror sample,offline_sample_production_disabled
US10Y_MONTHLY_SAMPLE,2012-05-01,2012-05-01T00:00:00Z,monthly,1.8,1.8,1.8,1.8,,1.8,factor_candle,GitHub datasets mirror sample,offline_sample_production_disabled
US10Y_MONTHLY_SAMPLE,2012-06-01,2012-06-01T00:00:00Z,monthly,1.62,1.62,1.62,1.62,,1.62,factor_candle,GitHub datasets mirror sample,offline_sample_production_disabled
US10Y_MONTHLY_SAMPLE,2012-07-01,2012-07-01T00:00:00Z,monthly,1.53,1.53,1.53,1.53,,1.53,factor_candle,GitHub datasets mirror sample,offline_sample_production_disabled
US10Y_MONTHLY_SAMPLE,2012-08-01,2012-08-01T00:00:00Z,monthly,1.68,1.68,1.68,1.68,,1.68,factor_candle,GitHub datasets mirror sample,offline_sample_production_disabled
US10Y_MONTHLY_SAMPLE,2012-09-01,2012-09-01T00:00:00Z,monthly,1.72,1.72,1.72,1.72,,1.72,factor_candle,GitHub datasets mirror sample,offline_sample_production_disabled
US10Y_MONTHLY_SAMPLE,2012-10-01,2012-10-01T00:00:00Z,monthly,1.75,1.75,1.75,1.75,,1.75,factor_candle,GitHub datasets mirror sample,offline_sample_production_disabled
US10Y_MONTHLY_SAMPLE,2012-11-01,2012-11-01T00:00:00Z,monthly,1.65,1.65,1.65,1.65,,1.65,factor_candle,GitHub datasets mirror sample,offline_sample_production_disabled
US10Y_MONTHLY_SAMPLE,2012-12-01,2012-12-01T00:00:00Z,monthly,1.72,1.72,1.72,1.72,,1.72,factor_candle,GitHub datasets mirror sample,offline_sample_production_disabled
US10Y_MONTHLY_SAMPLE,2013-01-01,2013-01-01T00:00:00Z,monthly,1.91,1.91,1.91,1.91,,1.91,factor_candle,GitHub datasets mirror sample,offline_sample_production_disabled
US10Y_MONTHLY_SAMPLE,2013-02-01,2013-02-01T00:00:00Z,monthly,1.98,1.98,1.98,1.98,,1.98,factor_candle,GitHub datasets mirror sample,offline_sample_production_disabled
US10Y_MONTHLY_SAMPLE,2013-03-01,2013-03-01T00:00:00Z,monthly,1.96,1.96,1.96,1.96,,1.96,factor_candle,GitHub datasets mirror sample,offline_sample_production_disabled
US10Y_MONTHLY_SAMPLE,2013-04-01,2013-04-01T00:00:00Z,monthly,1.76,1.76,1.76,1.76,,1.76,factor_candle,GitHub datasets mirror sample,offline_sample_production_disabled
US10Y_MONTHLY_SAMPLE,2013-05-01,2013-05-01T00:00:00Z,monthly,1.93,1.93,1.93,1.93,,1.93,factor_candle,GitHub datasets mirror sample,offline_sample_production_disabled
US10Y_MONTHLY_SAMPLE,2013-06-01,2013-06-01T00:00:00Z,monthly,2.3,2.3,2.3,2.3,,2.3,factor_candle,GitHub datasets mirror sample,offline_sample_production_disabled
US10Y_MONTHLY_SAMPLE,2013-07-01,2013-07-01T00:00:00Z,monthly,2.58,2.58,2.58,2.58,,2.58,factor_candle,GitHub datasets mirror sample,offline_sample_production_disabled
US10Y_MONTHLY_SAMPLE,2013-08-01,2013-08-01T00:00:00Z,monthly,2.74,2.74,2.74,2.74,,2.74,factor_candle,GitHub datasets mirror sample,offline_sample_production_disabled
US10Y_MONTHLY_SAMPLE,2013-09-01,2013-09-01T00:00:00Z,monthly,2.81,2.81,2.81,2.81,,2.81,factor_candle,GitHub datasets mirror sample,offline_sample_production_disabled
US10Y_MONTHLY_SAMPLE,2013-10-01,2013-10-01T00:00:00Z,monthly,2.62,2.62,2.62,2.62,,2.62,factor_candle,GitHub datasets mirror sample,offline_sample_production_disabled
US10Y_MONTHLY_SAMPLE,2013-11-01,2013-11-01T00:00:00Z,monthly,2.72,2.72,2.72,2.72,,2.72,factor_candle,GitHub datasets mirror sample,offline_sample_production_disabled
US10Y_MONTHLY_SAMPLE,2013-12-01,2013-12-01T00:00:00Z,monthly,2.9,2.9,2.9,2.9,,2.9,factor_candle,GitHub datasets mirror sample,offline_sample_production_disabled
US10Y_MONTHLY_SAMPLE,2014-01-01,2014-01-01T00:00:00Z,monthly,2.86,2.86,2.86,2.86,,2.86,factor_candle,GitHub datasets mirror sample,offline_sample_production_disabled
US10Y_MONTHLY_SAMPLE,2014-02-01,2014-02-01T00:00:00Z,monthly,2.71,2.71,2.71,2.71,,2.71,factor_candle,GitHub datasets mirror sample,offline_sample_production_disabled
US10Y_MONTHLY_SAMPLE,2014-03-01,2014-03-01T00:00:00Z,monthly,2.72,2.72,2.72,2.72,,2.72,factor_candle,GitHub datasets mirror sample,offline_sample_production_disabled
US10Y_MONTHLY_SAMPLE,2014-04-01,2014-04-01T00:00:00Z,monthly,2.71,2.71,2.71,2.71,,2.71,factor_candle,GitHub datasets mirror sample,offline_sample_production_disabled
US10Y_MONTHLY_SAMPLE,2014-05-01,2014-05-01T00:00:00Z,monthly,2.56,2.56,2.56,2.56,,2.56,factor_candle,GitHub datasets mirror sample,offline_sample_production_disabled
US10Y_MONTHLY_SAMPLE,2014-06-01,2014-06-01T00:00:00Z,monthly,2.6,2.6,2.6,2.6,,2.6,factor_candle,GitHub datasets mirror sample,offline_sample_production_disabled
US10Y_MONTHLY_SAMPLE,2014-07-01,2014-07-01T00:00:00Z,monthly,2.54,2.54,2.54,2.54,,2.54,factor_candle,GitHub datasets mirror sample,offline_sample_production_disabled
US10Y_MONTHLY_SAMPLE,2014-08-01,2014-08-01T00:00:00Z,monthly,2.42,2.42,2.42,2.42,,2.42,factor_candle,GitHub datasets mirror sample,offline_sample_production_disabled
US10Y_MONTHLY_SAMPLE,2014-09-01,2014-09-01T00:00:00Z,monthly,2.53,2.53,2.53,2.53,,2.53,factor_candle,GitHub datasets mirror sample,offline_sample_production_disabled
US10Y_MONTHLY_SAMPLE,2014-10-01,2014-10-01T00:00:00Z,monthly,2.3,2.3,2.3,2.3,,2.3,factor_candle,GitHub datasets mirror sample,offline_sample_production_disabled
US10Y_MONTHLY_SAMPLE,2014-11-01,2014-11-01T00:00:00Z,monthly,2.33,2.33,2.33,2.33,,2.33,factor_candle,GitHub datasets mirror sample,offline_sample_production_disabled
US10Y_MONTHLY_SAMPLE,2014-12-01,2014-12-01T00:00:00Z,monthly,2.21,2.21,2.21,2.21,,2.21,factor_candle,GitHub datasets mirror sample,offline_sample_production_disabled
US10Y_MONTHLY_SAMPLE,2015-01-01,2015-01-01T00:00:00Z,monthly,1.88,1.88,1.88,1.88,,1.88,factor_candle,GitHub datasets mirror sample,offline_sample_production_disabled
US10Y_MONTHLY_SAMPLE,2015-02-01,2015-02-01T00:00:00Z,monthly,1.98,1.98,1.98,1.98,,1.98,factor_candle,GitHub datasets mirror sample,offline_sample_production_disabled
US10Y_MONTHLY_SAMPLE,2015-03-01,2015-03-01T00:00:00Z,monthly,2.04,2.04,2.04,2.04,,2.04,factor_candle,GitHub datasets mirror sample,offline_sample_production_disabled
US10Y_MONTHLY_SAMPLE,2015-04-01,2015-04-01T00:00:00Z,monthly,1.94,1.94,1.94,1.94,,1.94,factor_candle,GitHub datasets mirror sample,offline_sample_production_disabled
US10Y_MONTHLY_SAMPLE,2015-05-01,2015-05-01T00:00:00Z,monthly,2.2,2.2,2.2,2.2,,2.2,factor_candle,GitHub datasets mirror sample,offline_sample_production_disabled
US10Y_MONTHLY_SAMPLE,2015-06-01,2015-06-01T00:00:00Z,monthly,2.36,2.36,2.36,2.36,,2.36,factor_candle,GitHub datasets mirror sample,offline_sample_production_disabled
US10Y_MONTHLY_SAMPLE,2015-07-01,2015-07-01T00:00:00Z,monthly,2.32,2.32,2.32,2.32,,2.32,factor_candle,GitHub datasets mirror sample,offline_sample_production_disabled
US10Y_MONTHLY_SAMPLE,2015-08-01,2015-08-01T00:00:00Z,monthly,2.17,2.17,2.17,2.17,,2.17,factor_candle,GitHub datasets mirror sample,offline_sample_production_disabled
US10Y_MONTHLY_SAMPLE,2015-09-01,2015-09-01T00:00:00Z,monthly,2.17,2.17,2.17,2.17,,2.17,factor_candle,GitHub datasets mirror sample,offline_sample_production_disabled
US10Y_MONTHLY_SAMPLE,2015-10-01,2015-10-01T00:00:00Z,monthly,2.07,2.07,2.07,2.07,,2.07,factor_candle,GitHub datasets mirror sample,offline_sample_production_disabled
US10Y_MONTHLY_SAMPLE,2015-11-01,2015-11-01T00:00:00Z,monthly,2.26,2.26,2.26,2.26,,2.26,factor_candle,GitHub datasets mirror sample,offline_sample_production_disabled
US10Y_MONTHLY_SAMPLE,2015-12-01,2015-12-01T00:00:00Z,monthly,2.24,2.24,2.24,2.24,,2.24,factor_candle,GitHub datasets mirror sample,offline_sample_production_disabled
US10Y_MONTHLY_SAMPLE,2016-01-01,2016-01-01T00:00:00Z,monthly,2.09,2.09,2.09,2.09,,2.09,factor_candle,GitHub datasets mirror sample,offline_sample_production_disabled
US10Y_MONTHLY_SAMPLE,2016-02-01,2016-02-01T00:00:00Z,monthly,1.78,1.78,1.78,1.78,,1.78,factor_candle,GitHub datasets mirror sample,offline_sample_production_disabled
US10Y_MONTHLY_SAMPLE,2016-03-01,2016-03-01T00:00:00Z,monthly,1.89,1.89,1.89,1.89,,1.89,factor_candle,GitHub datasets mirror sample,offline_sample_production_disabled
US10Y_MONTHLY_SAMPLE,2016-04-01,2016-04-01T00:00:00Z,monthly,1.81,1.81,1.81,1.81,,1.81,factor_candle,GitHub datasets mirror sample,offline_sample_production_disabled
US10Y_MONTHLY_SAMPLE,2016-05-01,2016-05-01T00:00:00Z,monthly,1.81,1.81,1.81,1.81,,1.81,factor_candle,GitHub datasets mirror sample,offline_sample_production_disabled
US10Y_MONTHLY_SAMPLE,2016-06-01,2016-06-01T00:00:00Z,monthly,1.64,1.64,1.64,1.64,,1.64,factor_candle,GitHub datasets mirror sample,offline_sample_production_disabled
US10Y_MONTHLY_SAMPLE,2016-07-01,2016-07-01T00:00:00Z,monthly,1.5,1.5,1.5,1.5,,1.5,factor_candle,GitHub datasets mirror sample,offline_sample_production_disabled
US10Y_MONTHLY_SAMPLE,2016-08-01,2016-08-01T00:00:00Z,monthly,1.56,1.56,1.56,1.56,,1.56,factor_candle,GitHub datasets mirror sample,offline_sample_production_disabled
US10Y_MONTHLY_SAMPLE,2016-09-01,2016-09-01T00:00:00Z,monthly,1.63,1.63,1.63,1.63,,1.63,factor_candle,GitHub datasets mirror sample,offline_sample_production_disabled
US10Y_MONTHLY_SAMPLE,2016-10-01,2016-10-01T00:00:00Z,monthly,1.76,1.76,1.76,1.76,,1.76,factor_candle,GitHub datasets mirror sample,offline_sample_production_disabled
US10Y_MONTHLY_SAMPLE,2016-11-01,2016-11-01T00:00:00Z,monthly,2.14,2.14,2.14,2.14,,2.14,factor_candle,GitHub datasets mirror sample,offline_sample_production_disabled
US10Y_MONTHLY_SAMPLE,2016-12-01,2016-12-01T00:00:00Z,monthly,2.49,2.49,2.49,2.49,,2.49,factor_candle,GitHub datasets mirror sample,offline_sample_production_disabled
US10Y_MONTHLY_SAMPLE,2017-01-01,2017-01-01T00:00:00Z,monthly,2.43,2.43,2.43,2.43,,2.43,factor_candle,GitHub datasets mirror sample,offline_sample_production_disabled
US10Y_MONTHLY_SAMPLE,2017-02-01,2017-02-01T00:00:00Z,monthly,2.42,2.42,2.42,2.42,,2.42,factor_candle,GitHub datasets mirror sample,offline_sample_production_disabled
US10Y_MONTHLY_SAMPLE,2017-03-01,2017-03-01T00:00:00Z,monthly,2.48,2.48,2.48,2.48,,2.48,factor_candle,GitHub datasets mirror sample,offline_sample_production_disabled
US10Y_MONTHLY_SAMPLE,2017-04-01,2017-04-01T00:00:00Z,monthly,2.3,2.3,2.3,2.3,,2.3,factor_candle,GitHub datasets mirror sample,offline_sample_production_disabled
US10Y_MONTHLY_SAMPLE,2017-05-01,2017-05-01T00:00:00Z,monthly,2.3,2.3,2.3,2.3,,2.3,factor_candle,GitHub datasets mirror sample,offline_sample_production_disabled
US10Y_MONTHLY_SAMPLE,2017-06-01,2017-06-01T00:00:00Z,monthly,2.19,2.19,2.19,2.19,,2.19,factor_candle,GitHub datasets mirror sample,offline_sample_production_disabled
US10Y_MONTHLY_SAMPLE,2017-07-01,2017-07-01T00:00:00Z,monthly,2.32,2.32,2.32,2.32,,2.32,factor_candle,GitHub datasets mirror sample,offline_sample_production_disabled
US10Y_MONTHLY_SAMPLE,2017-08-01,2017-08-01T00:00:00Z,monthly,2.21,2.21,2.21,2.21,,2.21,factor_candle,GitHub datasets mirror sample,offline_sample_production_disabled
US10Y_MONTHLY_SAMPLE,2017-09-01,2017-09-01T00:00:00Z,monthly,2.2,2.2,2.2,2.2,,2.2,factor_candle,GitHub datasets mirror sample,offline_sample_production_disabled
US10Y_MONTHLY_SAMPLE,2017-10-01,2017-10-01T00:00:00Z,monthly,2.36,2.36,2.36,2.36,,2.36,factor_candle,GitHub datasets mirror sample,offline_sample_production_disabled
US10Y_MONTHLY_SAMPLE,2017-11-01,2017-11-01T00:00:00Z,monthly,2.35,2.35,2.35,2.35,,2.35,factor_candle,GitHub datasets mirror sample,offline_sample_production_disabled
US10Y_MONTHLY_SAMPLE,2017-12-01,2017-12-01T00:00:00Z,monthly,2.4,2.4,2.4,2.4,,2.4,factor_candle,GitHub datasets mirror sample,offline_sample_production_disabled
US10Y_MONTHLY_SAMPLE,2018-01-01,2018-01-01T00:00:00Z,monthly,2.58,2.58,2.58,2.58,,2.58,factor_candle,GitHub datasets mirror sample,offline_sample_production_disabled
US10Y_MONTHLY_SAMPLE,2018-02-01,2018-02-01T00:00:00Z,monthly,2.86,2.86,2.86,2.86,,2.86,factor_candle,GitHub datasets mirror sample,offline_sample_production_disabled
US10Y_MONTHLY_SAMPLE,2018-03-01,2018-03-01T00:00:00Z,monthly,2.84,2.84,2.84,2.84,,2.84,factor_candle,GitHub datasets mirror sample,offline_sample_production_disabled
US10Y_MONTHLY_SAMPLE,2018-04-01,2018-04-01T00:00:00Z,monthly,2.87,2.87,2.87,2.87,,2.87,factor_candle,GitHub datasets mirror sample,offline_sample_production_disabled
US10Y_MONTHLY_SAMPLE,2018-05-01,2018-05-01T00:00:00Z,monthly,2.98,2.98,2.98,2.98,,2.98,factor_candle,GitHub datasets mirror sample,offline_sample_production_disabled
US10Y_MONTHLY_SAMPLE,2018-06-01,2018-06-01T00:00:00Z,monthly,2.91,2.91,2.91,2.91,,2.91,factor_candle,GitHub datasets mirror sample,offline_sample_production_disabled
US10Y_MONTHLY_SAMPLE,2018-07-01,2018-07-01T00:00:00Z,monthly,2.89,2.89,2.89,2.89,,2.89,factor_candle,GitHub datasets mirror sample,offline_sample_production_disabled
US10Y_MONTHLY_SAMPLE,2018-08-01,2018-08-01T00:00:00Z,monthly,2.89,2.89,2.89,2.89,,2.89,factor_candle,GitHub datasets mirror sample,offline_sample_production_disabled
US10Y_MONTHLY_SAMPLE,2018-09-01,2018-09-01T00:00:00Z,monthly,3.0,3.0,3.0,3.0,,3.0,factor_candle,GitHub datasets mirror sample,offline_sample_production_disabled
US10Y_MONTHLY_SAMPLE,2018-10-01,2018-10-01T00:00:00Z,monthly,3.15,3.15,3.15,3.15,,3.15,factor_candle,GitHub datasets mirror sample,offline_sample_production_disabled
US10Y_MONTHLY_SAMPLE,2018-11-01,2018-11-01T00:00:00Z,monthly,3.12,3.12,3.12,3.12,,3.12,factor_candle,GitHub datasets mirror sample,offline_sample_production_disabled
US10Y_MONTHLY_SAMPLE,2018-12-01,2018-12-01T00:00:00Z,monthly,2.83,2.83,2.83,2.83,,2.83,factor_candle,GitHub datasets mirror sample,offline_sample_production_disabled
US10Y_MONTHLY_SAMPLE,2019-01-01,2019-01-01T00:00:00Z,monthly,2.71,2.71,2.71,2.71,,2.71,factor_candle,GitHub datasets mirror sample,offline_sample_production_disabled
US10Y_MONTHLY_SAMPLE,2019-02-01,2019-02-01T00:00:00Z,monthly,2.68,2.68,2.68,2.68,,2.68,factor_candle,GitHub datasets mirror sample,offline_sample_production_disabled
US10Y_MONTHLY_SAMPLE,2019-03-01,2019-03-01T00:00:00Z,monthly,2.57,2.57,2.57,2.57,,2.57,factor_candle,GitHub datasets mirror sample,offline_sample_production_disabled
US10Y_MONTHLY_SAMPLE,2019-04-01,2019-04-01T00:00:00Z,monthly,2.53,2.53,2.53,2.53,,2.53,factor_candle,GitHub datasets mirror sample,offline_sample_production_disabled
US10Y_MONTHLY_SAMPLE,2019-05-01,2019-05-01T00:00:00Z,monthly,2.4,2.4,2.4,2.4,,2.4,factor_candle,GitHub datasets mirror sample,offline_sample_production_disabled
US10Y_MONTHLY_SAMPLE,2019-06-01,2019-06-01T00:00:00Z,monthly,2.07,2.07,2.07,2.07,,2.07,factor_candle,GitHub datasets mirror sample,offline_sample_production_disabled
US10Y_MONTHLY_SAMPLE,2019-07-01,2019-07-01T00:00:00Z,monthly,2.06,2.06,2.06,2.06,,2.06,factor_candle,GitHub datasets mirror sample,offline_sample_production_disabled
US10Y_MONTHLY_SAMPLE,2019-08-01,2019-08-01T00:00:00Z,monthly,1.63,1.63,1.63,1.63,,1.63,factor_candle,GitHub datasets mirror sample,offline_sample_production_disabled
US10Y_MONTHLY_SAMPLE,2019-09-01,2019-09-01T00:00:00Z,monthly,1.7,1.7,1.7,1.7,,1.7,factor_candle,GitHub datasets mirror sample,offline_sample_production_disabled
US10Y_MONTHLY_SAMPLE,2019-10-01,2019-10-01T00:00:00Z,monthly,1.71,1.71,1.71,1.71,,1.71,factor_candle,GitHub datasets mirror sample,offline_sample_production_disabled
US10Y_MONTHLY_SAMPLE,2019-11-01,2019-11-01T00:00:00Z,monthly,1.81,1.81,1.81,1.81,,1.81,factor_candle,GitHub datasets mirror sample,offline_sample_production_disabled
US10Y_MONTHLY_SAMPLE,2019-12-01,2019-12-01T00:00:00Z,monthly,1.86,1.86,1.86,1.86,,1.86,factor_candle,GitHub datasets mirror sample,offline_sample_production_disabled
US10Y_MONTHLY_SAMPLE,2020-01-01,2020-01-01T00:00:00Z,monthly,1.76,1.76,1.76,1.76,,1.76,factor_candle,GitHub datasets mirror sample,offline_sample_production_disabled
US10Y_MONTHLY_SAMPLE,2020-02-01,2020-02-01T00:00:00Z,monthly,1.5,1.5,1.5,1.5,,1.5,factor_candle,GitHub datasets mirror sample,offline_sample_production_disabled
US10Y_MONTHLY_SAMPLE,2020-03-01,2020-03-01T00:00:00Z,monthly,0.87,0.87,0.87,0.87,,0.87,factor_candle,GitHub datasets mirror sample,offline_sample_production_disabled
US10Y_MONTHLY_SAMPLE,2020-04-01,2020-04-01T00:00:00Z,monthly,0.66,0.66,0.66,0.66,,0.66,factor_candle,GitHub datasets mirror sample,offline_sample_production_disabled
US10Y_MONTHLY_SAMPLE,2020-05-01,2020-05-01T00:00:00Z,monthly,0.67,0.67,0.67,0.67,,0.67,factor_candle,GitHub datasets mirror sample,offline_sample_production_disabled
US10Y_MONTHLY_SAMPLE,2020-06-01,2020-06-01T00:00:00Z,monthly,0.73,0.73,0.73,0.73,,0.73,factor_candle,GitHub datasets mirror sample,offline_sample_production_disabled
US10Y_MONTHLY_SAMPLE,2020-07-01,2020-07-01T00:00:00Z,monthly,0.62,0.62,0.62,0.62,,0.62,factor_candle,GitHub datasets mirror sample,offline_sample_production_disabled
US10Y_MONTHLY_SAMPLE,2020-08-01,2020-08-01T00:00:00Z,monthly,0.65,0.65,0.65,0.65,,0.65,factor_candle,GitHub datasets mirror sample,offline_sample_production_disabled
US10Y_MONTHLY_SAMPLE,2020-09-01,2020-09-01T00:00:00Z,monthly,0.68,0.68,0.68,0.68,,0.68,factor_candle,GitHub datasets mirror sample,offline_sample_production_disabled
US10Y_MONTHLY_SAMPLE,2020-10-01,2020-10-01T00:00:00Z,monthly,0.79,0.79,0.79,0.79,,0.79,factor_candle,GitHub datasets mirror sample,offline_sample_production_disabled
US10Y_MONTHLY_SAMPLE,2020-11-01,2020-11-01T00:00:00Z,monthly,0.87,0.87,0.87,0.87,,0.87,factor_candle,GitHub datasets mirror sample,offline_sample_production_disabled
US10Y_MONTHLY_SAMPLE,2020-12-01,2020-12-01T00:00:00Z,monthly,0.93,0.93,0.93,0.93,,0.93,factor_candle,GitHub datasets mirror sample,offline_sample_production_disabled
US10Y_MONTHLY_SAMPLE,2021-01-01,2021-01-01T00:00:00Z,monthly,1.08,1.08,1.08,1.08,,1.08,factor_candle,GitHub datasets mirror sample,offline_sample_production_disabled
US10Y_MONTHLY_SAMPLE,2021-02-01,2021-02-01T00:00:00Z,monthly,1.26,1.26,1.26,1.26,,1.26,factor_candle,GitHub datasets mirror sample,offline_sample_production_disabled
US10Y_MONTHLY_SAMPLE,2021-03-01,2021-03-01T00:00:00Z,monthly,1.61,1.61,1.61,1.61,,1.61,factor_candle,GitHub datasets mirror sample,offline_sample_production_disabled
US10Y_MONTHLY_SAMPLE,2021-04-01,2021-04-01T00:00:00Z,monthly,1.64,1.64,1.64,1.64,,1.64,factor_candle,GitHub datasets mirror sample,offline_sample_production_disabled
US10Y_MONTHLY_SAMPLE,2021-05-01,2021-05-01T00:00:00Z,monthly,1.62,1.62,1.62,1.62,,1.62,factor_candle,GitHub datasets mirror sample,offline_sample_production_disabled
US10Y_MONTHLY_SAMPLE,2021-06-01,2021-06-01T00:00:00Z,monthly,1.52,1.52,1.52,1.52,,1.52,factor_candle,GitHub datasets mirror sample,offline_sample_production_disabled
US10Y_MONTHLY_SAMPLE,2021-07-01,2021-07-01T00:00:00Z,monthly,1.32,1.32,1.32,1.32,,1.32,factor_candle,GitHub datasets mirror sample,offline_sample_production_disabled
US10Y_MONTHLY_SAMPLE,2021-08-01,2021-08-01T00:00:00Z,monthly,1.28,1.28,1.28,1.28,,1.28,factor_candle,GitHub datasets mirror sample,offline_sample_production_disabled
US10Y_MONTHLY_SAMPLE,2021-09-01,2021-09-01T00:00:00Z,monthly,1.37,1.37,1.37,1.37,,1.37,factor_candle,GitHub datasets mirror sample,offline_sample_production_disabled
US10Y_MONTHLY_SAMPLE,2021-10-01,2021-10-01T00:00:00Z,monthly,1.58,1.58,1.58,1.58,,1.58,factor_candle,GitHub datasets mirror sample,offline_sample_production_disabled
US10Y_MONTHLY_SAMPLE,2021-11-01,2021-11-01T00:00:00Z,monthly,1.56,1.56,1.56,1.56,,1.56,factor_candle,GitHub datasets mirror sample,offline_sample_production_disabled
US10Y_MONTHLY_SAMPLE,2021-12-01,2021-12-01T00:00:00Z,monthly,1.47,1.47,1.47,1.47,,1.47,factor_candle,GitHub datasets mirror sample,offline_sample_production_disabled
US10Y_MONTHLY_SAMPLE,2022-01-01,2022-01-01T00:00:00Z,monthly,1.76,1.76,1.76,1.76,,1.76,factor_candle,GitHub datasets mirror sample,offline_sample_production_disabled
US10Y_MONTHLY_SAMPLE,2022-02-01,2022-02-01T00:00:00Z,monthly,1.93,1.93,1.93,1.93,,1.93,factor_candle,GitHub datasets mirror sample,offline_sample_production_disabled
US10Y_MONTHLY_SAMPLE,2022-03-01,2022-03-01T00:00:00Z,monthly,2.13,2.13,2.13,2.13,,2.13,factor_candle,GitHub datasets mirror sample,offline_sample_production_disabled
US10Y_MONTHLY_SAMPLE,2022-04-01,2022-04-01T00:00:00Z,monthly,2.75,2.75,2.75,2.75,,2.75,factor_candle,GitHub datasets mirror sample,offline_sample_production_disabled
US10Y_MONTHLY_SAMPLE,2022-05-01,2022-05-01T00:00:00Z,monthly,2.9,2.9,2.9,2.9,,2.9,factor_candle,GitHub datasets mirror sample,offline_sample_production_disabled
US10Y_MONTHLY_SAMPLE,2022-06-01,2022-06-01T00:00:00Z,monthly,3.14,3.14,3.14,3.14,,3.14,factor_candle,GitHub datasets mirror sample,offline_sample_production_disabled
US10Y_MONTHLY_SAMPLE,2022-07-01,2022-07-01T00:00:00Z,monthly,2.9,2.9,2.9,2.9,,2.9,factor_candle,GitHub datasets mirror sample,offline_sample_production_disabled
US10Y_MONTHLY_SAMPLE,2022-08-01,2022-08-01T00:00:00Z,monthly,2.9,2.9,2.9,2.9,,2.9,factor_candle,GitHub datasets mirror sample,offline_sample_production_disabled
US10Y_MONTHLY_SAMPLE,2022-09-01,2022-09-01T00:00:00Z,monthly,3.52,3.52,3.52,3.52,,3.52,factor_candle,GitHub datasets mirror sample,offline_sample_production_disabled
US10Y_MONTHLY_SAMPLE,2022-10-01,2022-10-01T00:00:00Z,monthly,3.98,3.98,3.98,3.98,,3.98,factor_candle,GitHub datasets mirror sample,offline_sample_production_disabled
US10Y_MONTHLY_SAMPLE,2022-11-01,2022-11-01T00:00:00Z,monthly,3.89,3.89,3.89,3.89,,3.89,factor_candle,GitHub datasets mirror sample,offline_sample_production_disabled
US10Y_MONTHLY_SAMPLE,2022-12-01,2022-12-01T00:00:00Z,monthly,3.62,3.62,3.62,3.62,,3.62,factor_candle,GitHub datasets mirror sample,offline_sample_production_disabled
US10Y_MONTHLY_SAMPLE,2023-01-01,2023-01-01T00:00:00Z,monthly,3.53,3.53,3.53,3.53,,3.53,factor_candle,GitHub datasets mirror sample,offline_sample_production_disabled
US10Y_MONTHLY_SAMPLE,2023-02-01,2023-02-01T00:00:00Z,monthly,3.75,3.75,3.75,3.75,,3.75,factor_candle,GitHub datasets mirror sample,offline_sample_production_disabled
US10Y_MONTHLY_SAMPLE,2023-03-01,2023-03-01T00:00:00Z,monthly,3.66,3.66,3.66,3.66,,3.66,factor_candle,GitHub datasets mirror sample,offline_sample_production_disabled
US10Y_MONTHLY_SAMPLE,2023-04-01,2023-04-01T00:00:00Z,monthly,3.46,3.46,3.46,3.46,,3.46,factor_candle,GitHub datasets mirror sample,offline_sample_production_disabled
US10Y_MONTHLY_SAMPLE,2023-05-01,2023-05-01T00:00:00Z,monthly,3.57,3.57,3.57,3.57,,3.57,factor_candle,GitHub datasets mirror sample,offline_sample_production_disabled
US10Y_MONTHLY_SAMPLE,2023-06-01,2023-06-01T00:00:00Z,monthly,3.75,3.75,3.75,3.75,,3.75,factor_candle,GitHub datasets mirror sample,offline_sample_production_disabled
US10Y_MONTHLY_SAMPLE,2023-07-01,2023-07-01T00:00:00Z,monthly,3.9,3.9,3.9,3.9,,3.9,factor_candle,GitHub datasets mirror sample,offline_sample_production_disabled
US10Y_MONTHLY_SAMPLE,2023-08-01,2023-08-01T00:00:00Z,monthly,4.17,4.17,4.17,4.17,,4.17,factor_candle,GitHub datasets mirror sample,offline_sample_production_disabled
US10Y_MONTHLY_SAMPLE,2023-09-01,2023-09-01T00:00:00Z,monthly,4.38,4.38,4.38,4.38,,4.38,factor_candle,GitHub datasets mirror sample,offline_sample_production_disabled
US10Y_MONTHLY_SAMPLE,2023-10-01,2023-10-01T00:00:00Z,monthly,4.8,4.8,4.8,4.8,,4.8,factor_candle,GitHub datasets mirror sample,offline_sample_production_disabled
US10Y_MONTHLY_SAMPLE,2023-11-01,2023-11-01T00:00:00Z,monthly,4.5,4.5,4.5,4.5,,4.5,factor_candle,GitHub datasets mirror sample,offline_sample_production_disabled
US10Y_MONTHLY_SAMPLE,2023-12-01,2023-12-01T00:00:00Z,monthly,4.02,4.02,4.02,4.02,,4.02,factor_candle,GitHub datasets mirror sample,offline_sample_production_disabled
US10Y_MONTHLY_SAMPLE,2024-01-01,2024-01-01T00:00:00Z,monthly,4.06,4.06,4.06,4.06,,4.06,factor_candle,GitHub datasets mirror sample,offline_sample_production_disabled
US10Y_MONTHLY_SAMPLE,2024-02-01,2024-02-01T00:00:00Z,monthly,4.21,4.21,4.21,4.21,,4.21,factor_candle,GitHub datasets mirror sample,offline_sample_production_disabled
US10Y_MONTHLY_SAMPLE,2024-03-01,2024-03-01T00:00:00Z,monthly,4.21,4.21,4.21,4.21,,4.21,factor_candle,GitHub datasets mirror sample,offline_sample_production_disabled
US10Y_MONTHLY_SAMPLE,2024-04-01,2024-04-01T00:00:00Z,monthly,4.54,4.54,4.54,4.54,,4.54,factor_candle,GitHub datasets mirror sample,offline_sample_production_disabled
US10Y_MONTHLY_SAMPLE,2024-05-01,2024-05-01T00:00:00Z,monthly,4.48,4.48,4.48,4.48,,4.48,factor_candle,GitHub datasets mirror sample,offline_sample_production_disabled
US10Y_MONTHLY_SAMPLE,2024-06-01,2024-06-01T00:00:00Z,monthly,4.31,4.31,4.31,4.31,,4.31,factor_candle,GitHub datasets mirror sample,offline_sample_production_disabled
US10Y_MONTHLY_SAMPLE,2024-07-01,2024-07-01T00:00:00Z,monthly,4.25,4.25,4.25,4.25,,4.25,factor_candle,GitHub datasets mirror sample,offline_sample_production_disabled
US10Y_MONTHLY_SAMPLE,2024-08-01,2024-08-01T00:00:00Z,monthly,3.87,3.87,3.87,3.87,,3.87,factor_candle,GitHub datasets mirror sample,offline_sample_production_disabled
US10Y_MONTHLY_SAMPLE,2024-09-01,2024-09-01T00:00:00Z,monthly,3.72,3.72,3.72,3.72,,3.72,factor_candle,GitHub datasets mirror sample,offline_sample_production_disabled
US10Y_MONTHLY_SAMPLE,2024-10-01,2024-10-01T00:00:00Z,monthly,4.1,4.1,4.1,4.1,,4.1,factor_candle,GitHub datasets mirror sample,offline_sample_production_disabled
US10Y_MONTHLY_SAMPLE,2024-11-01,2024-11-01T00:00:00Z,monthly,4.36,4.36,4.36,4.36,,4.36,factor_candle,GitHub datasets mirror sample,offline_sample_production_disabled
US10Y_MONTHLY_SAMPLE,2024-12-01,2024-12-01T00:00:00Z,monthly,4.39,4.39,4.39,4.39,,4.39,factor_candle,GitHub datasets mirror sample,offline_sample_production_disabled
US10Y_MONTHLY_SAMPLE,2025-01-01,2025-01-01T00:00:00Z,monthly,4.63,4.63,4.63,4.63,,4.63,factor_candle,GitHub datasets mirror sample,offline_sample_production_disabled
US10Y_MONTHLY_SAMPLE,2025-02-01,2025-02-01T00:00:00Z,monthly,4.45,4.45,4.45,4.45,,4.45,factor_candle,GitHub datasets mirror sample,offline_sample_production_disabled
US10Y_MONTHLY_SAMPLE,2025-03-01,2025-03-01T00:00:00Z,monthly,4.28,4.28,4.28,4.28,,4.28,factor_candle,GitHub datasets mirror sample,offline_sample_production_disabled
US10Y_MONTHLY_SAMPLE,2025-04-01,2025-04-01T00:00:00Z,monthly,4.28,4.28,4.28,4.28,,4.28,factor_candle,GitHub datasets mirror sample,offline_sample_production_disabled
US10Y_MONTHLY_SAMPLE,2025-05-01,2025-05-01T00:00:00Z,monthly,4.42,4.42,4.42,4.42,,4.42,factor_candle,GitHub datasets mirror sample,offline_sample_production_disabled
US10Y_MONTHLY_SAMPLE,2025-06-01,2025-06-01T00:00:00Z,monthly,4.38,4.38,4.38,4.38,,4.38,factor_candle,GitHub datasets mirror sample,offline_sample_production_disabled
US10Y_MONTHLY_SAMPLE,2025-07-01,2025-07-01T00:00:00Z,monthly,4.39,4.39,4.39,4.39,,4.39,factor_candle,GitHub datasets mirror sample,offline_sample_production_disabled
US10Y_MONTHLY_SAMPLE,2025-08-01,2025-08-01T00:00:00Z,monthly,4.26,4.26,4.26,4.26,,4.26,factor_candle,GitHub datasets mirror sample,offline_sample_production_disabled
US10Y_MONTHLY_SAMPLE,2025-09-01,2025-09-01T00:00:00Z,monthly,4.12,4.12,4.12,4.12,,4.12,factor_candle,GitHub datasets mirror sample,offline_sample_production_disabled
US10Y_MONTHLY_SAMPLE,2025-10-01,2025-10-01T00:00:00Z,monthly,4.06,4.06,4.06,4.06,,4.06,factor_candle,GitHub datasets mirror sample,offline_sample_production_disabled
US10Y_MONTHLY_SAMPLE,2025-11-01,2025-11-01T00:00:00Z,monthly,4.09,4.09,4.09,4.09,,4.09,factor_candle,GitHub datasets mirror sample,offline_sample_production_disabled
US10Y_MONTHLY_SAMPLE,2025-12-01,2025-12-01T00:00:00Z,monthly,4.14,4.14,4.14,4.14,,4.14,factor_candle,GitHub datasets mirror sample,offline_sample_production_disabled
US10Y_MONTHLY_SAMPLE,2026-01-01,2026-01-01T00:00:00Z,monthly,4.21,4.21,4.21,4.21,,4.21,factor_candle,GitHub datasets mirror sample,offline_sample_production_disabled
US10Y_MONTHLY_SAMPLE,2026-02-01,2026-02-01T00:00:00Z,monthly,4.13,4.13,4.13,4.13,,4.13,factor_candle,GitHub datasets mirror sample,offline_sample_production_disabled
US10Y_MONTHLY_SAMPLE,2026-03-01,2026-03-01T00:00:00Z,monthly,4.25,4.25,4.25,4.25,,4.25,factor_candle,GitHub datasets mirror sample,offline_sample_production_disabled
